{"type": "FeatureCollection", "features": [{"type": "Feature", "properties": {"Pais": "Venezuela", "Estado": "M\u00e9rida"}, "geometry": {"type": "Polygon", "coordinates": [[[-71.21754235799989, 9.196113028000127], [-71.21837539799998, 9.196986036000055], [-71.21855841099995, 9.197262049000074], [-71.21890343299998, 9.197554047999972], [-71.21963845999994, 9.197875053000189], [-71.21892540699992, 9.19378095899998], [-71.21982743499996, 9.192248919000065], [-71.22091947599989, 9.190966888000105], [-71.22152748099995, 9.188496834000034], [-71.22177148799994, 9.18644678000004], [-71.22160546899988, 9.18619577800007], [-71.21981241099996, 9.187120808000032], [-71.21955438899994, 9.186917805000064], [-71.21811633799996, 9.186871813000153], [-71.21848034799996, 9.186428800000158], [-71.22012440999993, 9.186356786999966], [-71.22095243999996, 9.185975772000177], [-71.2210774429999, 9.185100749000128], [-71.22112544699996, 9.183811723000076], [-71.22076242199995, 9.182851702000164], [-71.2213284369999, 9.18063465], [-71.22285348099996, 9.177506574], [-71.22302648399989, 9.176744553000105], [-71.22078237799991, 9.175629549000064], [-71.21937431099997, 9.17452452100008], [-71.2193633089999, 9.173858510000173], [-71.21945729499998, 9.171142445000044], [-71.22036932999993, 9.17020842100004], [-71.22069233499991, 9.168755390000172], [-71.22102634099997, 9.167875363000064], [-71.22200638499993, 9.166871333000131], [-71.22326541899992, 9.16450628400014], [-71.22368916499983, 9.163929596], [-71.2237760459999, 9.1638113570001], [-71.22417144599996, 9.163273246000074], [-71.2234754189999, 9.162810243000024], [-71.22266437899992, 9.162788240999987], [-71.22207735999996, 9.162528242000064], [-71.22152233099996, 9.162567245], [-71.22090731299994, 9.162884260000055], [-71.22039428699998, 9.16276125600018], [-71.21947225399998, 9.162902266000117], [-71.21899523499985, 9.162456255000052], [-71.2186772209999, 9.161867240000106], [-71.21855920899992, 9.16104222700011], [-71.21849020299999, 9.16026120400005], [-71.21802417899988, 9.159377197000026], [-71.21738014799996, 9.15877518800005], [-71.21662010799997, 9.158129177000149], [-71.21558805999985, 9.157676169000126], [-71.21442300699988, 9.156674149000025], [-71.21329096099993, 9.1559701380001], [-71.21206190899994, 9.155131131000076], [-71.21135286899988, 9.153863111000135], [-71.21079284399991, 9.152958091000016], [-71.21031681399995, 9.151729057000125], [-71.20972578099992, 9.150550046000035], [-71.20951677299996, 9.149751025000057], [-71.20944276399996, 9.148832001000073], [-71.20921074299991, 9.14803398600003], [-71.20874271999992, 9.147080967000136], [-71.20828169999999, 9.146380949000104], [-71.20800868099997, 9.14576694700014], [-71.20680762899997, 9.144282918000158], [-71.20542756299989, 9.14305689300005], [-71.20400849899983, 9.14203988100013], [-71.20305345499992, 9.141077865000113], [-71.20280243899987, 9.139657829000043], [-71.20278042299998, 9.13813979500003], [-71.20284642799993, 9.137217779000082], [-71.20327843099989, 9.136192750000134], [-71.20331643199995, 9.13513372600005], [-71.20240039099991, 9.134676720000073], [-71.20132734499992, 9.134430725000072], [-71.20070131499995, 9.134402726000133], [-71.20117533299998, 9.133215703000076], [-71.20092632099988, 9.132601689000069], [-71.20038528699996, 9.13153566699998], [-71.19976526099992, 9.130955653000115], [-71.19936024799989, 9.130552650000084], [-71.19945323899987, 9.129790629000013], [-71.19998526299992, 9.128993615000184], [-71.19890721399997, 9.128564600000118], [-71.19837818899998, 9.128671610000083], [-71.19762316399988, 9.128209601000151], [-71.19733614199993, 9.127113578000149], [-71.19656009899995, 9.125916557000096], [-71.1950160259999, 9.12462554200016], [-71.19442200499998, 9.124090535], [-71.19364297799996, 9.124366541000143], [-71.19267192899991, 9.124416543000166], [-71.19237392299988, 9.123758539999983], [-71.19236391199985, 9.122630504000085], [-71.19238290999982, 9.121710485999984], [-71.1919428789999, 9.120940474000065], [-71.19131785499997, 9.120935475000067], [-71.19070882899996, 9.120699470000034], [-71.19034581899984, 9.12015746100019], [-71.18952276999994, 9.118961446000071], [-71.18841271899993, 9.11823443500009], [-71.18754368499998, 9.117821430000106], [-71.18623563399996, 9.118204446000163], [-71.18508259099991, 9.118352458000174], [-71.18329350699997, 9.117367446], [-71.18205445299992, 9.116989435000107], [-71.1808863999999, 9.11663144300013], [-71.17912832899992, 9.116681450000101], [-71.17807029199997, 9.116918458000157], [-71.17717025399992, 9.117036468000151], [-71.17608621199986, 9.117159480000055], [-71.17537318399991, 9.117317481000043], [-71.17479315899988, 9.118070506000095], [-71.17420513999991, 9.118547517000025], [-71.17368611699993, 9.118217512000172], [-71.17324709099995, 9.117470500000024], [-71.17300108299992, 9.116971487], [-71.17261806499994, 9.116545484000028], [-71.17173702599996, 9.115741465000042], [-71.17080597999995, 9.115561466000145], [-71.17049398299997, 9.116766498], [-71.16986495399988, 9.117428516000075], [-71.16898792099988, 9.118282542000031], [-71.16851191199993, 9.118640555000127], [-71.16773987099992, 9.118363552000176], [-71.16810888099997, 9.117547535000085], [-71.16834989399996, 9.117080519000183], [-71.16817887899992, 9.116004491000126], [-71.16746685099997, 9.115403487000151], [-71.16676982099995, 9.115331487000049], [-71.16636679899989, 9.115779502000066], [-71.16644980499996, 9.11626050600006], [-71.16644381299989, 9.11681352700009], [-71.16515775299996, 9.116389515000037], [-71.1642317219999, 9.116415524000104], [-71.16287966899995, 9.11689154600009], [-71.16145560599989, 9.116495549000092], [-71.16116758999988, 9.115352520000101], [-71.16104057799993, 9.114205493000156], [-71.16077855399993, 9.11317847000015], [-71.16037353699988, 9.11199345000017], [-71.16033653199986, 9.111533436000116], [-71.16053353799998, 9.110377408000033], [-71.15982050499997, 9.109730404000175], [-71.15890247399994, 9.11079242500017], [-71.15837644699997, 9.111796453000125], [-71.15755741599986, 9.112280465000026], [-71.15648037199992, 9.111896469000044], [-71.15508931099993, 9.111062453000159], [-71.1534972419999, 9.110440452000091], [-71.15215617999996, 9.109719438000127], [-71.15218617799997, 9.109165436000126], [-71.15196616999998, 9.107998401000089], [-71.15117513399997, 9.107077394000044], [-71.15073610899998, 9.10635437600007], [-71.14992606999994, 9.105548357999965], [-71.14896503799991, 9.10594438000004], [-71.14855901199996, 9.10630138700003], [-71.14757197099993, 9.10582238699999], [-71.14745196099994, 9.104882361000023], [-71.1468869329999, 9.103794345000097], [-71.14531086199997, 9.102942331000122], [-71.14434582399997, 9.101634308000143], [-71.14351478399988, 9.10094529000014], [-71.1428787559999, 9.102136322000092], [-71.14202572599987, 9.102276327000084], [-71.14096167099996, 9.100741306000145], [-71.13936959799992, 9.099360277000187], [-71.13642948099994, 9.098569278000014], [-71.13511041399994, 9.097824269000114], [-71.13348735299996, 9.097732278000024], [-71.13228530399988, 9.097789282000122], [-71.13134724799988, 9.095837243], [-71.1307592149999, 9.093944210000132], [-71.12845712599994, 9.094401234000145], [-71.12693105799997, 9.094467238999982], [-71.12476296099999, 9.0923892080001], [-71.12409592499995, 9.09098117700006], [-71.12320487899996, 9.089810161000116], [-71.12153380199999, 9.088868146000095], [-71.12011874699994, 9.088011129000165], [-71.11905469699985, 9.087258125000176], [-71.11821864899997, 9.085579084000074], [-71.11747161599988, 9.084588071000042], [-71.11514151799997, 9.08407907700007], [-71.11280441899999, 9.083363070000075], [-71.11185180799993, 9.082557478000183], [-71.11111933799998, 9.081938052000112], [-71.11080431899995, 9.079898999000022], [-71.11055629499992, 9.078548968000177], [-71.11012727099995, 9.077340948000028], [-71.10912521699993, 9.075551909000069], [-71.10822026399995, 9.074310225000033], [-71.10799116699997, 9.073995887000137], [-71.10698911699996, 9.072988864000024], [-71.10636008999995, 9.072063848000028], [-71.10603706799986, 9.070507822000081], [-71.10584105399988, 9.069362794000028], [-71.1038789559999, 9.06718675400009], [-71.10283091699995, 9.066203737000023], [-71.10165985499998, 9.064971716000173], [-71.10100782399985, 9.063263678000055], [-71.09946374099997, 9.060339628000065], [-71.09820867999997, 9.058580591000066], [-71.0977346489999, 9.057419565000089], [-71.09791664599999, 9.055758526999966], [-71.09832166199982, 9.05455050300003], [-71.09816888999995, 9.053140097000039], [-71.09816264799997, 9.053082468000184], [-71.09784261899995, 9.051641442000118], [-71.09794561899997, 9.04961339600004], [-71.09915066399992, 9.048107359000028], [-71.09990767799997, 9.047073329000114], [-71.1003386999999, 9.045979300000056], [-71.09977066099998, 9.043587252000066], [-71.12324446499986, 9.027545111999984], [-71.23588081199995, 8.950568750000059], [-71.23589926699998, 8.950556137000035], [-71.2497256239999, 8.941107125000144], [-71.2505716259999, 8.940528963000077], [-71.25059628299982, 8.940512112000022], [-71.26899260899995, 8.928366032000099], [-71.27056514699996, 8.92732777100008], [-71.30846444399987, 8.902304952000122], [-71.30872945299996, 8.90225695099997], [-71.30841144599992, 8.903058966000174], [-71.30826445399993, 8.904965011000058], [-71.30894949199995, 8.906969046000029], [-71.31067557699993, 8.90931909600016], [-71.31248666199997, 8.911254125000141], [-71.31494377299992, 8.913245155000027], [-71.31601081199994, 8.91365916400008], [-71.31791590299991, 8.91453817300004], [-71.31973297899998, 8.915647182999976], [-71.32211208599995, 8.91720420300004], [-71.32466819599995, 8.918413216000147], [-71.32708730799999, 8.919648234000022], [-71.32982441699988, 8.920694234000052], [-71.3321475219999, 8.920578227000135], [-71.33341556999994, 8.920713218], [-71.33399459399988, 8.92088522500012], [-71.33502863799998, 8.920795217000148], [-71.33723272999993, 8.92049819000016], [-71.33943381699999, 8.920018166999967], [-71.34079186799988, 8.92003616900007], [-71.34218891699993, 8.919641150000132], [-71.34244292299991, 8.918536125000116], [-71.34245191799994, 8.917825107000056], [-71.34294193799997, 8.917035082000154], [-71.34428999399995, 8.916504061000182], [-71.34540603299985, 8.915908050000155], [-71.34578604099994, 8.915327037000168], [-71.34712408999997, 8.914337007000142], [-71.34825414599993, 8.91445200100003], [-71.34920018599996, 8.914547], [-71.35029323099991, 8.91512100400007], [-71.3509502579999, 8.915727010000126], [-71.35095053899994, 8.915727628000184], [-71.35131128299997, 8.916522033000092], [-71.35217031199988, 8.916894027000126], [-71.35318736399984, 8.917080033000047], [-71.3539063909999, 8.91738703600015], [-71.35485943299989, 8.91782603200005], [-71.35600247699995, 8.9186050510001], [-71.35645151199998, 8.920315088000109], [-71.35757056299997, 8.921049100000118], [-71.35850260299998, 8.921581102000061], [-71.36017567799985, 8.922395108000103], [-71.36122972399994, 8.923291127000084], [-71.36218277299992, 8.924899157000084], [-71.36312280299995, 8.924697140000148], [-71.36390583999992, 8.924726143000157], [-71.36421685399989, 8.925316152], [-71.36433787199996, 8.926781183000173], [-71.36554792499999, 8.928545222000025], [-71.3660439489999, 8.929222228000071], [-71.36733201099997, 8.930320243999972], [-71.36882907599994, 8.931481264000126], [-71.36967211899997, 8.932175272000165], [-71.37018914499998, 8.93273828200006], [-71.36961012699993, 8.933689309000101], [-71.36962112799995, 8.93426232600001], [-71.36969913099983, 8.934719336000171], [-71.36998714399994, 8.935309344000132], [-71.37032316899996, 8.935990360000176], [-71.37089319799986, 8.93687337300014], [-71.37147222199997, 8.937021375000143], [-71.3726082629999, 8.937411377000046], [-71.37398532899982, 8.937223360000075], [-71.37492935699993, 8.937203357999977], [-71.37613441199983, 8.93761436200009], [-71.37706344899993, 8.93803136300005], [-71.37775949099989, 8.939048380000088], [-71.37779308799992, 8.939026546000036], [-71.37940755599993, 8.937977344000103], [-71.39411708199992, 8.925769001000106], [-71.41709500299999, 8.906603372000177], [-71.41836109999991, 8.905547334000175], [-71.42036203499993, 8.903878376000137], [-71.50172708499997, 8.843415958000037], [-71.50540018799995, 8.84068596600008], [-71.53632452099998, 8.817701809000027], [-71.53651021699989, 8.817563792999977], [-71.59724548599985, 8.767925750000131], [-71.59732895299999, 8.767857533999972], [-71.64313721699989, 8.7304191180001], [-71.64315448399998, 8.730405006000183], [-71.66095945299998, 8.715853271000071], [-71.67089725499994, 8.70773125400018], [-71.67335474099997, 8.705722790000095], [-71.67339528299993, 8.705689656000175], [-71.70167828399991, 8.677314888000069], [-71.79227035099996, 8.676653642000076], [-71.79234675699996, 8.676653084], [-71.79270660699996, 8.67665045700005], [-71.79856070199992, 8.67660772700009], [-71.8651079199999, 8.676121986000112], [-71.86511691799996, 8.675894977000098], [-71.86528792699994, 8.67605597700009], [-71.86603795499985, 8.675374968000142], [-71.86649497299999, 8.675112953000053], [-71.86691499199992, 8.675287953000122], [-71.86753401899989, 8.67502294500008], [-71.86794802799989, 8.674945937000075], [-71.86853705199997, 8.67431392100002], [-71.86937008099994, 8.673216899000181], [-71.86951408699997, 8.672364877000064], [-71.86956908399998, 8.671674861000156], [-71.86959908099988, 8.670892845000083], [-71.86949107399994, 8.670160826000028], [-71.86947006699995, 8.669154804000073], [-71.87010709099991, 8.668655799000078], [-71.87079211499992, 8.668204780000167], [-71.8716261379999, 8.667200751000166], [-71.8725481809999, 8.667021747999968], [-71.87321420299997, 8.66680074200002], [-71.87255017399997, 8.665987723000171], [-71.8725181719999, 8.665597715000047], [-71.87297718999997, 8.66542771200011], [-71.87343420799994, 8.665166703000068], [-71.87396422499995, 8.665040702000056], [-71.87522227599993, 8.664394681000147], [-71.87560828099998, 8.664042665000125], [-71.87620130299985, 8.66364065], [-71.87760736099983, 8.662804632000132], [-71.8784723899999, 8.661930611], [-71.87934042599994, 8.661552588000063], [-71.88008644799987, 8.661423583000158], [-71.88058046599997, 8.660923572000115], [-71.88082448099993, 8.660178556000062], [-71.88081846999995, 8.65943554000006], [-71.88206052199996, 8.659054523000066], [-71.88243453899997, 8.659175529000152], [-71.88367457999993, 8.658546502000036], [-71.88391958799986, 8.657925485000078], [-71.88441160699989, 8.657178469000087], [-71.88503063399986, 8.656802458000186], [-71.88664368499991, 8.656046437000043], [-71.88887777399992, 8.65516240400018], [-71.88860574799997, 8.65219134500012], [-71.88984879399999, 8.651934328000095], [-71.89032680199995, 8.649329269000077], [-71.89144083999997, 8.648453247000077], [-71.89181085799999, 8.648079236000115], [-71.89305790399993, 8.648317236000139], [-71.89467697799995, 8.64842922500003], [-71.89528898699996, 8.647062198000185], [-71.89591101899993, 8.647057193000023], [-71.89616503399998, 8.647674210000048], [-71.89678805999995, 8.647670197000139], [-71.89716107099997, 8.647667204000129], [-71.8976540839999, 8.647044187], [-71.89814610299993, 8.646297159000028], [-71.90013618799992, 8.646034143000122], [-71.90286528999997, 8.644775105000065], [-71.90621441299999, 8.64326305100019], [-71.90857450399994, 8.642625030000033], [-71.90905951699983, 8.640886986000112], [-71.90991954099991, 8.639393948000077], [-71.91228063799997, 8.638880932000063], [-71.91301365399988, 8.637016889000108], [-71.91299864899997, 8.635158846000138], [-71.91505770999999, 8.632341774999986], [-71.91443569199993, 8.632667789000152], [-71.9132556379999, 8.632493786000055], [-71.91191659299994, 8.632802799000103], [-71.91067254299998, 8.633385815000054], [-71.9099365159999, 8.633942836000017], [-71.90933348599992, 8.633671828], [-71.90811943799991, 8.632214809000175], [-71.90644035199983, 8.630416776000175], [-71.90492428099998, 8.628801749], [-71.90272318799992, 8.628154754000036], [-71.90188715999994, 8.627771750000136], [-71.90066610999997, 8.628262764999988], [-71.89982606999996, 8.627398745000107], [-71.89924204099992, 8.626623733000088], [-71.89785098299996, 8.626084733000084], [-71.89661892899989, 8.625337726], [-71.89491485299993, 8.623219690000099], [-71.89376579599997, 8.621256644000027], [-71.89311276499996, 8.620528638], [-71.89211671499999, 8.620329636000065], [-71.89074365199997, 8.619148619000157], [-71.88952960399996, 8.617691600000114], [-71.88926858799994, 8.616822575000072], [-71.88965759599989, 8.616268560000151], [-71.88997560299998, 8.615532541999983], [-71.89001160399994, 8.614225520000048], [-71.88938157399997, 8.613519508000081], [-71.88843353699997, 8.613596520000044], [-71.88737349099989, 8.613948528000037], [-71.88638345299995, 8.614552544000105], [-71.88548442199993, 8.614903557000105], [-71.88439837099986, 8.61502756300007], [-71.88397735599995, 8.614342552000096], [-71.88281730899996, 8.613893553000025], [-71.88212027699984, 8.613440543000024], [-71.87653703799998, 8.611202887000161], [-71.87634402399993, 8.611125531000141], [-71.87309489299986, 8.609569510000085], [-71.87126681399997, 8.609377513000084], [-71.8663296069999, 8.607835515000033], [-71.86528055099996, 8.606765488000065], [-71.86488153199991, 8.60608148200015], [-71.86367748299995, 8.605861479000168], [-71.86268344499996, 8.605823490000091], [-71.8611803789999, 8.605881489000012], [-71.86030234899994, 8.605911495000043], [-71.85858927199996, 8.60567250400004], [-71.85682419499989, 8.60472348900015], [-71.85592015899988, 8.604432486000121], [-71.85508412999991, 8.603958487000057], [-71.85475110599998, 8.602745465000055], [-71.85359005299995, 8.602044459000183], [-71.85254601399998, 8.601662449000173], [-71.85124795199994, 8.60126044500015], [-71.84999390299998, 8.600490438000122], [-71.84912886199993, 8.599236421000171], [-71.84665776399993, 8.599737435000065], [-71.84495169299998, 8.600370462000114], [-71.84395866099999, 8.600584469000125], [-71.8418485649999, 8.599775467000029], [-71.84047350199984, 8.59841045000013], [-71.83964644999998, 8.596101395000119], [-71.83918717499989, 8.595030574000077], [-71.83905842099989, 8.594730378000122], [-71.83805737699993, 8.593844364000176], [-71.83634330699994, 8.59353636100019], [-71.83544126999993, 8.593497366000065], [-71.83536425699987, 8.59248934600015], [-71.83492123699989, 8.5919653360001], [-71.83432421799995, 8.592566358000113], [-71.83355919099989, 8.59232034900009], [-71.83311716399993, 8.591934351000134], [-71.83216312699994, 8.591116332000013], [-71.83118807799991, 8.59066533400005], [-71.82961301599988, 8.59031133000002], [-71.8284519629999, 8.589632317999985], [-71.8275469329999, 8.589226314000143], [-71.82648388099989, 8.589280326], [-71.82548483699992, 8.588669320000065], [-71.8244177979999, 8.58828831600016], [-71.82332974599996, 8.588113320000105], [-71.82295273299991, 8.58717630000018], [-71.82294872099993, 8.586671291000073], [-71.82216169899993, 8.586540283000033], [-71.82222668899988, 8.58598927300011], [-71.82268370399999, 8.585229261000109], [-71.82283470799996, 8.583806221000145], [-71.82222767799988, 8.582963213000028], [-71.82130264099999, 8.583039219000113], [-71.82182765199991, 8.582049194000149], [-71.82228666799989, 8.581701186000146], [-71.82244367099992, 8.580966162999971], [-71.82154264099995, 8.581111181000097], [-71.82109961999998, 8.58056417], [-71.82065559299991, 8.579948160000015], [-71.81996057399988, 8.579885157999968], [-71.81933954899995, 8.580234172000075], [-71.81894052899997, 8.579526149], [-71.81924768799996, 8.57907212900011], [-71.81928353699993, 8.579019139000025], [-71.81939553299986, 8.578445129000102], [-71.81886050999998, 8.578082120000033], [-71.81777446999996, 8.578137137000056], [-71.81781346499997, 8.577196106000088], [-71.81750444799997, 8.576075085000127], [-71.81703842699994, 8.57564308700006], [-71.81749443699994, 8.574837064000121], [-71.81707241599992, 8.573969045000126], [-71.81685840599988, 8.57326002700006], [-71.81637538399991, 8.573562035], [-71.81590636899989, 8.57276302800011], [-71.8155543439999, 8.572032017000083], [-71.81504332799983, 8.571692008000127], [-71.81542333099992, 8.570014970999978], [-71.81422128199995, 8.570047982000176], [-71.81352525599988, 8.569685967000112], [-71.81250620499998, 8.569441970000128], [-71.81144217199994, 8.569380981000108], [-71.81150416799983, 8.568486956000129], [-71.81138014799996, 8.567386936000048], [-71.8104241879999, 8.566422037000052], [-71.80860802699993, 8.564588894], [-71.80906003699994, 8.563208860000032], [-71.80949104599995, 8.562196829000072], [-71.80856000999995, 8.56135582100012], [-71.80776696399994, 8.560467808000112], [-71.80704293199983, 8.559509789000117], [-71.80661790599993, 8.558320761000175], [-71.80693491799997, 8.557378748000133], [-71.80718592399995, 8.556917727000098], [-71.80615103199995, 8.555273746000012], [-71.80592186299998, 8.554909699], [-71.80474879899998, 8.552649649999978], [-71.80362875199995, 8.551282632000039], [-71.8031517249999, 8.54933658800013], [-71.8027586039999, 8.548631588000092], [-71.80212067499997, 8.547487561000025], [-71.80217065999994, 8.544941500000107], [-71.80168562099993, 8.541896440000016], [-71.80129759099998, 8.539560398000049], [-71.80063355399994, 8.537249344000145], [-71.79868647299986, 8.536599343999967], [-71.79650937499991, 8.536112344], [-71.79397326999998, 8.533976314000029], [-71.79350024299998, 8.532627279000053], [-71.79207316699996, 8.530368249], [-71.78904602899996, 8.527502201], [-71.78794497099989, 8.525470166], [-71.78721393299998, 8.523641122000015], [-71.78662089799997, 8.521582088], [-71.78401377999995, 8.519195044000014], [-71.78363075399989, 8.517386006000095], [-71.78407876499995, 8.515570969000123], [-71.78464377699999, 8.513777925999989], [-71.78462602799993, 8.513745199000027], [-71.7835417259999, 8.511745892000079], [-71.78271967899991, 8.509963853000158], [-71.78240466199998, 8.508039815000132], [-71.78151361499988, 8.506372789000068], [-71.7805435539999, 8.50328472300015], [-71.78004352599993, 8.50131668400013], [-71.77891646299992, 8.499101641999971], [-71.77768040799998, 8.4975976180001], [-71.77583732299996, 8.495295581000107], [-71.7751012789999, 8.492664525], [-71.77480324999993, 8.489891468000167], [-71.77448823299989, 8.487945435000029], [-71.77419420399991, 8.48572338800011], [-71.77410618499994, 8.48322433300018], [-71.77448519399991, 8.481318289000058], [-71.77464174199991, 8.479998772000044], [-71.77468119199989, 8.479666253000119], [-71.77526720499998, 8.477597208000077], [-71.77611322899998, 8.4763531750001], [-71.77580321699998, 8.475002141000061], [-71.7751151739999, 8.472692105000021], [-71.7745151339999, 8.469738040000152], [-71.77429111099985, 8.46744699300001], [-71.77466711399995, 8.46517394000017], [-71.77545613199999, 8.462484885000151], [-71.77643415899996, 8.460298827000088], [-71.77808722299989, 8.45877279300015], [-71.77897825399998, 8.457298747000038], [-71.77906125099992, 8.456128732000138], [-71.77936924599999, 8.45394768000017], [-71.78028427199996, 8.452702653000074], [-71.78128730999998, 8.450700596000047], [-71.78259335599995, 8.449108555000066], [-71.78367739699996, 8.448847543000113], [-71.7845594389999, 8.449368559000106], [-71.78547746999993, 8.448421528000154], [-71.78532945499995, 8.447229508000135], [-71.78517943999998, 8.445580464999978], [-71.78600446399992, 8.444702447], [-71.78734752199995, 8.445013444000097], [-71.78807054399988, 8.442760398000189], [-71.78968060099999, 8.441601361000096], [-71.79117064999997, 8.439916314000016], [-71.79217868399991, 8.438762293000025], [-71.79362173799996, 8.436916245000077], [-71.79525679699987, 8.436170217000154], [-71.79596882899989, 8.435523193999984], [-71.79582180899996, 8.434446174000072], [-71.79703585199996, 8.43287713400008], [-71.79908893099986, 8.432403120000117], [-71.79944994499988, 8.431116093000128], [-71.79920992899991, 8.42999506000018], [-71.79910991499997, 8.428918040000042], [-71.79880289699997, 8.428049027000043], [-71.79863477399994, 8.427651259000129], [-71.79826187399988, 8.426769005000153], [-71.79845987299996, 8.425391965000074], [-71.79881037899997, 8.424391443000104], [-71.79916088899995, 8.42339092700007], [-71.80038393799998, 8.423083913000085], [-71.8014179779999, 8.422272884000051], [-71.80140697199988, 8.420759854999972], [-71.80176197499998, 8.418830811000078], [-71.80337903799989, 8.41863580400019], [-71.80459407599989, 8.417318772000101], [-71.80752319599998, 8.416447732000165], [-71.8098712819999, 8.415214700000092], [-71.81144533399993, 8.412428626000121], [-71.81328781699995, 8.410646759000088], [-71.81384741999989, 8.41010556600014], [-71.8130003839999, 8.41012356900012], [-71.81295936099997, 8.405471466000051], [-71.81221131899997, 8.403786442000069], [-71.80965219699988, 8.400732383000047], [-71.80805312199993, 8.398942355000088], [-71.80613503199993, 8.397257337000156], [-71.80347091599987, 8.395045295000045], [-71.80229584899996, 8.392097242000148], [-71.80207682299988, 8.388518164000118], [-71.80239182799994, 8.385992110000188], [-71.80387787699988, 8.383571059000133], [-71.80717298599996, 8.380730971000162], [-71.81089212099988, 8.377785895000045], [-71.81179050499998, 8.377111604000106], [-71.81397523699991, 8.375471831000084], [-71.81652533199997, 8.373261772000092], [-71.81811738399989, 8.37084171400005], [-71.81811840899996, 8.370826149000095], [-71.81853337199993, 8.364525571000115], [-71.81810634899995, 8.363683556000183], [-71.8179963259999, 8.361683516000085], [-71.8188370279999, 8.359923770000137], [-71.81895135399998, 8.359684464000054], [-71.81990538699995, 8.357579422000128], [-71.82022138899998, 8.355474371000128], [-71.81979235999984, 8.353263334000076], [-71.81957533999997, 8.35115828700009], [-71.82010534899996, 8.34936824800019], [-71.82031635599992, 8.348211217000141], [-71.81988732899998, 8.346210173000088], [-71.81807323699996, 8.343262123000102], [-71.81562212099993, 8.340734086000055], [-71.8123199819999, 8.338101043999984], [-71.80912483199995, 8.335994014000107], [-71.80709974399991, 8.334308996000118], [-71.80603369199997, 8.332623962000127], [-71.80608669099985, 8.332124948000057], [-71.80609029999988, 8.332091098000092], [-71.80634768999994, 8.329676895000091], [-71.80611166499995, 8.32731884600014], [-71.80593207199985, 8.325204065000037], [-71.80585264699994, 8.324268783000093], [-71.80653288899998, 8.323273266000058], [-71.80656466599987, 8.32322676200016], [-71.80776270899997, 8.321472715000027], [-71.81044281199996, 8.321346704000177], [-71.81197186399999, 8.32007666300018], [-71.8133729139999, 8.31817061400011], [-71.81515597299989, 8.316010569000184], [-71.81757906799993, 8.314993526000137], [-71.81923612999998, 8.31346949000016], [-71.82242325399989, 8.311563432000014], [-71.82472135099988, 8.31232643300018], [-71.82768947099999, 8.313489443000151], [-71.82857450699993, 8.312076415000092], [-71.83052256799994, 8.310311368000157], [-71.83264764699999, 8.308721321000121], [-71.83415270199998, 8.306779276000157], [-71.83609976599996, 8.304130208000174], [-71.83680578299993, 8.301922158000082], [-71.83795481699997, 8.299450095000054], [-71.83945987099997, 8.297507044000156], [-71.84114292799995, 8.296360021], [-71.84300400999996, 8.296360012000093], [-71.84433405599998, 8.29600699700012], [-71.84548409899998, 8.294328952000114], [-71.84645512299994, 8.291591886000106], [-71.8474271529999, 8.289118831000053], [-71.84831217799996, 8.287882803000116], [-71.84884119099985, 8.285586750000107], [-71.84945819799998, 8.283555701000182], [-71.85043123599996, 8.28161365799997], [-71.85158227599999, 8.280553625000096], [-71.85335434399997, 8.279670600000145], [-71.85459438399988, 8.278964579000103], [-71.8560994419999, 8.277551536000146], [-71.85804851399996, 8.276845512000023], [-71.8591115509999, 8.276227495000114], [-71.85981857599995, 8.274461460999987], [-71.86016957699997, 8.271724398000117], [-71.86069657699994, 8.268810333000147], [-71.86149160299993, 8.266249275000177], [-71.8633506669999, 8.264748239000141], [-71.86379005399994, 8.26421238100005], [-71.86414769999993, 8.263776211000163], [-71.86467771199995, 8.262540186000138], [-71.86582774499993, 8.26130414500011], [-71.86804282899993, 8.260068111000123], [-71.86901587099993, 8.258832084000119], [-71.86963388499993, 8.257066038000175], [-71.87158194699998, 8.255299998000055], [-71.87415004199994, 8.253268938000076], [-71.87654113599996, 8.251944900000126], [-71.87804619299999, 8.250443854000082], [-71.87946223799992, 8.248677816000168], [-71.88176332399996, 8.24647075100006], [-71.88273635299998, 8.245057723], [-71.88397338999994, 8.24223165900014], [-71.88556643999993, 8.2405546170001], [-71.88751552299993, 8.23958358800013], [-71.88928658299994, 8.238347545000124], [-71.8909686429999, 8.236581506000107], [-71.89167466099997, 8.234550456000079], [-71.89237867499997, 8.231371387000024], [-71.89246467299989, 8.229693348000012], [-71.89299468199994, 8.227927314999988], [-71.89370070199993, 8.226249273000064], [-71.89458472999996, 8.224395222000055], [-71.89653179599998, 8.222099174000164], [-71.89768182899991, 8.220686133000015], [-71.89865386199995, 8.218832095000096], [-71.89980188699997, 8.215653024000062], [-71.90033190999998, 8.214239986000052], [-71.90157095699982, 8.213533965000124], [-71.9044950629999, 8.212562931000093], [-71.90617813299997, 8.211944911000103], [-71.90753389399998, 8.210846766000088], [-71.90785784299999, 8.210584372000085], [-71.90792019699995, 8.210533866000162], [-71.90980124499998, 8.204438732000142], [-71.91059525599997, 8.202319678000151], [-71.9120103059999, 8.200111625000147], [-71.91156327799996, 8.197551578000173], [-71.91138225099996, 8.194901529], [-71.91137924799983, 8.1926944760001], [-71.91235126799995, 8.190574428], [-71.91207331899994, 8.189983758000153], [-71.91172823599993, 8.189250405000166], [-71.91169562299996, 8.1892125440001], [-71.9080000649999, 8.18492233500018], [-71.9055139539999, 8.18183128600009], [-71.90347084799998, 8.178564228000141], [-71.90249279799997, 8.17617917399997], [-71.90266378599989, 8.172294094000051], [-71.90276178399995, 8.169926051000118], [-71.90312778599991, 8.168425011000124], [-71.90340685199993, 8.165759752000099], [-71.90341478899995, 8.165683952000052], [-71.90360578399998, 8.163827919000084], [-71.90264573399992, 8.161872879000157], [-71.90061964199998, 8.160175847000062], [-71.89912457399998, 8.158658829000103], [-71.89843852699988, 8.155644765000147], [-71.89836830899986, 8.155665679000094], [-71.89728348599988, 8.155988778999983], [-71.89611645099995, 8.158014829000138], [-71.89362135399995, 8.159763879000081], [-71.89227631099993, 8.161786926000048], [-71.89102826599998, 8.162838954000051], [-71.8889901789999, 8.162732963000053], [-71.88686010399988, 8.163157985000055], [-71.88472801999995, 8.163848011000141], [-71.88295594799996, 8.163745022000057], [-71.88135888099998, 8.163908030000016], [-71.88029084199991, 8.164519046000123], [-71.8784347589999, 8.163884039000095], [-71.87612966499995, 8.163953051000135], [-71.87576166499997, 8.165720100000044], [-71.87576384899995, 8.165759752000099], [-71.87583967299992, 8.167136127000049], [-71.87547665999995, 8.168283154], [-71.87564267299996, 8.16970017300008], [-71.87571868099997, 8.170699194000065], [-71.87598771099994, 8.172995242000184], [-71.87661174399994, 8.175909300000058], [-71.87723477999998, 8.177764336000052], [-71.87679277099994, 8.178558356], [-71.87661676499994, 8.179530381000063], [-71.87635175699995, 8.179706390000149], [-71.8757307279999, 8.179353385000184], [-71.87360163799997, 8.17802836500016], [-71.87120753899984, 8.176968350000095], [-71.86961247299985, 8.177321365000068], [-71.86633333999987, 8.177938400000073], [-71.86429525499989, 8.178114417000131], [-71.86234518299995, 8.177760414999966], [-71.86057311199994, 8.177936430999978], [-71.85880104499995, 8.178996455000117], [-71.85747298699994, 8.179702477000092], [-71.85658695099983, 8.179702481000106], [-71.85631994199991, 8.179348482000023], [-71.85578691499995, 8.178465458000176], [-71.85436584699988, 8.17608041799997], [-71.85126071199994, 8.173872388000063], [-71.85010665399994, 8.172105358000067], [-71.84992764499992, 8.170780328000035], [-71.85038764699988, 8.169046294000111], [-71.84986962299996, 8.167273254000122], [-71.84845756099998, 8.166464248000125], [-71.84685650099993, 8.167247277], [-71.84526443299995, 8.166703265000137], [-71.84458540699995, 8.165759752000099], [-71.84359835299995, 8.164388231999965], [-71.84131424799995, 8.161803185000053], [-71.83751507799991, 8.160267175000172], [-71.83565800199995, 8.159720172000107], [-71.83344091299989, 8.159879185000023], [-71.83095881599996, 8.15994620000015], [-71.82804468899997, 8.15842318100016], [-71.82705464999987, 8.158860200000163], [-71.82408645499993, 8.158406147000164], [-71.82403452599993, 8.158398203000047], [-71.82423187399996, 8.157016717000147], [-71.8243115279999, 8.156459168000083], [-71.82433252999988, 8.15641115700015], [-71.82390250299983, 8.155462148000026], [-71.82268143799996, 8.15297409700014], [-71.82136937699994, 8.15066306000017], [-71.82057733799996, 8.149948050000148], [-71.81863225499995, 8.149312038000119], [-71.81704718399999, 8.147971016000156], [-71.81591113499996, 8.145926980000127], [-71.81556810599989, 8.14441895400006], [-71.81567210099996, 8.142473913000174], [-71.81550509499993, 8.141144886000063], [-71.8142830249999, 8.13874584399997], [-71.8137679909999, 8.136617798000145], [-71.81369197999993, 8.135023766000074], [-71.81397398399997, 8.13290271700015], [-71.81443498799996, 8.130605671000183], [-71.81400696699995, 8.128744639], [-71.81348094199996, 8.127943622999965], [-71.81259790699988, 8.12749361800013], [-71.80994679499992, 8.126585606000162], [-71.80871272999997, 8.125690594], [-71.80792869199985, 8.124002567000048], [-71.80688964199993, 8.120896505000076], [-71.80557256999992, 8.119292475000066], [-71.80326848099998, 8.119184486999984], [-71.79760424699992, 8.118251503000067], [-71.79503613999998, 8.117963500000144], [-71.79370309199999, 8.11848352200019], [-71.79139799799998, 8.118551541000045], [-71.78927990599993, 8.117383524000104], [-71.78796383899987, 8.115690498], [-71.78708479899996, 8.11479847600009], [-71.78558073699998, 8.114431475], [-71.78461269899998, 8.113626465000038], [-71.78391066299997, 8.112735447000034], [-71.7831196279999, 8.11184444200012], [-71.78304162099994, 8.11060441100011], [-71.78313961199996, 8.109366390000048], [-71.78341461999997, 8.108218358000101], [-71.78341961899991, 8.107510344000161], [-71.78280159399998, 8.107240342000011], [-71.78174553799988, 8.106346334000136], [-71.78078249799995, 8.104833298000187], [-71.78016846799994, 8.104032294000149], [-71.77983543699992, 8.101374240000155], [-71.77895839399991, 8.100128218000066], [-71.77710431899999, 8.099227202000122], [-71.77577425999993, 8.099304215000188], [-71.77399919699997, 8.099642225000082], [-71.77214311299986, 8.09900723000004], [-71.77055904699995, 8.097666207000032], [-71.76986100499994, 8.09624417700013], [-71.76828093399996, 8.094372141000122], [-71.76617483799993, 8.091788098000109], [-71.76521478799992, 8.08983307], [-71.76549679099998, 8.08780002399999], [-71.76594779899989, 8.086829996000063], [-71.76657481699993, 8.086038978000147], [-71.76641081299994, 8.084356944000035], [-71.76473573999988, 8.083279932000096], [-71.76429971699997, 8.082302920000132], [-71.76439480599993, 8.081761006000022], [-71.76457871999997, 8.08071288399998], [-71.76520573799996, 8.07992186600012], [-71.76566374199996, 8.078067817999965], [-71.76558373699999, 8.076916796000148], [-71.76416667599989, 8.076815804000148], [-71.76213759499996, 8.075647786000104], [-71.76019450999996, 8.074834775000113], [-71.75860343599999, 8.074377772000048], [-71.75807741099999, 8.073665764999987], [-71.75861942599983, 8.072342729000127], [-71.75907344599989, 8.070930698000097], [-71.75943144899998, 8.0704916950001], [-71.7589094299999, 8.069248675000097], [-71.75900842699997, 8.068010642000104], [-71.75910542599996, 8.06694962000006], [-71.75907073699994, 8.066893147000087], [-71.75779335399994, 8.064813585000138], [-71.75682731199987, 8.063655565999966], [-71.75613627999996, 8.061525523000057], [-71.75544723199988, 8.05904147900003], [-71.75474920199997, 8.057619449000128], [-71.75298312099994, 8.056808435], [-71.75201807199994, 8.055649423000034], [-71.75051900999989, 8.054662412000027], [-71.74946496399991, 8.05359139300009], [-71.74866592799998, 8.05376139700013], [-71.74725186999996, 8.053218388000062], [-71.74601981399996, 8.052145371], [-71.74550078599998, 8.050636354000119], [-71.74435673699992, 8.049653338000155], [-71.74267466699996, 8.049373336000087], [-71.74099360199995, 8.049093335000066], [-71.74011954899998, 8.047581315000059], [-71.73853848499994, 8.045885287000033], [-71.73650638999999, 8.045160279000072], [-71.73438331099993, 8.044698277000066], [-71.73253122199998, 8.043620261000058], [-71.73103215999993, 8.042634255000166], [-71.72908907499993, 8.041820250000058], [-71.72732099699994, 8.04136224399997], [-71.72608694399997, 8.040555235000113], [-71.72493690299996, 8.040279240000075], [-71.72404886899989, 8.040537248000135], [-71.72298881899997, 8.040085245000114], [-71.72219677999988, 8.039459232000127], [-71.72167175999994, 8.038658215000169], [-71.72122174499992, 8.039450237000153], [-71.7208637309999, 8.039889251999966], [-71.7203337119999, 8.039708244999986], [-71.71944866899997, 8.039611247000153], [-71.71917566999991, 8.040494263000028], [-71.7183746369999, 8.040929283000139], [-71.71749059799987, 8.040567281000051], [-71.71616354099984, 8.040379278000046], [-71.71535551199997, 8.041610314000081], [-71.71446249099995, 8.042487338000171], [-71.71437234399997, 8.042493763000095], [-71.71224539099984, 8.042645347000189], [-71.71126935199999, 8.042902361000131], [-71.71029324199998, 8.043117964000146], [-71.70896026299988, 8.043412383999964], [-71.70772221599998, 8.043136377000167], [-71.70622614499996, 8.041884363000122], [-71.70445606899989, 8.041602363000038], [-71.70322001899996, 8.040972355000179], [-71.7026999979999, 8.03964033799997], [-71.70333201599988, 8.03814129500006], [-71.70440604699985, 8.036823259000073], [-71.70618511599997, 8.036043244999973], [-71.70584508899998, 8.034270204000109], [-71.70665711299995, 8.032507162000059], [-71.70667110499994, 8.030738128000053], [-71.70589506799996, 8.028076079000186], [-71.7040429789999, 8.026998062000075], [-71.7034309579999, 8.026019041000154], [-71.7016578809999, 8.026091054000176], [-71.70006181899993, 8.026254061000031], [-71.6986367699999, 8.02712608600018], [-71.69739671399998, 8.027027091000036], [-71.69668967899997, 8.026844099000186], [-71.6958116479999, 8.026646101000154], [-71.69527761699993, 8.025939084000186], [-71.69474159799984, 8.02487905900017], [-71.69340853999995, 8.023556045000078], [-71.69198546499996, 8.02205501400016], [-71.69082841699998, 8.020642990000056], [-71.69055539199996, 8.018520951000028], [-71.69001735899991, 8.01675391800012], [-71.68886130499993, 8.015517901000067], [-71.68735023799996, 8.01410587900017], [-71.6852211499999, 8.013313870000047], [-71.68327007199997, 8.01278686400019], [-71.68211601999997, 8.0121698640001], [-71.68006892099993, 8.00952182200001], [-71.67882286199995, 8.007931793000182], [-71.67749180599998, 8.007403790000126], [-71.67651676999992, 8.00705178100003], [-71.67518370099987, 8.005904762000057], [-71.67376463999994, 8.005465769000068], [-71.67199157399989, 8.005468769000117], [-71.67039450399989, 8.004763768000146], [-71.66817941299996, 8.004767775000062], [-71.66694036399991, 8.005123793], [-71.66667636299985, 8.005742797999972], [-71.66756739699986, 8.007155829000112], [-71.66792541899997, 8.008216847000142], [-71.6675744079999, 8.009277870000062], [-71.66660137399992, 8.009721889000161], [-71.66607335999987, 8.010871909000059], [-71.66483530599993, 8.011581939000052], [-71.66377626899998, 8.012821963000135], [-71.6629812459999, 8.013706993000028], [-71.66209721199994, 8.014328012000135], [-71.66139219399997, 8.015390029000173], [-71.66068716299998, 8.01645205900013], [-71.66016115199989, 8.01839809500018], [-71.65910111899996, 8.019196128000033], [-71.65706503399997, 8.019730142000185], [-71.65529897799996, 8.021589187000075], [-71.65441995399993, 8.02389024300004], [-71.65309490299984, 8.025130281000145], [-71.65150684499997, 8.027166325000053], [-71.65044580799992, 8.028052349000177], [-71.64920776499991, 8.028673370000092], [-71.6480557139999, 8.028587371000185], [-71.64681565999996, 8.028942383000071], [-71.6458446279999, 8.030094415000178], [-71.64381255599989, 8.03168946300002], [-71.64195748999998, 8.033549513000082], [-71.64036943299993, 8.035762557000055], [-71.63922440599998, 8.037886615000104], [-71.63816436199994, 8.038860642000145], [-71.63612528099998, 8.038598640000146], [-71.63469666599997, 8.039000821000116], [-71.63391219199991, 8.03922166500007], [-71.63231813099992, 8.039754684000059], [-71.63072206599992, 8.039226683000152], [-71.62894799299994, 8.038787679000052], [-71.62700191299996, 8.039851713000132], [-71.62585387799999, 8.041179742000168], [-71.62346678199992, 8.042775796000058], [-71.62187372699992, 8.04348581500011], [-71.6217017219999, 8.045165853000015], [-71.62143972199993, 8.046315872000037], [-71.61931964799999, 8.048441933], [-71.61613552699998, 8.050303988000167], [-71.6140974409999, 8.050394994000044], [-71.6113503339999, 8.050577022000027], [-71.60949325399991, 8.051729047000038], [-71.60710717799992, 8.053855109000096], [-71.60542511099993, 8.054388129000131], [-71.60401106199998, 8.05562916000008], [-71.60295202499992, 8.057045192000146], [-71.6018899799999, 8.057400203000157], [-71.60002489399994, 8.056077191999975], [-71.59806779899992, 8.053693148000093], [-71.5950476669999, 8.051664115000165], [-71.59283057399995, 8.051049119000083], [-71.59043247699987, 8.049549098000057], [-71.58803335999994, 8.047608065000134], [-71.58519123699989, 8.045756044000086], [-71.58394717699997, 8.044431019000172], [-71.58057403199996, 8.042845010000121], [-71.57800192699995, 8.0422300030001], [-71.57525081599988, 8.040995992000092], [-71.57311971499996, 8.039672982000013], [-71.57178151799997, 8.039421584000024], [-71.57169460599988, 8.039405060000036], [-71.57125763699997, 8.039321982000104], [-71.57036659199997, 8.037908952000066], [-71.57017857299996, 8.034460886999966], [-71.5701705539999, 8.03189683], [-71.56918749999994, 8.02924577900012], [-71.5678484369999, 8.025975713000093], [-71.56678138199999, 8.024915703000147], [-71.56676935999997, 8.021113625000169], [-71.56789937999991, 8.013861465000161], [-71.56921740699994, 8.010411382000086], [-71.57053744799998, 8.007402310000145], [-71.57052743799994, 8.004042248000133], [-71.5690143569999, 8.002011210000148], [-71.56679226699998, 7.999892171000056], [-71.56401212799989, 7.996922131000133], [-71.56215005799993, 7.995819116000121], [-71.56017696699985, 7.994002082000065], [-71.55851088799994, 7.99218106100011], [-71.55776183899997, 7.989838009000039], [-71.5571967979999, 7.985957934000055], [-71.55614375199991, 7.983924894999973], [-71.55325462599995, 7.982731883000042], [-71.55106552599995, 7.980098837000128], [-71.5493854419999, 7.97725579400003], [-71.54824638299993, 7.976450784000178], [-71.54650731699991, 7.976778790000139], [-71.54251716599998, 7.977644832000067], [-71.53974805199994, 7.977678843000092], [-71.53740196299998, 7.978729883000028], [-71.53555688099988, 7.978853892000075], [-71.53546410899986, 7.97874572600017], [-71.53451717099995, 7.977641599000037], [-71.53451483599991, 7.977638876000071], [-71.53119568099999, 7.974916826000083], [-71.52881358199988, 7.973206812], [-71.52806553799991, 7.97096576500013], [-71.52854954499998, 7.968811722000169], [-71.52862654199998, 7.966867674000071], [-71.52788150299995, 7.964830637000034], [-71.52550340299985, 7.963427618000026], [-71.52302328499997, 7.962127609], [-71.52167222799994, 7.960813582000071], [-71.51970613999998, 7.959507564000035], [-71.51668500699992, 7.956065508000165], [-71.51399688899994, 7.954461486000127], [-71.51181677999995, 7.952543464000087], [-71.51163175099998, 7.94630633100013], [-71.51126070299983, 7.941503236000187], [-71.51045964899998, 7.935273107000114], [-71.51122565999987, 7.931070019000117], [-71.51045460699993, 7.927089939000155], [-71.50864851299997, 7.922406841000111], [-71.50878848999992, 7.917392745000029], [-71.50965550199999, 7.913188652000088], [-71.51064952799999, 7.910721592000073], [-71.51103953699999, 7.909182558000055], [-71.51099551899983, 7.905910488000075], [-71.51023538399988, 7.902111700000148], [-71.51011746599994, 7.901522402000069], [-71.5100754469999, 7.898351343000172], [-71.51024543699992, 7.895690283000079], [-71.51092245399991, 7.892511215000127], [-71.5090513689999, 7.890692181000077], [-71.50971439699998, 7.889844166000159], [-71.50979635699991, 7.889738865000027], [-71.50985839499998, 7.889659159000018], [-71.51157245199994, 7.887389105000125], [-71.51102341699993, 7.884634049000113], [-71.51027437899995, 7.882290004000026], [-71.51055237299994, 7.880035956000029], [-71.51103938499989, 7.878086916000086], [-71.51008733899994, 7.875847868999983], [-71.51011334299994, 7.875772873000187], [-71.51034034199989, 7.875109854000129], [-71.5103523439999, 7.874873846000128], [-71.51044934799995, 7.874794841000096], [-71.51058135399995, 7.874409834000119], [-71.51190540299996, 7.873677821000058], [-71.51374947999994, 7.873553800000025], [-71.5150745229999, 7.872924785000066], [-71.5170045999999, 7.871469750000074], [-71.51860865499992, 7.868688680000162], [-71.5185806419999, 7.866540635000149], [-71.51854261999989, 7.863677577000033], [-71.51892762499995, 7.861729531000151], [-71.51725855399997, 7.859600498000134], [-71.51620450199988, 7.857465454000021], [-71.51638048999996, 7.855213405000143], [-71.51758353399993, 7.853153358000156], [-71.51642947499994, 7.851120320000121], [-71.5172375059999, 7.850190307], [-71.51906856999989, 7.84904327300012], [-71.51966259199992, 7.847400235000066], [-71.51893055399984, 7.846386211000038], [-71.51788150599998, 7.844557181000027], [-71.51598841399993, 7.842619150000189], [-71.51366531599984, 7.841603136000117], [-71.51425133499993, 7.84072612600005], [-71.51413067599998, 7.840744540000173], [-71.51325529899992, 7.840878132], [-71.51295328499998, 7.840344117000143], [-71.51418831099994, 7.837020046000021], [-71.51411630199993, 7.833858980000116], [-71.51427429299997, 7.83186493400018], [-71.51505231899995, 7.830282902000022], [-71.51656437499997, 7.828263851000031], [-71.51865044299984, 7.82686280900009], [-71.51944946299994, 7.823493733000021], [-71.52107652399985, 7.821955698000068], [-71.52279558699996, 7.82021064900016], [-71.52318359599991, 7.818445611000129], [-71.52315758099991, 7.81629257600008], [-71.52264210899989, 7.814551308000091], [-71.52239853799989, 7.813728523000123], [-71.52283154199995, 7.811642476000088], [-71.52301153399998, 7.808572416000118], [-71.52041742499995, 7.80617237600012], [-71.51902392399984, 7.804751299000031], [-71.51759229099997, 7.803291334000107], [-71.51720026499993, 7.801069289000054], [-71.51625821799996, 7.79997127200005], [-71.51444412999996, 7.797569229000146], [-71.5159311779999, 7.793809136000164], [-71.5194133039999, 7.790046042000029], [-71.52239241299992, 7.787061973000107], [-71.52367143599997, 7.782591870000033], [-71.52410343899999, 7.778879792], [-71.5244424259999, 7.773495684000068], [-71.52466741099994, 7.76971560100003], [-71.52647647299989, 7.767076540000062], [-71.52874355699998, 7.763911466000025], [-71.52940757299996, 7.762054414000033], [-71.53153664199988, 7.759072348000188], [-71.53279568999994, 7.75661829600017], [-71.53361870899994, 7.754417247000049], [-71.53396171399999, 7.753225213000178], [-71.53274466199991, 7.751510191000023], [-71.52836146199996, 7.748860150000041], [-71.52485031299989, 7.747080136000022], [-71.52048812099991, 7.743240074000084], [-71.51832800999989, 7.738821994000148], [-71.51575488299989, 7.734863919000077], [-71.5137347939999, 7.732278882000173], [-71.51292874299992, 7.729324821000091], [-71.51331474599988, 7.725933752000117], [-71.51473378799994, 7.722631675000173], [-71.51475377199995, 7.719791617], [-71.51220767199993, 7.719474618000163], [-71.50950055399994, 7.718632614000114], [-71.50821348999995, 7.715633560000128], [-71.50768244899996, 7.712014493000083], [-71.50662640299998, 7.710779469000045], [-71.50469931799995, 7.7098214560001], [-71.5023542209999, 7.710567487000105], [-71.50004798299994, 7.709672791000173], [-71.49954710599991, 7.709478478000165], [-71.49806202199994, 7.706282416000022], [-71.49799200399985, 7.701370315000133], [-71.49787496799996, 7.696757228000081], [-71.49673088999998, 7.689638080000066], [-71.49546082299986, 7.685111996000046], [-71.49378830999996, 7.680414570000039], [-71.49302078999995, 7.678258912000047], [-71.49295668299987, 7.678078860000085], [-71.49260764499996, 7.673693776000164], [-71.49263557099994, 7.672933106000073], [-71.49286962799994, 7.666557629000067], [-71.49254459599996, 7.662249539000129], [-71.4910615259999, 7.662028544000066], [-71.48729538399988, 7.662688576000107], [-71.48455326899995, 7.663311601999965], [-71.4848472949999, 7.665140635000057], [-71.48578434299998, 7.666840664000119], [-71.48538033199998, 7.668409699], [-71.48454230399989, 7.670079735000172], [-71.48285623199985, 7.668900718000032], [-71.48127215699998, 7.668154718000153], [-71.47964409199989, 7.667455712000049], [-71.47886305499992, 7.667586716000017], [-71.47765500899999, 7.667176717000132], [-71.47786102499998, 7.668136725000181], [-71.47793802699988, 7.669534764000105], [-71.47701599899995, 7.670563790000188], [-71.47677099399993, 7.672014820000129], [-71.47688000999989, 7.673801850000018], [-71.47679901199996, 7.675340883000104], [-71.47602298799995, 7.677766943000108], [-71.47483312699984, 7.678734255], [-71.47457393399998, 7.678944969000042], [-71.47233785299994, 7.678947983000114], [-71.47113336899997, 7.678438589000052], [-71.46975574099991, 7.677855969000177], [-71.46787965699997, 7.676404949000016], [-71.46605857399999, 7.675365932000147], [-71.46359647299994, 7.675533945000097], [-71.46175940699999, 7.677937010000051], [-71.46059437299988, 7.680532066000183], [-71.45994636199998, 7.683528137], [-71.45978736699982, 7.685734173000128], [-71.4596123689999, 7.687184210000112], [-71.45617223699992, 7.689024258000074], [-71.45452517399997, 7.689565283000036], [-71.45215007799993, 7.690602309000042], [-71.44921795899995, 7.69036732], [-71.44639185199998, 7.691828366000095], [-71.44360373899997, 7.692897405], [-71.44263071599994, 7.695809472000178], [-71.4429287399999, 7.697822506000136], [-71.4437187769999, 7.700214549000066], [-71.4450618439999, 7.702617598000018], [-71.4467029249999, 7.704899638000029], [-71.44773098199994, 7.706575661000045], [-71.44923505299988, 7.708929706000049], [-71.45036609999994, 7.711061746000041], [-71.45145915999996, 7.712575774000072], [-71.45310623799998, 7.715132810999989], [-71.45439529699996, 7.717124850000062], [-71.45637038599989, 7.718871879000119], [-71.45823446499992, 7.719817890000172], [-71.45943252199993, 7.720801899000094], [-71.4599215479999, 7.722098925000125], [-71.46152461299994, 7.722637936000069], [-71.46323367999986, 7.722784927000077], [-71.46452474499984, 7.72383593700016], [-71.46546078699993, 7.72551296600011], [-71.46533779899994, 7.727260005000119], [-71.46482978599994, 7.729313048000108], [-71.46462978099999, 7.731726109000022], [-71.46467479799998, 7.733767146000048], [-71.46450480299995, 7.735469179000063], [-71.46416779599997, 7.736899208000182], [-71.46392278999986, 7.73835023800018], [-71.46361178799998, 7.739916280000045], [-71.4634617889999, 7.741480311999965], [-71.4635917949999, 7.743175342000086], [-71.46452084699996, 7.74453236800008], [-71.4656248899999, 7.745449387], [-71.46607191299995, 7.746884414000021], [-71.46510488899997, 7.747984439000163], [-71.46538689699992, 7.749285462999978], [-71.46656595099995, 7.750499485000091], [-71.46739999199997, 7.750687478000089], [-71.46856203699991, 7.751098483000078], [-71.46892205499995, 7.751756496999974], [-71.46806503099992, 7.752577517000077], [-71.46682897399995, 7.752971528000046], [-71.46525191799998, 7.753602554000054], [-71.46383186199995, 7.755055588], [-71.46374186399999, 7.756204613000136], [-71.46347986599989, 7.757931644000109], [-71.46315084899993, 7.758672663000084], [-71.46233682199988, 7.759401682000089], [-71.46064376299995, 7.76099872500015], [-71.45930371999992, 7.76297777000002], [-71.45914771299994, 7.764265800000032], [-71.46012375999993, 7.765621820000149], [-71.46192284699993, 7.766729837000071], [-71.46303589199994, 7.768059865000168], [-71.46363091899997, 7.768918872000086], [-71.46310490399986, 7.770145909000064], [-71.46235888399997, 7.770804921999968], [-71.46124884199986, 7.771677950000083], [-71.46095583599993, 7.773014973000159], [-71.4605968219999, 7.774537003000148], [-71.46008881599988, 7.775511027000107], [-71.45865376599988, 7.77735507500006], [-71.45774872999988, 7.778132093000067], [-71.45652868799993, 7.779259128000149], [-71.45552265399994, 7.780658154000093], [-71.45465662099991, 7.782168195000054], [-71.45397359999998, 7.783605226000191], [-71.45263355199995, 7.784506258000135], [-71.45106648599989, 7.784540263000054], [-71.44962943299998, 7.785236280000163], [-71.44743135499994, 7.786982324], [-71.44537028099995, 7.789665388000174], [-71.44291318799992, 7.79114043400017], [-71.44087811399987, 7.792951480999989], [-71.43943005399996, 7.794198520000066], [-71.43761298099997, 7.793342510000116], [-71.43574189899988, 7.792167492000033], [-71.43374481299992, 7.792531506000159], [-71.43210176499997, 7.794356552000181], [-71.43073071399994, 7.795969593000166], [-71.42980067299999, 7.795622598000136], [-71.42853061599999, 7.79553460000011], [-71.42750458499984, 7.797071628000083], [-71.42593852899995, 7.798183658000085], [-71.42255539399997, 7.799518709000154], [-71.42089132799993, 7.800379737000185], [-71.41877025899993, 7.802490791000025], [-71.41695718299997, 7.803906826000059], [-71.41557113399995, 7.804853858000058], [-71.41297403899989, 7.806263889000149], [-71.41045093799994, 7.80787893500019], [-71.40732582399994, 7.809413986000095], [-71.40486373299996, 7.811739042000113], [-71.40239464099994, 7.813765098000033], [-71.40106559299994, 7.815170133000038], [-71.40025556799998, 7.81713817800005], [-71.39869650999992, 7.817516191000152], [-71.39682143999994, 7.818221222000147], [-71.39490136399996, 7.819020251000097], [-71.39296428299991, 7.820048277000069], [-71.39035018499999, 7.821756328000049], [-71.38794609599995, 7.823552371000062], [-71.38567501899996, 7.825138420000144], [-71.38418696599996, 7.826684459999967], [-71.38401396699993, 7.828248492000057], [-71.38441898599996, 7.829869519000169], [-71.38378396999991, 7.832475582000029], [-71.3827749479999, 7.834814633000065], [-71.38238293099982, 7.836911678000092], [-71.38162890899997, 7.838258708000183], [-71.38013584799995, 7.838542722000057], [-71.3782287819999, 7.839891755000053], [-71.37700674199988, 7.840950783000096], [-71.37638971799998, 7.842248821], [-71.37601970799994, 7.844321860000036], [-71.37473167199994, 7.845899898000027], [-71.37555870199998, 7.846459913999979], [-71.37494268099988, 7.84720692999997], [-71.37491061299988, 7.847231984000132], [-71.37383164499988, 7.848074956000062], [-71.37256158899999, 7.848367968000161], [-71.37080851999997, 7.848452976999965], [-71.36921145799988, 7.849503008000056], [-71.36865535299995, 7.849993549000089], [-71.36724338599993, 7.851239047000092], [-71.3639412519999, 7.851983084000096], [-71.3596310719999, 7.851392090000047], [-71.35570492099993, 7.852455128000088], [-71.35484489499993, 7.85373716700002], [-71.35393286799996, 7.856464228000164], [-71.35216181899989, 7.860290308000174], [-71.35086376499987, 7.861502343000041], [-71.34735662199995, 7.861694367000098], [-71.34456151899997, 7.862578401000064], [-71.34148239899991, 7.865067465000095], [-71.33777426299997, 7.868701560000147], [-71.33426355599994, 7.87091058600015], [-71.33425713699995, 7.870914625000012], [-71.33415227399996, 7.87100900300004], [-71.33293708799994, 7.872102656000038], [-71.33213906999993, 7.874968710000189], [-71.33097903199996, 7.876340752000033], [-71.32852593799993, 7.87805179500009], [-71.32527982299985, 7.881412878000106], [-71.32131467499994, 7.885665991000053], [-71.32004562399993, 7.8858900030001], [-71.31873955999987, 7.883887970999979], [-71.31747550499989, 7.882964957000183], [-71.31450238599984, 7.882424959000105], [-71.30988819999999, 7.882634985999971], [-71.30792411999994, 7.883293012000081], [-71.30591103799998, 7.884616043000051], [-71.30341796599993, 7.889655161000064], [-71.30202492099994, 7.891486201000021], [-71.29839578099995, 7.893123259000106], [-71.29582768299986, 7.894558301000188], [-71.29402160599989, 7.895882336000057], [-71.29440563599996, 7.897720369000183], [-71.29476265899984, 7.900109423000117], [-71.29442865999994, 7.902472476000185], [-71.29340063599994, 7.905153537000047], [-71.29234460199996, 7.908660617000123], [-71.29094855699992, 7.911294674000033], [-71.28899749399994, 7.913949737000053], [-71.28900049799995, 7.913958736000041], [-71.2889237679999, 7.913997594000023], [-71.28775644799993, 7.914588756000114], [-71.28636338599995, 7.913080735000108], [-71.2852313219999, 7.910902695], [-71.28369425299991, 7.910223685000176], [-71.28309123099996, 7.909054667000078], [-71.28277221199994, 7.90848365100004], [-71.2827772089999, 7.907482632000097], [-71.28283321399994, 7.907392629000014], [-71.28285421199996, 7.906615616000124], [-71.28229017599995, 7.905044585999974], [-71.28109312999999, 7.905161591000024], [-71.27981408099987, 7.906817641000089], [-71.27802800999996, 7.907406654000056], [-71.27554590799997, 7.90674765600005], [-71.27306280599993, 7.907121677000021], [-71.27234578399992, 7.908077693000052], [-71.27162075899997, 7.90969973100016], [-71.2703727139999, 7.910644764000097], [-71.2699976969999, 7.909344733000069], [-71.27000067999995, 7.907370696999976], [-71.26946765199983, 7.906188671000052], [-71.26866362099992, 7.905264661], [-71.26690955099991, 7.906288689000178], [-71.26604952799988, 7.908096727000043], [-71.26586152399989, 7.910028773000022], [-71.26641455999999, 7.911095787000022], [-71.26763961499984, 7.912239814999964], [-71.26711459299992, 7.913558841000054], [-71.26652457999995, 7.915085874], [-71.26721361299991, 7.917067913000153], [-71.26694160999989, 7.918335936000176], [-71.26569155999994, 7.9181099380001], [-71.2648785159999, 7.916818920000082], [-71.26411048899996, 7.917523934000144], [-71.26254142499988, 7.917510945], [-71.26092435899994, 7.917384955000102], [-71.26028234799992, 7.91861497400015], [-71.26068235899999, 7.918996987000071], [-71.26102537299994, 7.919906997000055], [-71.26141940399998, 7.921046027000159], [-71.25960133599989, 7.922301062000145], [-71.25808527999988, 7.923664095000049], [-71.25670721599988, 7.92286708000006], [-71.25599318699994, 7.923961108000185], [-71.25569319099992, 7.925046136000105], [-71.25537317599998, 7.926223164000135], [-71.25448514299995, 7.926747181000053], [-71.25386711599998, 7.925888162000092], [-71.25329508899983, 7.925074150000114], [-71.25262606199988, 7.925042154000096], [-71.25261106199997, 7.926488181000138], [-71.25243307199992, 7.927869206000082], [-71.25175404899994, 7.929512245000012], [-71.2491909499999, 7.930439287000183], [-71.24750087799993, 7.931209308], [-71.24614683599998, 7.933624361999989], [-71.24513080099996, 7.935711406000053], [-71.24463779299992, 7.93744244800007], [-71.24397777199994, 7.938902479000035], [-71.24156467699993, 7.939320502000044], [-71.23920158099997, 7.939921532000028], [-71.23771652799996, 7.940572555000188], [-71.2374765209999, 7.941197568000121], [-71.23817754899983, 7.941618567000035], [-71.23871657899991, 7.944131620000064], [-71.23866158699991, 7.945853661000172], [-71.23826657299998, 7.94677967400014], [-71.23722253999995, 7.947536697000146], [-71.23632049299994, 7.945329660000027], [-71.23463341599995, 7.944125644000053], [-71.23319035499992, 7.942458610000187], [-71.23213930799989, 7.942939631000115], [-71.23167430399997, 7.944853669], [-71.23146230599991, 7.946785714999976], [-71.23094228799988, 7.948357743000031], [-71.23071628499991, 7.949624772000163], [-71.23179932199992, 7.949578767000162], [-71.23251335699996, 7.949517769000067], [-71.23247636199989, 7.950986796000052], [-71.23285738699997, 7.952608829000042], [-71.23424043699993, 7.952578822000135], [-71.23487447499991, 7.95309383200015], [-71.23568451999995, 7.955324875000088], [-71.23592153299995, 7.956696898000189], [-71.23500550199998, 7.958070926000175], [-71.2335894449999, 7.957664925000074], [-71.23198537399998, 7.957078921000061], [-71.23092333199992, 7.958087951000095], [-71.23003030099994, 7.959437985000022], [-71.22870425299982, 7.95999400300002], [-71.22839923199996, 7.958691974000033], [-71.22741019099993, 7.957771962000152], [-71.22610513799998, 7.959314998000082], [-71.22470009099999, 7.961524057000133], [-71.22006692199994, 7.965937169000085], [-71.21483072999996, 7.969145268000034], [-71.21096158399996, 7.971545328000047], [-71.20738843599997, 7.97274537200019], [-71.20413932299988, 7.975016440000161], [-71.19979515099993, 7.97575147200007], [-71.19686103299995, 7.977717529000131], [-71.1938159259999, 7.980902617000027], [-71.19132082899995, 7.982860666000136], [-71.18800070399988, 7.985087732000181], [-71.18428856899993, 7.988378813000111], [-71.1817824769999, 7.990909879000071], [-71.18116147199993, 7.993125935000137], [-71.17893039299997, 7.995559997000043], [-71.17658728799984, 7.994988989999968], [-71.17379918099988, 7.995117012000094], [-71.17105506499996, 7.995175029], [-71.16873097399997, 7.996797075000131], [-71.16907199899993, 7.999359121000168], [-71.16970103799991, 8.000537149000138], [-71.17015205699994, 8.001949177000085], [-71.17083609799994, 8.003424197000072], [-71.17194714699997, 8.005370238000069], [-71.16998707799996, 8.006429270000126], [-71.16924205199996, 8.007113294000021], [-71.16797300399992, 8.008085312], [-71.16770700199987, 8.010410371000091], [-71.16756299899993, 8.012021397000183], [-71.16535391599996, 8.012351415000126], [-71.1638138489999, 8.012641437000127], [-71.16275781999991, 8.014756484000088], [-71.16064472299996, 8.012444444000096], [-71.15832062599986, 8.012800467000147], [-71.15574352799996, 8.014104497], [-71.15450147899998, 8.0152365350001], [-71.1534884539999, 8.01631755699998], [-71.15229440899998, 8.018435608000175], [-71.15102036299999, 8.020165649000091], [-71.14927530099999, 8.020576668000047], [-71.14712721299998, 8.020537679000142], [-71.14494311399994, 8.020017686000187], [-71.1425900289999, 8.022004730000106], [-71.14112797999991, 8.023578773000054], [-71.13961691699996, 8.023179773000038], [-71.13696679799989, 8.022510772000032], [-71.13572175199988, 8.022587785000098], [-71.13494072399993, 8.024626829000056], [-71.13427170699998, 8.026525872999969], [-71.13316166899989, 8.028319912000029], [-71.13249865499995, 8.029507939000155], [-71.13123046099997, 8.030831641000077], [-71.13103846299998, 8.031032044000028], [-71.13089959699988, 8.031176987000038], [-71.13018457799996, 8.033054025000126], [-71.13013772499988, 8.033089309], [-71.13005670799987, 8.033150321000107], [-71.12942505299992, 8.03362600500003], [-71.12905052999992, 8.033908051000083], [-71.1284535129999, 8.034978074000037], [-71.12829588399984, 8.035294075000024], [-71.12781549899995, 8.03625710800003], [-71.1266714539999, 8.03853416100003], [-71.12555341499996, 8.039090178000095], [-71.12321631999993, 8.038941192000038], [-71.12157524899993, 8.038890197000171], [-71.12084521899993, 8.03737017100002], [-71.11999016799996, 8.035532128000057], [-71.11939710999985, 8.035294075000024], [-71.11772807699987, 8.034624126000097], [-71.11733922699995, 8.035294075000024], [-71.11662003799995, 8.036533165000037], [-71.11522998899994, 8.039161228000125], [-71.11411993699994, 8.038179217000163], [-71.11195084299987, 8.037337210000032], [-71.1094727389999, 8.037054221000176], [-71.10878272699995, 8.038104248000081], [-71.11134883199998, 8.040060274000098], [-71.11146184099982, 8.040907293000089], [-71.11051981599996, 8.042032317000121], [-71.10779971599993, 8.0441193690001], [-71.10663466599993, 8.043689373000063], [-71.10474157899995, 8.042817365000019], [-71.10381654599996, 8.043689387000086], [-71.10372255399994, 8.045482427000081], [-71.1034345509999, 8.046912457000133], [-71.10333655399995, 8.04948551400014], [-71.10262453999997, 8.051523553000095], [-71.10287955899997, 8.054340612000033], [-71.10205752799993, 8.055668651000019], [-71.09974244899996, 8.057332700000131], [-71.09722434499997, 8.058221723999964], [-71.09521626399999, 8.059234756000137], [-71.09457825499999, 8.061453804000053], [-71.09502128299994, 8.06346285300009], [-71.09531329699996, 8.064993879000156], [-71.09432028199996, 8.06873696800011], [-71.09516831999986, 8.07032299000008], [-71.0948373199999, 8.071915026], [-71.09440230599989, 8.07390007500004], [-71.09320025199997, 8.07294205800008], [-71.09102714999995, 8.070081007000056], [-71.08918708199997, 8.070424031000186], [-71.08703599899997, 8.072176072000104], [-71.08446189999995, 8.072675098], [-71.08278683399993, 8.073130119000098], [-71.08153578799988, 8.074859155000183], [-71.08062775199988, 8.076465194999969], [-71.07976772399996, 8.077152211000168], [-71.0786966799999, 8.077752229000055], [-71.07684160699995, 8.078395260999969], [-71.07480252999994, 8.079088278000029], [-71.07436253299994, 8.082794362000072], [-71.07346950199985, 8.08403339400013], [-71.07042439399999, 8.087000472000113], [-71.06946535899993, 8.089342526999985], [-71.07040240599991, 8.090765550000071], [-71.06857432699991, 8.090649554000038], [-71.06706627299991, 8.091352584000163], [-71.06536221399989, 8.092473615000074], [-71.06295412399993, 8.09602170100004], [-71.06159807699993, 8.097202731000039], [-71.06066104399991, 8.098579763000089], [-71.06035804399983, 8.099390788000164], [-71.0591459929999, 8.099879804000125], [-71.05927199999985, 8.10125382700005], [-71.05789795199985, 8.101746852000076], [-71.05679889999993, 8.101199845], [-71.05632488899988, 8.101647859000138], [-71.05656789799991, 8.103087878000167], [-71.05668691999983, 8.105081923000057], [-71.05682592199997, 8.106019949000029], [-71.05583488699995, 8.106135948000144], [-71.05468083799985, 8.10616395600016], [-71.05360479099988, 8.10658096700007], [-71.05343979899993, 8.108306013000174], [-71.05250676299983, 8.109799051000095], [-71.05136072199986, 8.110194055000079], [-71.04882762099999, 8.110509081000032], [-71.0479575899999, 8.111769114000083], [-71.04666554699998, 8.11372915600009], [-71.04501149099997, 8.115974213000129], [-71.04564251699986, 8.117198242000086], [-71.04593054599997, 8.118568268000104], [-71.04589554999984, 8.119969301000083], [-71.04633457999984, 8.121840338000084], [-71.04685660499996, 8.124261379000131], [-71.04588457799997, 8.125111407000134], [-71.04482152499997, 8.125114416000088], [-71.04430250699994, 8.125586423000186], [-71.04504654899995, 8.126738448000026], [-71.04541656099991, 8.12767046600004], [-71.0445545479999, 8.131135542000038], [-71.04335550199988, 8.131210556000042], [-71.04344950799987, 8.13224157600007], [-71.04437955299989, 8.133388585000034], [-71.04567260399995, 8.134298603], [-71.0467616549999, 8.135373620000053], [-71.04747770199998, 8.13815667900019], [-71.04643666999993, 8.140890743000114], [-71.0470977199999, 8.144271805000074], [-71.04600567499989, 8.144963836000045], [-71.04531264699995, 8.145921850999969], [-71.04490763599989, 8.145905853000102], [-71.04490973799989, 8.145921266000016], [-71.04496463699991, 8.146323864000124], [-71.04414861499998, 8.147776897000028], [-71.04311057399997, 8.147880905000079], [-71.04267655699994, 8.148343925], [-71.04269556899999, 8.15003995000012], [-71.04221755099996, 8.150778972000126], [-71.04258057699991, 8.152265003000082], [-71.04293658799998, 8.15315501800012], [-71.04113552999996, 8.155376082000032], [-71.03997148199994, 8.156604105000099], [-71.03789739999985, 8.157017124000106], [-71.03698836999996, 8.158403167000131], [-71.0366423669999, 8.1606302080001], [-71.03534532099997, 8.162433258000021], [-71.03323625199994, 8.163878304000036], [-71.03059414799998, 8.165146339000103], [-71.02774603399996, 8.16660038700013], [-71.02494892499988, 8.168534445000091], [-71.02327886599983, 8.1700434870001], [-71.02191081899997, 8.171640518000174], [-71.02059277199999, 8.173673570000176], [-71.01894471899993, 8.175090611000087], [-71.01819368799988, 8.176153634000173], [-71.01831671099995, 8.179016694000097], [-71.01840171999999, 8.180482730000108], [-71.01664865099997, 8.180686748000085], [-71.01464356999998, 8.181052761000103], [-71.01391254599997, 8.181771776000176], [-71.01270150399995, 8.183000817000163], [-71.01355353999992, 8.184938854], [-71.01439958999993, 8.186327880000022], [-71.01334654599992, 8.187210901000128], [-71.01262151999998, 8.188502932], [-71.01286453999995, 8.189668949000122], [-71.01246553199996, 8.191208989000188], [-71.01261253899997, 8.192010008000125], [-71.01207352799997, 8.193414035000046], [-71.0112314999999, 8.194616065], [-71.01059547099987, 8.195632094000132], [-71.00946244599999, 8.197639142000128], [-71.00942944699995, 8.198900164000179], [-71.00997447799989, 8.200131194000107], [-71.0108395179999, 8.201107211000078], [-71.01245459399996, 8.203083239000023], [-71.01374064799995, 8.204627268000138], [-71.01559274499988, 8.207150320000153], [-71.01733483199996, 8.210201369000117], [-71.01883690499983, 8.212407411000186], [-71.02087299499988, 8.214883456000166], [-71.02269608199992, 8.216902491000155], [-71.02213506499987, 8.218467532000034], [-71.02114103699995, 8.220518580000089], [-71.0216310639999, 8.221017580000023], [-71.02346413699996, 8.221775594], [-71.0241921789999, 8.222844605000091], [-71.02509920899996, 8.223429620000104], [-71.02686129199992, 8.224028619000023], [-71.02703230499998, 8.224920645000111], [-71.02697430699999, 8.22599865900014], [-71.02623027899995, 8.227680700000121], [-71.02543325799991, 8.22874373500008], [-71.02402520899994, 8.230983789000106], [-71.0236631979999, 8.231698805000121], [-71.02384121499989, 8.23320883000008], [-71.02477826099988, 8.234389850000127], [-71.02601731899983, 8.235751877000098], [-71.02640733399994, 8.23771791900009], [-71.02725538299995, 8.239174952000099], [-71.02814442899995, 8.240310964000116], [-71.02892646899994, 8.242113000000188], [-71.0301415209999, 8.243429026000172], [-71.0300833099999, 8.243424990000051], [-71.03000781899988, 8.243419755000048], [-71.01833103399997, 8.242610069000023], [-71.01442587399998, 8.244024117000151], [-71.01114570099992, 8.247778335000078], [-71.01046861899994, 8.248553267000034], [-71.0078456419999, 8.25155531400003], [-71.00162694499988, 8.25886508200017], [-71.00102340399997, 8.259574518000079], [-70.99492818299996, 8.264894662000074], [-70.98467176899999, 8.266940755000178], [-70.97514438599995, 8.267027813000084], [-70.96926910999991, 8.261259718000076], [-70.96655493399987, 8.24938247800003], [-70.9660112919999, 8.248553268000137], [-70.96361379399997, 8.244896391000168], [-70.96018863699999, 8.242866366000158], [-70.95066525999994, 8.244925452000189], [-70.94343679899993, 8.248553268000137], [-70.94163691199998, 8.249456594000094], [-70.93579372199991, 8.258478823000075], [-70.9262773499999, 8.263495985000077], [-70.91016070099994, 8.266676127000153], [-70.90869764399991, 8.267637162000142], [-70.90675058399995, 8.271302245000072], [-70.91067879499997, 8.279749410000079], [-70.91142385299997, 8.285430533000067], [-70.90996680699993, 8.2893506260001], [-70.90777874999992, 8.294243740000127], [-70.90827979999989, 8.299674855000035], [-70.91097392099988, 8.302431900000158], [-70.90535277199984, 8.319428292000111], [-70.90685485399996, 8.323235368000155], [-70.90682588499993, 8.328554489000169], [-70.90947501199986, 8.331608538000182], [-70.90945402899996, 8.335407627000166], [-70.90943903599998, 8.338066679000065], [-70.90864004599996, 8.344901838000112], [-70.90745003299998, 8.353635022999981], [-70.90741906799991, 8.359333155], [-70.90549400399988, 8.363123244000178], [-70.90166986799994, 8.36614233500012], [-70.89935979399985, 8.370690437000064], [-70.89705171599991, 8.37485754100004], [-70.89551167399998, 8.377889616000175], [-70.89132049799991, 8.378247648000126], [-70.87873699599999, 8.38122077200012], [-70.87338879099997, 8.384232871], [-70.86992368599994, 8.391054030000134], [-70.86569154699998, 8.398630225000034], [-70.86212441899988, 8.40232231400006], [-70.85605621299999, 8.411058541000045], [-70.85148103199998, 8.41243959000019], [-70.85088755699996, 8.41419855100014], [-70.84689091999996, 8.426043915000037], [-70.84402282699989, 8.431148044], [-70.83980165699995, 8.433093109000083], [-70.83640751999997, 8.433873144000074], [-70.83366340899994, 8.435091184000157], [-70.83347641899991, 8.436238211999978], [-70.83608695499998, 8.439207581000119], [-70.83720058399996, 8.440474285000107], [-70.84265083699995, 8.445576361], [-70.84355088599995, 8.447606399000108], [-70.84594799599995, 8.449824440000043], [-70.84132282399997, 8.452693532000126], [-70.83865773699989, 8.457335647000093], [-70.83957183899986, 8.469187903000034], [-70.83870184599982, 8.477663085000131], [-70.83191162199995, 8.488358361000053], [-70.83072258899995, 8.492274445000078], [-70.83362574099993, 8.497903561999976], [-70.84314020699998, 8.512713839000128], [-70.84560633399991, 8.517897939000079], [-70.84681942599991, 8.52426006700017], [-70.84372636299997, 8.538050386000123], [-70.84153531199996, 8.544735550000098], [-70.84356442599989, 8.549475637000171], [-70.84872069299985, 8.56029485199997], [-70.84948079299994, 8.574663159000181], [-70.85052489899982, 8.58557439600014], [-70.85051823899988, 8.585573540999974], [-70.84825880299991, 8.585283399000161], [-70.8450256719999, 8.586448441000073], [-70.8409915339999, 8.590670567000188], [-70.83577133699998, 8.595134691000055], [-70.8357218249999, 8.595158875000095], [-70.83201166799995, 8.596971127000131], [-70.83000811499994, 8.597949784000036], [-70.82461489899998, 8.598046815000146], [-70.81932667799998, 8.597367824], [-70.8136614359999, 8.596639831000061], [-70.80864623299982, 8.596784871000182], [-70.80434006899986, 8.60018196100009], [-70.79825884899992, 8.605326113000103], [-70.7925476229999, 8.607752191000088], [-70.78612735799999, 8.606928204000042], [-70.78008410099994, 8.606151221000118], [-70.77652696199993, 8.60687925100018], [-70.77092173399996, 8.608529317999967], [-70.76294441099992, 8.610664412000062], [-70.7561611559999, 8.615323555000032], [-70.75045695599994, 8.620515692000026], [-70.74566075599995, 8.621874748000039], [-70.73875647699987, 8.621777781000048], [-70.7321948689999, 8.623533965000092], [-70.73077915399989, 8.623912874999974], [-70.72451313699997, 8.6309505320001], [-70.72351989299995, 8.632066091000127], [-70.71766470299997, 8.641189326000074], [-70.71541965199987, 8.649196509000149], [-70.71538771599995, 8.650682178000011], [-70.71527568799996, 8.655893667000043], [-70.71534271899998, 8.661037775000011], [-70.71411167999992, 8.664433857000176], [-70.7116405989999, 8.668461957000034], [-70.70754644599998, 8.670306023000023], [-70.70701744099995, 8.674188119000064], [-70.7103706019999, 8.677779174000136], [-70.71389077199984, 8.682972269000174], [-70.71762094199994, 8.68661133300003], [-70.72200214499998, 8.691124411000033], [-70.72671438499992, 8.698840562000157], [-70.73168460799997, 8.70184960500012], [-70.74074898399988, 8.703013578000082], [-70.74485016499995, 8.703935571999978], [-70.74852833999995, 8.707963652000046], [-70.74999341799997, 8.71131271400003], [-70.75071047699987, 8.717329843000073], [-70.75411663799997, 8.720532900000137], [-70.75584671599995, 8.721939920000011], [-70.7561146949999, 8.724548088000176], [-70.7562211849999, 8.725584497000057], [-70.75623675199995, 8.725736006000034], [-70.75403566999984, 8.727233049], [-70.75187258799991, 8.729740112000059], [-70.74900048799998, 8.732830200000137], [-70.74658639999996, 8.735639269000103], [-70.74461433699997, 8.73862734700009], [-70.7434363029999, 8.740434396000126], [-70.74134022399994, 8.742756464000024], [-70.7344739699999, 8.748215624000181], [-70.73419895899997, 8.748705629000142], [-70.73413956999997, 8.748668955000142], [-70.73384594299989, 8.748487632000149], [-70.73363593599993, 8.748769630000027], [-70.7296477889999, 8.751039712000079], [-70.72740470099995, 8.752477748000047], [-70.7253756149999, 8.75292276700003], [-70.72351253999994, 8.752170761000116], [-70.72093844299997, 8.753199798000082], [-70.71821834199989, 8.755173863000095], [-70.71568924899998, 8.757558927000105], [-70.71402519299994, 8.760505], [-70.71131909799993, 8.763375078000024], [-70.70587188699983, 8.765712158000099], [-70.70498046199998, 8.768104540000024], [-70.7037688239999, 8.771356299000047], [-70.70402783899993, 8.77154029900015], [-70.70362582499996, 8.772522330000129], [-70.70318981299994, 8.773587352000163], [-70.70054671599985, 8.774905398000158], [-70.69818061899991, 8.77612743400016], [-70.69506250799992, 8.778278502000148], [-70.69267485799992, 8.781580896000037], [-70.69263242299996, 8.781639588000075], [-70.69074935799995, 8.784349654000152], [-70.68913829999997, 8.786689717000058], [-70.6881102779999, 8.789367779000088], [-70.68685724099987, 8.792461856000045], [-70.68603921599993, 8.795251926000162], [-70.68497318899995, 8.798505004000049], [-70.68267811399994, 8.801542088000133], [-70.67990101199985, 8.80322914300018], [-70.6784889629999, 8.804946179000126], [-70.67586885499998, 8.806264226000053], [-70.67139668499988, 8.80762628400015], [-70.66599846999998, 8.810585374000027], [-70.66436541799999, 8.812994438000032], [-70.66265835999997, 8.815105494000079], [-70.6625203669999, 8.816876542000045], [-70.6639384319999, 8.818997574000036], [-70.66392044499992, 8.82101962400003], [-70.6631334199999, 8.822706667999967], [-70.66146335999991, 8.824081708000051], [-70.66144557299998, 8.82423586700014], [-70.6610703579999, 8.827487789999964], [-70.65940131399992, 8.830678859000159], [-70.65707421499997, 8.831463892000158], [-70.65551616499982, 8.83263092499999], [-70.65429312399988, 8.834575975000178], [-70.6508809899999, 8.835627023000086], [-70.64948092699996, 8.836447042000032], [-70.6480158729999, 8.837659081000027], [-70.64570879099995, 8.839915142000052], [-70.64447975199988, 8.841469190000055], [-70.64185565399993, 8.844189264000022], [-70.63978457799988, 8.845086293000122], [-70.63758548499993, 8.845088303000068], [-70.63582240899996, 8.844810312999982], [-70.63357531599996, 8.844721316], [-70.63121122199993, 8.844519329000093], [-70.62978315699996, 8.843340310000144], [-70.62811707799989, 8.841682274000107], [-70.62642599899993, 8.83993225000006], [-70.62531293799987, 8.838084215000038], [-70.62434889499986, 8.83703819200008], [-70.62212579599992, 8.836949207000089], [-70.62008971899996, 8.837041218000138], [-70.61583453199995, 8.835619205000171], [-70.61367744199993, 8.835300218000157], [-70.61214838099988, 8.83520221900011], [-70.61201938099987, 8.835939241000176], [-70.61201038799999, 8.836996255000088], [-70.61170637399988, 8.838448293000113], [-70.61098035299995, 8.839513328000066], [-70.60970230899989, 8.84088435700005], [-70.60852726799993, 8.84301241500009], [-70.60720822699994, 8.844728458000077], [-70.60661020099997, 8.845010470000148], [-70.60520214099989, 8.84525647900017], [-70.60302106599988, 8.846614527999975], [-70.60053096399992, 8.84733256000004], [-70.59761284499996, 8.847251572000118], [-70.59453070699993, 8.847034583000038], [-70.59150457999993, 8.84580457100003], [-70.58780141799997, 8.844146546000047], [-70.58528130199983, 8.842659531000038], [-70.58375424099995, 8.842722545000129], [-70.58334622999996, 8.843370560000153], [-70.58313322399988, 8.84472858700019], [-70.5821101969999, 8.846142623000105], [-70.58047612999997, 8.846850646000178], [-70.57801203299994, 8.847775691000038], [-70.57644497799993, 8.850022749000175], [-70.57617600399988, 8.85025947000014], [-70.57475191899994, 8.851512788999969], [-70.57369687499994, 8.85221380900009], [-70.57062876499992, 8.854708886000026], [-70.56898469899994, 8.85642793400018], [-70.5680246629999, 8.857334950000052], [-70.56760065499992, 8.858488980000175], [-70.56783466999991, 8.858692987999973], [-70.56892871999986, 8.859094994000031], [-70.56977075799989, 8.859704996000062], [-70.57127082899984, 8.861090022999974], [-70.57217086399999, 8.862574054000106], [-70.57234687999988, 8.863629069000126], [-70.57260990299989, 8.865924127000085], [-70.57342694999988, 8.868144164], [-70.57559104399996, 8.868992178000042], [-70.57627908099988, 8.870156195000163], [-70.57753313799998, 8.87216423700005], [-70.57796017099997, 8.87466428600004], [-70.57741416499994, 8.87701534200005], [-70.57685114799989, 8.87823937900015], [-70.5763031429999, 8.880475434000175], [-70.57676716099996, 8.882239466000101], [-70.57770322199997, 8.88471051700003], [-70.57738222599994, 8.88827660600009], [-70.57705722299988, 8.889934641000082], [-70.57724424199989, 8.891771684000105], [-70.57788328299995, 8.89449874200011], [-70.57857931799998, 8.896329775000027], [-70.57826631299992, 8.897114797000143], [-70.57782630499992, 8.900520880000158], [-70.57780830899992, 8.900911882000173], [-70.5769942849999, 8.902345925000077], [-70.57631426599994, 8.903433949000032], [-70.57562224799989, 8.905325996000158], [-70.57521523999998, 8.907744053000158], [-70.57450620999992, 8.908350066000082], [-70.57345417199991, 8.90935010000004], [-70.57252114699997, 8.910532135000096], [-70.57104608499998, 8.910986151000145], [-70.56996704799997, 8.911688176000041], [-70.56863999699993, 8.912875204000045], [-70.56773696399995, 8.914540242000157], [-70.56621792199991, 8.916925313000036], [-70.56485187399994, 8.918664357000068], [-70.56347182799988, 8.921047416000135], [-70.56331358099993, 8.921306036000033], [-70.56267880599984, 8.922343447000173], [-70.56127275499995, 8.924519505000092], [-70.56043872299995, 8.92618355000019], [-70.55887867399991, 8.927212582000095], [-70.55829269399999, 8.927478471000143], [-70.55726760899995, 8.927943605000053], [-70.5554265369999, 8.928769634000105], [-70.55460550999993, 8.929720662000136], [-70.55241242499994, 8.931951724000157], [-70.54949932099993, 8.933961788000033], [-70.54704222799995, 8.935460832000047], [-70.54783126999996, 8.937358866000068], [-70.54895631799997, 8.938334883000095], [-70.54909221199995, 8.938433448000183], [-70.55017237399994, 8.939216899000087], [-70.55219046399986, 8.941147932000035], [-70.55335953399998, 8.943684990000179], [-70.55319854999988, 8.94722606900018], [-70.55284353999997, 8.95003413500018], [-70.55263574199995, 8.950869798000099], [-70.55233053799998, 8.95209718600006], [-70.55266455899994, 8.953943216000027], [-70.55321859199995, 8.955499253000085], [-70.55336959599998, 8.95623827300011], [-70.55368757199994, 8.957796712], [-70.55371462599993, 8.957929308000132], [-70.55409863999989, 8.958936323000103], [-70.55413365799996, 8.961487389000126], [-70.55439440999999, 8.962600686000144], [-70.55460069299988, 8.963481421999973], [-70.55537073399984, 8.965655471000048], [-70.55511373899998, 8.96719850500017], [-70.55416870399995, 8.969208558000105], [-70.55401970199995, 8.969211562000169], [-70.55373269699993, 8.971295614000155], [-70.54842650699999, 8.976232753000147], [-70.54732947699983, 8.980043843000033], [-70.54734250499985, 8.983699922000085], [-70.54685750599992, 8.988098027000092], [-70.54675251599997, 8.991641104000053], [-70.5436464369999, 8.999116301000129], [-70.54383244699994, 9.000292323999986], [-70.54497050799995, 9.002382362999981], [-70.54620256499993, 9.003355376000115], [-70.54775963299988, 9.004342387000179], [-70.5498379849999, 9.005528457000082], [-70.54990272699985, 9.005565404000038], [-70.55333888299992, 9.007460433000062], [-70.55503094999995, 9.008328446], [-70.55679902899988, 9.008621443000038], [-70.5586361089999, 9.008911436000119], [-70.56063219399994, 9.009082430000035], [-70.56225226699996, 9.009837441000116], [-70.56397233899992, 9.010865450000153], [-70.56531340099997, 9.011583462000033], [-70.56710647899996, 9.011943460000168], [-70.56887754499996, 9.011547446000066], [-70.57098763599993, 9.0108884120001], [-70.57385275099995, 9.010712389], [-70.57468878999993, 9.010779386000138], [-70.57684815199997, 9.011017010999979], [-70.57698787999993, 9.011032387], [-70.57854196099998, 9.012708410000073], [-70.57887797699988, 9.01389144400008], [-70.5795910189999, 9.016073487000028], [-70.57989203299996, 9.017625517], [-70.58052007099997, 9.019305553000095], [-70.58070708799988, 9.020929588000115], [-70.58051709599988, 9.022334621000084], [-70.58067710299997, 9.023821660000124], [-70.58179517499997, 9.02716273100009], [-70.58195188699995, 9.027337980000084], [-70.58201317899994, 9.027417730000138], [-70.58303422699998, 9.027208724000047], [-70.58387225099995, 9.027044715000102], [-70.58556832199986, 9.02700169700006], [-70.58876444999999, 9.02565365800018], [-70.59158956499988, 9.024189602000035], [-70.59341962099995, 9.022425557000133], [-70.59571271599998, 9.020684498000094], [-70.59814479699992, 9.018944443000066], [-70.60004386699995, 9.01718039800005], [-70.60161893399999, 9.016104361000089], [-70.60497506799993, 9.016041349000034], [-70.60830920299992, 9.015289314000086], [-70.61074029299982, 9.014076264999971], [-70.61129631299997, 9.013572257000021], [-70.6134034029999, 9.01359824900004], [-70.61641252999993, 9.013534221999976], [-70.61865862499997, 9.012872196000103], [-70.61970164699994, 9.011084150000102], [-70.62072167299993, 9.007873075000077], [-70.62227373599984, 9.006200027000034], [-70.62523684799987, 9.005859998000062], [-70.62808496399998, 9.004487956000048], [-70.62924400299994, 9.002240899000014], [-70.63040203999992, 9.000475853000182], [-70.63218609399985, 8.998366794000049], [-70.63507922499997, 8.998416787000167], [-70.63744031199991, 8.997984762000044], [-70.64007942199987, 8.998538761000134], [-70.64008192499989, 8.998537637000027], [-70.64084345399993, 8.998195742000064], [-70.64148447099996, 8.996925715999964], [-70.64123145599996, 8.995319680000136], [-70.64087643099998, 8.993094627000175], [-70.64295649999997, 8.991116579000106], [-70.64622963699998, 8.990067529000157], [-70.64992278199992, 8.989196495000044], [-70.65192185399997, 8.986323416000062], [-70.65537498399993, 8.98488136400016], [-70.65791609099995, 8.984438340000054], [-70.65958415099988, 8.982809294000106], [-70.66339130399984, 8.981777245999979], [-70.66449334099997, 8.98112022800018], [-70.66508435399993, 8.978677171000072], [-70.6670094299999, 8.977207126000053], [-70.66946052199984, 8.976925103000042], [-70.67189761899994, 8.975656061000052], [-70.6731829819999, 8.974277783000048], [-70.67319767099997, 8.97426203200007], [-70.67338168399993, 8.975822056000027], [-70.67502876999993, 8.979411135000078], [-70.67674785299988, 8.981413168000074], [-70.6793339649999, 8.982531186000188], [-70.68277413999988, 8.988488301000075], [-70.68444917499994, 8.991070477], [-70.68514125699988, 8.992137366000122], [-70.68717736499997, 8.99530742600001], [-70.68921145199988, 8.996708450000142], [-70.69299260899999, 8.997169436999968], [-70.69670177099994, 8.997424417000104], [-70.70456709599995, 8.997496378000108], [-70.71127142599994, 9.007633579000185], [-70.71049139599995, 9.008180585000161], [-70.70863833899995, 9.012102695000124], [-70.70583624099999, 9.014255749000085], [-70.70610781699997, 9.014808598000116], [-70.70717830799998, 9.016987804999985], [-70.70923740899991, 9.018940844000042], [-70.71113549799998, 9.021512889000121], [-70.71298658599989, 9.023121920000108], [-70.71479166399996, 9.024959948000173], [-70.7158797159999, 9.025098948000107], [-70.71784679599995, 9.025812947000134], [-70.71916585299994, 9.02682396500012], [-70.72027691799997, 9.029120013000181], [-70.7206995009999, 9.0297696290001], [-70.72145696999996, 9.030934050000099], [-70.7227990429999, 9.032656075000034], [-70.72326106999992, 9.033575097000039], [-70.72353908399992, 9.035021125000128], [-70.72356208999997, 9.035938151000153], [-70.72381610899993, 9.03731618400002], [-70.72488114999987, 9.03756918], [-70.72626823699989, 9.042619285000171], [-70.72673416699996, 9.045075342000075], [-70.72700829799993, 9.046520366999971], [-70.72902039799988, 9.051502473000085], [-70.73003846299991, 9.055083550000177], [-70.73018650299997, 9.056005527000025], [-70.73020047799997, 9.056092563999982], [-70.73182054799992, 9.056324567000104], [-70.73364962099998, 9.05648755599998], [-70.73594171499985, 9.055434526999989], [-70.73793279499984, 9.05500050500018], [-70.73920584299992, 9.05474949500018], [-70.74031688699984, 9.055301492000126], [-70.74205297099996, 9.056680521999965], [-70.74355804099997, 9.057347518000086], [-70.74499309999993, 9.057395521000103], [-70.74642915299984, 9.057419507000134], [-70.74788721399995, 9.057627505000085], [-70.74899826499995, 9.057422496000072], [-70.74992428699994, 9.055840459000024], [-70.7505963079999, 9.054189411000038], [-70.75154633599993, 9.052561373000117], [-70.75286539699982, 9.052241362000018], [-70.75441646299998, 9.052128351000022], [-70.75615252499995, 9.051464317000125], [-70.75837561899993, 9.050733290000153], [-70.75946365399989, 9.049839270000064], [-70.76055169199992, 9.04954224900007], [-70.76166274299993, 9.049360240000055], [-70.76335280499995, 9.048994227000037], [-70.76395483299996, 9.049706235000144], [-70.76427885499993, 9.05025724300009], [-70.76532090099994, 9.05163527200017], [-70.76731099499983, 9.052670292000187], [-70.76888506699993, 9.053429300000118], [-70.77094515199997, 9.053592288000061], [-70.77379326399989, 9.053755272000046], [-70.77504332799992, 9.054445281000028], [-70.77622337999998, 9.056075318000183], [-70.77876950699994, 9.05892336100004], [-70.77959227999992, 9.060500184000034], [-70.78115362299997, 9.06349245600012], [-70.78189031199997, 9.065919420000057], [-70.78200062699995, 9.06628284499999], [-70.78302773799993, 9.06966658500005], [-70.78457883299996, 9.074669696000171], [-70.78430082499995, 9.07641373500013], [-70.78314278599998, 9.077788773000066], [-70.78404583299988, 9.078661780000061], [-70.78599090599988, 9.077286739000101], [-70.78772795299989, 9.07311263300005], [-70.789093, 9.072265616000038], [-70.79587283899997, 9.07615737400016], [-70.79593430599988, 9.07619265700015], [-70.80073568499995, 9.079953447000094], [-70.80080752999999, 9.080009721000124], [-70.80130633699991, 9.079250110000089], [-70.80235858399993, 9.077647662], [-70.80345361699995, 9.07625462700014], [-70.80375362799992, 9.075964611000131], [-70.80402064599997, 9.075642607000134], [-70.80557669699994, 9.074507573000176], [-70.80742876799997, 9.074233560000152], [-70.80916484999983, 9.07506156800008], [-70.81411907199993, 9.077796595000166], [-70.81740721799997, 9.079290618000073], [-70.81856426299993, 9.079911627], [-70.82224543499996, 9.082461656000078], [-70.82435252499994, 9.084620702], [-70.82581351399995, 9.085702572000173], [-70.82649689899984, 9.086208623000061], [-70.8275476799999, 9.086986732000014], [-70.82965376899989, 9.087837738000076], [-70.83183085299999, 9.087563723000073], [-70.83497898999997, 9.087888711000119], [-70.83701607199987, 9.0877296970001], [-70.83956317899992, 9.088259692000179], [-70.84111425299994, 9.089476715999979], [-70.84261930799994, 9.08966171500009], [-70.84457939199996, 9.089069683000162], [-70.84461038799992, 9.089227692000179], [-70.84508441599996, 9.089836703], [-70.84636348399994, 9.091776738000021], [-70.84650348499997, 9.091658733000145], [-70.84743452499998, 9.09285476000008], [-70.8479120479999, 9.094105401999968], [-70.84873159899996, 9.096251822000113], [-70.84988966299994, 9.099258887000133], [-70.85005168499993, 9.101575942000125], [-70.85123274899996, 9.10442199500011], [-70.85320084699998, 9.107567057000097], [-70.85630501599996, 9.113994181000066], [-70.85806511299995, 9.118721288000131], [-70.85892216999997, 9.121613343000035], [-70.85929219199994, 9.124045397000032], [-70.8600969279999, 9.125849157000061], [-70.86026525299997, 9.126226444999986], [-70.8613303009999, 9.127879470000096], [-70.86209534399995, 9.130724532000102], [-70.86336940999996, 9.132629565000059], [-70.86401744399996, 9.134190603000093], [-70.86420346599988, 9.13547563100019], [-70.86499011499996, 9.13630387700016], [-70.86533751399992, 9.136669646000144], [-70.86614856199998, 9.138230684000177], [-70.86723660599995, 9.138919689000033], [-70.86691260999993, 9.140938738000045], [-70.86675160699986, 9.143232794000141], [-70.86772365999997, 9.144839820000072], [-70.86862670699992, 9.14571183400011], [-70.86811768599989, 9.147064873000033], [-70.86712266299992, 9.14869391600007], [-70.86733167699998, 9.150505948000102], [-70.86800270799989, 9.151515977000088], [-70.87105983599997, 9.151724960000081], [-70.87415295499994, 9.15150080300009], [-70.8745099809999, 9.151474930000177], [-70.8781221189999, 9.150513894000028], [-70.88009020099992, 9.150630882000144], [-70.88124825299991, 9.15152589500019], [-70.88374836499992, 9.151940889000059], [-70.88504542799996, 9.153157915000065], [-70.88622647799997, 9.153640924000115], [-70.8881945579999, 9.15343490500004], [-70.88986162299983, 9.153872904000139], [-70.89046465599989, 9.154469911000092], [-70.89095067899996, 9.155777937000096], [-70.8909746949999, 9.157497982000052], [-70.89157672699997, 9.159036009000033], [-70.89266578099995, 9.160482044000048], [-70.89287380099984, 9.162295082000128], [-70.89255609599991, 9.163194574000158], [-70.89238778099985, 9.163671109000063], [-70.89125374199989, 9.16394612400012], [-70.89055972199992, 9.165092150000135], [-70.89141676499997, 9.167502207000098], [-70.8923208139999, 9.16998025900017], [-70.89382589399992, 9.172551301000112], [-70.89528596299994, 9.174433344000136], [-70.89690704799995, 9.17640737500011], [-70.89739407399992, 9.177348392000056], [-70.89776408899996, 9.178496423000126], [-70.89773279099995, 9.178570431000026], [-70.8964450549999, 9.18161550000002], [-70.89649481699996, 9.181715311000175], [-70.89730309899994, 9.183336533000045], [-70.89778912399998, 9.184989562000112], [-70.89788835199994, 9.185549774000094], [-70.89811415899999, 9.186824606000073], [-70.89830017199995, 9.188683644000037], [-70.89824816499998, 9.188938656000175], [-70.89738015199993, 9.19129070800011], [-70.8982181909999, 9.193631763999974], [-70.89853920099989, 9.192820738000023], [-70.90281019399998, 9.189347639000175], [-70.93703812999996, 9.161514067999974], [-70.94975568599989, 9.151172369000108], [-70.95985669399988, 9.142958401999977], [-70.98822483399988, 9.119889909999984], [-70.99990398199998, 9.110392624000042], [-71.00016486699997, 9.110180476999972], [-71.0295640029999, 9.086273601000073], [-71.02979801899994, 9.08651159600015], [-71.03139408599998, 9.087271609000084], [-71.03221113099994, 9.08906664500006], [-71.03264816299992, 9.090572673000167], [-71.03288118099994, 9.092199711000148], [-71.03325219899989, 9.093017734000057], [-71.03373321999999, 9.094408761000125], [-71.03422724799992, 9.095475776000058], [-71.03504529399993, 9.096534796000071], [-71.03601033199993, 9.097841826000035], [-71.03735940199994, 9.098862835999967], [-71.03759707199987, 9.09881250899997], [-71.03899346999992, 9.098516819000054], [-71.03932847699997, 9.098898833000021], [-71.03991550699993, 9.099158832000114], [-71.04033752399994, 9.099330828000177], [-71.04146658299993, 9.10074886100017], [-71.0422606109999, 9.101761880000026], [-71.04404369899999, 9.102562890000058], [-71.04542475299996, 9.103076891000057], [-71.04675481599998, 9.103429892], [-71.0469002989999, 9.10353888200018], [-71.0469462829999, 9.103573331000064], [-71.04829388599995, 9.104582906000019], [-71.05051497799997, 9.105325911000136], [-71.05218104699998, 9.10525589600013], [-71.05378610999998, 9.105509894000022], [-71.05598120899998, 9.106161904000146], [-71.0569142409999, 9.106387903000098], [-71.0577622859999, 9.106870901999969], [-71.05869632799983, 9.107925923000153], [-71.06083542299996, 9.10901594100011], [-71.06184346599997, 9.109447936000038], [-71.06354054399998, 9.109698942000023], [-71.06512260699998, 9.1099539330001], [-71.06706868499987, 9.110749941000051], [-71.06825074199998, 9.111590959000182], [-71.06972581399998, 9.112952974000166], [-71.07162089299993, 9.114394996000101], [-71.07262294299989, 9.115402018000111], [-71.07371899399988, 9.11645303], [-71.07443802399996, 9.117284047000112], [-71.07566708799988, 9.11812406000007], [-71.07640312599995, 9.119529087000103], [-71.07642712499995, 9.12035710500004], [-71.07681214599995, 9.121635130000186], [-71.07746818299995, 9.122698147999984], [-71.07806821299994, 9.123417168000174], [-71.07870223799989, 9.12372116900002], [-71.07910325399996, 9.123963170000025], [-71.0793602739999, 9.124830186], [-71.07944027999997, 9.12597821800017], [-71.07951229499997, 9.127656247000175], [-71.07958031599998, 9.129955304000077], [-71.07927930699998, 9.131528339000113], [-71.07924831999998, 9.13286437000005], [-71.07938132899994, 9.13421839800003], [-71.08002336199996, 9.134798412], [-71.08049237799997, 9.135797432000118], [-71.08103341199995, 9.136863454000036], [-71.0811334259999, 9.137896473000126], [-71.08161644199998, 9.138572486000044], [-71.08218647399997, 9.13984550900011], [-71.0829625159999, 9.14106554100016], [-71.08331353799997, 9.141953558000182], [-71.08395056699993, 9.142349558999967], [-71.08485860499991, 9.143313574000103], [-71.08605466599994, 9.144636602000105], [-71.08741972199982, 9.145380605000128], [-71.08835176499991, 9.146343626000146], [-71.08848777399999, 9.147053638000102], [-71.08866478599998, 9.148336667000137], [-71.08938482099995, 9.149190684000189], [-71.09049486799995, 9.149136672000111], [-71.0916909199999, 9.148849666], [-71.09302897699996, 9.149478668000029], [-71.09404702599988, 9.150232677000133], [-71.09456004499998, 9.15116069800007], [-71.09485606399994, 9.151750706000087], [-71.09601610999994, 9.1518337010001], [-71.09689015399994, 9.151624697000045], [-71.09829020699988, 9.151216682000097], [-71.10003028099999, 9.151328669000065], [-71.10135032699992, 9.151551674000132], [-71.10178784699991, 9.151660176], [-71.10222351999988, 9.151768216999983], [-71.10222536699996, 9.151768675000028], [-71.10467046799994, 9.152393674000166], [-71.10743058599996, 9.152545661000033], [-71.1084016229999, 9.152471653000134], [-71.10928165999991, 9.15171063300005], [-71.11059570799983, 9.151511617999972], [-71.11126674899992, 9.152252633000103], [-71.11207578299991, 9.15301164500005], [-71.11242278999993, 9.152978639000139], [-71.11365684799989, 9.15243762600005], [-71.1145018759999, 9.152804630000048], [-71.11545991899993, 9.153122630000041], [-71.1168719769999, 9.153105617000165], [-71.11826503299989, 9.153204611000035], [-71.11973509299992, 9.152817597000137], [-71.12126515299997, 9.152060570000117], [-71.1221781889999, 9.152425575000052], [-71.12275521799995, 9.153122589000134], [-71.12348624899988, 9.153585592000184], [-71.12433729699995, 9.154182597000101], [-71.12519832399994, 9.154295595000065], [-71.12665238999983, 9.15492160500014], [-71.12700640599991, 9.15438259500013], [-71.12746241499997, 9.153357566000125], [-71.12844745699994, 9.153766573000155], [-71.12925549199991, 9.153674556000055], [-71.12999051599996, 9.153469549000079], [-71.13058153999992, 9.153107539000132], [-71.13154658199994, 9.152826530000084], [-71.13191859499989, 9.152102513000102], [-71.13171457899989, 9.151464493999981], [-71.13221810199991, 9.15126598500018], [-71.13266721799994, 9.151088927000103], [-71.1327216229999, 9.151067478000186], [-71.13369165999995, 9.151753492000125], [-71.13435169499996, 9.152931522000074], [-71.13501272999986, 9.15337251800014], [-71.13546974899992, 9.15315251800007], [-71.13550273899989, 9.152714510000067], [-71.13573174699991, 9.151856479], [-71.13595175799992, 9.151459480000142], [-71.13661477599999, 9.151164459000142], [-71.13709180699993, 9.151633471000025], [-71.13758083199997, 9.152517490000093], [-71.13814285599994, 9.153490505000036], [-71.13851287499989, 9.153503511000054], [-71.13873688399997, 9.15324349600013], [-71.13861887199988, 9.152372481999976], [-71.13857986899995, 9.151821472000051], [-71.13923989499995, 9.151457451000056], [-71.13972191299996, 9.15130544599998], [-71.1404579419999, 9.151123440000049], [-71.14156597799985, 9.151000427000042], [-71.1420960079999, 9.150939429000175], [-71.14288503599983, 9.150180408000153], [-71.14370006899992, 9.149559388000114], [-71.1441880829999, 9.149637384000187], [-71.14467410399988, 9.150405397000043], [-71.14525813399996, 9.151355425000133], [-71.14600717399998, 9.151610420000168], [-71.14670619899988, 9.150992404000021], [-71.14764922899991, 9.149998379000124], [-71.14783623699986, 9.150039376000052], [-71.14827526299996, 9.150786387000096], [-71.14878428399999, 9.151577401], [-71.14963832499984, 9.152243419000058], [-71.1508433869999, 9.153842449000024], [-71.15231244999995, 9.154974462000155], [-71.15349249599996, 9.155722474000072], [-71.15354549499989, 9.155169453000042], [-71.15349549199993, 9.154250441000045], [-71.15394350899999, 9.153754428000127], [-71.15458253299994, 9.153436419000172], [-71.15538455999985, 9.153137401000151], [-71.15566657999989, 9.15407342800006], [-71.15673662599988, 9.155009440000015], [-71.1572466479999, 9.155040431000032], [-71.15796068599991, 9.155687446000172], [-71.15822570199998, 9.15680747500005], [-71.15849771499995, 9.157397484000114], [-71.15855772499992, 9.158638510000117], [-71.15921775999993, 9.159816528000079], [-71.16022079499987, 9.159281512], [-71.16074981499986, 9.15839249700008], [-71.16084181199983, 9.157584476000125], [-71.16108381799995, 9.157140459000061], [-71.1617488469999, 9.156937451000147], [-71.16213586799995, 9.158283484000037], [-71.16165084999989, 9.15907950500008], [-71.16125384799989, 9.159758514000032], [-71.16103483099988, 9.160201525000048], [-71.1604338169999, 9.161001555000155], [-71.16146685899986, 9.161477552000179], [-71.1628309169999, 9.161415545000125], [-71.16363595199994, 9.16199156100015], [-71.16482400599989, 9.163015575000145], [-71.16528502199992, 9.162956565000059], [-71.16606605499999, 9.161967542000014], [-71.16695008899995, 9.161321522000037], [-71.16842015399999, 9.161693525000032], [-71.16895417399996, 9.162529533999987], [-71.16862416299989, 9.163091555000051], [-71.1681811489999, 9.16379457000005], [-71.16858817299993, 9.164242580000177], [-71.1688111069999, 9.164167110000108], [-71.16955120299997, 9.1639165630001], [-71.17017323099998, 9.163024544000109], [-71.17080425199998, 9.163213544000087], [-71.17083817399993, 9.163381583000046], [-71.17102126799989, 9.164288566000039], [-71.17101327699987, 9.164802575000067], [-71.17100527399992, 9.165301590000013], [-71.17088127899996, 9.166593620000185], [-71.17059926799988, 9.167222631000072], [-71.1702922579999, 9.167829648000122], [-71.17051826999995, 9.168421667000189], [-71.17083928899996, 9.169079669999974], [-71.17130431899989, 9.1699406890001], [-71.17132732399983, 9.170699706000107], [-71.17116132199993, 9.171371725000029], [-71.17125732199997, 9.171483734000105], [-71.17186434899986, 9.171650726999985], [-71.17200336199988, 9.17242874600015], [-71.17209036499997, 9.173001763000059], [-71.1724533869999, 9.173520772000074], [-71.17295939899998, 9.17341376200011], [-71.1740354449999, 9.17299174700014], [-71.1747194699999, 9.17340975500008], [-71.17493448599993, 9.174438777000091], [-71.17627654899997, 9.174377763000052], [-71.17708657199995, 9.174377758000105], [-71.17732759299997, 9.175474787000041], [-71.17739359499996, 9.176140798000176], [-71.17727560399993, 9.176833819000024], [-71.17748061499992, 9.177495832000034], [-71.17826664699999, 9.178231844000152], [-71.17853565599995, 9.17870784500019], [-71.17900867799989, 9.17906286100009], [-71.17956970399996, 9.179230859000143], [-71.18056975099984, 9.179385858999979], [-71.18119677399994, 9.179436846000044], [-71.18185480099993, 9.178957836], [-71.1825318189999, 9.178386826], [-71.18269383199998, 9.179140839000127], [-71.18251582399989, 9.179398844000104], [-71.18217481799996, 9.180375862000119], [-71.18198181799994, 9.180909880000058], [-71.18233382799997, 9.181060887], [-71.18306886399995, 9.180855868000037], [-71.18417789999995, 9.179995845000178], [-71.18507393999994, 9.179763840000078], [-71.18560696199995, 9.179770838000138], [-71.18590797299998, 9.180544848000068], [-71.18601498399988, 9.181024858000171], [-71.18658100199991, 9.181376870000122], [-71.18708603599987, 9.182006882000053], [-71.18682602099994, 9.182611888], [-71.18644100799997, 9.182899894000059], [-71.18592299599999, 9.183397919000129], [-71.18605200199994, 9.183830924000176], [-71.18672902399999, 9.184018918000106], [-71.18770806999999, 9.184243924000043], [-71.18835510099996, 9.18417891700011], [-71.18913712699992, 9.18323688800001], [-71.18950113799986, 9.182995887000061], [-71.18998416199992, 9.182889882000097], [-71.19018616799997, 9.183459895000112], [-71.19001616699984, 9.183970901000123], [-71.18977915299996, 9.184575919000054], [-71.19046418199997, 9.185038921], [-71.19126521499999, 9.184716915000024], [-71.19192624599998, 9.184352906000186], [-71.19237726099988, 9.184731903], [-71.19294928699998, 9.185266922000153], [-71.19338130999989, 9.185760921000053], [-71.19401833999996, 9.186179934], [-71.19457336899995, 9.186140931000068], [-71.19514238599999, 9.185802914000078], [-71.19538138799993, 9.185266909000063], [-71.19598641099998, 9.184581879], [-71.1965254299999, 9.184796883000047], [-71.19654744199994, 9.185555900000054], [-71.19635143699998, 9.185974918000113], [-71.19674545499998, 9.186768935000146], [-71.19718947899997, 9.186894931000097], [-71.19770650299995, 9.187155935000021], [-71.19846053399988, 9.187594944000011], [-71.19876754799998, 9.187769945000014], [-71.19966858399994, 9.18847995200008], [-71.2001976119999, 9.189131959000122], [-71.20082963899995, 9.189366958999983], [-71.20160966999993, 9.189114958], [-71.20190268499994, 9.18963596600014], [-71.20224870299995, 9.190361977000066], [-71.20285173699995, 9.191172998000127], [-71.2032827509999, 9.190884991000189], [-71.20389976799999, 9.190590976000124], [-71.20429478699998, 9.190648977000023], [-71.20468680599998, 9.191350993000015], [-71.20510583099991, 9.191430989000082], [-71.20539183399995, 9.190133956000125], [-71.20612885699995, 9.189997950000077], [-71.20676888699995, 9.189725941000063], [-71.20778392699992, 9.189604927000175], [-71.20859795899997, 9.189696923000099], [-71.20923599399998, 9.190138937000086], [-71.20997501999994, 9.190853947000107], [-71.21052305199999, 9.191367953], [-71.21123808399989, 9.19203696400001], [-71.21167810299988, 9.192829988000085], [-71.21251014799998, 9.193541994000043], [-71.21291216199995, 9.194612014000086], [-71.21356619999989, 9.195583029999966], [-71.21411022199987, 9.195935042000144], [-71.21491024999989, 9.195590023000136], [-71.21527692299986, 9.19561501100003], [-71.21562928699996, 9.19563902300007], [-71.21627830499995, 9.195643016000133], [-71.21690233599998, 9.19560201500002], [-71.21754235799989, 9.196113028000127]]]}}]}