{
  "type": "FeatureCollection",
  "features": [
    {
      "type": "Feature",
      "properties": {
        "Pais": "Venezuela",
        "Estado": "Yaracuy",
        "Municipio": "Arístides Bastidas"
      },
      "geometry": {
        "type": "Polygon",
        "coordinates": [
          [
            [
              -68.88251,
              10.32395
            ],
            [
              -68.885483,
              10.328404
            ],
            [
              -68.886736,
              10.326857
            ],
            [
              -68.888894,
              10.325348
            ],
            [
              -68.891126,
              10.323496
            ],
            [
              -68.893892,
              10.321697
            ],
            [
              -68.894414,
              10.31904100000014
            ],
            [
              -68.896631,
              10.316569
            ],
            [
              -68.897586,
              10.312749
            ],
            [
              -68.898742,
              10.311411
            ],
            [
              -68.899911,
              10.309086
            ],
            [
              -68.900608,
              10.307328
            ],
            [
              -68.901235,
              10.305546
            ],
            [
              -68.902122,
              10.303401000000179
            ],
            [
              -68.90294399999988,
              10.300934000000154
            ],
            [
              -68.903247,
              10.299033
            ],
            [
              -68.903898,
              10.297229000000186
            ],
            [
              -68.90436099999988,
              10.295514
            ],
            [
              -68.90606499999984,
              10.293127
            ],
            [
              -68.90769199999988,
              10.291313000000116
            ],
            [
              -68.908782,
              10.289675000000102
            ],
            [
              -68.911334,
              10.286700000000167
            ],
            [
              -68.911218,
              10.285822000000167
            ],
            [
              -68.909792,
              10.283878
            ],
            [
              -68.909344,
              10.282524000000137
            ],
            [
              -68.908961,
              10.280275
            ],
            [
              -68.908167,
              10.279361
            ],
            [
              -68.90739699999989,
              10.27867700000013
            ],
            [
              -68.906717,
              10.27732500000019
            ],
            [
              -68.905925,
              10.276894
            ],
            [
              -68.90494899999987,
              10.277014
            ],
            [
              -68.903578,
              10.276861000000167
            ],
            [
              -68.901667,
              10.275816
            ],
            [
              -68.90003699999988,
              10.27509
            ],
            [
              -68.89931399999983,
              10.274428000000114
            ],
            [
              -68.898681,
              10.273283
            ],
            [
              -68.8981179999999,
              10.272115
            ],
            [
              -68.897413,
              10.270465000000115
            ],
            [
              -68.896918,
              10.268952000000183
            ],
            [
              -68.896587,
              10.267645
            ],
            [
              -68.896002,
              10.26673
            ],
            [
              -68.894631,
              10.266944000000137
            ],
            [
              -68.89286499999986,
              10.267046
            ],
            [
              -68.892366,
              10.264729
            ],
            [
              -68.892338,
              10.26353500000016
            ],
            [
              -68.892357,
              10.262639
            ],
            [
              -68.892399,
              10.261812
            ],
            [
              -68.892045,
              10.260482000000138
            ],
            [
              -68.890505,
              10.259181000000126
            ],
            [
              -68.889201,
              10.25866
            ],
            [
              -68.88882599999988,
              10.257928
            ],
            [
              -68.888403,
              10.256896
            ],
            [
              -68.888254,
              10.254692
            ],
            [
              -68.887271,
              10.253205
            ],
            [
              -68.88657099999983,
              10.25247400000012
            ],
            [
              -68.88582299999985,
              10.25172
            ],
            [
              -68.88553899999988,
              10.250482
            ],
            [
              -68.885415,
              10.248851
            ],
            [
              -68.885568,
              10.246646
            ],
            [
              -68.8852839999999,
              10.245476
            ],
            [
              -68.88441599999987,
              10.24371200000013
            ],
            [
              -68.883599,
              10.242982
            ],
            [
              -68.88225099999988,
              10.242806
            ],
            [
              -68.880923,
              10.241963000000169
            ],
            [
              -68.88024599999989,
              10.241370000000131
            ],
            [
              -68.879128,
              10.240687
            ],
            [
              -68.876818,
              10.238725000000102
            ],
            [
              -68.876253,
              10.237098000000174
            ],
            [
              -68.875712,
              10.23586
            ],
            [
              -68.8748,
              10.234555
            ],
            [
              -68.874471,
              10.233799
            ],
            [
              -68.873604,
              10.232104000000106
            ],
            [
              -68.87325099999987,
              10.231188
            ],
            [
              -68.87250299999988,
              10.230135000000132
            ],
            [
              -68.870193,
              10.227874
            ],
            [
              -68.870146,
              10.227875000000154
            ],
            [
              -68.868401,
              10.227379000000155
            ],
            [
              -68.868049,
              10.226591000000155
            ],
            [
              -68.867979,
              10.226578000000131
            ],
            [
              -68.86758,
              10.22559200000012
            ],
            [
              -68.867831,
              10.224557
            ],
            [
              -68.8680829999999,
              10.223890000000154
            ],
            [
              -68.866939,
              10.222564
            ],
            [
              -68.865262,
              10.221609
            ],
            [
              -68.864445,
              10.220741
            ],
            [
              -68.863605,
              10.220010000000116
            ],
            [
              -68.862487,
              10.219488
            ],
            [
              -68.86146099999985,
              10.218644
            ],
            [
              -68.86054999999988,
              10.217547
            ],
            [
              -68.859572,
              10.217116
            ],
            [
              -68.85842999999988,
              10.216227
            ],
            [
              -68.85694,
              10.215592000000129
            ],
            [
              -68.855657,
              10.214749
            ],
            [
              -68.854493,
              10.214044000000115
            ],
            [
              -68.853771,
              10.213795000000118
            ],
            [
              -68.85265,
              10.212354
            ],
            [
              -68.851373,
              10.212568
            ],
            [
              -68.850281,
              10.212574000000188
            ],
            [
              -68.8487229999999,
              10.21237600000012
            ],
            [
              -68.84739499999989,
              10.211511000000144
            ],
            [
              -68.84525699999989,
              10.211385
            ],
            [
              -68.8444669999999,
              10.211435
            ],
            [
              -68.843905,
              10.210382000000152
            ],
            [
              -68.843159,
              10.209904
            ],
            [
              -68.841576,
              10.2092
            ],
            [
              -68.84053,
              10.209068000000173
            ],
            [
              -68.84053,
              10.208931000000177
            ],
            [
              -68.839042,
              10.208870000000104
            ],
            [
              -68.83759599999985,
              10.207454
            ],
            [
              -68.836202,
              10.207462000000135
            ],
            [
              -68.834644,
              10.20733300000012
            ],
            [
              -68.833735,
              10.20667200000014
            ],
            [
              -68.833149,
              10.205503
            ],
            [
              -68.83245,
              10.205278
            ],
            [
              -68.831077,
              10.204688000000147
            ],
            [
              -68.829262,
              10.204009
            ],
            [
              -68.828701,
              10.203346000000124
            ],
            [
              -68.82839599999988,
              10.202498000000105
            ],
            [
              -68.827741,
              10.201583
            ],
            [
              -68.826923,
              10.200462
            ],
            [
              -68.82605499999988,
              10.198445000000163
            ],
            [
              -68.825027,
              10.197234000000151
            ],
            [
              -68.8240239999999,
              10.196297
            ],
            [
              -68.823232,
              10.195773
            ],
            [
              -68.8226939999999,
              10.194881000000123
            ],
            [
              -68.820713,
              10.193628
            ],
            [
              -68.81948099999988,
              10.193291
            ],
            [
              -68.81943399999989,
              10.193314000000157
            ],
            [
              -68.818248,
              10.192953000000102
            ],
            [
              -68.81694299999987,
              10.192110000000184
            ],
            [
              -68.81630899999988,
              10.190644
            ],
            [
              -68.815278,
              10.18860500000011
            ],
            [
              -68.813929,
              10.18813
            ],
            [
              -68.813089,
              10.187285
            ],
            [
              -68.811505,
              10.18653600000016
            ],
            [
              -68.809298,
              10.186593
            ],
            [
              -68.8071139999999,
              10.18653600000016
            ],
            [
              -68.805764,
              10.185993000000167
            ],
            [
              -68.80448899999988,
              10.186620000000175
            ],
            [
              -68.803677,
              10.186854000000153
            ],
            [
              -68.802628,
              10.186148000000173
            ],
            [
              -68.802205,
              10.185024000000112
            ],
            [
              -68.800642,
              10.183448
            ],
            [
              -68.799616,
              10.182489000000146
            ],
            [
              -68.799127,
              10.182193000000154
            ],
            [
              -68.79766399999988,
              10.182362000000126
            ],
            [
              -68.796965,
              10.182021000000134
            ],
            [
              -68.79664899999983,
              10.181949
            ],
            [
              -68.79603,
              10.182535
            ],
            [
              -68.795532,
              10.183346
            ],
            [
              -68.7955429999999,
              10.184058000000107
            ],
            [
              -68.795602,
              10.184791000000189
            ],
            [
              -68.795606,
              10.185043
            ],
            [
              -68.794771,
              10.185194000000138
            ],
            [
              -68.794047,
              10.184953
            ],
            [
              -68.793144,
              10.185174
            ],
            [
              -68.79188,
              10.186089
            ],
            [
              -68.791803,
              10.187077000000158
            ],
            [
              -68.791816,
              10.18788000000012
            ],
            [
              -68.792,
              10.189208
            ],
            [
              -68.792317,
              10.190121
            ],
            [
              -68.792334,
              10.191131
            ],
            [
              -68.79235,
              10.192117
            ],
            [
              -68.791343,
              10.193256000000133
            ],
            [
              -68.79218,
              10.194175
            ],
            [
              -68.793017,
              10.19442800000013
            ],
            [
              -68.79436499999986,
              10.194795000000113
            ],
            [
              -68.795109,
              10.195623
            ],
            [
              -68.795923,
              10.19679600000012
            ],
            [
              -68.796853,
              10.198083
            ],
            [
              -68.79761999999988,
              10.198083
            ],
            [
              -68.798503,
              10.199187
            ],
            [
              -68.799224,
              10.199601
            ],
            [
              -68.800804,
              10.199945
            ],
            [
              -68.801874,
              10.200979000000189
            ],
            [
              -68.802292,
              10.201623
            ],
            [
              -68.80482499999988,
              10.20249600000011
            ],
            [
              -68.806127,
              10.203899
            ],
            [
              -68.806871,
              10.204841
            ],
            [
              -68.807848,
              10.20537
            ],
            [
              -68.808499,
              10.206474000000128
            ],
            [
              -68.814384,
              10.212115
            ],
            [
              -68.818216,
              10.218720000000133
            ],
            [
              -68.818856,
              10.221303000000148
            ],
            [
              -68.820218,
              10.23258
            ],
            [
              -68.820236,
              10.235153
            ],
            [
              -68.820499,
              10.236336000000165
            ],
            [
              -68.82187,
              10.239039000000162
            ],
            [
              -68.824496,
              10.24423000000013
            ],
            [
              -68.82597699999985,
              10.244899
            ],
            [
              -68.85575199999988,
              10.281218
            ],
            [
              -68.8629729999999,
              10.28070200000019
            ],
            [
              -68.864548,
              10.280828000000156
            ],
            [
              -68.865069,
              10.28218900000013
            ],
            [
              -68.86588299999988,
              10.282879
            ],
            [
              -68.866558,
              10.285017000000153
            ],
            [
              -68.866884,
              10.286374
            ],
            [
              -68.86932699999983,
              10.288489
            ],
            [
              -68.8712579999999,
              10.29016700000011
            ],
            [
              -68.87274599999989,
              10.290948
            ],
            [
              -68.87449,
              10.29232700000017
            ],
            [
              -68.875909,
              10.293223
            ],
            [
              -68.877398,
              10.295085
            ],
            [
              -68.878049,
              10.295775000000162
            ],
            [
              -68.8783289999999,
              10.297016000000156
            ],
            [
              -68.880143,
              10.298142
            ],
            [
              -68.880563,
              10.299798000000123
            ],
            [
              -68.88060999999982,
              10.30104
            ],
            [
              -68.880588,
              10.302167
            ],
            [
              -68.880612,
              10.30311
            ],
            [
              -68.88138,
              10.304697
            ],
            [
              -68.882799,
              10.306467
            ],
            [
              -68.883776,
              10.307663
            ],
            [
              -68.884102,
              10.308767
            ],
            [
              -68.884127,
              10.310101000000145
            ],
            [
              -68.88408099999987,
              10.31132
            ],
            [
              -68.88387499999988,
              10.31477
            ],
            [
              -68.885016,
              10.317875000000129
            ],
            [
              -68.885552,
              10.319831000000136
            ],
            [
              -68.884391,
              10.32089000000019
            ],
            [
              -68.883345,
              10.321787
            ],
            [
              -68.882532,
              10.322892
            ],
            [
              -68.88251,
              10.32395
            ]
          ]
        ]
      }
    },
    {
      "type": "Feature",
      "properties": {
        "Pais": "Venezuela",
        "Estado": "Yaracuy",
        "Municipio": "Bolívar"
      },
      "geometry": {
        "type": "Polygon",
        "coordinates": [
          [
            [
              -68.87378565599994,
              10.649584693000065
            ],
            [
              -68.87394195699994,
              10.649586492000083
            ],
            [
              -68.87485797299996,
              10.649597034000067
            ],
            [
              -68.87637202399998,
              10.64708996500002
            ],
            [
              -68.87688203599998,
              10.645364921000123
            ],
            [
              -68.87747904499992,
              10.643270857000061
            ],
            [
              -68.8784030779999,
              10.64131080600015
            ],
            [
              -68.8787464859999,
              10.63946421200012
            ],
            [
              -68.87892008299997,
              10.638530732000163
            ],
            [
              -68.87918608199993,
              10.636006666000071
            ],
            [
              -68.87934007099989,
              10.633735603000162
            ],
            [
              -68.87929105499995,
              10.631949556000109
            ],
            [
              -68.87859300899999,
              10.628567475000125
            ],
            [
              -68.87750692599991,
              10.623976365000033
            ],
            [
              -68.87719490699988,
              10.621620304000032
            ],
            [
              -68.87695187699984,
              10.619217237999976
            ],
            [
              -68.87698585999988,
              10.616742177000106
            ],
            [
              -68.87720885099998,
              10.614425113000095
            ],
            [
              -68.8781988799999,
              10.612211055000046
            ],
            [
              -68.87959793699991,
              10.611070022000035
            ],
            [
              -68.88081198399993,
              10.609906984000077
            ],
            [
              -68.88240104199997,
              10.609014943999966
            ],
            [
              -68.88245203799988,
              10.607707916000038
            ],
            [
              -68.88200600199997,
              10.605719860000022
            ],
            [
              -68.88177398799985,
              10.604119826000158
            ],
            [
              -68.8816329689999,
              10.602310780000039
            ],
            [
              -68.88223298399998,
              10.600469729000054
            ],
            [
              -68.88280899599994,
              10.59914868500016
            ],
            [
              -68.88416204299989,
              10.596702623999988
            ],
            [
              -68.88490105899996,
              10.595460582999976
            ],
            [
              -68.88491867599998,
              10.595442060000153
            ],
            [
              -68.88620411499994,
              10.594090543000164
            ],
            [
              -68.88790417699983,
              10.592875494000054
            ],
            [
              -68.89084029199995,
              10.592033455000092
            ],
            [
              -68.89233835499988,
              10.591279428000178
            ],
            [
              -68.89293137599992,
              10.590561404000084
            ],
            [
              -68.89296237499991,
              10.589438378000068
            ],
            [
              -68.89296636399996,
              10.588154350000082
            ],
            [
              -68.89320236899988,
              10.586776310000062
            ],
            [
              -68.8935313689999,
              10.585397277000084
            ],
            [
              -68.8942513909999,
              10.58380622400017
            ],
            [
              -68.89510241199997,
              10.581640166
            ],
            [
              -68.89660646199997,
              10.579695106000031
            ],
            [
              -68.89820152099998,
              10.577657040000133
            ],
            [
              -68.89949056799998,
              10.576906019000091
            ],
            [
              -68.9019276649999,
              10.575267962000169
            ],
            [
              -68.90353172699992,
              10.573824910000155
            ],
            [
              -68.90433175199996,
              10.572943884999972
            ],
            [
              -68.90522078699996,
              10.571853858000111
            ],
            [
              -68.9063568169999,
              10.570096799000169
            ],
            [
              -68.90712584499994,
              10.568757756000139
            ],
            [
              -68.90717583499998,
              10.5673817280001
            ],
            [
              -68.90742783599995,
              10.565476669000134
            ],
            [
              -68.90782383899995,
              10.563981629000068
            ],
            [
              -68.90858186499997,
              10.561817569000084
            ],
            [
              -68.90985790899998,
              10.560172519000048
            ],
            [
              -68.91121395799996,
              10.559237496000037
            ],
            [
              -68.91282001899998,
              10.557909445
            ],
            [
              -68.91468209199996,
              10.556668403
            ],
            [
              -68.91660316699995,
              10.556321389000061
            ],
            [
              -68.91910227199992,
              10.555851353000094
            ],
            [
              -68.92001630699997,
              10.554853327000103
            ],
            [
              -68.92131835699996,
              10.553346279000095
            ],
            [
              -68.9224843909999,
              10.552138246000084
            ],
            [
              -68.92436245999994,
              10.550394179000136
            ],
            [
              -68.92628054199997,
              10.54981716300017
            ],
            [
              -68.93036170299996,
              10.547974081000064
            ],
            [
              -68.93294481299995,
              10.546907043999965
            ],
            [
              -68.93511489499991,
              10.546121014000107
            ],
            [
              -68.9364509479999,
              10.545368976000077
            ],
            [
              -68.93761798899999,
              10.544275944000049
            ],
            [
              -68.93825900999991,
              10.543647921000058
            ],
            [
              -68.93951005499997,
              10.5418428750001
            ],
            [
              -68.94127812499988,
              10.54053582500012
            ],
            [
              -68.94252317099995,
              10.5400138010001
            ],
            [
              -68.94390623099991,
              10.53937578200015
            ],
            [
              -68.94540728699997,
              10.538851758000135
            ],
            [
              -68.94889543599999,
              10.539306751000026
            ],
            [
              -68.95124253999995,
              10.539549745999977
            ],
            [
              -68.95256960099988,
              10.539851745000021
            ],
            [
              -68.95440668299989,
              10.540123739000137
            ],
            [
              -68.95578474899997,
              10.540769747000127
            ],
            [
              -68.95628576699994,
              10.54170176700012
            ],
            [
              -68.95611276499994,
              10.542574783000077
            ],
            [
              -68.95575476499988,
              10.54347381600013
            ],
            [
              -68.95572676999996,
              10.544757844000117
            ],
            [
              -68.95599878799993,
              10.545944878000114
            ],
            [
              -68.9568958299999,
              10.546986895000089
            ],
            [
              -68.95798188099997,
              10.548231927000074
            ],
            [
              -68.96007098599989,
              10.54989895100016
            ],
            [
              -68.96206407699987,
              10.551268972000116
            ],
            [
              -68.96360214099991,
              10.551751979000187
            ],
            [
              -68.96460218999988,
              10.551897980000092
            ],
            [
              -68.96741630899993,
              10.552316968000127
            ],
            [
              -68.97097347099992,
              10.55270296000009
            ],
            [
              -68.97245653099998,
              10.552544941000065
            ],
            [
              -68.97440361199995,
              10.552425931000187
            ],
            [
              -68.97645470199996,
              10.553015930000072
            ],
            [
              -68.97787776399991,
              10.553522930999975
            ],
            [
              -68.97921082199997,
              10.554214940000122
            ],
            [
              -68.98046387599993,
              10.554219934
            ],
            [
              -68.9816379319999,
              10.55356190800012
            ],
            [
              -68.98286797399999,
              10.553567908000048
            ],
            [
              -68.98393702399989,
              10.553644896000037
            ],
            [
              -68.98526307899994,
              10.553923894000036
            ],
            [
              -68.98642812999992,
              10.554182896000157
            ],
            [
              -68.98755018499998,
              10.55476290900009
            ],
            [
              -68.98991629099999,
              10.554660889
            ],
            [
              -68.99190236899989,
              10.554013855000107
            ],
            [
              -68.99385543799997,
              10.552680812000062
            ],
            [
              -68.99474247299997,
              10.551430777000064
            ],
            [
              -68.99544149399998,
              10.55004573400015
            ],
            [
              -68.99616951299993,
              10.549004712000169
            ],
            [
              -68.99705454899998,
              10.547662665000075
            ],
            [
              -68.99805257699995,
              10.546044614000039
            ],
            [
              -68.99898060899989,
              10.544496569000103
            ],
            [
              -69.00016465099998,
              10.542875525000113
            ],
            [
              -69.00182371499994,
              10.541636483000048
            ],
            [
              -69.00344177099998,
              10.540984461000107
            ],
            [
              -69.00465781799988,
              10.540017427000066
            ],
            [
              -69.00627287399993,
              10.538008369000067
            ],
            [
              -69.00816595399988,
              10.537097324000115
            ],
            [
              -69.00880597499997,
              10.535314277000111
            ],
            [
              -69.00935598099994,
              10.53362423600015
            ],
            [
              -69.00965798499988,
              10.532423197000185
            ],
            [
              -69.01119203999997,
              10.531013150000149
            ],
            [
              -69.01276310199995,
              10.53033812800004
            ],
            [
              -69.01386315199994,
              10.529397099000107
            ],
            [
              -69.01582822699999,
              10.528623062000065
            ],
            [
              -69.01944238599998,
              10.528737047
            ],
            [
              -69.02258851499994,
              10.528722022000068
            ],
            [
              -69.0255026399999,
              10.528804012000137
            ],
            [
              -69.02823975599989,
              10.528152977000161
            ],
            [
              -69.03042083099996,
              10.526546921000147
            ],
            [
              -69.0324629079999,
              10.524942865000128
            ],
            [
              -69.03563503499993,
              10.523892818000036
            ],
            [
              -69.03975220599995,
              10.522340757000109
            ],
            [
              -69.04262132799994,
              10.52134171400013
            ],
            [
              -69.04648248299986,
              10.520967679000023
            ],
            [
              -69.04928559599989,
              10.520130643000073
            ],
            [
              -69.05165068699989,
              10.518382588000122
            ],
            [
              -69.05377876199987,
              10.51525948800014
            ],
            [
              -69.05537680799983,
              10.51242241100016
            ],
            [
              -69.05613981999988,
              10.50973933900002
            ],
            [
              -69.05636581899995,
              10.508216297000104
            ],
            [
              -69.0552047729999,
              10.507250284000065
            ],
            [
              -69.05291168099996,
              10.507916310999974
            ],
            [
              -69.05055258099998,
              10.50883634600018
            ],
            [
              -69.04886250699997,
              10.50935137199997
            ],
            [
              -69.04760345699998,
              10.509330378000016
            ],
            [
              -69.04681742199995,
              10.508471357000076
            ],
            [
              -69.04646339199996,
              10.507052323000096
            ],
            [
              -69.04626237099995,
              10.505147279000028
            ],
            [
              -69.04680938299998,
              10.503342225999972
            ],
            [
              -69.04717239199994,
              10.501656183000023
            ],
            [
              -69.0480954219999,
              10.500028141000143
            ],
            [
              -69.04888745199997,
              10.498886107000146
            ],
            [
              -69.04964847299988,
              10.497307057000057
            ],
            [
              -69.05007447399998,
              10.495275006000043
            ],
            [
              -69.05026847099992,
              10.493315954000138
            ],
            [
              -69.0504024679999,
              10.491840912000157
            ],
            [
              -69.0504164589999,
              10.490161873000034
            ],
            [
              -69.05059345299992,
              10.48854783600018
            ],
            [
              -69.05104546699994,
              10.48780380800008
            ],
            [
              -69.05108445799993,
              10.48628476500005
            ],
            [
              -69.05054143199999,
              10.484730733999982
            ],
            [
              -69.0500673969999,
              10.483152697000094
            ],
            [
              -69.05003639299991,
              10.481589653000071
            ],
            [
              -69.05077740499996,
              10.480172622000168
            ],
            [
              -69.05296248999991,
              10.478726563000123
            ],
            [
              -69.05478856799994,
              10.478000537000128
            ],
            [
              -69.05696966199991,
              10.477567517000182
            ],
            [
              -69.05892873999983,
              10.476494476000084
            ],
            [
              -69.06129481699992,
              10.473619387000156
            ],
            [
              -69.06330489199996,
              10.471578316000148
            ],
            [
              -69.06496594899994,
              10.469614263999972
            ],
            [
              -69.06592797699994,
              10.467617201000053
            ],
            [
              -69.0666769909999,
              10.465418139000178
            ],
            [
              -69.06831905799999,
              10.463661090000187
            ],
            [
              -69.06916407299991,
              10.461643037999977
            ],
            [
              -69.06889105599998,
              10.459600987000044
            ],
            [
              -69.06868304199998,
              10.45895296100008
            ],
            [
              -69.06859914999995,
              10.458957905000148
            ],
            [
              -69.06684995899991,
              10.459060985000121
            ],
            [
              -69.06653192399989,
              10.455437891000031
            ],
            [
              -69.06519681099991,
              10.445653655000172
            ],
            [
              -69.06678981599993,
              10.436602416000085
            ],
            [
              -69.07203499599996,
              10.429010184
            ],
            [
              -69.07802419599989,
              10.420694937000064
            ],
            [
              -69.07879821699999,
              10.417799861000162
            ],
            [
              -69.07888217499993,
              10.411641704000033
            ],
            [
              -69.07458994899997,
              10.403298518000156
            ],
            [
              -69.06873968199994,
              10.401471508000157
            ],
            [
              -69.06136537999998,
              10.403624610000122
            ],
            [
              -69.05514310899997,
              10.402157612999986
            ],
            [
              -69.0503539149999,
              10.403231663000042
            ],
            [
              -69.04952991899995,
              10.40974884100018
            ],
            [
              -69.04836389399992,
              10.414454964000072
            ],
            [
              -69.04575879799995,
              10.416983041000094
            ],
            [
              -69.04168564799988,
              10.41950712900001
            ],
            [
              -69.03694143899992,
              10.418824141000187
            ],
            [
              -69.03655442599995,
              10.418768138000075
            ],
            [
              -69.03261420399991,
              10.411512984000183
            ],
            [
              -69.02929890299998,
              10.385423346000152
            ],
            [
              -69.0286573439999,
              10.36106727400005
            ],
            [
              -69.02745380599998,
              10.315376349000076
            ],
            [
              -69.02712330499998,
              10.302829273000043
            ],
            [
              -69.02179405899994,
              10.299278214000083
            ],
            [
              -69.01620679099995,
              10.295554152000022
            ],
            [
              -69.01078252299993,
              10.289381023000033
            ],
            [
              -69.01039550599995,
              10.288685011000155
            ],
            [
              -69.0083529609999,
              10.289825777000033
            ],
            [
              -69.00648342899996,
              10.29092910700001
            ],
            [
              -69.003864,
              10.292475000000138
            ],
            [
              -69.00385158199998,
              10.294389394000063
            ],
            [
              -69.003846,
              10.29525
            ],
            [
              -69.004804,
              10.297749
            ],
            [
              -69.004735,
              10.29846
            ],
            [
              -69.004504,
              10.29921800000011
            ],
            [
              -69.004621,
              10.299653
            ],
            [
              -69.004809,
              10.3008
            ],
            [
              -69.005042,
              10.301075
            ],
            [
              -69.005301,
              10.303070000000162
            ],
            [
              -69.005418,
              10.30346
            ],
            [
              -69.005349,
              10.303873000000124
            ],
            [
              -69.005094,
              10.304401000000155
            ],
            [
              -69.0011219999999,
              10.311498
            ],
            [
              -69.00077699999986,
              10.312258
            ],
            [
              -68.999941,
              10.312447
            ],
            [
              -68.999062,
              10.313279
            ],
            [
              -68.998834,
              10.314107
            ],
            [
              -68.998931,
              10.315002000000106
            ],
            [
              -68.997726,
              10.315722000000164
            ],
            [
              -68.996682,
              10.315958000000137
            ],
            [
              -68.995519,
              10.315919000000122
            ],
            [
              -68.995082,
              10.31672500000019
            ],
            [
              -68.99641,
              10.317544000000112
            ],
            [
              -68.997224,
              10.317539
            ],
            [
              -68.998481,
              10.31799100000012
            ],
            [
              -68.998996,
              10.318631000000153
            ],
            [
              -68.99890499999987,
              10.31918300000018
            ],
            [
              -68.998048,
              10.319716
            ],
            [
              -68.996745,
              10.319494000000134
            ],
            [
              -68.994838,
              10.319207
            ],
            [
              -68.99386399999986,
              10.319696
            ],
            [
              -68.993894,
              10.321005000000127
            ],
            [
              -68.99390036599993,
              10.322237347000055
            ],
            [
              -68.99390099999988,
              10.322360000000117
            ],
            [
              -68.993931,
              10.323692
            ],
            [
              -68.993935,
              10.32463300000012
            ],
            [
              -68.992195,
              10.325172000000123
            ],
            [
              -68.991406,
              10.325567
            ],
            [
              -68.990603,
              10.327616
            ],
            [
              -68.989653,
              10.328265
            ],
            [
              -68.988444,
              10.328158
            ],
            [
              -68.987745,
              10.327725000000157
            ],
            [
              -68.986998,
              10.327064000000178
            ],
            [
              -68.986256,
              10.327482
            ],
            [
              -68.9863759999999,
              10.328285000000108
            ],
            [
              -68.98719099999983,
              10.328533
            ],
            [
              -68.986903,
              10.329990000000123
            ],
            [
              -68.98356,
              10.32884600000017
            ],
            [
              -68.98137899999989,
              10.328670000000159
            ],
            [
              -68.978989,
              10.328703
            ],
            [
              -68.97541199999989,
              10.328064
            ],
            [
              -68.969633,
              10.327523
            ],
            [
              -68.95970299999982,
              10.32545800000014
            ],
            [
              -68.9579609999999,
              10.32579
            ],
            [
              -68.95717799999989,
              10.325698000000102
            ],
            [
              -68.95309999999989,
              10.325221
            ],
            [
              -68.946289,
              10.325147000000186
            ],
            [
              -68.938409,
              10.324825
            ],
            [
              -68.934314,
              10.324229
            ],
            [
              -68.932291,
              10.323942000000102
            ],
            [
              -68.930198,
              10.323587
            ],
            [
              -68.929286,
              10.322536000000127
            ],
            [
              -68.93022899999988,
              10.32044
            ],
            [
              -68.930919,
              10.318760000000168
            ],
            [
              -68.931076,
              10.317564000000175
            ],
            [
              -68.930743,
              10.316073
            ],
            [
              -68.929786,
              10.315068
            ],
            [
              -68.928638,
              10.313283000000126
            ],
            [
              -68.928381,
              10.312894000000142
            ],
            [
              -68.927542,
              10.312394000000154
            ],
            [
              -68.926139,
              10.310702000000106
            ],
            [
              -68.925624,
              10.309718
            ],
            [
              -68.925575,
              10.309259000000111
            ],
            [
              -68.924989,
              10.308182000000158
            ],
            [
              -68.923337,
              10.307733000000155
            ],
            [
              -68.922382,
              10.307325000000105
            ],
            [
              -68.921239,
              10.306436000000133
            ],
            [
              -68.919674,
              10.304768000000138
            ],
            [
              -68.918413,
              10.303581000000122
            ],
            [
              -68.917991,
              10.30278
            ],
            [
              -68.91738,
              10.301267000000166
            ],
            [
              -68.917167,
              10.300487
            ],
            [
              -68.916996,
              10.298766000000171
            ],
            [
              -68.916714,
              10.297987
            ],
            [
              -68.916176,
              10.297255
            ],
            [
              -68.915289,
              10.29641
            ],
            [
              -68.915004,
              10.29524
            ],
            [
              -68.914812,
              10.293955
            ],
            [
              -68.914924,
              10.293036
            ],
            [
              -68.915196,
              10.291656
            ],
            [
              -68.915355,
              10.290782
            ],
            [
              -68.915165,
              10.290002000000129
            ],
            [
              -68.91397499999988,
              10.289045
            ],
            [
              -68.913324,
              10.288865
            ],
            [
              -68.912553,
              10.28795
            ],
            [
              -68.911334,
              10.286700000000167
            ],
            [
              -68.908782,
              10.289675000000102
            ],
            [
              -68.90769199999988,
              10.291313000000116
            ],
            [
              -68.90606499999984,
              10.293127
            ],
            [
              -68.90436099999988,
              10.295514
            ],
            [
              -68.903898,
              10.297229000000186
            ],
            [
              -68.903247,
              10.299033
            ],
            [
              -68.90294399999988,
              10.300934000000154
            ],
            [
              -68.902122,
              10.303401000000179
            ],
            [
              -68.901235,
              10.305546
            ],
            [
              -68.900608,
              10.307328
            ],
            [
              -68.899911,
              10.309086
            ],
            [
              -68.898742,
              10.311411
            ],
            [
              -68.897586,
              10.312749
            ],
            [
              -68.896631,
              10.316569
            ],
            [
              -68.894414,
              10.31904100000014
            ],
            [
              -68.893892,
              10.321697
            ],
            [
              -68.891126,
              10.323496
            ],
            [
              -68.888894,
              10.325348
            ],
            [
              -68.886736,
              10.326857
            ],
            [
              -68.885483,
              10.328404
            ],
            [
              -68.884215,
              10.32997
            ],
            [
              -68.88199299999985,
              10.33357500000011
            ],
            [
              -68.879691,
              10.336379000000136
            ],
            [
              -68.877673,
              10.337988
            ],
            [
              -68.875729,
              10.339939000000129
            ],
            [
              -68.874057,
              10.341406
            ],
            [
              -68.872487,
              10.343490000000145
            ],
            [
              -68.870727,
              10.345301
            ],
            [
              -68.868276,
              10.347443
            ],
            [
              -68.866322,
              10.350311
            ],
            [
              -68.864401,
              10.35226200000011
            ],
            [
              -68.8609689999999,
              10.353891
            ],
            [
              -68.858423,
              10.354361
            ],
            [
              -68.856032,
              10.355791
            ],
            [
              -68.8527969999999,
              10.356683
            ],
            [
              -68.849551,
              10.358400000000131
            ],
            [
              -68.84704,
              10.359557000000109
            ],
            [
              -68.845083,
              10.36059200000011
            ],
            [
              -68.842947,
              10.360391
            ],
            [
              -68.841009,
              10.359501
            ],
            [
              -68.838047,
              10.359977
            ],
            [
              -68.83589299999988,
              10.361839
            ],
            [
              -68.833865,
              10.362783
            ],
            [
              -68.830785,
              10.363168
            ],
            [
              -68.827119,
              10.363035000000139
            ],
            [
              -68.824844,
              10.363098
            ],
            [
              -68.823943,
              10.363123000000144
            ],
            [
              -68.821123,
              10.363803
            ],
            [
              -68.8190259999999,
              10.366421000000173
            ],
            [
              -68.81738999999988,
              10.368849000000125
            ],
            [
              -68.81549199999989,
              10.370776
            ],
            [
              -68.814124,
              10.372445000000141
            ],
            [
              -68.813201,
              10.374428
            ],
            [
              -68.81281299999989,
              10.376587
            ],
            [
              -68.811703,
              10.378435000000138
            ],
            [
              -68.80839799999984,
              10.381047
            ],
            [
              -68.807049,
              10.38244
            ],
            [
              -68.80535799999984,
              10.38425
            ],
            [
              -68.80365699999987,
              10.386954000000173
            ],
            [
              -68.80194899999987,
              10.38926800000013
            ],
            [
              -68.800311,
              10.391559000000143
            ],
            [
              -68.799723,
              10.395943000000159
            ],
            [
              -68.79944099999983,
              10.398995
            ],
            [
              -68.799797,
              10.401236
            ],
            [
              -68.79982499999988,
              10.403252
            ],
            [
              -68.79961,
              10.403392
            ],
            [
              -68.79766399999988,
              10.404656
            ],
            [
              -68.794908,
              10.404991
            ],
            [
              -68.791603,
              10.405791
            ],
            [
              -68.788523,
              10.406153
            ],
            [
              -68.78640499999983,
              10.407327
            ],
            [
              -68.783923,
              10.408987
            ],
            [
              -68.781855,
              10.410390000000177
            ],
            [
              -68.780766,
              10.412215
            ],
            [
              -68.779052,
              10.414049
            ],
            [
              -68.777766,
              10.414961
            ],
            [
              -68.777076,
              10.41545
            ],
            [
              -68.77583299999986,
              10.416034
            ],
            [
              -68.775564,
              10.416099
            ],
            [
              -68.77341199999984,
              10.417172000000164
            ],
            [
              -68.770823,
              10.419475000000148
            ],
            [
              -68.76879799999989,
              10.420693
            ],
            [
              -68.766481,
              10.420908
            ],
            [
              -68.764664,
              10.420336000000134
            ],
            [
              -68.760834,
              10.420158000000129
            ],
            [
              -68.75796899999989,
              10.420952000000113
            ],
            [
              -68.7554,
              10.423094
            ],
            [
              -68.75311,
              10.426974
            ],
            [
              -68.75249999999983,
              10.429824
            ],
            [
              -68.751994,
              10.431847
            ],
            [
              -68.752853,
              10.435227000000111
            ],
            [
              -68.754074,
              10.438006
            ],
            [
              -68.754104,
              10.441787
            ],
            [
              -68.751772,
              10.444315000000131
            ],
            [
              -68.747777,
              10.447348
            ],
            [
              -68.74509199999989,
              10.449423
            ],
            [
              -68.742651,
              10.45078500000011
            ],
            [
              -68.740672,
              10.451911000000166
            ],
            [
              -68.738902,
              10.451430000000187
            ],
            [
              -68.737082,
              10.450698000000159
            ],
            [
              -68.734414,
              10.452337
            ],
            [
              -68.732071,
              10.45406400000013
            ],
            [
              -68.729565,
              10.454028
            ],
            [
              -68.725423,
              10.453143000000125
            ],
            [
              -68.722605,
              10.452378
            ],
            [
              -68.719163,
              10.451691
            ],
            [
              -68.715945,
              10.452513
            ],
            [
              -68.716131,
              10.452764
            ],
            [
              -68.716573,
              10.453841000000182
            ],
            [
              -68.71683,
              10.454529
            ],
            [
              -68.716924,
              10.45512500000018
            ],
            [
              -68.717368,
              10.456867
            ],
            [
              -68.717905,
              10.45897600000012
            ],
            [
              -68.717884,
              10.459986
            ],
            [
              -68.717747,
              10.461293000000182
            ],
            [
              -68.71877099999989,
              10.462874
            ],
            [
              -68.71918899999986,
              10.463515
            ],
            [
              -68.718637,
              10.465856
            ],
            [
              -68.720242,
              10.468100000000106
            ],
            [
              -68.7206149999999,
              10.469360000000108
            ],
            [
              -68.72076,
              10.472067
            ],
            [
              -68.72141,
              10.472707
            ],
            [
              -68.72264199999984,
              10.474126
            ],
            [
              -68.72343199999983,
              10.474927
            ],
            [
              -68.723545,
              10.475149000000158
            ],
            [
              -68.72375,
              10.47536300000013
            ],
            [
              -68.72373199999987,
              10.475517
            ],
            [
              -68.723758,
              10.47556800000018
            ],
            [
              -68.723759,
              10.475981000000104
            ],
            [
              -68.723621,
              10.476945
            ],
            [
              -68.723401,
              10.478309000000138
            ],
            [
              -68.723377,
              10.478509
            ],
            [
              -68.72335499999986,
              10.478595
            ],
            [
              -68.72334699999988,
              10.478643
            ],
            [
              -68.723259,
              10.481489000000181
            ],
            [
              -68.723124,
              10.48321
            ],
            [
              -68.723057,
              10.484403
            ],
            [
              -68.72259799999983,
              10.48679
            ],
            [
              -68.721583,
              10.489477000000136
            ],
            [
              -68.720226,
              10.490720000000124
            ],
            [
              -68.718293,
              10.490817000000163
            ],
            [
              -68.716722,
              10.494078000000115
            ],
            [
              -68.715637,
              10.496238000000176
            ],
            [
              -68.714275,
              10.499751
            ],
            [
              -68.71390699999989,
              10.501244
            ],
            [
              -68.713285,
              10.503425000000107
            ],
            [
              -68.713172,
              10.504916
            ],
            [
              -68.71377599999988,
              10.505144
            ],
            [
              -68.714174,
              10.507253000000105
            ],
            [
              -68.71529,
              10.508718000000158
            ],
            [
              -68.715664,
              10.510461000000134
            ],
            [
              -68.7155269999999,
              10.511424
            ],
            [
              -68.715089,
              10.512641
            ],
            [
              -68.71506699999986,
              10.513467000000162
            ],
            [
              -68.71534999999983,
              10.515761
            ],
            [
              -68.71614199999988,
              10.51741
            ],
            [
              -68.716005,
              10.51865
            ],
            [
              -68.716822,
              10.52137800000014
            ],
            [
              -68.71719399999989,
              10.521514
            ],
            [
              -68.717565,
              10.521766
            ],
            [
              -68.718124,
              10.523049000000185
            ],
            [
              -68.718707,
              10.524056
            ],
            [
              -68.719059,
              10.525936000000172
            ],
            [
              -68.72001299999982,
              10.527517
            ],
            [
              -68.720919,
              10.528569
            ],
            [
              -68.7221019999999,
              10.52891
            ],
            [
              -68.723913,
              10.529731
            ],
            [
              -68.725468,
              10.530277000000126
            ],
            [
              -68.72602599999988,
              10.53078
            ],
            [
              -68.72665299999989,
              10.531237
            ],
            [
              -68.727187,
              10.531947000000116
            ],
            [
              -68.726888,
              10.532843000000184
            ],
            [
              -68.726147,
              10.533579000000145
            ],
            [
              -68.72563799999983,
              10.534016
            ],
            [
              -68.725199,
              10.534958
            ],
            [
              -68.72526999999985,
              10.535921000000144
            ],
            [
              -68.726129,
              10.53612500000014
            ],
            [
              -68.726846,
              10.535320000000127
            ],
            [
              -68.7285619999999,
              10.534925000000158
            ],
            [
              -68.728818,
              10.535705
            ],
            [
              -68.729074,
              10.536232
            ],
            [
              -68.72903,
              10.537149000000113
            ],
            [
              -68.72856699999988,
              10.537586
            ],
            [
              -68.728081,
              10.538253000000168
            ],
            [
              -68.728036,
              10.538781000000142
            ],
            [
              -68.7283159999999,
              10.539422
            ],
            [
              -68.72843299999988,
              10.540248
            ],
            [
              -68.72876,
              10.541256000000146
            ],
            [
              -68.729155,
              10.541462000000138
            ],
            [
              -68.728693,
              10.542518
            ],
            [
              -68.728254,
              10.543621
            ],
            [
              -68.728163,
              10.54428600000017
            ],
            [
              -68.729091,
              10.544696
            ],
            [
              -68.729902,
              10.544304
            ],
            [
              -68.730412,
              10.54405
            ],
            [
              -68.731087,
              10.545356
            ],
            [
              -68.731368,
              10.546433
            ],
            [
              -68.731834,
              10.547740000000147
            ],
            [
              -68.73216,
              10.54819700000013
            ],
            [
              -68.732765,
              10.549343
            ],
            [
              -68.732629,
              10.550582000000134
            ],
            [
              -68.732467,
              10.551133
            ],
            [
              -68.732167,
              10.551547
            ],
            [
              -68.731218,
              10.552742000000137
            ],
            [
              -68.73068699999988,
              10.553684
            ],
            [
              -68.730574,
              10.555497000000173
            ],
            [
              -68.730599,
              10.556254
            ],
            [
              -68.730601,
              10.557126000000153
            ],
            [
              -68.731043,
              10.558088000000168
            ],
            [
              -68.731299,
              10.558592
            ],
            [
              -68.7323209999999,
              10.559277000000122
            ],
            [
              -68.733041,
              10.559826
            ],
            [
              -68.733877,
              10.560144
            ],
            [
              -68.73464299999989,
              10.560234
            ],
            [
              -68.734365,
              10.560716000000184
            ],
            [
              -68.733069,
              10.561799
            ],
            [
              -68.73286,
              10.561983
            ],
            [
              -68.732583,
              10.562535
            ],
            [
              -68.732005,
              10.56320200000016
            ],
            [
              -68.731611,
              10.563593
            ],
            [
              -68.730919,
              10.565292
            ],
            [
              -68.73099,
              10.566210000000183
            ],
            [
              -68.731666,
              10.567813000000115
            ],
            [
              -68.731553,
              10.569167
            ],
            [
              -68.73151,
              10.570911
            ],
            [
              -68.731115,
              10.570889
            ],
            [
              -68.73072,
              10.57052300000015
            ],
            [
              -68.729815,
              10.569998
            ],
            [
              -68.72939899999989,
              10.570687
            ],
            [
              -68.7300259999999,
              10.571443
            ],
            [
              -68.730514,
              10.571533
            ],
            [
              -68.730654,
              10.572267
            ],
            [
              -68.73097999999987,
              10.572541000000172
            ],
            [
              -68.730841,
              10.572931
            ],
            [
              -68.730471,
              10.573391000000129
            ],
            [
              -68.729566,
              10.573187000000132
            ],
            [
              -68.729101,
              10.572799
            ],
            [
              -68.728846,
              10.572822000000144
            ],
            [
              -68.728546,
              10.573282000000177
            ],
            [
              -68.728546,
              10.573626
            ],
            [
              -68.72847799999988,
              10.574016000000142
            ],
            [
              -68.728409,
              10.574498
            ],
            [
              -68.729385,
              10.575252
            ],
            [
              -68.73015,
              10.575273
            ],
            [
              -68.730708,
              10.575799
            ],
            [
              -68.730778,
              10.575983000000178
            ],
            [
              -68.729828,
              10.576673
            ],
            [
              -68.729433,
              10.576445
            ],
            [
              -68.728948,
              10.577502
            ],
            [
              -68.72897299999988,
              10.578006
            ],
            [
              -68.729715,
              10.578325000000177
            ],
            [
              -68.730459,
              10.578966
            ],
            [
              -68.73134,
              10.578573
            ],
            [
              -68.734542,
              10.57874800000019
            ],
            [
              -68.73576999999989,
              10.578217000000109
            ],
            [
              -68.736696,
              10.577296000000104
            ],
            [
              -68.7372749999999,
              10.576721000000134
            ],
            [
              -68.739964,
              10.576003
            ],
            [
              -68.741099,
              10.57517300000012
            ],
            [
              -68.741955,
              10.573978
            ],
            [
              -68.74244,
              10.573426
            ],
            [
              -68.74450499999983,
              10.573443000000168
            ],
            [
              -68.745711,
              10.573692000000165
            ],
            [
              -68.74708,
              10.573505000000125
            ],
            [
              -68.747695,
              10.57362
            ],
            [
              -68.748657,
              10.573799000000122
            ],
            [
              -68.750189,
              10.574345
            ],
            [
              -68.751046,
              10.573838
            ],
            [
              -68.752578,
              10.573948
            ],
            [
              -68.753947,
              10.574632000000122
            ],
            [
              -68.754085,
              10.573737000000165
            ],
            [
              -68.754478,
              10.573484000000178
            ],
            [
              -68.756031,
              10.572929000000101
            ],
            [
              -68.757583,
              10.571571000000176
            ],
            [
              -68.759042,
              10.570052
            ],
            [
              -68.7599239999999,
              10.570692000000122
            ],
            [
              -68.760852,
              10.570598000000132
            ],
            [
              -68.76229099999983,
              10.571006000000125
            ],
            [
              -68.76317399999988,
              10.571669
            ],
            [
              -68.7660039999999,
              10.571936
            ],
            [
              -68.767395,
              10.571680000000129
            ],
            [
              -68.768694,
              10.57163
            ],
            [
              -68.76920599999988,
              10.572317000000112
            ],
            [
              -68.769901,
              10.572292000000175
            ],
            [
              -68.772732,
              10.572559
            ],
            [
              -68.77444999999983,
              10.573334
            ],
            [
              -68.775447,
              10.573124
            ],
            [
              -68.77656,
              10.573006
            ],
            [
              -68.77946,
              10.573296
            ],
            [
              -68.781572,
              10.573978
            ],
            [
              -68.781644,
              10.574827
            ],
            [
              -68.781972,
              10.57611
            ],
            [
              -68.78278299999988,
              10.57606200000015
            ],
            [
              -68.78424499999988,
              10.576012000000105
            ],
            [
              -68.784798,
              10.574634000000117
            ],
            [
              -68.78612099999987,
              10.574836000000118
            ],
            [
              -68.786423,
              10.575294
            ],
            [
              -68.787839,
              10.575657
            ],
            [
              -68.788487,
              10.574921
            ],
            [
              -68.78906599999982,
              10.574736
            ],
            [
              -68.789714,
              10.573723
            ],
            [
              -68.790362,
              10.573446
            ],
            [
              -68.792518,
              10.572843
            ],
            [
              -68.793977,
              10.571600000000103
            ],
            [
              -68.794927,
              10.571207
            ],
            [
              -68.79515599999985,
              10.570152000000178
            ],
            [
              -68.794645,
              10.56983200000019
            ],
            [
              -68.79425,
              10.569328
            ],
            [
              -68.794851,
              10.568248
            ],
            [
              -68.796104,
              10.568474
            ],
            [
              -68.796383,
              10.56890900000019
            ],
            [
              -68.79703199999989,
              10.568678
            ],
            [
              -68.798399,
              10.56803100000019
            ],
            [
              -68.798956,
              10.568236000000127
            ],
            [
              -68.799813,
              10.567843
            ],
            [
              -68.801319,
              10.566875
            ],
            [
              -68.80236099999985,
              10.566115000000138
            ],
            [
              -68.80382099999986,
              10.565859000000103
            ],
            [
              -68.80491099999989,
              10.56583200000017
            ],
            [
              -68.806839,
              10.566285000000164
            ],
            [
              -68.808229,
              10.565616
            ],
            [
              -68.80867,
              10.565867
            ],
            [
              -68.810084,
              10.565564
            ],
            [
              -68.81010599999985,
              10.565014000000133
            ],
            [
              -68.810453,
              10.564462000000105
            ],
            [
              -68.811402,
              10.563610000000153
            ],
            [
              -68.812513,
              10.562804
            ],
            [
              -68.8133,
              10.561907000000133
            ],
            [
              -68.814691,
              10.561654000000146
            ],
            [
              -68.815991,
              10.562243
            ],
            [
              -68.816851,
              10.562882000000116
            ],
            [
              -68.8187779999999,
              10.563725
            ],
            [
              -68.819822,
              10.564112000000137
            ],
            [
              -68.822349,
              10.5636
            ],
            [
              -68.822581,
              10.563369000000137
            ],
            [
              -68.82522299999988,
              10.562811000000124
            ],
            [
              -68.827656,
              10.561518
            ],
            [
              -68.828836,
              10.560276000000158
            ],
            [
              -68.828903,
              10.55945
            ],
            [
              -68.829782,
              10.558094
            ],
            [
              -68.83089299999989,
              10.557058
            ],
            [
              -68.83138,
              10.556758
            ],
            [
              -68.831376,
              10.555107
            ],
            [
              -68.830702,
              10.555063000000132
            ],
            [
              -68.830375,
              10.553779000000134
            ],
            [
              -68.831091,
              10.552699000000132
            ],
            [
              -68.832068,
              10.553659000000152
            ],
            [
              -68.838674,
              10.561668
            ],
            [
              -68.841025,
              10.565193
            ],
            [
              -68.842167,
              10.567667
            ],
            [
              -68.842659,
              10.569546000000116
            ],
            [
              -68.84368399999988,
              10.571608
            ],
            [
              -68.84496799999988,
              10.574723
            ],
            [
              -68.84597,
              10.576923
            ],
            [
              -68.846602,
              10.579123
            ],
            [
              -68.847977,
              10.582078
            ],
            [
              -68.848404,
              10.585770000000139
            ],
            [
              -68.84959199999986,
              10.58806
            ],
            [
              -68.851291,
              10.589845000000139
            ],
            [
              -68.85270999999983,
              10.591515000000129
            ],
            [
              -68.853061,
              10.593005000000119
            ],
            [
              -68.853436,
              10.594472000000167
            ],
            [
              -68.855137,
              10.59756300000015
            ],
            [
              -68.85518651699994,
              10.597703916000057
            ],
            [
              -68.856071,
              10.600221000000147
            ],
            [
              -68.857818,
              10.603221
            ],
            [
              -68.85866,
              10.605971000000181
            ],
            [
              -68.859315,
              10.608355
            ],
            [
              -68.860531,
              10.61238800000018
            ],
            [
              -68.861768,
              10.615481000000102
            ],
            [
              -68.86300299999988,
              10.61788600000017
            ],
            [
              -68.864541,
              10.62068
            ],
            [
              -68.866058,
              10.624529
            ],
            [
              -68.867226,
              10.627736
            ],
            [
              -68.86772,
              10.629983
            ],
            [
              -68.868747,
              10.632688
            ],
            [
              -68.86916699999989,
              10.633787
            ],
            [
              -68.869635,
              10.635139
            ],
            [
              -68.87038299999989,
              10.637614
            ],
            [
              -68.87068630599993,
              10.638800533000051
            ],
            [
              -68.871133,
              10.640548
            ],
            [
              -68.871856,
              10.642198
            ],
            [
              -68.87216099999983,
              10.643711000000167
            ],
            [
              -68.87279199999989,
              10.64559
            ],
            [
              -68.87286499999982,
              10.646897
            ],
            [
              -68.87303,
              10.647814
            ],
            [
              -68.873264,
              10.648662000000172
            ],
            [
              -68.873846,
              10.649486000000138
            ],
            [
              -68.87378565599994,
              10.649584693000065
            ]
          ]
        ]
      }
    },
    {
      "type": "Feature",
      "properties": {
        "Pais": "Venezuela",
        "Estado": "Yaracuy",
        "Municipio": "Bruzual"
      },
      "geometry": {
        "type": "Polygon",
        "coordinates": [
          [
            [
              -68.906717,
              10.27732500000019
            ],
            [
              -68.90739699999989,
              10.27867700000013
            ],
            [
              -68.908167,
              10.279361
            ],
            [
              -68.908961,
              10.280275
            ],
            [
              -68.909344,
              10.282524000000137
            ],
            [
              -68.909792,
              10.283878
            ],
            [
              -68.911218,
              10.285822000000167
            ],
            [
              -68.911334,
              10.286700000000167
            ],
            [
              -68.912553,
              10.28795
            ],
            [
              -68.913324,
              10.288865
            ],
            [
              -68.91397499999988,
              10.289045
            ],
            [
              -68.915165,
              10.290002000000129
            ],
            [
              -68.915355,
              10.290782
            ],
            [
              -68.915196,
              10.291656
            ],
            [
              -68.914924,
              10.293036
            ],
            [
              -68.914812,
              10.293955
            ],
            [
              -68.915004,
              10.29524
            ],
            [
              -68.915289,
              10.29641
            ],
            [
              -68.916176,
              10.297255
            ],
            [
              -68.916714,
              10.297987
            ],
            [
              -68.916996,
              10.298766000000171
            ],
            [
              -68.917167,
              10.300487
            ],
            [
              -68.91738,
              10.301267000000166
            ],
            [
              -68.917991,
              10.30278
            ],
            [
              -68.918413,
              10.303581000000122
            ],
            [
              -68.919674,
              10.304768000000138
            ],
            [
              -68.921239,
              10.306436000000133
            ],
            [
              -68.922382,
              10.307325000000105
            ],
            [
              -68.923337,
              10.307733000000155
            ],
            [
              -68.924989,
              10.308182000000158
            ],
            [
              -68.925575,
              10.309259000000111
            ],
            [
              -68.925624,
              10.309718
            ],
            [
              -68.926139,
              10.310702000000106
            ],
            [
              -68.927542,
              10.312394000000154
            ],
            [
              -68.928381,
              10.312894000000142
            ],
            [
              -68.928638,
              10.313283000000126
            ],
            [
              -68.929786,
              10.315068
            ],
            [
              -68.930743,
              10.316073
            ],
            [
              -68.931076,
              10.317564000000175
            ],
            [
              -68.930919,
              10.318760000000168
            ],
            [
              -68.93022899999988,
              10.32044
            ],
            [
              -68.929286,
              10.322536000000127
            ],
            [
              -68.930198,
              10.323587
            ],
            [
              -68.932291,
              10.323942000000102
            ],
            [
              -68.934314,
              10.324229
            ],
            [
              -68.938409,
              10.324825
            ],
            [
              -68.946289,
              10.325147000000186
            ],
            [
              -68.95309999999989,
              10.325221
            ],
            [
              -68.95717799999989,
              10.325698000000102
            ],
            [
              -68.957033,
              10.32512
            ],
            [
              -68.956978,
              10.324137
            ],
            [
              -68.957143,
              10.323312
            ],
            [
              -68.957823,
              10.321100000000172
            ],
            [
              -68.958118,
              10.319589
            ],
            [
              -68.958093,
              10.31826400000017
            ],
            [
              -68.957209,
              10.315522000000158
            ],
            [
              -68.957047,
              10.312776
            ],
            [
              -68.957181,
              10.310320000000104
            ],
            [
              -68.95778799999982,
              10.308112
            ],
            [
              -68.958194,
              10.304792000000134
            ],
            [
              -68.958877,
              10.30088000000012
            ],
            [
              -68.958896,
              10.300029
            ],
            [
              -68.958771,
              10.297281
            ],
            [
              -68.9585029999999,
              10.296513000000118
            ],
            [
              -68.959321,
              10.293953
            ],
            [
              -68.959313,
              10.293545
            ],
            [
              -68.959844,
              10.291137000000106
            ],
            [
              -68.960223,
              10.288329
            ],
            [
              -68.96037399999989,
              10.286791
            ],
            [
              -68.960399,
              10.284307
            ],
            [
              -68.960504,
              10.282295
            ],
            [
              -68.960619,
              10.280759000000103
            ],
            [
              -68.960309,
              10.279687
            ],
            [
              -68.960206,
              10.27806
            ],
            [
              -68.960183,
              10.276872
            ],
            [
              -68.960154,
              10.275411
            ],
            [
              -68.96024299999982,
              10.273955
            ],
            [
              -68.960522,
              10.273948000000189
            ],
            [
              -68.96074,
              10.272431
            ],
            [
              -68.960884,
              10.270501
            ],
            [
              -68.96195499999988,
              10.268425
            ],
            [
              -68.963225,
              10.265222000000108
            ],
            [
              -68.963943,
              10.262644
            ],
            [
              -68.965537,
              10.259461
            ],
            [
              -68.967069,
              10.257012
            ],
            [
              -68.96821199999988,
              10.25498
            ],
            [
              -68.97021299999989,
              10.253078
            ],
            [
              -68.971419,
              10.250541
            ],
            [
              -68.972511,
              10.248212000000137
            ],
            [
              -68.973613,
              10.24696100000017
            ],
            [
              -68.9745779999999,
              10.24589600000013
            ],
            [
              -68.97366699999986,
              10.245331000000135
            ],
            [
              -68.973989,
              10.242597
            ],
            [
              -68.974613,
              10.23992800000019
            ],
            [
              -68.9751,
              10.237467000000152
            ],
            [
              -68.975686,
              10.235625000000141
            ],
            [
              -68.977893,
              10.235832
            ],
            [
              -68.97953099999984,
              10.237239000000102
            ],
            [
              -68.98284,
              10.238582
            ],
            [
              -68.984273,
              10.240311
            ],
            [
              -68.985225,
              10.242803
            ],
            [
              -68.98658299999988,
              10.244029
            ],
            [
              -68.989383,
              10.245492000000127
            ],
            [
              -68.99182499999989,
              10.246063000000106
            ],
            [
              -68.99389,
              10.245790000000113
            ],
            [
              -68.996683,
              10.244200000000149
            ],
            [
              -68.998719,
              10.243537
            ],
            [
              -68.99982299999988,
              10.242493000000138
            ],
            [
              -69.001243,
              10.240459
            ],
            [
              -69.000196,
              10.240263
            ],
            [
              -68.999467,
              10.239215000000172
            ],
            [
              -68.997673,
              10.238521000000105
            ],
            [
              -68.996275,
              10.237962
            ],
            [
              -68.995056,
              10.236758
            ],
            [
              -68.994853,
              10.234947
            ],
            [
              -68.995412,
              10.232738
            ],
            [
              -68.994703,
              10.231437
            ],
            [
              -68.993439,
              10.230440000000101
            ],
            [
              -68.99273899999986,
              10.227648
            ],
            [
              -68.988429,
              10.213875
            ],
            [
              -68.987594,
              10.211519
            ],
            [
              -68.98502899999988,
              10.210306000000116
            ],
            [
              -68.983559,
              10.209518
            ],
            [
              -68.981929,
              10.208984000000157
            ],
            [
              -68.980185,
              10.20856600000019
            ],
            [
              -68.979357,
              10.204535
            ],
            [
              -68.97770899999989,
              10.20442
            ],
            [
              -68.976649,
              10.20291
            ],
            [
              -68.974967,
              10.201871
            ],
            [
              -68.973059,
              10.201317
            ],
            [
              -68.971062,
              10.201223000000141
            ],
            [
              -68.969608,
              10.199608
            ],
            [
              -68.968991,
              10.198260000000118
            ],
            [
              -68.96628899999985,
              10.197163000000103
            ],
            [
              -68.964385,
              10.197068
            ],
            [
              -68.957288,
              10.187868
            ],
            [
              -68.95582,
              10.187263
            ],
            [
              -68.95501499999989,
              10.186545
            ],
            [
              -68.964698,
              10.18065300000012
            ],
            [
              -68.964276,
              10.180086
            ],
            [
              -68.963014,
              10.178389
            ],
            [
              -68.962563,
              10.176463000000183
            ],
            [
              -68.962183,
              10.174603000000104
            ],
            [
              -68.96203899999983,
              10.173617
            ],
            [
              -68.962034,
              10.172629
            ],
            [
              -68.96216699999985,
              10.171342
            ],
            [
              -68.96278599999982,
              10.16959300000019
            ],
            [
              -68.96345499999984,
              10.168739
            ],
            [
              -68.963587,
              10.167176
            ],
            [
              -68.96208199999984,
              10.165845
            ],
            [
              -68.96198916699996,
              10.165574487000129
            ],
            [
              -68.962071,
              10.16555000000011
            ],
            [
              -68.961717,
              10.164798
            ],
            [
              -68.961528,
              10.163973
            ],
            [
              -68.962057,
              10.163005
            ],
            [
              -68.961263,
              10.162137
            ],
            [
              -68.960471,
              10.16159
            ],
            [
              -68.959743,
              10.160033000000169
            ],
            [
              -68.95945499999988,
              10.15799
            ],
            [
              -68.95826099999988,
              10.156229
            ],
            [
              -68.957397,
              10.155453000000136
            ],
            [
              -68.957202,
              10.153593
            ],
            [
              -68.957057,
              10.152331000000117
            ],
            [
              -68.957028,
              10.15111400000012
            ],
            [
              -68.957184,
              10.149689
            ],
            [
              -68.956949,
              10.149185
            ],
            [
              -68.956481,
              10.148407000000134
            ],
            [
              -68.9565869999999,
              10.146293000000185
            ],
            [
              -68.956399,
              10.145858
            ],
            [
              -68.955652,
              10.145035
            ],
            [
              -68.95423,
              10.144389
            ],
            [
              -68.953906,
              10.144242000000133
            ],
            [
              -68.953884,
              10.144115000000113
            ],
            [
              -68.953404,
              10.141327
            ],
            [
              -68.953676,
              10.139994
            ],
            [
              -68.95383,
              10.13827
            ],
            [
              -68.953499,
              10.136963
            ],
            [
              -68.953284,
              10.135701
            ],
            [
              -68.953764,
              10.13404400000013
            ],
            [
              -68.954014,
              10.132917000000134
            ],
            [
              -68.953868,
              10.131562
            ],
            [
              -68.952239,
              10.130951
            ],
            [
              -68.948912,
              10.129708
            ],
            [
              -68.947819,
              10.129462000000103
            ],
            [
              -68.947415,
              10.127695
            ],
            [
              -68.945945,
              10.126142000000186
            ],
            [
              -68.944831,
              10.126424
            ],
            [
              -68.944357,
              10.124429
            ],
            [
              -68.942757,
              10.124943
            ],
            [
              -68.940989,
              10.12438
            ],
            [
              -68.938478,
              10.124004
            ],
            [
              -68.935343,
              10.124275
            ],
            [
              -68.93306299999989,
              10.123369
            ],
            [
              -68.931505,
              10.123126
            ],
            [
              -68.930156,
              10.122605
            ],
            [
              -68.929318,
              10.122381
            ],
            [
              -68.92810999999989,
              10.122227
            ],
            [
              -68.927226,
              10.122025
            ],
            [
              -68.925299,
              10.122197
            ],
            [
              -68.9250229999999,
              10.122635000000116
            ],
            [
              -68.925003,
              10.122345
            ],
            [
              -68.924198,
              10.121919
            ],
            [
              -68.9225249999999,
              10.12166
            ],
            [
              -68.92058,
              10.122093000000177
            ],
            [
              -68.91906399999988,
              10.12132800000012
            ],
            [
              -68.91768299999984,
              10.119988
            ],
            [
              -68.916255,
              10.118648
            ],
            [
              -68.914783,
              10.117699
            ],
            [
              -68.913808,
              10.115115000000117
            ],
            [
              -68.912917,
              10.114206
            ],
            [
              -68.91134,
              10.114245
            ],
            [
              -68.910639,
              10.113678000000107
            ],
            [
              -68.908455,
              10.113401
            ],
            [
              -68.90673499999986,
              10.113005
            ],
            [
              -68.904808,
              10.112933
            ],
            [
              -68.902464,
              10.112126000000103
            ],
            [
              -68.90186099999988,
              10.11162000000013
            ],
            [
              -68.903203,
              10.110505000000103
            ],
            [
              -68.904266,
              10.109778000000176
            ],
            [
              -68.905679,
              10.108851000000186
            ],
            [
              -68.907537,
              10.108864
            ],
            [
              -68.908996,
              10.107890000000111
            ],
            [
              -68.909173,
              10.106075
            ],
            [
              -68.90968,
              10.105268
            ],
            [
              -68.911288,
              10.106315000000166
            ],
            [
              -68.913044,
              10.104284000000177
            ],
            [
              -68.915297,
              10.1045
            ],
            [
              -68.917379,
              10.102651
            ],
            [
              -68.919631,
              10.102270000000146
            ],
            [
              -68.920283,
              10.102519000000143
            ],
            [
              -68.920797,
              10.103320000000167
            ],
            [
              -68.922402,
              10.103632
            ],
            [
              -68.924117,
              10.102864
            ],
            [
              -68.92497399999985,
              10.102354000000162
            ],
            [
              -68.925597,
              10.101592
            ],
            [
              -68.92696599999982,
              10.101240000000189
            ],
            [
              -68.92821999999984,
              10.101164
            ],
            [
              -68.9294,
              10.100284000000102
            ],
            [
              -68.92905,
              10.099987
            ],
            [
              -68.928191,
              10.09997
            ],
            [
              -68.924817,
              10.098611
            ],
            [
              -68.92339399999986,
              10.097379000000103
            ],
            [
              -68.92189899999988,
              10.095504
            ],
            [
              -68.92278,
              10.09026200000011
            ],
            [
              -68.924794,
              10.08384100000012
            ],
            [
              -68.92547599999989,
              10.080736000000115
            ],
            [
              -68.9255639999999,
              10.074695000000133
            ],
            [
              -68.922828,
              10.075607000000105
            ],
            [
              -68.920463,
              10.076677000000132
            ],
            [
              -68.915851,
              10.078794000000187
            ],
            [
              -68.911867,
              10.08099900000019
            ],
            [
              -68.909088,
              10.082808000000114
            ],
            [
              -68.90654,
              10.084109000000126
            ],
            [
              -68.90473299999985,
              10.085268
            ],
            [
              -68.903553,
              10.086239000000148
            ],
            [
              -68.902856,
              10.086831
            ],
            [
              -68.901783,
              10.087167
            ],
            [
              -68.89856799999984,
              10.088254
            ],
            [
              -68.896195,
              10.090114000000142
            ],
            [
              -68.894439,
              10.090843
            ],
            [
              -68.891929,
              10.090455
            ],
            [
              -68.889403,
              10.090779
            ],
            [
              -68.886813,
              10.091585000000123
            ],
            [
              -68.88490699999988,
              10.088332
            ],
            [
              -68.881757,
              10.088478000000123
            ],
            [
              -68.880304,
              10.08824200000015
            ],
            [
              -68.87764,
              10.088016
            ],
            [
              -68.87691399999989,
              10.087775
            ],
            [
              -68.874731,
              10.08828300000016
            ],
            [
              -68.87291599999986,
              10.087681
            ],
            [
              -68.872197,
              10.08620900000011
            ],
            [
              -68.869546,
              10.08327400000013
            ],
            [
              -68.867613,
              10.08218
            ],
            [
              -68.863507,
              10.079625
            ],
            [
              -68.862541,
              10.079016
            ],
            [
              -68.860364,
              10.078417
            ],
            [
              -68.85504499999985,
              10.075993
            ],
            [
              -68.854321,
              10.075506
            ],
            [
              -68.85191,
              10.073185
            ],
            [
              -68.850826,
              10.071716
            ],
            [
              -68.849505,
              10.069386000000122
            ],
            [
              -68.848486,
              10.069082
            ],
            [
              -68.845651,
              10.068559000000107
            ],
            [
              -68.842609,
              10.06829
            ],
            [
              -68.837257,
              10.066553
            ],
            [
              -68.834759,
              10.069813000000124
            ],
            [
              -68.832884,
              10.070359
            ],
            [
              -68.830799,
              10.070632
            ],
            [
              -68.830072,
              10.072338000000173
            ],
            [
              -68.828579,
              10.073982000000115
            ],
            [
              -68.825567,
              10.074493000000132
            ],
            [
              -68.823135,
              10.074953000000164
            ],
            [
              -68.819742,
              10.074252
            ],
            [
              -68.817802,
              10.075257
            ],
            [
              -68.816019,
              10.075596
            ],
            [
              -68.81432399999989,
              10.075383
            ],
            [
              -68.813032,
              10.076199
            ],
            [
              -68.811841,
              10.077863
            ],
            [
              -68.80994299999986,
              10.078363
            ],
            [
              -68.805979,
              10.078746
            ],
            [
              -68.803761,
              10.079823
            ],
            [
              -68.801724,
              10.080348000000129
            ],
            [
              -68.798171,
              10.082540000000165
            ],
            [
              -68.795586,
              10.083988
            ],
            [
              -68.793935,
              10.086207000000172
            ],
            [
              -68.792015,
              10.086730000000102
            ],
            [
              -68.788938,
              10.087770000000148
            ],
            [
              -68.78727999999984,
              10.089163
            ],
            [
              -68.784294,
              10.089811000000111
            ],
            [
              -68.782161,
              10.090015000000108
            ],
            [
              -68.779668,
              10.091393
            ],
            [
              -68.777351,
              10.091829
            ],
            [
              -68.777364,
              10.093276
            ],
            [
              -68.776634,
              10.094683000000146
            ],
            [
              -68.775695,
              10.096115000000168
            ],
            [
              -68.774209,
              10.095991
            ],
            [
              -68.77241,
              10.097133
            ],
            [
              -68.770249,
              10.099403
            ],
            [
              -68.7675109999999,
              10.101885
            ],
            [
              -68.764768,
              10.103954
            ],
            [
              -68.76129499999985,
              10.107315000000142
            ],
            [
              -68.759719,
              10.107513000000154
            ],
            [
              -68.75750099999988,
              10.108590000000106
            ],
            [
              -68.75405499999988,
              10.109771000000137
            ],
            [
              -68.752128,
              10.109720000000152
            ],
            [
              -68.750482,
              10.109897
            ],
            [
              -68.74884299999985,
              10.110853000000134
            ],
            [
              -68.748459,
              10.112027
            ],
            [
              -68.749073,
              10.113215000000139
            ],
            [
              -68.748526,
              10.11429900000013
            ],
            [
              -68.747394,
              10.11495200000013
            ],
            [
              -68.74563399999988,
              10.11526700000013
            ],
            [
              -68.74627,
              10.116363
            ],
            [
              -68.747377,
              10.118188
            ],
            [
              -68.748663,
              10.119278000000179
            ],
            [
              -68.74988699999989,
              10.121263
            ],
            [
              -68.746791,
              10.12283
            ],
            [
              -68.743856,
              10.124097
            ],
            [
              -68.743754,
              10.125706
            ],
            [
              -68.7444359999999,
              10.126663000000121
            ],
            [
              -68.744238,
              10.127927
            ],
            [
              -68.743077,
              10.127801000000147
            ],
            [
              -68.743414,
              10.129243
            ],
            [
              -68.74068299999988,
              10.130026
            ],
            [
              -68.73885499999989,
              10.130572
            ],
            [
              -68.7360599999999,
              10.131975000000182
            ],
            [
              -68.734234,
              10.1327730000001
            ],
            [
              -68.732472,
              10.132881000000168
            ],
            [
              -68.730998,
              10.134135000000185
            ],
            [
              -68.728672,
              10.136153
            ],
            [
              -68.726163,
              10.138495000000148
            ],
            [
              -68.724664,
              10.141727
            ],
            [
              -68.722625,
              10.143093
            ],
            [
              -68.721075,
              10.144617
            ],
            [
              -68.720009,
              10.145128
            ],
            [
              -68.715975,
              10.14717000000013
            ],
            [
              -68.7144459999999,
              10.148165000000176
            ],
            [
              -68.7135679999999,
              10.149295
            ],
            [
              -68.713664,
              10.150030000000129
            ],
            [
              -68.714459,
              10.151427
            ],
            [
              -68.71481399999988,
              10.152895
            ],
            [
              -68.715886,
              10.153739
            ],
            [
              -68.717583,
              10.154052
            ],
            [
              -68.718954,
              10.15436700000015
            ],
            [
              -68.719932,
              10.154821
            ],
            [
              -68.720374,
              10.155094
            ],
            [
              -68.720702,
              10.155575000000113
            ],
            [
              -68.721495,
              10.156398
            ],
            [
              -68.722126,
              10.15729
            ],
            [
              -68.722638,
              10.157747
            ],
            [
              -68.723571,
              10.158247000000188
            ],
            [
              -68.7247809999999,
              10.158884000000171
            ],
            [
              -68.725456,
              10.159179
            ],
            [
              -68.72664399999985,
              10.159954
            ],
            [
              -68.72680699999984,
              10.160068
            ],
            [
              -68.72685399999989,
              10.160182
            ],
            [
              -68.72848099999987,
              10.160518
            ],
            [
              -68.72969099999989,
              10.161017
            ],
            [
              -68.731036,
              10.160367000000122
            ],
            [
              -68.731175,
              10.160275000000127
            ],
            [
              -68.731551,
              10.16004
            ],
            [
              -68.734085,
              10.16059
            ],
            [
              -68.7737479999999,
              10.174475
            ],
            [
              -68.774075,
              10.174909000000184
            ],
            [
              -68.775567,
              10.176142
            ],
            [
              -68.77652,
              10.176297
            ],
            [
              -68.777636,
              10.176475
            ],
            [
              -68.779561,
              10.17586800000015
            ],
            [
              -68.781396,
              10.175858
            ],
            [
              -68.783346,
              10.17548
            ],
            [
              -68.7851189999999,
              10.177147000000105
            ],
            [
              -68.785842,
              10.177878
            ],
            [
              -68.78644899999989,
              10.178449000000171
            ],
            [
              -68.78724199999988,
              10.179271000000142
            ],
            [
              -68.788174,
              10.180001000000175
            ],
            [
              -68.789149,
              10.179698000000144
            ],
            [
              -68.790105,
              10.18047300000012
            ],
            [
              -68.79124499999989,
              10.180789000000175
            ],
            [
              -68.792526,
              10.181563
            ],
            [
              -68.79336599999988,
              10.182293
            ],
            [
              -68.794436,
              10.182747000000177
            ],
            [
              -68.795202,
              10.182559
            ],
            [
              -68.795758,
              10.182119
            ],
            [
              -68.795686,
              10.181729000000132
            ],
            [
              -68.79664899999983,
              10.181949
            ],
            [
              -68.796965,
              10.182021000000134
            ],
            [
              -68.79766399999988,
              10.182362000000126
            ],
            [
              -68.799127,
              10.182193000000154
            ],
            [
              -68.799616,
              10.182489000000146
            ],
            [
              -68.800642,
              10.183448
            ],
            [
              -68.802205,
              10.185024000000112
            ],
            [
              -68.802628,
              10.186148000000173
            ],
            [
              -68.803677,
              10.186854000000153
            ],
            [
              -68.80448899999988,
              10.186620000000175
            ],
            [
              -68.805764,
              10.185993000000167
            ],
            [
              -68.8071139999999,
              10.18653600000016
            ],
            [
              -68.809298,
              10.186593
            ],
            [
              -68.811505,
              10.18653600000016
            ],
            [
              -68.813089,
              10.187285
            ],
            [
              -68.813929,
              10.18813
            ],
            [
              -68.815278,
              10.18860500000011
            ],
            [
              -68.81630899999988,
              10.190644
            ],
            [
              -68.81694299999987,
              10.192110000000184
            ],
            [
              -68.818248,
              10.192953000000102
            ],
            [
              -68.81943399999989,
              10.193314000000157
            ],
            [
              -68.81948099999988,
              10.193291
            ],
            [
              -68.820713,
              10.193628
            ],
            [
              -68.8226939999999,
              10.194881000000123
            ],
            [
              -68.823232,
              10.195773
            ],
            [
              -68.8240239999999,
              10.196297
            ],
            [
              -68.825027,
              10.197234000000151
            ],
            [
              -68.82605499999988,
              10.198445000000163
            ],
            [
              -68.826923,
              10.200462
            ],
            [
              -68.827741,
              10.201583
            ],
            [
              -68.82839599999988,
              10.202498000000105
            ],
            [
              -68.828701,
              10.203346000000124
            ],
            [
              -68.829262,
              10.204009
            ],
            [
              -68.831077,
              10.204688000000147
            ],
            [
              -68.83245,
              10.205278
            ],
            [
              -68.833149,
              10.205503
            ],
            [
              -68.833735,
              10.20667200000014
            ],
            [
              -68.834644,
              10.20733300000012
            ],
            [
              -68.836202,
              10.207462000000135
            ],
            [
              -68.83759599999985,
              10.207454
            ],
            [
              -68.839042,
              10.208870000000104
            ],
            [
              -68.84053,
              10.208931000000177
            ],
            [
              -68.84053,
              10.209068000000173
            ],
            [
              -68.841576,
              10.2092
            ],
            [
              -68.843159,
              10.209904
            ],
            [
              -68.843905,
              10.210382000000152
            ],
            [
              -68.8444669999999,
              10.211435
            ],
            [
              -68.84525699999989,
              10.211385
            ],
            [
              -68.84739499999989,
              10.211511000000144
            ],
            [
              -68.8487229999999,
              10.21237600000012
            ],
            [
              -68.850281,
              10.212574000000188
            ],
            [
              -68.851373,
              10.212568
            ],
            [
              -68.85265,
              10.212354
            ],
            [
              -68.853771,
              10.213795000000118
            ],
            [
              -68.854493,
              10.214044000000115
            ],
            [
              -68.855657,
              10.214749
            ],
            [
              -68.85694,
              10.215592000000129
            ],
            [
              -68.85842999999988,
              10.216227
            ],
            [
              -68.859572,
              10.217116
            ],
            [
              -68.86054999999988,
              10.217547
            ],
            [
              -68.86146099999985,
              10.218644
            ],
            [
              -68.862487,
              10.219488
            ],
            [
              -68.863605,
              10.220010000000116
            ],
            [
              -68.864445,
              10.220741
            ],
            [
              -68.865262,
              10.221609
            ],
            [
              -68.866939,
              10.222564
            ],
            [
              -68.8680829999999,
              10.223890000000154
            ],
            [
              -68.867831,
              10.224557
            ],
            [
              -68.86758,
              10.22559200000012
            ],
            [
              -68.867979,
              10.226578000000131
            ],
            [
              -68.868049,
              10.226591000000155
            ],
            [
              -68.868401,
              10.227379000000155
            ],
            [
              -68.870146,
              10.227875000000154
            ],
            [
              -68.870193,
              10.227874
            ],
            [
              -68.87250299999988,
              10.230135000000132
            ],
            [
              -68.87325099999987,
              10.231188
            ],
            [
              -68.873604,
              10.232104000000106
            ],
            [
              -68.874471,
              10.233799
            ],
            [
              -68.8748,
              10.234555
            ],
            [
              -68.875712,
              10.23586
            ],
            [
              -68.876253,
              10.237098000000174
            ],
            [
              -68.876818,
              10.238725000000102
            ],
            [
              -68.879128,
              10.240687
            ],
            [
              -68.88024599999989,
              10.241370000000131
            ],
            [
              -68.880923,
              10.241963000000169
            ],
            [
              -68.88225099999988,
              10.242806
            ],
            [
              -68.883599,
              10.242982
            ],
            [
              -68.88441599999987,
              10.24371200000013
            ],
            [
              -68.8852839999999,
              10.245476
            ],
            [
              -68.885568,
              10.246646
            ],
            [
              -68.885415,
              10.248851
            ],
            [
              -68.88553899999988,
              10.250482
            ],
            [
              -68.88582299999985,
              10.25172
            ],
            [
              -68.88657099999983,
              10.25247400000012
            ],
            [
              -68.887271,
              10.253205
            ],
            [
              -68.888254,
              10.254692
            ],
            [
              -68.888403,
              10.256896
            ],
            [
              -68.88882599999988,
              10.257928
            ],
            [
              -68.889201,
              10.25866
            ],
            [
              -68.890505,
              10.259181000000126
            ],
            [
              -68.892045,
              10.260482000000138
            ],
            [
              -68.892399,
              10.261812
            ],
            [
              -68.892357,
              10.262639
            ],
            [
              -68.892338,
              10.26353500000016
            ],
            [
              -68.892366,
              10.264729
            ],
            [
              -68.89286499999986,
              10.267046
            ],
            [
              -68.894631,
              10.266944000000137
            ],
            [
              -68.896002,
              10.26673
            ],
            [
              -68.896587,
              10.267645
            ],
            [
              -68.896918,
              10.268952000000183
            ],
            [
              -68.897413,
              10.270465000000115
            ],
            [
              -68.8981179999999,
              10.272115
            ],
            [
              -68.898681,
              10.273283
            ],
            [
              -68.89931399999983,
              10.274428000000114
            ],
            [
              -68.90003699999988,
              10.27509
            ],
            [
              -68.901667,
              10.275816
            ],
            [
              -68.903578,
              10.276861000000167
            ],
            [
              -68.90494899999987,
              10.277014
            ],
            [
              -68.905925,
              10.276894
            ],
            [
              -68.906717,
              10.27732500000019
            ]
          ]
        ]
      }
    },
    {
      "type": "Feature",
      "properties": {
        "Pais": "Venezuela",
        "Estado": "Yaracuy",
        "Municipio": "Cocorote"
      },
      "geometry": {
        "type": "Polygon",
        "coordinates": [
          [
            [
              -68.67338199999989,
              10.198616
            ],
            [
              -68.671913,
              10.20039700000018
            ],
            [
              -68.671603,
              10.202121
            ],
            [
              -68.672406,
              10.203812000000141
            ],
            [
              -68.6727489999999,
              10.20582800000011
            ],
            [
              -68.67257699999988,
              10.207459
            ],
            [
              -68.671154,
              10.209286
            ],
            [
              -68.7247799999999,
              10.264663
            ],
            [
              -68.763108,
              10.302132000000142
            ],
            [
              -68.764603,
              10.320809
            ],
            [
              -68.76654,
              10.321982000000105
            ],
            [
              -68.767561,
              10.323855
            ],
            [
              -68.76925599999987,
              10.325714000000175
            ],
            [
              -68.77095499999984,
              10.327682000000152
            ],
            [
              -68.7725,
              10.331816
            ],
            [
              -68.77404799999988,
              10.332676000000163
            ],
            [
              -68.776903,
              10.333988
            ],
            [
              -68.78070299999985,
              10.335416
            ],
            [
              -68.782099,
              10.337264000000175
            ],
            [
              -68.78345099999984,
              10.338552000000163
            ],
            [
              -68.786083,
              10.339895
            ],
            [
              -68.787675,
              10.347443
            ],
            [
              -68.789725,
              10.3606
            ],
            [
              -68.790292,
              10.365452
            ],
            [
              -68.795757,
              10.384507
            ],
            [
              -68.79764,
              10.393004000000133
            ],
            [
              -68.798997,
              10.399667
            ],
            [
              -68.79961,
              10.40339100000017
            ],
            [
              -68.79961,
              10.403392
            ],
            [
              -68.79982499999988,
              10.403252
            ],
            [
              -68.799797,
              10.401236
            ],
            [
              -68.79944099999983,
              10.398995
            ],
            [
              -68.799723,
              10.395943000000159
            ],
            [
              -68.800311,
              10.391559000000143
            ],
            [
              -68.80194899999987,
              10.38926800000013
            ],
            [
              -68.80365699999987,
              10.386954000000173
            ],
            [
              -68.80535799999984,
              10.38425
            ],
            [
              -68.807049,
              10.38244
            ],
            [
              -68.80839799999984,
              10.381047
            ],
            [
              -68.811703,
              10.378435000000138
            ],
            [
              -68.81281299999989,
              10.376587
            ],
            [
              -68.813201,
              10.374428
            ],
            [
              -68.814124,
              10.372445000000141
            ],
            [
              -68.81549199999989,
              10.370776
            ],
            [
              -68.81738999999988,
              10.368849000000125
            ],
            [
              -68.8190259999999,
              10.366421000000173
            ],
            [
              -68.821123,
              10.363803
            ],
            [
              -68.823943,
              10.363123000000144
            ],
            [
              -68.824844,
              10.363098
            ],
            [
              -68.827119,
              10.363035000000139
            ],
            [
              -68.82819299999989,
              10.35655
            ],
            [
              -68.82789,
              10.351268000000118
            ],
            [
              -68.826734,
              10.327226
            ],
            [
              -68.807681,
              10.289649
            ],
            [
              -68.804546,
              10.282344
            ],
            [
              -68.80174804899991,
              10.280399627000122
            ],
            [
              -68.76470299999983,
              10.254656
            ],
            [
              -68.710605,
              10.236017
            ],
            [
              -68.699768,
              10.224066000000107
            ],
            [
              -68.6746842799999,
              10.197643294000045
            ],
            [
              -68.674684,
              10.197643
            ],
            [
              -68.67338199999989,
              10.198616
            ]
          ]
        ]
      }
    },
    {
      "type": "Feature",
      "properties": {
        "Pais": "Venezuela",
        "Estado": "Yaracuy",
        "Municipio": "Independencia"
      },
      "geometry": {
        "type": "Polygon",
        "coordinates": [
          [
            [
              -68.671154,
              10.209286
            ],
            [
              -68.67159,
              10.215067
            ],
            [
              -68.67929199999986,
              10.283168000000103
            ],
            [
              -68.68025299999988,
              10.290972000000124
            ],
            [
              -68.680645,
              10.29495
            ],
            [
              -68.681252,
              10.295682000000113
            ],
            [
              -68.682346,
              10.296136
            ],
            [
              -68.683394,
              10.29675
            ],
            [
              -68.684349,
              10.297297000000128
            ],
            [
              -68.685234,
              10.297706
            ],
            [
              -68.686492,
              10.298503
            ],
            [
              -68.68705,
              10.29873
            ],
            [
              -68.688887,
              10.298996
            ],
            [
              -68.689726,
              10.299612
            ],
            [
              -68.690568,
              10.300802
            ],
            [
              -68.691523,
              10.301395000000127
            ],
            [
              -68.692734,
              10.302055000000166
            ],
            [
              -68.69383099999988,
              10.303197000000182
            ],
            [
              -68.69436999999988,
              10.304435000000126
            ],
            [
              -68.695121,
              10.306268
            ],
            [
              -68.697358,
              10.307681000000116
            ],
            [
              -68.69840799999986,
              10.308778
            ],
            [
              -68.69927399999983,
              10.310175
            ],
            [
              -68.699464,
              10.311322
            ],
            [
              -68.699629,
              10.311942
            ],
            [
              -68.70219,
              10.312824
            ],
            [
              -68.704173,
              10.314537
            ],
            [
              -68.704871,
              10.314947000000188
            ],
            [
              -68.705292,
              10.315564
            ],
            [
              -68.708599,
              10.317224
            ],
            [
              -68.70985799999988,
              10.318229
            ],
            [
              -68.712049,
              10.319757
            ],
            [
              -68.714337,
              10.322249
            ],
            [
              -68.716456,
              10.323317
            ],
            [
              -68.720699,
              10.327403000000118
            ],
            [
              -68.720432,
              10.323664
            ],
            [
              -68.72163599999982,
              10.322693000000186
            ],
            [
              -68.722561,
              10.321517
            ],
            [
              -68.7251859999999,
              10.320859
            ],
            [
              -68.727069,
              10.321033000000114
            ],
            [
              -68.73939,
              10.33028800000011
            ],
            [
              -68.73964599999988,
              10.3307
            ],
            [
              -68.739925,
              10.33129600000018
            ],
            [
              -68.7401799999999,
              10.331501000000117
            ],
            [
              -68.74122499999987,
              10.332164
            ],
            [
              -68.7415969999999,
              10.332713000000183
            ],
            [
              -68.741993,
              10.333653
            ],
            [
              -68.742481,
              10.334271000000115
            ],
            [
              -68.74333999999988,
              10.33514
            ],
            [
              -68.744176,
              10.335963000000163
            ],
            [
              -68.744571,
              10.336513
            ],
            [
              -68.745478,
              10.33752
            ],
            [
              -68.74550099999982,
              10.337588000000153
            ],
            [
              -68.745293,
              10.337864
            ],
            [
              -68.745109,
              10.338553
            ],
            [
              -68.745551,
              10.339217
            ],
            [
              -68.746201,
              10.339743000000112
            ],
            [
              -68.7469,
              10.341553
            ],
            [
              -68.746832,
              10.342287000000113
            ],
            [
              -68.7472279999999,
              10.342883
            ],
            [
              -68.747576,
              10.343317
            ],
            [
              -68.747832,
              10.34384400000016
            ],
            [
              -68.748321,
              10.345128000000159
            ],
            [
              -68.748577,
              10.345448000000147
            ],
            [
              -68.748787,
              10.345929000000183
            ],
            [
              -68.74895,
              10.346456
            ],
            [
              -68.74946199999988,
              10.347235
            ],
            [
              -68.749873,
              10.347461
            ],
            [
              -68.75096999999988,
              10.348033000000157
            ],
            [
              -68.75150399999984,
              10.348605
            ],
            [
              -68.75213,
              10.348810000000128
            ],
            [
              -68.752733,
              10.348831000000132
            ],
            [
              -68.753868,
              10.348644
            ],
            [
              -68.754935,
              10.34871
            ],
            [
              -68.755398,
              10.348846
            ],
            [
              -68.756835,
              10.348659000000112
            ],
            [
              -68.758779,
              10.3473
            ],
            [
              -68.759289,
              10.347229
            ],
            [
              -68.759868,
              10.346998000000156
            ],
            [
              -68.76125799999988,
              10.346650000000125
            ],
            [
              -68.76209199999988,
              10.34664800000013
            ],
            [
              -68.76283399999988,
              10.34678300000013
            ],
            [
              -68.763367,
              10.346827
            ],
            [
              -68.76448,
              10.34687
            ],
            [
              -68.76513099999988,
              10.347625000000164
            ],
            [
              -68.76513299999988,
              10.348635
            ],
            [
              -68.76587599999988,
              10.349366000000146
            ],
            [
              -68.76645599999983,
              10.349686000000133
            ],
            [
              -68.767454,
              10.349912
            ],
            [
              -68.76791899999989,
              10.350393
            ],
            [
              -68.76843,
              10.35103400000014
            ],
            [
              -68.769081,
              10.351926
            ],
            [
              -68.769153,
              10.353096
            ],
            [
              -68.769363,
              10.353646
            ],
            [
              -68.769344,
              10.355481
            ],
            [
              -68.768975,
              10.356538
            ],
            [
              -68.769302,
              10.357592
            ],
            [
              -68.770323,
              10.3583
            ],
            [
              -68.770858,
              10.35917
            ],
            [
              -68.770883,
              10.359927
            ],
            [
              -68.771233,
              10.361073000000147
            ],
            [
              -68.772234,
              10.362905
            ],
            [
              -68.7724199999999,
              10.363134000000116
            ],
            [
              -68.772906,
              10.363087000000178
            ],
            [
              -68.773719,
              10.363750000000152
            ],
            [
              -68.774486,
              10.364527000000123
            ],
            [
              -68.774883,
              10.365903000000117
            ],
            [
              -68.77532799999989,
              10.367989
            ],
            [
              -68.776098,
              10.370418
            ],
            [
              -68.77633199999985,
              10.371633
            ],
            [
              -68.776243,
              10.373493000000167
            ],
            [
              -68.77645599999988,
              10.37535000000014
            ],
            [
              -68.776692,
              10.3773
            ],
            [
              -68.77695199999988,
              10.379708000000107
            ],
            [
              -68.777282,
              10.382069
            ],
            [
              -68.777865,
              10.383742000000154
            ],
            [
              -68.777892,
              10.385486000000185
            ],
            [
              -68.777759,
              10.388308000000109
            ],
            [
              -68.777973,
              10.390831000000105
            ],
            [
              -68.778068,
              10.391817000000174
            ],
            [
              -68.778071,
              10.392964
            ],
            [
              -68.777867,
              10.395098
            ],
            [
              -68.77803399999988,
              10.397277
            ],
            [
              -68.77785,
              10.398195000000158
            ],
            [
              -68.777297,
              10.39971
            ],
            [
              -68.777091,
              10.401087000000132
            ],
            [
              -68.777303,
              10.402463000000125
            ],
            [
              -68.777446,
              10.404298
            ],
            [
              -68.77707799999985,
              10.405836000000136
            ],
            [
              -68.77728999999988,
              10.407143000000133
            ],
            [
              -68.77764,
              10.407991
            ],
            [
              -68.777804,
              10.409046
            ],
            [
              -68.777922,
              10.409802
            ],
            [
              -68.77783199999988,
              10.411133
            ],
            [
              -68.777717,
              10.41173
            ],
            [
              -68.777603,
              10.412395000000174
            ],
            [
              -68.77762799999988,
              10.413383
            ],
            [
              -68.77758299999988,
              10.414094
            ],
            [
              -68.77758399999988,
              10.414438
            ],
            [
              -68.777766,
              10.414961
            ],
            [
              -68.779052,
              10.414049
            ],
            [
              -68.780766,
              10.412215
            ],
            [
              -68.781855,
              10.410390000000177
            ],
            [
              -68.783923,
              10.408987
            ],
            [
              -68.78640499999983,
              10.407327
            ],
            [
              -68.788523,
              10.406153
            ],
            [
              -68.791603,
              10.405791
            ],
            [
              -68.794908,
              10.404991
            ],
            [
              -68.79766399999988,
              10.404656
            ],
            [
              -68.79961,
              10.403392
            ],
            [
              -68.79961,
              10.40339100000017
            ],
            [
              -68.798997,
              10.399667
            ],
            [
              -68.79764,
              10.393004000000133
            ],
            [
              -68.795757,
              10.384507
            ],
            [
              -68.790292,
              10.365452
            ],
            [
              -68.789725,
              10.3606
            ],
            [
              -68.787675,
              10.347443
            ],
            [
              -68.786083,
              10.339895
            ],
            [
              -68.78345099999984,
              10.338552000000163
            ],
            [
              -68.782099,
              10.337264000000175
            ],
            [
              -68.78070299999985,
              10.335416
            ],
            [
              -68.776903,
              10.333988
            ],
            [
              -68.77404799999988,
              10.332676000000163
            ],
            [
              -68.7725,
              10.331816
            ],
            [
              -68.77095499999984,
              10.327682000000152
            ],
            [
              -68.76925599999987,
              10.325714000000175
            ],
            [
              -68.767561,
              10.323855
            ],
            [
              -68.76654,
              10.321982000000105
            ],
            [
              -68.764603,
              10.320809
            ],
            [
              -68.763108,
              10.302132000000142
            ],
            [
              -68.7247799999999,
              10.264663
            ],
            [
              -68.671154,
              10.209286
            ]
          ]
        ]
      }
    },
    {
      "type": "Feature",
      "properties": {
        "Pais": "Venezuela",
        "Estado": "Yaracuy",
        "Municipio": "José Antonio Páez"
      },
      "geometry": {
        "type": "Polygon",
        "coordinates": [
          [
            [
              -69.030627,
              10.152978000000132
            ],
            [
              -69.032231,
              10.15361700000011
            ],
            [
              -69.033905,
              10.154165000000148
            ],
            [
              -69.035649,
              10.154505
            ],
            [
              -69.036346,
              10.15475600000019
            ],
            [
              -69.036859,
              10.155489000000102
            ],
            [
              -69.037999,
              10.15617500000019
            ],
            [
              -69.03930099999985,
              10.156609
            ],
            [
              -69.040533,
              10.15685900000011
            ],
            [
              -69.04171799999989,
              10.156581000000187
            ],
            [
              -69.042716,
              10.156121000000155
            ],
            [
              -69.043785,
              10.15598100000011
            ],
            [
              -69.044922,
              10.155291
            ],
            [
              -69.0465,
              10.154118000000153
            ],
            [
              -69.04721899999987,
              10.153427
            ],
            [
              -69.048985,
              10.152896000000112
            ],
            [
              -69.050332,
              10.152756
            ],
            [
              -69.051749,
              10.152203000000156
            ],
            [
              -69.053004,
              10.151925
            ],
            [
              -69.0542109999999,
              10.151441
            ],
            [
              -69.055394,
              10.149948000000109
            ],
            [
              -69.056345,
              10.149166
            ],
            [
              -69.05724999999984,
              10.148269
            ],
            [
              -69.05783,
              10.147695
            ],
            [
              -69.059363,
              10.147508000000187
            ],
            [
              -69.060036,
              10.147323000000142
            ],
            [
              -69.061476,
              10.146839
            ],
            [
              -69.062452,
              10.146722000000182
            ],
            [
              -69.063753,
              10.146468
            ],
            [
              -69.0653779999999,
              10.145960000000173
            ],
            [
              -69.066052,
              10.145844000000181
            ],
            [
              -69.067909,
              10.144854000000123
            ],
            [
              -69.068859,
              10.143384
            ],
            [
              -69.069531,
              10.142189
            ],
            [
              -69.069947,
              10.14129400000013
            ],
            [
              -69.07013099999989,
              10.14033000000012
            ],
            [
              -69.0701279999999,
              10.13877
            ],
            [
              -69.070358,
              10.137462000000141
            ],
            [
              -69.070145,
              10.135467
            ],
            [
              -69.070142,
              10.13383800000014
            ],
            [
              -69.070255,
              10.1322100000001
            ],
            [
              -69.070253,
              10.131246
            ],
            [
              -69.069089,
              10.130718
            ],
            [
              -69.06711699999983,
              10.130561
            ],
            [
              -69.066282,
              10.129896
            ],
            [
              -69.066605,
              10.128128
            ],
            [
              -69.06669,
              10.126941
            ],
            [
              -69.06671299999988,
              10.126941
            ],
            [
              -69.066991,
              10.12636700000013
            ],
            [
              -69.0673369999999,
              10.125471
            ],
            [
              -69.067476,
              10.125058
            ],
            [
              -69.067893,
              10.124209000000121
            ],
            [
              -69.06828599999989,
              10.123451000000102
            ],
            [
              -69.06898,
              10.12168300000019
            ],
            [
              -69.068836,
              10.119252000000131
            ],
            [
              -69.068646,
              10.117439
            ],
            [
              -69.068318,
              10.116040000000112
            ],
            [
              -69.067945,
              10.115422000000137
            ],
            [
              -69.0673369999999,
              10.113496000000112
            ],
            [
              -69.06696299999987,
              10.112212000000113
            ],
            [
              -69.066265,
              10.111411
            ],
            [
              -69.065615,
              10.11171000000013
            ],
            [
              -69.065568,
              10.11171000000013
            ],
            [
              -69.06508,
              10.111528
            ],
            [
              -69.064638,
              10.111391
            ],
            [
              -69.064057,
              10.111392000000137
            ],
            [
              -69.063035,
              10.111532000000182
            ],
            [
              -69.062222,
              10.11153400000012
            ],
            [
              -69.060478,
              10.110803
            ],
            [
              -69.058223,
              10.110738
            ],
            [
              -69.057108,
              10.110901000000183
            ],
            [
              -69.05524799999984,
              10.110010000000159
            ],
            [
              -69.054433,
              10.109415000000126
            ],
            [
              -69.053152,
              10.107789
            ],
            [
              -69.052151,
              10.106713
            ],
            [
              -69.050569,
              10.1055
            ],
            [
              -69.048615,
              10.104242
            ],
            [
              -69.047731,
              10.103923000000123
            ],
            [
              -69.046522,
              10.103306
            ],
            [
              -69.0448009999999,
              10.102575000000172
            ],
            [
              -69.0447999999999,
              10.102116
            ],
            [
              -69.044636,
              10.101452000000108
            ],
            [
              -69.043799,
              10.100696
            ],
            [
              -69.043378,
              10.099688000000185
            ],
            [
              -69.042702,
              10.098496000000182
            ],
            [
              -69.042004,
              10.097809000000154
            ],
            [
              -69.039493,
              10.096736
            ],
            [
              -69.038492,
              10.095614
            ],
            [
              -69.0377,
              10.094698000000164
            ],
            [
              -69.036487,
              10.09259
            ],
            [
              -69.035647,
              10.090756000000113
            ],
            [
              -69.035408,
              10.087063000000114
            ],
            [
              -69.034941,
              10.085734000000116
            ],
            [
              -69.034359,
              10.084886
            ],
            [
              -69.034637,
              10.08445
            ],
            [
              -69.035192,
              10.083164
            ],
            [
              -69.035793,
              10.08158
            ],
            [
              -69.036325,
              10.080386
            ],
            [
              -69.035184,
              10.07898900000015
            ],
            [
              -69.0352749999999,
              10.077911000000142
            ],
            [
              -69.0353889999999,
              10.076649000000145
            ],
            [
              -69.034689,
              10.075068000000101
            ],
            [
              -69.03304,
              10.075254
            ],
            [
              -69.031693,
              10.075555
            ],
            [
              -69.02976399999989,
              10.074916
            ],
            [
              -69.02880699999986,
              10.072578000000135
            ],
            [
              -69.028336,
              10.068909000000133
            ],
            [
              -69.02735599999988,
              10.066914
            ],
            [
              -69.025286,
              10.065656000000104
            ],
            [
              -69.024215,
              10.064029000000119
            ],
            [
              -69.02356099999986,
              10.062058
            ],
            [
              -69.02393099999989,
              10.061002000000144
            ],
            [
              -69.023765,
              10.059236
            ],
            [
              -69.02348199999989,
              10.057126
            ],
            [
              -69.022523,
              10.053595
            ],
            [
              -69.021824,
              10.052381
            ],
            [
              -69.021751,
              10.050523000000112
            ],
            [
              -69.020796,
              10.049034
            ],
            [
              -69.020655,
              10.047864
            ],
            [
              -69.021048,
              10.04685400000011
            ],
            [
              -69.021742,
              10.045522
            ],
            [
              -69.02143799999988,
              10.044353000000115
            ],
            [
              -69.021529,
              10.043275000000108
            ],
            [
              -69.02183,
              10.04242500000015
            ],
            [
              -69.022781,
              10.04164400000019
            ],
            [
              -69.023383,
              10.040404
            ],
            [
              -69.023333,
              10.038408000000118
            ],
            [
              -69.02256399999987,
              10.037354000000107
            ],
            [
              -69.021796,
              10.036759000000131
            ],
            [
              -69.020631,
              10.035179000000142
            ],
            [
              -69.020862,
              10.034123000000136
            ],
            [
              -69.020254,
              10.032312
            ],
            [
              -69.019626,
              10.031533
            ],
            [
              -69.0190659999999,
              10.030250000000137
            ],
            [
              -69.01774,
              10.028968000000134
            ],
            [
              -69.017296,
              10.027569
            ],
            [
              -69.01727199999988,
              10.027202
            ],
            [
              -69.018453,
              10.025365
            ],
            [
              -69.019497,
              10.024559000000181
            ],
            [
              -69.019588,
              10.023320000000183
            ],
            [
              -69.018471,
              10.022084
            ],
            [
              -69.01698299999987,
              10.021444
            ],
            [
              -69.01609899999988,
              10.020757
            ],
            [
              -69.015865,
              10.019978
            ],
            [
              -69.01614299999989,
              10.019129000000135
            ],
            [
              -69.016885,
              10.018623
            ],
            [
              -69.018625,
              10.017289000000119
            ],
            [
              -69.018972,
              10.01683
            ],
            [
              -69.01886832499997,
              10.016439489999982
            ],
            [
              -69.018552,
              10.015248
            ],
            [
              -69.01801299999983,
              10.012955
            ],
            [
              -69.017915,
              10.010019
            ],
            [
              -69.01769329799993,
              10.009395734
            ],
            [
              -69.0174009999999,
              10.008574
            ],
            [
              -69.01695150899991,
              10.007358688000068
            ],
            [
              -69.016655,
              10.006557000000157
            ],
            [
              -69.0161109629999,
              10.005850253000062
            ],
            [
              -69.016003,
              10.00571
            ],
            [
              -69.015282,
              10.005183000000159
            ],
            [
              -69.014095,
              10.003947
            ],
            [
              -69.013885,
              10.003351000000123
            ],
            [
              -69.01360299999988,
              10.001791
            ],
            [
              -69.013137,
              10.000714
            ],
            [
              -69.01310999999987,
              9.998328000000186
            ],
            [
              -69.013177,
              9.996906
            ],
            [
              -69.01285482799989,
              9.993207431000087
            ],
            [
              -69.01216007399995,
              9.993547147000129
            ],
            [
              -69.00091260399995,
              9.999046852000163
            ],
            [
              -68.96362087399996,
              10.017281490000016
            ],
            [
              -68.96363825799989,
              10.017097984000145
            ],
            [
              -68.96355501099993,
              10.017255994000038
            ],
            [
              -68.963516,
              10.017668
            ],
            [
              -68.962316,
              10.019031
            ],
            [
              -68.961809,
              10.019906000000105
            ],
            [
              -68.961556,
              10.02039000000019
            ],
            [
              -68.961306,
              10.021632000000125
            ],
            [
              -68.96154499999989,
              10.022871000000123
            ],
            [
              -68.9619249999999,
              10.024614
            ],
            [
              -68.9624199999999,
              10.026334000000134
            ],
            [
              -68.96255038099997,
              10.026897733000169
            ],
            [
              -68.96287099999984,
              10.028284
            ],
            [
              -68.96350699999988,
              10.030164000000127
            ],
            [
              -68.963629,
              10.031426000000124
            ],
            [
              -68.9636359999999,
              10.032758000000172
            ],
            [
              -68.96362164999994,
              10.033710671000051
            ],
            [
              -68.96361799999983,
              10.03395300000011
            ],
            [
              -68.963321,
              10.03485
            ],
            [
              -68.96184199999988,
              10.03646700000013
            ],
            [
              -68.961289,
              10.037366
            ],
            [
              -68.96011,
              10.03833800000018
            ],
            [
              -68.95934299999988,
              10.03834200000017
            ],
            [
              -68.95808899999986,
              10.03835
            ],
            [
              -68.957393,
              10.038354
            ],
            [
              -68.955354,
              10.039353000000176
            ],
            [
              -68.954013,
              10.040533
            ],
            [
              -68.952997,
              10.041664
            ],
            [
              -68.952399,
              10.043046000000174
            ],
            [
              -68.95180099999988,
              10.044083000000171
            ],
            [
              -68.951384,
              10.044407
            ],
            [
              -68.950111,
              10.045288
            ],
            [
              -68.949695,
              10.045681
            ],
            [
              -68.949604,
              10.046756000000187
            ],
            [
              -68.949807,
              10.047597000000167
            ],
            [
              -68.948314,
              10.048399
            ],
            [
              -68.948146,
              10.048388
            ],
            [
              -68.948199,
              10.048744
            ],
            [
              -68.949206,
              10.050278000000105
            ],
            [
              -68.95037899999988,
              10.052752000000169
            ],
            [
              -68.951179,
              10.054998000000182
            ],
            [
              -68.951028,
              10.057273000000123
            ],
            [
              -68.949205,
              10.059673
            ],
            [
              -68.9452,
              10.06265900000011
            ],
            [
              -68.941589,
              10.065046
            ],
            [
              -68.938137,
              10.066789
            ],
            [
              -68.934547,
              10.068923
            ],
            [
              -68.93128,
              10.070481000000143
            ],
            [
              -68.929084,
              10.07269900000017
            ],
            [
              -68.927045,
              10.073584
            ],
            [
              -68.9255639999999,
              10.074695000000133
            ],
            [
              -68.92547599999989,
              10.080736000000115
            ],
            [
              -68.924794,
              10.08384100000012
            ],
            [
              -68.92278,
              10.09026200000011
            ],
            [
              -68.92189899999988,
              10.095504
            ],
            [
              -68.92339399999986,
              10.097379000000103
            ],
            [
              -68.924817,
              10.098611
            ],
            [
              -68.928191,
              10.09997
            ],
            [
              -68.92905,
              10.099987
            ],
            [
              -68.9294,
              10.100284000000102
            ],
            [
              -68.930321,
              10.098533
            ],
            [
              -68.93047899999988,
              10.097613
            ],
            [
              -68.9311029999999,
              10.09699
            ],
            [
              -68.931912,
              10.096158000000173
            ],
            [
              -68.932281,
              10.09565
            ],
            [
              -68.933231,
              10.095186
            ],
            [
              -68.934671,
              10.095131
            ],
            [
              -68.934946,
              10.094372
            ],
            [
              -68.935129,
              10.093727000000115
            ],
            [
              -68.93638,
              10.093100000000106
            ],
            [
              -68.93812,
              10.092584
            ],
            [
              -68.939071,
              10.092395
            ],
            [
              -68.940702,
              10.093442000000152
            ],
            [
              -68.942377,
              10.094098
            ],
            [
              -68.943518,
              10.094574
            ],
            [
              -68.94561,
              10.09486
            ],
            [
              -68.946518,
              10.09536
            ],
            [
              -68.947356,
              10.0957
            ],
            [
              -68.947895,
              10.096753
            ],
            [
              -68.949314,
              10.097158
            ],
            [
              -68.950569,
              10.097426
            ],
            [
              -68.95129,
              10.0975830000001
            ],
            [
              -68.951687,
              10.097971
            ],
            [
              -68.952486,
              10.100057000000163
            ],
            [
              -68.953324,
              10.10039600000016
            ],
            [
              -68.953453,
              10.100847000000158
            ],
            [
              -68.955879,
              10.100312000000145
            ],
            [
              -68.960233,
              10.097898
            ],
            [
              -68.968603,
              10.094654
            ],
            [
              -68.974527,
              10.090094
            ],
            [
              -68.977888,
              10.088765
            ],
            [
              -68.979087,
              10.091789000000176
            ],
            [
              -68.981281,
              10.093912000000103
            ],
            [
              -68.982966,
              10.09568
            ],
            [
              -68.98365499999989,
              10.098168
            ],
            [
              -68.983978,
              10.103864
            ],
            [
              -68.986336,
              10.108461
            ],
            [
              -68.989379,
              10.110359
            ],
            [
              -68.99265999999989,
              10.113591000000156
            ],
            [
              -68.996851,
              10.116468000000168
            ],
            [
              -68.999157,
              10.117783
            ],
            [
              -69.003046,
              10.11882
            ],
            [
              -69.006385,
              10.119253
            ],
            [
              -69.010545,
              10.119169
            ],
            [
              -69.015098,
              10.11918100000014
            ],
            [
              -69.01717999999983,
              10.119805
            ],
            [
              -69.014679,
              10.123874000000114
            ],
            [
              -69.015922,
              10.12992700000018
            ],
            [
              -69.016555,
              10.133229
            ],
            [
              -69.017208,
              10.13449
            ],
            [
              -69.0182329999999,
              10.135887
            ],
            [
              -69.01781299999988,
              10.137097000000153
            ],
            [
              -69.010812,
              10.14191000000011
            ],
            [
              -69.009358,
              10.143081000000166
            ],
            [
              -69.00506,
              10.146923
            ],
            [
              -69.006357,
              10.148389
            ],
            [
              -69.00751999999989,
              10.149212000000148
            ],
            [
              -69.009125,
              10.150127000000168
            ],
            [
              -69.01052,
              10.150354000000107
            ],
            [
              -69.011264,
              10.150536000000102
            ],
            [
              -69.012543,
              10.15108400000014
            ],
            [
              -69.014007,
              10.150898
            ],
            [
              -69.01561,
              10.150689000000114
            ],
            [
              -69.016237,
              10.15084800000011
            ],
            [
              -69.017028,
              10.15107600000016
            ],
            [
              -69.018469,
              10.15107300000011
            ],
            [
              -69.01976999999988,
              10.150888
            ],
            [
              -69.02112,
              10.152078000000131
            ],
            [
              -69.022305,
              10.152213
            ],
            [
              -69.024419,
              10.15198
            ],
            [
              -69.027636,
              10.153012000000103
            ],
            [
              -69.0288139999999,
              10.153256
            ],
            [
              -69.02971999999988,
              10.152796
            ],
            [
              -69.030627,
              10.152978000000132
            ]
          ]
        ]
      }
    },
    {
      "type": "Feature",
      "properties": {
        "Pais": "Venezuela",
        "Estado": "Yaracuy",
        "Municipio": "La Trinidad"
      },
      "geometry": {
        "type": "Polygon",
        "coordinates": [
          [
            [
              -68.76470299999983,
              10.254656
            ],
            [
              -68.80174804899991,
              10.280399627000122
            ],
            [
              -68.802548,
              10.274302
            ],
            [
              -68.802885,
              10.26802
            ],
            [
              -68.802451,
              10.2615100000001
            ],
            [
              -68.803192,
              10.25751
            ],
            [
              -68.80292,
              10.252314
            ],
            [
              -68.802502,
              10.24884800000018
            ],
            [
              -68.800688,
              10.247423
            ],
            [
              -68.798224,
              10.245998
            ],
            [
              -68.79583,
              10.244757
            ],
            [
              -68.79469,
              10.24386
            ],
            [
              -68.79341199999988,
              10.243148000000133
            ],
            [
              -68.793016,
              10.241906
            ],
            [
              -68.792551,
              10.241469000000166
            ],
            [
              -68.791622,
              10.241516000000104
            ],
            [
              -68.787833,
              10.24027500000011
            ],
            [
              -68.78515999999985,
              10.238965
            ],
            [
              -68.782905,
              10.237172
            ],
            [
              -68.782066,
              10.235332
            ],
            [
              -68.78125199999988,
              10.234159
            ],
            [
              -68.7796249999999,
              10.232619000000113
            ],
            [
              -68.777789,
              10.232275
            ],
            [
              -68.776487,
              10.23124
            ],
            [
              -68.774419,
              10.230965
            ],
            [
              -68.772884,
              10.230344000000173
            ],
            [
              -68.771722,
              10.229954
            ],
            [
              -68.771629,
              10.229954
            ],
            [
              -68.7666789999999,
              10.229841000000135
            ],
            [
              -68.764425,
              10.229543000000149
            ],
            [
              -68.762519,
              10.228876
            ],
            [
              -68.761148,
              10.22752
            ],
            [
              -68.75975199999988,
              10.226508
            ],
            [
              -68.75852,
              10.225611
            ],
            [
              -68.75754399999988,
              10.225129000000152
            ],
            [
              -68.757288,
              10.225060000000155
            ],
            [
              -68.694717,
              10.189573
            ],
            [
              -68.6930799999999,
              10.190423
            ],
            [
              -68.692129,
              10.190819000000147
            ],
            [
              -68.691549,
              10.190891
            ],
            [
              -68.689603,
              10.192279000000156
            ],
            [
              -68.688862,
              10.192881
            ],
            [
              -68.687816,
              10.192932000000155
            ],
            [
              -68.68637499999988,
              10.192755
            ],
            [
              -68.684423,
              10.192559
            ],
            [
              -68.68375,
              10.192677
            ],
            [
              -68.681269,
              10.19399900000019
            ],
            [
              -68.67862799999989,
              10.195827
            ],
            [
              -68.67549599999984,
              10.197037
            ],
            [
              -68.674684,
              10.197643
            ],
            [
              -68.6746842799999,
              10.197643294000045
            ],
            [
              -68.699768,
              10.224066000000107
            ],
            [
              -68.710605,
              10.236017
            ],
            [
              -68.76470299999983,
              10.254656
            ]
          ]
        ]
      }
    },
    {
      "type": "Feature",
      "properties": {
        "Pais": "Venezuela",
        "Estado": "Yaracuy",
        "Municipio": "Manuel Monge"
      },
      "geometry": {
        "type": "Polygon",
        "coordinates": [
          [
            [
              -68.64915563499994,
              10.630879780000043
            ],
            [
              -68.63107436599984,
              10.71436264900018
            ],
            [
              -68.6216516209999,
              10.757868321000046
            ],
            [
              -68.61955673799997,
              10.767540587000099
            ],
            [
              -68.61932219699992,
              10.768623484999978
            ],
            [
              -68.61836817799986,
              10.77302827900013
            ],
            [
              -68.61816564399999,
              10.773963395000067
            ],
            [
              -68.61815111099992,
              10.774063650000073
            ],
            [
              -68.62000626799994,
              10.773398468000096
            ],
            [
              -68.62146392599993,
              10.772875812000052
            ],
            [
              -68.62247495399993,
              10.771987772000102
            ],
            [
              -68.62353699899995,
              10.771398758000032
            ],
            [
              -68.62460003899997,
              10.770878734000178
            ],
            [
              -68.62615310399997,
              10.770420718000082
            ],
            [
              -68.62737415299983,
              10.769575685000063
            ],
            [
              -68.62916322299998,
              10.767757627000094
            ],
            [
              -68.62980511899997,
              10.767190604000177
            ],
            [
              -68.63015030099996,
              10.76688568500009
            ],
            [
              -68.63074927499991,
              10.766356578000114
            ],
            [
              -68.63081126499998,
              10.766252844000064
            ],
            [
              -68.6311279809999,
              10.765722850000088
            ],
            [
              -68.63188531599997,
              10.764455522
            ],
            [
              -68.63312236199982,
              10.763058484000055
            ],
            [
              -68.63422639799995,
              10.76212345000016
            ],
            [
              -68.63547244699993,
              10.761370418000183
            ],
            [
              -68.63629948299996,
              10.76064639600014
            ],
            [
              -68.63710651099996,
              10.760106376000067
            ],
            [
              -68.63750938399988,
              10.759745966000082
            ],
            [
              -68.6382545489999,
              10.759079341000074
            ],
            [
              -68.63919559299995,
              10.758123318000116
            ],
            [
              -68.64021263199999,
              10.757672294000088
            ],
            [
              -68.64163067699991,
              10.755928241000106
            ],
            [
              -68.64272871399999,
              10.754602203
            ],
            [
              -68.64358473799996,
              10.752590144000067
            ],
            [
              -68.64459976699999,
              10.750345079
            ],
            [
              -68.64591981199999,
              10.748281010000028
            ],
            [
              -68.64639082599996,
              10.747054983000112
            ],
            [
              -68.64729385599998,
              10.74508791900007
            ],
            [
              -68.64891390199989,
              10.742858850000118
            ],
            [
              -68.65021094599985,
              10.740793788000133
            ],
            [
              -68.65278404399993,
              10.738504723000176
            ],
            [
              -68.65355906899993,
              10.737390679000043
            ],
            [
              -68.65430309599992,
              10.735724642000093
            ],
            [
              -68.65559513599999,
              10.73336157000017
            ],
            [
              -68.65667316599985,
              10.732219534000023
            ],
            [
              -68.65791521699992,
              10.73121350000008
            ],
            [
              -68.65957728699988,
              10.730340462000129
            ],
            [
              -68.66138035299986,
              10.729533432000153
            ],
            [
              -68.66306542199999,
              10.728567401000078
            ],
            [
              -68.66463648399997,
              10.727787370000101
            ],
            [
              -68.66594553599992,
              10.726573328000029
            ],
            [
              -68.66718357699995,
              10.725314291000188
            ],
            [
              -68.66784259299993,
              10.724201253000103
            ],
            [
              -68.67012968699999,
              10.723089210000012
            ],
            [
              -68.67145775199992,
              10.723209205000103
            ],
            [
              -68.67322183099998,
              10.724518233000083
            ],
            [
              -68.67400987999997,
              10.725979257000176
            ],
            [
              -68.67460790299998,
              10.7270982820001
            ],
            [
              -68.67506293099996,
              10.728011312000149
            ],
            [
              -68.67554396399998,
              10.72908633600008
            ],
            [
              -68.67667702099993,
              10.730220352000117
            ],
            [
              -68.6779359759999,
              10.730709570000101
            ],
            [
              -68.67822108199988,
              10.73082035900012
            ],
            [
              -68.67936313099995,
              10.73098835400009
            ],
            [
              -68.68196323899997,
              10.730538326000158
            ],
            [
              -68.68316629199995,
              10.730062314
            ],
            [
              -68.68514337599993,
              10.730080300000111
            ],
            [
              -68.68619642799996,
              10.730457296000054
            ],
            [
              -68.68829251199992,
              10.730589289000022
            ],
            [
              -68.68967256599996,
              10.72953525500003
            ],
            [
              -68.69020058399997,
              10.729045234000068
            ],
            [
              -68.69141162499989,
              10.727487195000037
            ],
            [
              -68.69206164999991,
              10.725754144000064
            ],
            [
              -68.69338869899997,
              10.724171093000109
            ],
            [
              -68.69495375999998,
              10.72463309900013
            ],
            [
              -68.69604281499983,
              10.725929122000025
            ],
            [
              -68.69691885599991,
              10.726997143000176
            ],
            [
              -68.69772290199984,
              10.727929162000123
            ],
            [
              -68.69892195499995,
              10.728786182000135
            ],
            [
              -68.70027102099988,
              10.7287221630001
            ],
            [
              -68.70175708399995,
              10.728494150000131
            ],
            [
              -68.70335914299989,
              10.728288131000056
            ],
            [
              -68.70522222999995,
              10.72842312900002
            ],
            [
              -68.70696230399994,
              10.72805411000013
            ],
            [
              -68.70819135099993,
              10.72780709500006
            ],
            [
              -68.71067645599993,
              10.727497067000172
            ],
            [
              -68.71175650799995,
              10.728195084999982
            ],
            [
              -68.7140736049999,
              10.729151088000151
            ],
            [
              -68.71572268299991,
              10.728945081000063
            ],
            [
              -68.7173187439999,
              10.728278052
            ],
            [
              -68.71896181199997,
              10.727658029000168
            ],
            [
              -68.72062787999988,
              10.727037001000099
            ],
            [
              -68.72271396699995,
              10.726478975000134
            ],
            [
              -68.72567907799993,
              10.725609926000061
            ],
            [
              -68.72733415399995,
              10.725816918000135
            ],
            [
              -68.72971126099998,
              10.726104920000182
            ],
            [
              -68.73207835899996,
              10.725681891000079
            ],
            [
              -68.73417644399996,
              10.724317840000083
            ],
            [
              -68.73509847599985,
              10.723776826000062
            ],
            [
              -68.7368745419999,
              10.722693782000022
            ],
            [
              -68.73842160899989,
              10.721890751000103
            ],
            [
              -68.74043268499997,
              10.721011716000078
            ],
            [
              -68.74292079499992,
              10.720861697000032
            ],
            [
              -68.74469887099997,
              10.72154970600019
            ],
            [
              -68.74559289199988,
              10.72192292300008
            ],
            [
              -68.74624393699992,
              10.722194708000075
            ],
            [
              -68.74810702299999,
              10.722306705000051
            ],
            [
              -68.75031511699996,
              10.722206685000117
            ],
            [
              -68.75241220699985,
              10.722384678000026
            ],
            [
              -68.75441929499993,
              10.72281668000005
            ],
            [
              -68.75607836899997,
              10.723298681000074
            ],
            [
              -68.75974753699995,
              10.72444369100009
            ],
            [
              -68.76160062399998,
              10.725475698000139
            ],
            [
              -68.76368771599994,
              10.7266187190001
            ],
            [
              -68.76637283199994,
              10.727248720000091
            ],
            [
              -68.76788389399985,
              10.727134702000114
            ],
            [
              -68.77029499399993,
              10.72659567800008
            ],
            [
              -68.77243608499998,
              10.726564659000076
            ],
            [
              -68.77365615099995,
              10.72728367700006
            ],
            [
              -68.77529121999999,
              10.727697671000044
            ],
            [
              -68.77720430599999,
              10.72808466600003
            ],
            [
              -68.77889937299989,
              10.72785366000005
            ],
            [
              -68.77993341299992,
              10.726965620000158
            ],
            [
              -68.77995840299997,
              10.725516594000169
            ],
            [
              -68.77933136999997,
              10.724030558000095
            ],
            [
              -68.77806829799988,
              10.721955508
            ],
            [
              -68.77627621399995,
              10.720324478000066
            ],
            [
              -68.77482115099997,
              10.719494468000164
            ],
            [
              -68.77467066899999,
              10.719414102000087
            ],
            [
              -68.77301606299994,
              10.718530445000056
            ],
            [
              -68.77385609099997,
              10.717139405000069
            ],
            [
              -68.77608517599992,
              10.715199342000062
            ],
            [
              -68.7788562859999,
              10.71382628800012
            ],
            [
              -68.78076635699995,
              10.712396242000125
            ],
            [
              -68.78181138999997,
              10.710657193000031
            ],
            [
              -68.78212938799999,
              10.708559133000165
            ],
            [
              -68.78238338899996,
              10.70687708800017
            ],
            [
              -68.78332442199985,
              10.705967065000095
            ],
            [
              -68.78594453699992,
              10.705355029999964
            ],
            [
              -68.78738659899994,
              10.705335024000078
            ],
            [
              -68.78884265799991,
              10.704692996000063
            ],
            [
              -68.79127175299988,
              10.703761950000171
            ],
            [
              -68.79258680399988,
              10.703007925
            ],
            [
              -68.79356182999993,
              10.701268877000189
            ],
            [
              -68.79317480999998,
              10.700285853000025
            ],
            [
              -68.79281378399992,
              10.699462838000045
            ],
            [
              -68.79212275299994,
              10.698345811000081
            ],
            [
              -68.79191573899988,
              10.696945779000089
            ],
            [
              -68.79207973699994,
              10.695402729000136
            ],
            [
              -68.79261274899983,
              10.693692691000024
            ],
            [
              -68.79384679099996,
              10.69220364
            ],
            [
              -68.79547285599995,
              10.692019628000082
            ],
            [
              -68.79707991999987,
              10.692180620000045
            ],
            [
              -68.79875599699989,
              10.69224961000009
            ],
            [
              -68.80032206499999,
              10.692755617000103
            ],
            [
              -68.80144712299989,
              10.693314616000123
            ],
            [
              -68.80282918699993,
              10.693939634000117
            ],
            [
              -68.80437324699989,
              10.694515636000176
            ],
            [
              -68.80601532099996,
              10.693894607000061
            ],
            [
              -68.80835841299995,
              10.693447584000069
            ],
            [
              -68.80979847499998,
              10.693288572000085
            ],
            [
              -68.81047449499994,
              10.691784531000053
            ],
            [
              -68.81055149499991,
              10.690702503000068
            ],
            [
              -68.81090549599992,
              10.68943246200007
            ],
            [
              -68.81182553999992,
              10.688775442000065
            ],
            [
              -68.81272356499989,
              10.688095410000074
            ],
            [
              -68.81370960499993,
              10.687161382000113
            ],
            [
              -68.81446762799993,
              10.686507367000047
            ],
            [
              -68.81518166099988,
              10.68599134200008
            ],
            [
              -68.81593968399989,
              10.685382322000123
            ],
            [
              -68.81683572099996,
              10.68458730000009
            ],
            [
              -68.81789076299992,
              10.683583266000142
            ],
            [
              -68.81885179199998,
              10.682489230000044
            ],
            [
              -68.82026084599994,
              10.68026116699997
            ],
            [
              -68.82151688299996,
              10.678702123000164
            ],
            [
              -68.82251691999988,
              10.677101076000099
            ],
            [
              -68.82324293899995,
              10.675826031000042
            ],
            [
              -68.82376395299997,
              10.674899006000146
            ],
            [
              -68.82449598299996,
              10.674083978000056
            ],
            [
              -68.82554701399988,
              10.672803941000097
            ],
            [
              -68.82641205399995,
              10.671526909000136
            ],
            [
              -68.82741207899994,
              10.669902850000142
            ],
            [
              -68.82866512299995,
              10.668113803000153
            ],
            [
              -68.82958114099989,
              10.666946987000074
            ],
            [
              -68.82985216899993,
              10.666601753000123
            ],
            [
              -68.83088019999991,
              10.66536872100005
            ],
            [
              -68.83230324999988,
              10.664060680000091
            ],
            [
              -68.83392831199995,
              10.662266616000124
            ],
            [
              -68.8360862379999,
              10.660047207000105
            ],
            [
              -68.83659540799994,
              10.65952353
            ],
            [
              -68.83857947599995,
              10.656999452999969
            ],
            [
              -68.84010553299998,
              10.654961387000128
            ],
            [
              -68.84158057299993,
              10.652535322
            ],
            [
              -68.84347764299997,
              10.650402249000024
            ],
            [
              -68.84569973599997,
              10.649936223000168
            ],
            [
              -68.84799882799985,
              10.649974216000032
            ],
            [
              -68.85110596699997,
              10.649748191000072
            ],
            [
              -68.8544801079999,
              10.650344177000022
            ],
            [
              -68.85813826499998,
              10.649607142000036
            ],
            [
              -68.86153641199996,
              10.65024813600013
            ],
            [
              -68.86533957599994,
              10.649967107000066
            ],
            [
              -68.86932874399997,
              10.64968407900011
            ],
            [
              -68.87260088499988,
              10.64957105600007
            ],
            [
              -68.87378565599994,
              10.649584693000065
            ],
            [
              -68.873846,
              10.649486000000138
            ],
            [
              -68.873264,
              10.648662000000172
            ],
            [
              -68.87303,
              10.647814
            ],
            [
              -68.87286499999982,
              10.646897
            ],
            [
              -68.87279199999989,
              10.64559
            ],
            [
              -68.87216099999983,
              10.643711000000167
            ],
            [
              -68.871856,
              10.642198
            ],
            [
              -68.871133,
              10.640548
            ],
            [
              -68.87068630599993,
              10.638800533000051
            ],
            [
              -68.87038299999989,
              10.637614
            ],
            [
              -68.869635,
              10.635139
            ],
            [
              -68.86916699999989,
              10.633787
            ],
            [
              -68.868747,
              10.632688
            ],
            [
              -68.86772,
              10.629983
            ],
            [
              -68.867226,
              10.627736
            ],
            [
              -68.866058,
              10.624529
            ],
            [
              -68.864541,
              10.62068
            ],
            [
              -68.86300299999988,
              10.61788600000017
            ],
            [
              -68.861768,
              10.615481000000102
            ],
            [
              -68.860531,
              10.61238800000018
            ],
            [
              -68.859315,
              10.608355
            ],
            [
              -68.85866,
              10.605971000000181
            ],
            [
              -68.857818,
              10.603221
            ],
            [
              -68.856071,
              10.600221000000147
            ],
            [
              -68.85518651699994,
              10.597703916000057
            ],
            [
              -68.855137,
              10.59756300000015
            ],
            [
              -68.853436,
              10.594472000000167
            ],
            [
              -68.853061,
              10.593005000000119
            ],
            [
              -68.85270999999983,
              10.591515000000129
            ],
            [
              -68.851291,
              10.589845000000139
            ],
            [
              -68.84959199999986,
              10.58806
            ],
            [
              -68.848404,
              10.585770000000139
            ],
            [
              -68.847977,
              10.582078
            ],
            [
              -68.846602,
              10.579123
            ],
            [
              -68.84597,
              10.576923
            ],
            [
              -68.84496799999988,
              10.574723
            ],
            [
              -68.84368399999988,
              10.571608
            ],
            [
              -68.842659,
              10.569546000000116
            ],
            [
              -68.842167,
              10.567667
            ],
            [
              -68.841025,
              10.565193
            ],
            [
              -68.838674,
              10.561668
            ],
            [
              -68.832068,
              10.553659000000152
            ],
            [
              -68.831091,
              10.552699000000132
            ],
            [
              -68.830375,
              10.553779000000134
            ],
            [
              -68.830702,
              10.555063000000132
            ],
            [
              -68.831376,
              10.555107
            ],
            [
              -68.83138,
              10.556758
            ],
            [
              -68.83089299999989,
              10.557058
            ],
            [
              -68.829782,
              10.558094
            ],
            [
              -68.828903,
              10.55945
            ],
            [
              -68.828836,
              10.560276000000158
            ],
            [
              -68.827656,
              10.561518
            ],
            [
              -68.82522299999988,
              10.562811000000124
            ],
            [
              -68.822581,
              10.563369000000137
            ],
            [
              -68.822349,
              10.5636
            ],
            [
              -68.819822,
              10.564112000000137
            ],
            [
              -68.8187779999999,
              10.563725
            ],
            [
              -68.816851,
              10.562882000000116
            ],
            [
              -68.815991,
              10.562243
            ],
            [
              -68.814691,
              10.561654000000146
            ],
            [
              -68.8133,
              10.561907000000133
            ],
            [
              -68.812513,
              10.562804
            ],
            [
              -68.811402,
              10.563610000000153
            ],
            [
              -68.810453,
              10.564462000000105
            ],
            [
              -68.81010599999985,
              10.565014000000133
            ],
            [
              -68.810084,
              10.565564
            ],
            [
              -68.80867,
              10.565867
            ],
            [
              -68.808229,
              10.565616
            ],
            [
              -68.806839,
              10.566285000000164
            ],
            [
              -68.80491099999989,
              10.56583200000017
            ],
            [
              -68.80382099999986,
              10.565859000000103
            ],
            [
              -68.80236099999985,
              10.566115000000138
            ],
            [
              -68.801319,
              10.566875
            ],
            [
              -68.799813,
              10.567843
            ],
            [
              -68.798956,
              10.568236000000127
            ],
            [
              -68.798399,
              10.56803100000019
            ],
            [
              -68.79703199999989,
              10.568678
            ],
            [
              -68.796383,
              10.56890900000019
            ],
            [
              -68.796104,
              10.568474
            ],
            [
              -68.794851,
              10.568248
            ],
            [
              -68.79425,
              10.569328
            ],
            [
              -68.794645,
              10.56983200000019
            ],
            [
              -68.79515599999985,
              10.570152000000178
            ],
            [
              -68.794927,
              10.571207
            ],
            [
              -68.793977,
              10.571600000000103
            ],
            [
              -68.792518,
              10.572843
            ],
            [
              -68.790362,
              10.573446
            ],
            [
              -68.789714,
              10.573723
            ],
            [
              -68.78906599999982,
              10.574736
            ],
            [
              -68.788487,
              10.574921
            ],
            [
              -68.787839,
              10.575657
            ],
            [
              -68.786423,
              10.575294
            ],
            [
              -68.78612099999987,
              10.574836000000118
            ],
            [
              -68.784798,
              10.574634000000117
            ],
            [
              -68.78424499999988,
              10.576012000000105
            ],
            [
              -68.78278299999988,
              10.57606200000015
            ],
            [
              -68.781972,
              10.57611
            ],
            [
              -68.781644,
              10.574827
            ],
            [
              -68.781572,
              10.573978
            ],
            [
              -68.77946,
              10.573296
            ],
            [
              -68.77656,
              10.573006
            ],
            [
              -68.775447,
              10.573124
            ],
            [
              -68.77444999999983,
              10.573334
            ],
            [
              -68.772732,
              10.572559
            ],
            [
              -68.769901,
              10.572292000000175
            ],
            [
              -68.76920599999988,
              10.572317000000112
            ],
            [
              -68.768694,
              10.57163
            ],
            [
              -68.767395,
              10.571680000000129
            ],
            [
              -68.7660039999999,
              10.571936
            ],
            [
              -68.76317399999988,
              10.571669
            ],
            [
              -68.76229099999983,
              10.571006000000125
            ],
            [
              -68.760852,
              10.570598000000132
            ],
            [
              -68.7599239999999,
              10.570692000000122
            ],
            [
              -68.759042,
              10.570052
            ],
            [
              -68.757583,
              10.571571000000176
            ],
            [
              -68.756031,
              10.572929000000101
            ],
            [
              -68.754478,
              10.573484000000178
            ],
            [
              -68.754085,
              10.573737000000165
            ],
            [
              -68.753947,
              10.574632000000122
            ],
            [
              -68.752578,
              10.573948
            ],
            [
              -68.751046,
              10.573838
            ],
            [
              -68.750189,
              10.574345
            ],
            [
              -68.748657,
              10.573799000000122
            ],
            [
              -68.747695,
              10.57362
            ],
            [
              -68.74708,
              10.573505000000125
            ],
            [
              -68.745711,
              10.573692000000165
            ],
            [
              -68.74450499999983,
              10.573443000000168
            ],
            [
              -68.74244,
              10.573426
            ],
            [
              -68.741955,
              10.573978
            ],
            [
              -68.741099,
              10.57517300000012
            ],
            [
              -68.739964,
              10.576003
            ],
            [
              -68.7372749999999,
              10.576721000000134
            ],
            [
              -68.736696,
              10.577296000000104
            ],
            [
              -68.73576999999989,
              10.578217000000109
            ],
            [
              -68.734542,
              10.57874800000019
            ],
            [
              -68.73134,
              10.578573
            ],
            [
              -68.730459,
              10.578966
            ],
            [
              -68.729715,
              10.578325000000177
            ],
            [
              -68.72897299999988,
              10.578006
            ],
            [
              -68.728948,
              10.577502
            ],
            [
              -68.729433,
              10.576445
            ],
            [
              -68.729828,
              10.576673
            ],
            [
              -68.730778,
              10.575983000000178
            ],
            [
              -68.730708,
              10.575799
            ],
            [
              -68.73015,
              10.575273
            ],
            [
              -68.729385,
              10.575252
            ],
            [
              -68.728409,
              10.574498
            ],
            [
              -68.72847799999988,
              10.574016000000142
            ],
            [
              -68.728546,
              10.573626
            ],
            [
              -68.728546,
              10.573282000000177
            ],
            [
              -68.728846,
              10.572822000000144
            ],
            [
              -68.729101,
              10.572799
            ],
            [
              -68.729566,
              10.573187000000132
            ],
            [
              -68.730471,
              10.573391000000129
            ],
            [
              -68.730841,
              10.572931
            ],
            [
              -68.73097999999987,
              10.572541000000172
            ],
            [
              -68.730654,
              10.572267
            ],
            [
              -68.730514,
              10.571533
            ],
            [
              -68.7300259999999,
              10.571443
            ],
            [
              -68.72939899999989,
              10.570687
            ],
            [
              -68.729815,
              10.569998
            ],
            [
              -68.73072,
              10.57052300000015
            ],
            [
              -68.731115,
              10.570889
            ],
            [
              -68.73151,
              10.570911
            ],
            [
              -68.731553,
              10.569167
            ],
            [
              -68.731666,
              10.567813000000115
            ],
            [
              -68.73099,
              10.566210000000183
            ],
            [
              -68.730919,
              10.565292
            ],
            [
              -68.731611,
              10.563593
            ],
            [
              -68.732005,
              10.56320200000016
            ],
            [
              -68.732583,
              10.562535
            ],
            [
              -68.73286,
              10.561983
            ],
            [
              -68.733069,
              10.561799
            ],
            [
              -68.734365,
              10.560716000000184
            ],
            [
              -68.73464299999989,
              10.560234
            ],
            [
              -68.733877,
              10.560144
            ],
            [
              -68.733041,
              10.559826
            ],
            [
              -68.7323209999999,
              10.559277000000122
            ],
            [
              -68.731299,
              10.558592
            ],
            [
              -68.731043,
              10.558088000000168
            ],
            [
              -68.730601,
              10.557126000000153
            ],
            [
              -68.730599,
              10.556254
            ],
            [
              -68.730574,
              10.555497000000173
            ],
            [
              -68.73068699999988,
              10.553684
            ],
            [
              -68.731218,
              10.552742000000137
            ],
            [
              -68.732167,
              10.551547
            ],
            [
              -68.732467,
              10.551133
            ],
            [
              -68.732629,
              10.550582000000134
            ],
            [
              -68.732765,
              10.549343
            ],
            [
              -68.73216,
              10.54819700000013
            ],
            [
              -68.731834,
              10.547740000000147
            ],
            [
              -68.731368,
              10.546433
            ],
            [
              -68.731087,
              10.545356
            ],
            [
              -68.730412,
              10.54405
            ],
            [
              -68.729902,
              10.544304
            ],
            [
              -68.729091,
              10.544696
            ],
            [
              -68.728163,
              10.54428600000017
            ],
            [
              -68.728254,
              10.543621
            ],
            [
              -68.728693,
              10.542518
            ],
            [
              -68.729155,
              10.541462000000138
            ],
            [
              -68.72876,
              10.541256000000146
            ],
            [
              -68.72843299999988,
              10.540248
            ],
            [
              -68.7283159999999,
              10.539422
            ],
            [
              -68.728036,
              10.538781000000142
            ],
            [
              -68.728081,
              10.538253000000168
            ],
            [
              -68.72856699999988,
              10.537586
            ],
            [
              -68.72903,
              10.537149000000113
            ],
            [
              -68.729074,
              10.536232
            ],
            [
              -68.728818,
              10.535705
            ],
            [
              -68.7285619999999,
              10.534925000000158
            ],
            [
              -68.726846,
              10.535320000000127
            ],
            [
              -68.726129,
              10.53612500000014
            ],
            [
              -68.72526999999985,
              10.535921000000144
            ],
            [
              -68.725199,
              10.534958
            ],
            [
              -68.72563799999983,
              10.534016
            ],
            [
              -68.726147,
              10.533579000000145
            ],
            [
              -68.726888,
              10.532843000000184
            ],
            [
              -68.727187,
              10.531947000000116
            ],
            [
              -68.72665299999989,
              10.531237
            ],
            [
              -68.72602599999988,
              10.53078
            ],
            [
              -68.725468,
              10.530277000000126
            ],
            [
              -68.723913,
              10.529731
            ],
            [
              -68.7221019999999,
              10.52891
            ],
            [
              -68.720919,
              10.528569
            ],
            [
              -68.72001299999982,
              10.527517
            ],
            [
              -68.719059,
              10.525936000000172
            ],
            [
              -68.718707,
              10.524056
            ],
            [
              -68.718124,
              10.523049000000185
            ],
            [
              -68.717565,
              10.521766
            ],
            [
              -68.71719399999989,
              10.521514
            ],
            [
              -68.716822,
              10.52137800000014
            ],
            [
              -68.716005,
              10.51865
            ],
            [
              -68.71614199999988,
              10.51741
            ],
            [
              -68.71534999999983,
              10.515761
            ],
            [
              -68.71506699999986,
              10.513467000000162
            ],
            [
              -68.715089,
              10.512641
            ],
            [
              -68.7155269999999,
              10.511424
            ],
            [
              -68.715664,
              10.510461000000134
            ],
            [
              -68.71529,
              10.508718000000158
            ],
            [
              -68.714174,
              10.507253000000105
            ],
            [
              -68.71377599999988,
              10.505144
            ],
            [
              -68.713172,
              10.504916
            ],
            [
              -68.713285,
              10.503425000000107
            ],
            [
              -68.71390699999989,
              10.501244
            ],
            [
              -68.714275,
              10.499751
            ],
            [
              -68.715637,
              10.496238000000176
            ],
            [
              -68.716722,
              10.494078000000115
            ],
            [
              -68.718293,
              10.490817000000163
            ],
            [
              -68.720226,
              10.490720000000124
            ],
            [
              -68.721583,
              10.489477000000136
            ],
            [
              -68.72259799999983,
              10.48679
            ],
            [
              -68.723057,
              10.484403
            ],
            [
              -68.723124,
              10.48321
            ],
            [
              -68.723259,
              10.481489000000181
            ],
            [
              -68.72334699999988,
              10.478643
            ],
            [
              -68.72335499999986,
              10.478595
            ],
            [
              -68.723377,
              10.478509
            ],
            [
              -68.723401,
              10.478309000000138
            ],
            [
              -68.723621,
              10.476945
            ],
            [
              -68.723759,
              10.475981000000104
            ],
            [
              -68.723758,
              10.47556800000018
            ],
            [
              -68.72373199999987,
              10.475517
            ],
            [
              -68.72375,
              10.47536300000013
            ],
            [
              -68.723545,
              10.475149000000158
            ],
            [
              -68.72343199999983,
              10.474927
            ],
            [
              -68.72264199999984,
              10.474126
            ],
            [
              -68.72141,
              10.472707
            ],
            [
              -68.72076,
              10.472067
            ],
            [
              -68.7206149999999,
              10.469360000000108
            ],
            [
              -68.720242,
              10.468100000000106
            ],
            [
              -68.718637,
              10.465856
            ],
            [
              -68.71918899999986,
              10.463515
            ],
            [
              -68.71877099999989,
              10.462874
            ],
            [
              -68.717747,
              10.461293000000182
            ],
            [
              -68.717884,
              10.459986
            ],
            [
              -68.717905,
              10.45897600000012
            ],
            [
              -68.717368,
              10.456867
            ],
            [
              -68.716924,
              10.45512500000018
            ],
            [
              -68.71683,
              10.454529
            ],
            [
              -68.716573,
              10.453841000000182
            ],
            [
              -68.716131,
              10.452764
            ],
            [
              -68.715945,
              10.452513
            ],
            [
              -68.7135239999999,
              10.453300000000183
            ],
            [
              -68.711147,
              10.454225000000122
            ],
            [
              -68.708249,
              10.454355
            ],
            [
              -68.706257,
              10.454564000000119
            ],
            [
              -68.704501,
              10.456856
            ],
            [
              -68.703455,
              10.456607
            ],
            [
              -68.702645,
              10.45732
            ],
            [
              -68.702019,
              10.457758
            ],
            [
              -68.70114,
              10.458701000000133
            ],
            [
              -68.700654,
              10.459092000000112
            ],
            [
              -68.700075,
              10.459644
            ],
            [
              -68.700102,
              10.461411000000169
            ],
            [
              -68.70107799999988,
              10.462394000000131
            ],
            [
              -68.70189,
              10.462874
            ],
            [
              -68.702517,
              10.463171000000102
            ],
            [
              -68.702752,
              10.464776
            ],
            [
              -68.7030319999999,
              10.465899
            ],
            [
              -68.70289799999983,
              10.468606
            ],
            [
              -68.70294799999988,
              10.469891000000132
            ],
            [
              -68.703299,
              10.471656000000166
            ],
            [
              -68.70337099999989,
              10.472757000000115
            ],
            [
              -68.703211,
              10.473790000000179
            ],
            [
              -68.704421,
              10.476104000000134
            ],
            [
              -68.705025,
              10.476562
            ],
            [
              -68.705513,
              10.477134
            ],
            [
              -68.706587,
              10.48114500000014
            ],
            [
              -68.707262,
              10.482589
            ],
            [
              -68.707171,
              10.483461
            ],
            [
              -68.706202,
              10.485964
            ],
            [
              -68.705879,
              10.486630000000105
            ],
            [
              -68.705326,
              10.488398000000188
            ],
            [
              -68.70423899999986,
              10.49009800000016
            ],
            [
              -68.7028739999999,
              10.491662
            ],
            [
              -68.701764,
              10.49320200000011
            ],
            [
              -68.700908,
              10.494489
            ],
            [
              -68.700076,
              10.495913
            ],
            [
              -68.699801,
              10.497153
            ],
            [
              -68.69957199999988,
              10.498897
            ],
            [
              -68.699065,
              10.500573
            ],
            [
              -68.698419,
              10.502433
            ],
            [
              -68.697333,
              10.504936
            ],
            [
              -68.695876,
              10.506706000000122
            ],
            [
              -68.697218,
              10.505372
            ],
            [
              -68.696941,
              10.506268000000148
            ],
            [
              -68.696248,
              10.507439
            ],
            [
              -68.696646,
              10.509457
            ],
            [
              -68.696649,
              10.510788
            ],
            [
              -68.696255,
              10.511362
            ],
            [
              -68.695749,
              10.51359
            ],
            [
              -68.696939,
              10.516867000000104
            ],
            [
              -68.696964,
              10.517532
            ],
            [
              -68.696757,
              10.51845
            ],
            [
              -68.696552,
              10.520538000000101
            ],
            [
              -68.696669,
              10.521226000000183
            ],
            [
              -68.696786,
              10.521799000000158
            ],
            [
              -68.696301,
              10.52274100000011
            ],
            [
              -68.695512,
              10.522957
            ],
            [
              -68.69486299999988,
              10.523135
            ],
            [
              -68.6953309999999,
              10.52457900000013
            ],
            [
              -68.696308,
              10.526067000000126
            ],
            [
              -68.696496,
              10.527398000000119
            ],
            [
              -68.69519799999989,
              10.52779100000015
            ],
            [
              -68.693852,
              10.528047000000186
            ],
            [
              -68.6935739999999,
              10.528048000000126
            ],
            [
              -68.69236999999987,
              10.529037
            ],
            [
              -68.691582,
              10.529406
            ],
            [
              -68.6912109999999,
              10.529614
            ],
            [
              -68.690215,
              10.530328000000111
            ],
            [
              -68.689358,
              10.530582000000152
            ],
            [
              -68.688338,
              10.530952
            ],
            [
              -68.687087,
              10.531506
            ],
            [
              -68.68667,
              10.53187400000013
            ],
            [
              -68.68578899999989,
              10.532198000000108
            ],
            [
              -68.684445,
              10.532821000000126
            ],
            [
              -68.68370599999986,
              10.534497000000101
            ],
            [
              -68.682782,
              10.536105
            ],
            [
              -68.682783,
              10.537046000000146
            ],
            [
              -68.682785,
              10.537941000000103
            ],
            [
              -68.68311199999982,
              10.539133000000163
            ],
            [
              -68.68387799999988,
              10.539612
            ],
            [
              -68.683904,
              10.54092
            ],
            [
              -68.682931,
              10.541611
            ],
            [
              -68.682584,
              10.541933
            ],
            [
              -68.68216699999988,
              10.542347000000177
            ],
            [
              -68.6811699999999,
              10.542648
            ],
            [
              -68.681009,
              10.54340500000012
            ],
            [
              -68.680918,
              10.543979
            ],
            [
              -68.68092,
              10.545103
            ],
            [
              -68.680481,
              10.545907
            ],
            [
              -68.678184,
              10.545362
            ],
            [
              -68.67751,
              10.544882
            ],
            [
              -68.676653,
              10.545573000000104
            ],
            [
              -68.675935,
              10.545988000000136
            ],
            [
              -68.675101,
              10.546127
            ],
            [
              -68.674313,
              10.546909000000142
            ],
            [
              -68.674315,
              10.547575000000165
            ],
            [
              -68.67399199999983,
              10.54854
            ],
            [
              -68.67325099999988,
              10.549482
            ],
            [
              -68.673277,
              10.551111
            ],
            [
              -68.673733,
              10.551397
            ],
            [
              -68.67481,
              10.552071
            ],
            [
              -68.675785,
              10.552779000000157
            ],
            [
              -68.676389,
              10.552915
            ],
            [
              -68.67771099999987,
              10.553325
            ],
            [
              -68.678848,
              10.55339
            ],
            [
              -68.680891,
              10.554578000000163
            ],
            [
              -68.68207399999983,
              10.554781000000105
            ],
            [
              -68.68196099999989,
              10.55645600000014
            ],
            [
              -68.682079,
              10.557488
            ],
            [
              -68.682103,
              10.557740000000138
            ],
            [
              -68.681896,
              10.558544
            ],
            [
              -68.68083,
              10.559212
            ],
            [
              -68.680529,
              10.559327000000167
            ],
            [
              -68.68039,
              10.559465
            ],
            [
              -68.6799979999999,
              10.560705000000155
            ],
            [
              -68.679164,
              10.561235000000124
            ],
            [
              -68.67869999999988,
              10.561397
            ],
            [
              -68.678076,
              10.562270000000126
            ],
            [
              -68.677775,
              10.562546
            ],
            [
              -68.677335,
              10.562983000000145
            ],
            [
              -68.677405,
              10.563579
            ],
            [
              -68.677292,
              10.565025000000162
            ],
            [
              -68.677108,
              10.565599
            ],
            [
              -68.67711,
              10.566861
            ],
            [
              -68.677135,
              10.568145
            ],
            [
              -68.677858,
              10.569841
            ],
            [
              -68.678484,
              10.570160000000158
            ],
            [
              -68.67957599999988,
              10.570708
            ],
            [
              -68.680018,
              10.571533
            ],
            [
              -68.680737,
              10.571875
            ],
            [
              -68.681644,
              10.572997
            ],
            [
              -68.681437,
              10.573938000000112
            ],
            [
              -68.681298,
              10.574167
            ],
            [
              -68.68144,
              10.575429
            ],
            [
              -68.68153399999989,
              10.57602500000013
            ],
            [
              -68.68146499999989,
              10.576621
            ],
            [
              -68.681234,
              10.577196000000185
            ],
            [
              -68.681236,
              10.577907
            ],
            [
              -68.681608,
              10.578777
            ],
            [
              -68.682445,
              10.579830000000186
            ],
            [
              -68.683026,
              10.580311000000165
            ],
            [
              -68.683631,
              10.581548
            ],
            [
              -68.684421,
              10.581981000000155
            ],
            [
              -68.68521,
              10.582507
            ],
            [
              -68.686395,
              10.583307000000104
            ],
            [
              -68.68663,
              10.58456800000016
            ],
            [
              -68.687049,
              10.585048
            ],
            [
              -68.68675,
              10.586563000000183
            ],
            [
              -68.686148,
              10.587299
            ],
            [
              -68.68594,
              10.588079
            ],
            [
              -68.6845019999999,
              10.588313
            ],
            [
              -68.684479,
              10.588405
            ],
            [
              -68.68427,
              10.588451
            ],
            [
              -68.68315799999988,
              10.588890000000163
            ],
            [
              -68.68195399999985,
              10.58988
            ],
            [
              -68.682024,
              10.590270000000146
            ],
            [
              -68.68137599999989,
              10.591189000000156
            ],
            [
              -68.6804259999999,
              10.591697
            ],
            [
              -68.679986,
              10.591996000000108
            ],
            [
              -68.679453,
              10.592296
            ],
            [
              -68.678595,
              10.592413
            ],
            [
              -68.678015,
              10.592414
            ],
            [
              -68.67766799999987,
              10.59321800000015
            ],
            [
              -68.676927,
              10.59335700000014
            ],
            [
              -68.675142,
              10.594027000000153
            ],
            [
              -68.67500299999989,
              10.594028
            ],
            [
              -68.67432899999989,
              10.5938230000001
            ],
            [
              -68.673448,
              10.593779
            ],
            [
              -68.6725909999999,
              10.594516000000112
            ],
            [
              -68.67196599999988,
              10.59516
            ],
            [
              -68.671015,
              10.595048
            ],
            [
              -68.669136,
              10.595374
            ],
            [
              -68.66858,
              10.595788
            ],
            [
              -68.667327,
              10.595585
            ],
            [
              -68.66621199999986,
              10.594601000000182
            ],
            [
              -68.665397,
              10.592883000000143
            ],
            [
              -68.664585,
              10.59261000000015
            ],
            [
              -68.663193,
              10.592407
            ],
            [
              -68.662707,
              10.593027000000177
            ],
            [
              -68.661616,
              10.593214
            ],
            [
              -68.660526,
              10.593285
            ],
            [
              -68.6604095919999,
              10.593314717000055
            ],
            [
              -68.65934299999986,
              10.593587000000127
            ],
            [
              -68.65892699999989,
              10.594459
            ],
            [
              -68.65892799999989,
              10.594482000000141
            ],
            [
              -68.657653,
              10.594944000000169
            ],
            [
              -68.657189,
              10.595427000000143
            ],
            [
              -68.656078,
              10.596531
            ],
            [
              -68.65496599999989,
              10.597131000000104
            ],
            [
              -68.65408599999984,
              10.598188000000164
            ],
            [
              -68.653785,
              10.598189
            ],
            [
              -68.65213799999987,
              10.598193
            ],
            [
              -68.65199899999982,
              10.598538000000133
            ],
            [
              -68.651643,
              10.599033
            ],
            [
              -68.651421,
              10.599342
            ],
            [
              -68.65096999999986,
              10.59914300000014
            ],
            [
              -68.650747,
              10.599045
            ],
            [
              -68.649889,
              10.599002
            ],
            [
              -68.64963399999988,
              10.598979
            ],
            [
              -68.648381,
              10.59873
            ],
            [
              -68.648219,
              10.598845000000154
            ],
            [
              -68.647825,
              10.598984
            ],
            [
              -68.64678,
              10.598803
            ],
            [
              -68.645134,
              10.59926600000017
            ],
            [
              -68.643929,
              10.599590000000148
            ],
            [
              -68.642328,
              10.599525
            ],
            [
              -68.640124,
              10.599325
            ],
            [
              -68.639567,
              10.599028
            ],
            [
              -68.638406,
              10.598755
            ],
            [
              -68.636666,
              10.59876
            ],
            [
              -68.633695,
              10.597804000000167
            ],
            [
              -68.632674,
              10.597531000000174
            ],
            [
              -68.63118899999989,
              10.596984000000191
            ],
            [
              -68.630006,
              10.597538
            ],
            [
              -68.629427,
              10.598067
            ],
            [
              -68.628361,
              10.598436
            ],
            [
              -68.627618,
              10.598186000000169
            ],
            [
              -68.626506,
              10.598624
            ],
            [
              -68.625231,
              10.599155
            ],
            [
              -68.624627,
              10.59904200000011
            ],
            [
              -68.62414199999984,
              10.59980000000013
            ],
            [
              -68.62356199999988,
              10.600169000000108
            ],
            [
              -68.6232839999999,
              10.600123
            ],
            [
              -68.622635,
              10.60024
            ],
            [
              -68.62182299999989,
              10.600609
            ],
            [
              -68.62168499999984,
              10.600976
            ],
            [
              -68.62122099999982,
              10.601115
            ],
            [
              -68.620641,
              10.600979000000166
            ],
            [
              -68.619853,
              10.601577
            ],
            [
              -68.619158,
              10.60203700000011
            ],
            [
              -68.618717,
              10.601993
            ],
            [
              -68.618485,
              10.601718
            ],
            [
              -68.617418,
              10.601996
            ],
            [
              -68.617325,
              10.60156
            ],
            [
              -68.616744,
              10.600896
            ],
            [
              -68.616072,
              10.601265000000183
            ],
            [
              -68.615515,
              10.601060000000132
            ],
            [
              -68.614958,
              10.601291
            ],
            [
              -68.614542,
              10.602140000000134
            ],
            [
              -68.613917,
              10.602784
            ],
            [
              -68.613081,
              10.602695
            ],
            [
              -68.612222,
              10.602421000000106
            ],
            [
              -68.611434,
              10.602607
            ],
            [
              -68.6109469999999,
              10.603227000000174
            ],
            [
              -68.61099499999989,
              10.603847000000144
            ],
            [
              -68.611205,
              10.604695000000106
            ],
            [
              -68.611044,
              10.605429000000129
            ],
            [
              -68.610442,
              10.606165
            ],
            [
              -68.60988336999992,
              10.606766563
            ],
            [
              -68.6103254009999,
              10.607591589000094
            ],
            [
              -68.61213547799991,
              10.608504598000025
            ],
            [
              -68.61304051999991,
              10.608479594000073
            ],
            [
              -68.61129943099985,
              10.605482527
            ],
            [
              -68.61136542899999,
              10.605523525000024
            ],
            [
              -68.61359252899996,
              10.605656522000118
            ],
            [
              -68.61482358099994,
              10.606410532000154
            ],
            [
              -68.61515059999982,
              10.60776256500003
            ],
            [
              -68.61563963899994,
              10.608862587999965
            ],
            [
              -68.61719269099996,
              10.608124561000125
            ],
            [
              -68.61756169699999,
              10.606770525000172
            ],
            [
              -68.61783770999995,
              10.605783500000143
            ],
            [
              -68.61904375699999,
              10.605597481000132
            ],
            [
              -68.62018181199988,
              10.60600748100012
            ],
            [
              -68.62053183199998,
              10.60747452600009
            ],
            [
              -68.6211428869999,
              10.61229064000014
            ],
            [
              -68.62116790299996,
              10.613138668000147
            ],
            [
              -68.62230695699998,
              10.614604692000114
            ],
            [
              -68.6226539619999,
              10.614190686000143
            ],
            [
              -68.62383501599999,
              10.613086644000077
            ],
            [
              -68.62432303599996,
              10.61375065600015
            ],
            [
              -68.62490406099982,
              10.614139670000156
            ],
            [
              -68.6259001069999,
              10.61344864
            ],
            [
              -68.6261321099999,
              10.613126635000128
            ],
            [
              -68.62675713199985,
              10.612597614000094
            ],
            [
              -68.62787117999994,
              10.612961614000028
            ],
            [
              -68.62780519399996,
              10.614751671000079
            ],
            [
              -68.62865223299997,
              10.61500166400009
            ],
            [
              -68.62873321799992,
              10.61183658400006
            ],
            [
              -68.6517982439999,
              10.6186786130001
            ],
            [
              -68.64915563499994,
              10.630879780000043
            ]
          ]
        ]
      }
    },
    {
      "type": "Feature",
      "properties": {
        "Pais": "Venezuela",
        "Estado": "Yaracuy",
        "Municipio": "Nirgua"
      },
      "geometry": {
        "type": "Polygon",
        "coordinates": [
          [
            [
              -68.39858480299989,
              10.36314357700013
            ],
            [
              -68.39888482899994,
              10.365207624000107
            ],
            [
              -68.39885107499998,
              10.366383418000055
            ],
            [
              -68.399942,
              10.366671
            ],
            [
              -68.402547,
              10.365813000000117
            ],
            [
              -68.40366305499998,
              10.365156827000078
            ],
            [
              -68.404338,
              10.36476
            ],
            [
              -68.406417,
              10.364483
            ],
            [
              -68.40771971199996,
              10.36417705600013
            ],
            [
              -68.408678,
              10.363952000000154
            ],
            [
              -68.41065,
              10.362438000000111
            ],
            [
              -68.412679,
              10.361910000000137
            ],
            [
              -68.41460499999988,
              10.362231
            ],
            [
              -68.416672,
              10.362919
            ],
            [
              -68.41822999999988,
              10.363543
            ],
            [
              -68.421186,
              10.363072000000159
            ],
            [
              -68.42360899999989,
              10.362493
            ],
            [
              -68.425755,
              10.36210100000011
            ],
            [
              -68.4286489999999,
              10.362205000000188
            ],
            [
              -68.430366,
              10.362598
            ],
            [
              -68.433071,
              10.36245200000019
            ],
            [
              -68.434914,
              10.361811000000102
            ],
            [
              -68.437514,
              10.360495000000128
            ],
            [
              -68.438951,
              10.358826
            ],
            [
              -68.442199,
              10.35766400000017
            ],
            [
              -68.444579,
              10.35743
            ],
            [
              -68.447691,
              10.356452
            ],
            [
              -68.448692,
              10.355133
            ],
            [
              -68.44893,
              10.35373
            ],
            [
              -68.450735,
              10.35187400000018
            ],
            [
              -68.452581,
              10.351508
            ],
            [
              -68.454037,
              10.351399000000129
            ],
            [
              -68.455729,
              10.349773
            ],
            [
              -68.457204,
              10.349250000000154
            ],
            [
              -68.459662,
              10.347868
            ],
            [
              -68.462449,
              10.346848
            ],
            [
              -68.46508099999983,
              10.346312
            ],
            [
              -68.470768,
              10.344111
            ],
            [
              -68.473087,
              10.342683
            ],
            [
              -68.474418,
              10.341773
            ],
            [
              -68.476385,
              10.339937000000191
            ],
            [
              -68.478756,
              10.338968
            ],
            [
              -68.481064,
              10.33852800000011
            ],
            [
              -68.48288,
              10.337588000000153
            ],
            [
              -68.485923,
              10.336680000000172
            ],
            [
              -68.48795899999988,
              10.336656000000119
            ],
            [
              -68.49049,
              10.335479
            ],
            [
              -68.492569,
              10.333435
            ],
            [
              -68.493225,
              10.332188
            ],
            [
              -68.493591,
              10.330050000000142
            ],
            [
              -68.49610799999982,
              10.328308
            ],
            [
              -68.498139,
              10.326959000000159
            ],
            [
              -68.49957499999988,
              10.325143
            ],
            [
              -68.50019699999984,
              10.322475
            ],
            [
              -68.500227,
              10.320262000000128
            ],
            [
              -68.49961899999988,
              10.317722
            ],
            [
              -68.498805,
              10.316086
            ],
            [
              -68.49786899999987,
              10.31422300000014
            ],
            [
              -68.496612,
              10.312554
            ],
            [
              -68.493711,
              10.311139
            ],
            [
              -68.490874,
              10.310345
            ],
            [
              -68.48835,
              10.309057
            ],
            [
              -68.486483,
              10.308028
            ],
            [
              -68.485184,
              10.306475000000148
            ],
            [
              -68.48507399999983,
              10.303458
            ],
            [
              -68.485699,
              10.300076
            ],
            [
              -68.485529,
              10.298191
            ],
            [
              -68.485178,
              10.296496000000104
            ],
            [
              -68.48395799999986,
              10.296116
            ],
            [
              -68.482683,
              10.29460900000015
            ],
            [
              -68.48295899999988,
              10.292043
            ],
            [
              -68.483782,
              10.289922000000104
            ],
            [
              -68.48501,
              10.288136000000122
            ],
            [
              -68.486516,
              10.286318000000165
            ],
            [
              -68.488692,
              10.285196
            ],
            [
              -68.48953399999988,
              10.28210700000011
            ],
            [
              -68.48995599999989,
              10.280908000000181
            ],
            [
              -68.4906309999999,
              10.278987
            ],
            [
              -68.49012399999987,
              10.277504
            ],
            [
              -68.489517,
              10.276599
            ],
            [
              -68.489234,
              10.27402700000016
            ],
            [
              -68.489394,
              10.27148700000015
            ],
            [
              -68.488428,
              10.269395
            ],
            [
              -68.487737,
              10.266349000000105
            ],
            [
              -68.48725499999989,
              10.264127
            ],
            [
              -68.48703999999987,
              10.260676
            ],
            [
              -68.486924,
              10.258237
            ],
            [
              -68.487499,
              10.256377000000157
            ],
            [
              -68.488708,
              10.253946
            ],
            [
              -68.48974599999985,
              10.252026
            ],
            [
              -68.489981,
              10.249669
            ],
            [
              -68.489572,
              10.246731000000125
            ],
            [
              -68.488908,
              10.243847
            ],
            [
              -68.487613,
              10.241625000000113
            ],
            [
              -68.486283,
              10.23899
            ],
            [
              -68.484449,
              10.236646
            ],
            [
              -68.482633,
              10.234924
            ],
            [
              -68.48100399999987,
              10.23321900000019
            ],
            [
              -68.479393,
              10.230546000000174
            ],
            [
              -68.479438,
              10.228862000000106
            ],
            [
              -68.480528,
              10.228570000000104
            ],
            [
              -68.48232,
              10.228019000000188
            ],
            [
              -68.485277,
              10.227359
            ],
            [
              -68.4880399999999,
              10.226449000000116
            ],
            [
              -68.490066,
              10.224132000000111
            ],
            [
              -68.49187099999989,
              10.222191
            ],
            [
              -68.49407999999988,
              10.221413
            ],
            [
              -68.4966,
              10.220119
            ],
            [
              -68.498365,
              10.218433000000175
            ],
            [
              -68.502384,
              10.215949
            ],
            [
              -68.504986,
              10.216248
            ],
            [
              -68.507217,
              10.216595000000154
            ],
            [
              -68.508797,
              10.216788000000122
            ],
            [
              -68.510248,
              10.215444000000105
            ],
            [
              -68.51194,
              10.215177
            ],
            [
              -68.511974,
              10.216439
            ],
            [
              -68.51378299999988,
              10.216331
            ],
            [
              -68.51501799999983,
              10.216894
            ],
            [
              -68.51573899999988,
              10.217071
            ],
            [
              -68.517876,
              10.217328
            ],
            [
              -68.519504,
              10.217772
            ],
            [
              -68.52098699999988,
              10.217507000000126
            ],
            [
              -68.522422,
              10.217035000000124
            ],
            [
              -68.524264,
              10.218052000000114
            ],
            [
              -68.52752,
              10.218803
            ],
            [
              -68.528503,
              10.219804000000124
            ],
            [
              -68.531251,
              10.220859000000189
            ],
            [
              -68.53359,
              10.220241
            ],
            [
              -68.53501099999983,
              10.21807200000012
            ],
            [
              -68.53644,
              10.216866
            ],
            [
              -68.539195,
              10.216084000000137
            ],
            [
              -68.543886,
              10.21356400000019
            ],
            [
              -68.54609799999986,
              10.211662
            ],
            [
              -68.546157,
              10.210376
            ],
            [
              -68.547586,
              10.209101
            ],
            [
              -68.548593,
              10.210286
            ],
            [
              -68.55035,
              10.209467000000132
            ],
            [
              -68.551642,
              10.20856
            ],
            [
              -68.553634,
              10.207900000000166
            ],
            [
              -68.555461,
              10.207126
            ],
            [
              -68.5573859999999,
              10.206994000000122
            ],
            [
              -68.55984599999988,
              10.206927000000121
            ],
            [
              -68.562304,
              10.206698000000188
            ],
            [
              -68.5650169999999,
              10.20649
            ],
            [
              -68.5663019999999,
              10.207488000000183
            ],
            [
              -68.567642,
              10.206765
            ],
            [
              -68.569804,
              10.207159000000104
            ],
            [
              -68.571355,
              10.206778
            ],
            [
              -68.57765599999982,
              10.206879
            ],
            [
              -68.582897,
              10.207461
            ],
            [
              -68.58904199999989,
              10.207345
            ],
            [
              -68.59372,
              10.206538
            ],
            [
              -68.598247,
              10.208789
            ],
            [
              -68.600476,
              10.212389000000144
            ],
            [
              -68.602696,
              10.215136
            ],
            [
              -68.604135,
              10.2190030000001
            ],
            [
              -68.605931,
              10.222006
            ],
            [
              -68.606514,
              10.225409
            ],
            [
              -68.607042,
              10.229425000000163
            ],
            [
              -68.608884,
              10.230960000000152
            ],
            [
              -68.611043,
              10.23370800000015
            ],
            [
              -68.616664,
              10.23367
            ],
            [
              -68.6198639999999,
              10.233147
            ],
            [
              -68.623456,
              10.233226
            ],
            [
              -68.62549,
              10.229807000000164
            ],
            [
              -68.633724,
              10.225598
            ],
            [
              -68.637437,
              10.225612000000126
            ],
            [
              -68.64397999999989,
              10.226687
            ],
            [
              -68.645537,
              10.226686
            ],
            [
              -68.646743,
              10.226818
            ],
            [
              -68.64830699999987,
              10.22633500000012
            ],
            [
              -68.649259,
              10.22467300000011
            ],
            [
              -68.651783,
              10.221839000000102
            ],
            [
              -68.65434499999986,
              10.219695000000115
            ],
            [
              -68.656807,
              10.218054
            ],
            [
              -68.66049,
              10.21721
            ],
            [
              -68.662658,
              10.216644000000144
            ],
            [
              -68.6645099999999,
              10.215431000000137
            ],
            [
              -68.66625499999986,
              10.21352700000017
            ],
            [
              -68.667525,
              10.212375
            ],
            [
              -68.66928999999988,
              10.210816
            ],
            [
              -68.671154,
              10.209286
            ],
            [
              -68.67257699999988,
              10.207459
            ],
            [
              -68.6727489999999,
              10.20582800000011
            ],
            [
              -68.672406,
              10.203812000000141
            ],
            [
              -68.671603,
              10.202121
            ],
            [
              -68.671913,
              10.20039700000018
            ],
            [
              -68.67338199999989,
              10.198616
            ],
            [
              -68.674684,
              10.197643
            ],
            [
              -68.67549599999984,
              10.197037
            ],
            [
              -68.67862799999989,
              10.195827
            ],
            [
              -68.681269,
              10.19399900000019
            ],
            [
              -68.68375,
              10.192677
            ],
            [
              -68.684423,
              10.192559
            ],
            [
              -68.68637499999988,
              10.192755
            ],
            [
              -68.687816,
              10.192932000000155
            ],
            [
              -68.688862,
              10.192881
            ],
            [
              -68.689603,
              10.192279000000156
            ],
            [
              -68.691549,
              10.190891
            ],
            [
              -68.692129,
              10.190819000000147
            ],
            [
              -68.6930799999999,
              10.190423
            ],
            [
              -68.694717,
              10.189573
            ],
            [
              -68.696534,
              10.188270000000102
            ],
            [
              -68.698758,
              10.186696
            ],
            [
              -68.69903099999988,
              10.18534000000011
            ],
            [
              -68.699212,
              10.184053
            ],
            [
              -68.699599,
              10.182076
            ],
            [
              -68.700172,
              10.180143
            ],
            [
              -68.700214,
              10.179041
            ],
            [
              -68.7005769999999,
              10.176903000000152
            ],
            [
              -68.701179,
              10.176279
            ],
            [
              -68.701827,
              10.175656000000174
            ],
            [
              -68.702123,
              10.174093
            ],
            [
              -68.70260599999983,
              10.172919
            ],
            [
              -68.70288,
              10.171792
            ],
            [
              -68.70289999999989,
              10.170988000000136
            ],
            [
              -68.702757,
              10.170024000000126
            ],
            [
              -68.700895,
              10.169184
            ],
            [
              -68.700104,
              10.168981000000144
            ],
            [
              -68.69973,
              10.168294000000174
            ],
            [
              -68.699402,
              10.167698
            ],
            [
              -68.699097,
              10.166896000000122
            ],
            [
              -68.69911799999988,
              10.166345
            ],
            [
              -68.700138,
              10.165765
            ],
            [
              -68.700603,
              10.165901
            ],
            [
              -68.701293,
              10.164128
            ],
            [
              -68.70124,
              10.162498
            ],
            [
              -68.701791,
              10.16081800000012
            ],
            [
              -68.702225,
              10.159094
            ],
            [
              -68.702011,
              10.157808000000102
            ],
            [
              -68.702262,
              10.156842
            ],
            [
              -68.7031199999999,
              10.156379000000186
            ],
            [
              -68.703888,
              10.156696000000125
            ],
            [
              -68.704305,
              10.156442
            ],
            [
              -68.704536,
              10.15611900000016
            ],
            [
              -68.704976,
              10.155725
            ],
            [
              -68.705877,
              10.154618000000141
            ],
            [
              -68.706848,
              10.1534410000001
            ],
            [
              -68.707122,
              10.152108000000112
            ],
            [
              -68.709088,
              10.150099000000182
            ],
            [
              -68.709829,
              10.149567
            ],
            [
              -68.711593,
              10.149237
            ],
            [
              -68.712754,
              10.149001
            ],
            [
              -68.7135679999999,
              10.149295
            ],
            [
              -68.7144459999999,
              10.148165000000176
            ],
            [
              -68.715975,
              10.14717000000013
            ],
            [
              -68.720009,
              10.145128
            ],
            [
              -68.721075,
              10.144617
            ],
            [
              -68.722625,
              10.143093
            ],
            [
              -68.724664,
              10.141727
            ],
            [
              -68.726163,
              10.138495000000148
            ],
            [
              -68.728672,
              10.136153
            ],
            [
              -68.730998,
              10.134135000000185
            ],
            [
              -68.732472,
              10.132881000000168
            ],
            [
              -68.734234,
              10.1327730000001
            ],
            [
              -68.7360599999999,
              10.131975000000182
            ],
            [
              -68.73885499999989,
              10.130572
            ],
            [
              -68.74068299999988,
              10.130026
            ],
            [
              -68.743414,
              10.129243
            ],
            [
              -68.743077,
              10.127801000000147
            ],
            [
              -68.744238,
              10.127927
            ],
            [
              -68.7444359999999,
              10.126663000000121
            ],
            [
              -68.743754,
              10.125706
            ],
            [
              -68.743856,
              10.124097
            ],
            [
              -68.746791,
              10.12283
            ],
            [
              -68.74988699999989,
              10.121263
            ],
            [
              -68.748663,
              10.119278000000179
            ],
            [
              -68.747377,
              10.118188
            ],
            [
              -68.74627,
              10.116363
            ],
            [
              -68.74563399999988,
              10.11526700000013
            ],
            [
              -68.747394,
              10.11495200000013
            ],
            [
              -68.748526,
              10.11429900000013
            ],
            [
              -68.749073,
              10.113215000000139
            ],
            [
              -68.748459,
              10.112027
            ],
            [
              -68.74884299999985,
              10.110853000000134
            ],
            [
              -68.750482,
              10.109897
            ],
            [
              -68.752128,
              10.109720000000152
            ],
            [
              -68.75405499999988,
              10.109771000000137
            ],
            [
              -68.75750099999988,
              10.108590000000106
            ],
            [
              -68.759719,
              10.107513000000154
            ],
            [
              -68.76129499999985,
              10.107315000000142
            ],
            [
              -68.764768,
              10.103954
            ],
            [
              -68.7675109999999,
              10.101885
            ],
            [
              -68.770249,
              10.099403
            ],
            [
              -68.77241,
              10.097133
            ],
            [
              -68.774209,
              10.095991
            ],
            [
              -68.775695,
              10.096115000000168
            ],
            [
              -68.776634,
              10.094683000000146
            ],
            [
              -68.777364,
              10.093276
            ],
            [
              -68.777351,
              10.091829
            ],
            [
              -68.779668,
              10.091393
            ],
            [
              -68.782161,
              10.090015000000108
            ],
            [
              -68.784294,
              10.089811000000111
            ],
            [
              -68.78727999999984,
              10.089163
            ],
            [
              -68.788938,
              10.087770000000148
            ],
            [
              -68.792015,
              10.086730000000102
            ],
            [
              -68.793935,
              10.086207000000172
            ],
            [
              -68.795586,
              10.083988
            ],
            [
              -68.798171,
              10.082540000000165
            ],
            [
              -68.801724,
              10.080348000000129
            ],
            [
              -68.803761,
              10.079823
            ],
            [
              -68.805979,
              10.078746
            ],
            [
              -68.80994299999986,
              10.078363
            ],
            [
              -68.811841,
              10.077863
            ],
            [
              -68.813032,
              10.076199
            ],
            [
              -68.81432399999989,
              10.075383
            ],
            [
              -68.816019,
              10.075596
            ],
            [
              -68.817802,
              10.075257
            ],
            [
              -68.819742,
              10.074252
            ],
            [
              -68.823135,
              10.074953000000164
            ],
            [
              -68.825567,
              10.074493000000132
            ],
            [
              -68.828579,
              10.073982000000115
            ],
            [
              -68.830072,
              10.072338000000173
            ],
            [
              -68.830799,
              10.070632
            ],
            [
              -68.832884,
              10.070359
            ],
            [
              -68.834759,
              10.069813000000124
            ],
            [
              -68.837257,
              10.066553
            ],
            [
              -68.842609,
              10.06829
            ],
            [
              -68.845651,
              10.068559000000107
            ],
            [
              -68.848486,
              10.069082
            ],
            [
              -68.849505,
              10.069386000000122
            ],
            [
              -68.850826,
              10.071716
            ],
            [
              -68.85191,
              10.073185
            ],
            [
              -68.854321,
              10.075506
            ],
            [
              -68.85504499999985,
              10.075993
            ],
            [
              -68.860364,
              10.078417
            ],
            [
              -68.862541,
              10.079016
            ],
            [
              -68.863507,
              10.079625
            ],
            [
              -68.867613,
              10.08218
            ],
            [
              -68.869546,
              10.08327400000013
            ],
            [
              -68.872197,
              10.08620900000011
            ],
            [
              -68.87291599999986,
              10.087681
            ],
            [
              -68.874731,
              10.08828300000016
            ],
            [
              -68.87691399999989,
              10.087775
            ],
            [
              -68.87764,
              10.088016
            ],
            [
              -68.880304,
              10.08824200000015
            ],
            [
              -68.881757,
              10.088478000000123
            ],
            [
              -68.88490699999988,
              10.088332
            ],
            [
              -68.886813,
              10.091585000000123
            ],
            [
              -68.889403,
              10.090779
            ],
            [
              -68.891929,
              10.090455
            ],
            [
              -68.894439,
              10.090843
            ],
            [
              -68.896195,
              10.090114000000142
            ],
            [
              -68.89856799999984,
              10.088254
            ],
            [
              -68.901783,
              10.087167
            ],
            [
              -68.902856,
              10.086831
            ],
            [
              -68.903553,
              10.086239000000148
            ],
            [
              -68.90473299999985,
              10.085268
            ],
            [
              -68.90654,
              10.084109000000126
            ],
            [
              -68.909088,
              10.082808000000114
            ],
            [
              -68.911867,
              10.08099900000019
            ],
            [
              -68.915851,
              10.078794000000187
            ],
            [
              -68.920463,
              10.076677000000132
            ],
            [
              -68.922828,
              10.075607000000105
            ],
            [
              -68.9255639999999,
              10.074695000000133
            ],
            [
              -68.927045,
              10.073584
            ],
            [
              -68.929084,
              10.07269900000017
            ],
            [
              -68.93128,
              10.070481000000143
            ],
            [
              -68.934547,
              10.068923
            ],
            [
              -68.938137,
              10.066789
            ],
            [
              -68.941589,
              10.065046
            ],
            [
              -68.9452,
              10.06265900000011
            ],
            [
              -68.949205,
              10.059673
            ],
            [
              -68.951028,
              10.057273000000123
            ],
            [
              -68.951179,
              10.054998000000182
            ],
            [
              -68.95037899999988,
              10.052752000000169
            ],
            [
              -68.949206,
              10.050278000000105
            ],
            [
              -68.948199,
              10.048744
            ],
            [
              -68.948146,
              10.048388
            ],
            [
              -68.948314,
              10.048399
            ],
            [
              -68.949807,
              10.047597000000167
            ],
            [
              -68.949604,
              10.046756000000187
            ],
            [
              -68.949695,
              10.045681
            ],
            [
              -68.950111,
              10.045288
            ],
            [
              -68.951384,
              10.044407
            ],
            [
              -68.95180099999988,
              10.044083000000171
            ],
            [
              -68.952399,
              10.043046000000174
            ],
            [
              -68.952997,
              10.041664
            ],
            [
              -68.954013,
              10.040533
            ],
            [
              -68.955354,
              10.039353000000176
            ],
            [
              -68.957393,
              10.038354
            ],
            [
              -68.95808899999986,
              10.03835
            ],
            [
              -68.95934299999988,
              10.03834200000017
            ],
            [
              -68.96011,
              10.03833800000018
            ],
            [
              -68.961289,
              10.037366
            ],
            [
              -68.96184199999988,
              10.03646700000013
            ],
            [
              -68.963321,
              10.03485
            ],
            [
              -68.96361799999983,
              10.03395300000011
            ],
            [
              -68.96362164999994,
              10.033710671000051
            ],
            [
              -68.9636359999999,
              10.032758000000172
            ],
            [
              -68.963629,
              10.031426000000124
            ],
            [
              -68.96350699999988,
              10.030164000000127
            ],
            [
              -68.96287099999984,
              10.028284
            ],
            [
              -68.96255038099997,
              10.026897733000169
            ],
            [
              -68.9624199999999,
              10.026334000000134
            ],
            [
              -68.9619249999999,
              10.024614
            ],
            [
              -68.96154499999989,
              10.022871000000123
            ],
            [
              -68.961306,
              10.021632000000125
            ],
            [
              -68.961556,
              10.02039000000019
            ],
            [
              -68.961809,
              10.019906000000105
            ],
            [
              -68.962316,
              10.019031
            ],
            [
              -68.963516,
              10.017668
            ],
            [
              -68.96355501099993,
              10.017255994000038
            ],
            [
              -68.96363825799989,
              10.017097984000145
            ],
            [
              -68.96369287499988,
              10.016521466000029
            ],
            [
              -68.96382786999988,
              10.015579438999964
            ],
            [
              -68.96391687599993,
              10.01484342000009
            ],
            [
              -68.96325582799994,
              10.012481368000067
            ],
            [
              -68.96387084699995,
              10.010135308000088
            ],
            [
              -68.96426185199988,
              10.009351288000062
            ],
            [
              -68.96439785299998,
              10.008639262000145
            ],
            [
              -68.96437285099995,
              10.008179258000098
            ],
            [
              -68.96406783299983,
              10.007630247000066
            ],
            [
              -68.96408883199996,
              10.007147231000033
            ],
            [
              -68.96410983099992,
              10.00659621900013
            ],
            [
              -68.96410582899995,
              10.005792193000048
            ],
            [
              -68.96412382199992,
              10.004804166000099
            ],
            [
              -68.96437583099998,
              10.004137159000038
            ],
            [
              -68.96290775799986,
              10.002905137000084
            ],
            [
              -68.96259873799994,
              10.00155210000014
            ],
            [
              -68.96215070799991,
              10.000153063000084
            ],
            [
              -68.96147673099995,
              9.999046852000163
            ],
            [
              -68.96142566699996,
              9.998963040000149
            ],
            [
              -68.96233668599996,
              9.99577495800014
            ],
            [
              -68.96155064599992,
              9.994117919000075
            ],
            [
              -68.96141263699997,
              9.993128900000045
            ],
            [
              -68.95986155599996,
              9.991264863000083
            ],
            [
              -68.96004855599989,
              9.989723825000112
            ],
            [
              -68.96067557399982,
              9.988687795000033
            ],
            [
              -68.96128058999994,
              9.986709738000059
            ],
            [
              -68.9618156009999,
              9.984846683000171
            ],
            [
              -68.96110055499997,
              9.982108623000101
            ],
            [
              -68.95998850099988,
              9.9810036020001
            ],
            [
              -68.95992049799997,
              9.979853581000043
            ],
            [
              -68.96103453499995,
              9.978404538000177
            ],
            [
              -68.96066450999996,
              9.977598516000057
            ],
            [
              -68.96017947799999,
              9.976172482000038
            ],
            [
              -68.96024948199982,
              9.975597464999964
            ],
            [
              -68.96036647699998,
              9.974561438000137
            ],
            [
              -68.95976445099984,
              9.974308439000083
            ],
            [
              -68.95927842999993,
              9.973503423000068
            ],
            [
              -68.95978943899996,
              9.97237638700011
            ],
            [
              -68.96083348499991,
              9.971617362000075
            ],
            [
              -68.9616685119999,
              9.97046733500008
            ],
            [
              -68.96153050399994,
              9.969615311000098
            ],
            [
              -68.96095246599998,
              9.968534293000175
            ],
            [
              -68.96007342099989,
              9.967130257000179
            ],
            [
              -68.95910138199997,
              9.966117237
            ],
            [
              -68.95819732999985,
              9.965519225000094
            ],
            [
              -68.95748029799995,
              9.964714210000182
            ],
            [
              -68.95664725399985,
              9.9634021870001
            ],
            [
              -68.95606922799988,
              9.962159161999978
            ],
            [
              -68.95704525499991,
              9.959652087000109
            ],
            [
              -68.95748924899988,
              9.956661017000101
            ],
            [
              -68.95739823799988,
              9.954383962000065
            ],
            [
              -68.95804925899995,
              9.952772915000082
            ],
            [
              -68.95825926399982,
              9.952105896000035
            ],
            [
              -68.95807523599996,
              9.95021984500005
            ],
            [
              -68.9573015929999,
              9.949673037000082
            ],
            [
              -68.95719520199998,
              9.949597840000024
            ],
            [
              -68.95652417099996,
              9.948861825000108
            ],
            [
              -68.95856424499993,
              9.948378797000146
            ],
            [
              -68.96053432799994,
              9.94842579100009
            ],
            [
              -68.9608593449999,
              9.94722975500008
            ],
            [
              -68.96055932599995,
              9.946285744000079
            ],
            [
              -68.95965728099992,
              9.945043714000121
            ],
            [
              -68.95810520199996,
              9.9441916990001
            ],
            [
              -68.95755017799996,
              9.943247677000159
            ],
            [
              -68.95734216099999,
              9.942189656999972
            ],
            [
              -68.95660112699994,
              9.942212661000099
            ],
            [
              -68.95611609599996,
              9.94092363600015
            ],
            [
              -68.95519005899996,
              9.939957609000032
            ],
            [
              -68.95465802399991,
              9.938990586000045
            ],
            [
              -68.95377897899994,
              9.937656568000023
            ],
            [
              -68.95375697399999,
              9.936114526000154
            ],
            [
              -68.95417498699993,
              9.935010490000082
            ],
            [
              -68.95417796499999,
              9.932640440000114
            ],
            [
              -68.95550001499987,
              9.931559399000093
            ],
            [
              -68.95577901999997,
              9.930547377000039
            ],
            [
              -68.95668405699996,
              9.929788353000106
            ],
            [
              -68.95749708499989,
              9.927925296000069
            ],
            [
              -68.95946815099984,
              9.926338247000103
            ],
            [
              -68.96018817599997,
              9.925142221000101
            ],
            [
              -68.96026116999997,
              9.92242714400004
            ],
            [
              -68.95996114799993,
              9.920817108000051
            ],
            [
              -68.9592767499999,
              9.920103165000057
            ],
            [
              -68.95901209799996,
              9.919827088000034
            ],
            [
              -68.95794705299994,
              9.919183077000127
            ],
            [
              -68.9566039909999,
              9.91846907300004
            ],
            [
              -68.95621096399998,
              9.917503043000067
            ],
            [
              -68.95611995799999,
              9.915915013000074
            ],
            [
              -68.95625995399996,
              9.914902979000033
            ],
            [
              -68.95653995999993,
              9.913199946000077
            ],
            [
              -68.95549790599995,
              9.91285493700002
            ],
            [
              -68.9544548589999,
              9.912508935000176
            ],
            [
              -68.95334281099997,
              9.912324940000133
            ],
            [
              -68.95333045499996,
              9.912315499000158
            ],
            [
              -68.95243977599995,
              9.911634926999966
            ],
            [
              -68.95156073399988,
              9.910828907999985
            ],
            [
              -68.95040267799993,
              9.909654887000102
            ],
            [
              -68.94850359499998,
              9.909286895000037
            ],
            [
              -68.94695052599991,
              9.909170898000127
            ],
            [
              -68.94660450599997,
              9.908135867
            ],
            [
              -68.94686050799993,
              9.906754837000165
            ],
            [
              -68.94802054799999,
              9.905581795999979
            ],
            [
              -68.94943460299993,
              9.904938775000176
            ],
            [
              -68.94978460599992,
              9.903511744000127
            ],
            [
              -68.94973960299995,
              9.902292709999983
            ],
            [
              -68.94927857299996,
              9.900198665
            ],
            [
              -68.94895454999988,
              9.899462649000043
            ],
            [
              -68.94856152299997,
              9.898403625000185
            ],
            [
              -68.94872552299995,
              9.89711558900018
            ],
            [
              -68.94875052599997,
              9.895712553000067
            ],
            [
              -68.94993157399983,
              9.895574545000045
            ],
            [
              -68.95097660999988,
              9.89428650400015
            ],
            [
              -68.95141861499997,
              9.892768464000142
            ],
            [
              -68.95308768299992,
              9.891503420000106
            ],
            [
              -68.95459374699993,
              9.892010421
            ],
            [
              -68.95609980699993,
              9.891757410000139
            ],
            [
              -68.95665782099991,
              9.890492372000097
            ],
            [
              -68.95677482499991,
              9.888904340000124
            ],
            [
              -68.95582577599998,
              9.88805332600009
            ],
            [
              -68.95580377599987,
              9.887317308000092
            ],
            [
              -68.95686981899996,
              9.886788286000012
            ],
            [
              -68.95731182299994,
              9.885131240000078
            ],
            [
              -68.95851786499998,
              9.884051205000162
            ],
            [
              -68.96044194299992,
              9.883591190000175
            ],
            [
              -68.96141697999997,
              9.88159013100011
            ],
            [
              -68.96243800899998,
              9.880095089
            ],
            [
              -68.96165096999988,
              9.879335069000035
            ],
            [
              -68.96250900199982,
              9.878921061000028
            ],
            [
              -68.96311302899994,
              9.877449021000132
            ],
            [
              -68.96262699699997,
              9.876851007000027
            ],
            [
              -68.96316101799994,
              9.875723970000081
            ],
            [
              -68.96506308299985,
              9.87418292200016
            ],
            [
              -68.96559710299988,
              9.872801890000119
            ],
            [
              -68.96584529599988,
              9.87227599900018
            ],
            [
              -68.96627011999988,
              9.87137585000005
            ],
            [
              -68.96712915099988,
              9.869903808000117
            ],
            [
              -68.96824219999996,
              9.869351785
            ],
            [
              -68.96784917599996,
              9.868776771000057
            ],
            [
              -68.96912422099996,
              9.867902744000105
            ],
            [
              -68.97044528099991,
              9.86755773300007
            ],
            [
              -68.9706092809999,
              9.866200697000068
            ],
            [
              -68.96949822099998,
              9.865072676000068
            ],
            [
              -68.97007824499991,
              9.864106641000149
            ],
            [
              -68.97170130199993,
              9.863094611000065
            ],
            [
              -68.97260534599997,
              9.862404588000118
            ],
            [
              -68.9733013639999,
              9.861139549000143
            ],
            [
              -68.9725373259999,
              9.860564549000173
            ],
            [
              -68.97198329399998,
              9.859252512000069
            ],
            [
              -68.97168327199995,
              9.857711476000134
            ],
            [
              -68.97214927999994,
              9.855847428000061
            ],
            [
              -68.97166225699988,
              9.855548429000123
            ],
            [
              -68.97052720799996,
              9.855341433000035
            ],
            [
              -68.97004217599988,
              9.853776394000135
            ],
            [
              -68.97055319699996,
              9.852741358000117
            ],
            [
              -68.97053118399992,
              9.851821338000036
            ],
            [
              -68.97039317499997,
              9.850900314
            ],
            [
              -68.97044017499996,
              9.849819293
            ],
            [
              -68.9706501789999,
              9.848899271999983
            ],
            [
              -68.97053517299997,
              9.848370256000123
            ],
            [
              -68.97044415099992,
              9.846092196000086
            ],
            [
              -68.9709581589999,
              9.844257155000037
            ],
            [
              -68.97250922099988,
              9.843102111000064
            ],
            [
              -68.97415529399996,
              9.84264209700018
            ],
            [
              -68.97251621299995,
              9.84148307400011
            ],
            [
              -68.97046083099997,
              9.841540091000127
            ],
            [
              -68.96855004499997,
              9.841593096000167
            ],
            [
              -68.9675081709999,
              9.84197331100006
            ],
            [
              -68.96434087099993,
              9.843129167000143
            ],
            [
              -68.96013070799995,
              9.845379236999975
            ],
            [
              -68.95676058499998,
              9.84822533300013
            ],
            [
              -68.95555654299994,
              9.849411370000098
            ],
            [
              -68.95510471699993,
              9.849522112000045
            ],
            [
              -68.95219040499995,
              9.850236405000032
            ],
            [
              -68.94774121999995,
              9.851652463000164
            ],
            [
              -68.94533810799999,
              9.851052461000052
            ],
            [
              -68.94281799599992,
              9.848667420000027
            ],
            [
              -68.94138191199994,
              9.845572358000084
            ],
            [
              -68.93970482399993,
              9.842356289000179
            ],
            [
              -68.93706270199988,
              9.84104226500017
            ],
            [
              -68.93477860999991,
              9.841869304000113
            ],
            [
              -68.93369457199992,
              9.842936331000033
            ],
            [
              -68.93080445899989,
              9.845902427000112
            ],
            [
              -68.92779634499993,
              9.847798489000127
            ],
            [
              -68.92334717099988,
              9.848976537999988
            ],
            [
              -68.92084764699996,
              9.849420121000037
            ],
            [
              -68.91938000099992,
              9.849680580000154
            ],
            [
              -68.91589584799993,
              9.849077593000118
            ],
            [
              -68.91349573199994,
              9.847168555000053
            ],
            [
              -68.90941753999994,
              9.842995478000034
            ],
            [
              -68.90593537799992,
              9.841083443000173
            ],
            [
              -68.90293124899989,
              9.840957461000073
            ],
            [
              -68.90040514899988,
              9.84190249400018
            ],
            [
              -68.89848206199991,
              9.84201651300009
            ],
            [
              -68.89595994999996,
              9.841415507000136
            ],
            [
              -68.89315847899996,
              9.840483447999986
            ],
            [
              -68.89271680999985,
              9.840336503
            ],
            [
              -68.89091373999997,
              9.840450521000037
            ],
            [
              -68.8891086669999,
              9.84175456600019
            ],
            [
              -68.88658355899997,
              9.842461591000188
            ],
            [
              -68.88273739499988,
              9.842451609000022
            ],
            [
              -68.87732916299996,
              9.842199643000185
            ],
            [
              -68.87348499499996,
              9.841594647000022
            ],
            [
              -68.87060386499996,
              9.83980361600004
            ],
            [
              -68.86724271199995,
              9.83765358400018
            ],
            [
              -68.86376155499994,
              9.835622550000153
            ],
            [
              -68.86184045999988,
              9.83466554
            ],
            [
              -68.85871632499993,
              9.834419556000114
            ],
            [
              -68.85414813599988,
              9.835240601000066
            ],
            [
              -68.84488577099995,
              9.839139750000015
            ],
            [
              -68.8375474739999,
              9.842806887000108
            ],
            [
              -68.83105021599994,
              9.846000003000029
            ],
            [
              -68.82744306299992,
              9.846942039000169
            ],
            [
              -68.8237169059999,
              9.84716907
            ],
            [
              -68.82023375599994,
              9.846089062000033
            ],
            [
              -68.81675159699984,
              9.844771046
            ],
            [
              -68.81422549599989,
              9.845597082000154
            ],
            [
              -68.81339546399988,
              9.845738090999987
            ],
            [
              -68.81195439299995,
              9.84514008200017
            ],
            [
              -68.80967429499992,
              9.843470056
            ],
            [
              -68.80643114499998,
              9.842748058000154
            ],
            [
              -68.80234297699997,
              9.843568106000134
            ],
            [
              -68.79884984799992,
              9.846885205000092
            ],
            [
              -68.79390668599996,
              9.854000408
            ],
            [
              -68.79173561399989,
              9.857559515000048
            ],
            [
              -68.79018341599982,
              9.858955191000064
            ],
            [
              -68.78890136199988,
              9.860107964000179
            ],
            [
              -68.78752044599992,
              9.861349630000063
            ],
            [
              -68.78078118199983,
              9.865132759000176
            ],
            [
              -68.77536697099993,
              9.867730855
            ],
            [
              -68.77151681999999,
              9.86950192800009
            ],
            [
              -68.76728514499996,
              9.870012293000116
            ],
            [
              -68.76574557399994,
              9.870197975000053
            ],
            [
              -68.76213841499998,
              9.869947985000124
            ],
            [
              -68.76068839499999,
              9.869264675000068
            ],
            [
              -68.75985931399998,
              9.868873977000078
            ],
            [
              -68.75541212999997,
              9.868860002000076
            ],
            [
              -68.74879885099995,
              9.869910067000035
            ],
            [
              -68.74849766499995,
              9.869975306000185
            ],
            [
              -68.74122254099996,
              9.87155114300009
            ],
            [
              -68.73364522899993,
              9.873667240000088
            ],
            [
              -68.72823100499988,
              9.87614533400017
            ],
            [
              -68.72704235799995,
              9.877103430000034
            ],
            [
              -68.72243580799983,
              9.88081648900004
            ],
            [
              -68.72220877499996,
              9.880999487000054
            ],
            [
              -68.71943567999995,
              9.884792598000104
            ],
            [
              -68.7166605889999,
              9.889061724000044
            ],
            [
              -68.71472952599999,
              9.892263813
            ],
            [
              -68.71412351599997,
              9.894281874000114
            ],
            [
              -68.71471754999982,
              9.896779929000104
            ],
            [
              -68.71687765299993,
              9.898211949000142
            ],
            [
              -68.72000178999997,
              9.898815942999988
            ],
            [
              -68.72216189499989,
              9.900485982000077
            ],
            [
              -68.72352717799998,
              9.904112951000059
            ],
            [
              -68.72359497899998,
              9.904293070000108
            ],
            [
              -68.72322397899995,
              9.908569171000181
            ],
            [
              -68.72285399099997,
              9.912014261000138
            ],
            [
              -68.72272400599996,
              9.916172367000058
            ],
            [
              -68.72150798699988,
              9.92187251100006
            ],
            [
              -68.71909390399998,
              9.92590463300013
            ],
            [
              -68.71776387099999,
              9.928989719000128
            ],
            [
              -68.71739487699989,
              9.932553807000147
            ],
            [
              -68.71689888999998,
              9.938374955000029
            ],
            [
              -68.71580986099997,
              9.941223025000113
            ],
            [
              -68.71231772099992,
              9.943945123000105
            ],
            [
              -68.7099076369999,
              9.946195184000032
            ],
            [
              -68.7064174979999,
              9.94737223500016
            ],
            [
              -68.70257033099989,
              9.947717272000034
            ],
            [
              -68.70004622199997,
              9.947352275000128
            ],
            [
              -68.69511301899996,
              9.94888234400014
            ],
            [
              -68.68993781099988,
              9.951123422000137
            ],
            [
              -68.68668668399994,
              9.953251498000157
            ],
            [
              -68.68295353699995,
              9.955497581000088
            ],
            [
              -68.67632829099995,
              9.960704748000069
            ],
            [
              -68.67343816999994,
              9.962358805000065
            ],
            [
              -68.66982403899993,
              9.965198896000174
            ],
            [
              -68.6674149449999,
              9.966972953000095
            ],
            [
              -68.66560787499998,
              9.968512003000114
            ],
            [
              -68.66427782799997,
              9.971240084000158
            ],
            [
              -68.66270478599995,
              9.975038178000148
            ],
            [
              -68.66161975599994,
              9.976341226000159
            ],
            [
              -68.65921664399997,
              9.975739226000087
            ],
            [
              -68.65609151399997,
              9.975372234000076
            ],
            [
              -68.65272835499997,
              9.973936212000126
            ],
            [
              -68.64984922099995,
              9.971787170000084
            ],
            [
              -68.64685107099996,
              9.968926127000088
            ],
            [
              -68.64409393499989,
              9.965827063000177
            ],
            [
              -68.64133381499994,
              9.964036031000148
            ],
            [
              -68.6382096769999,
              9.96331203300008
            ],
            [
              -68.63688860999997,
              9.962595025999974
            ],
            [
              -68.63616658099988,
              9.962830034000092
            ],
            [
              -68.63544455299996,
              9.96330305000015
            ],
            [
              -68.63447852499996,
              9.964845087000072
            ],
            [
              -68.63351448899994,
              9.965435116000151
            ],
            [
              -68.63110838099988,
              9.966259140000147
            ],
            [
              -68.62870228399993,
              9.966845168000134
            ],
            [
              -68.62569516699989,
              9.967429202000119
            ],
            [
              -68.6230490559999,
              9.967539227999964
            ],
            [
              -68.62100396699998,
              9.968007249999971
            ],
            [
              -68.61811585199996,
              9.968948288000036
            ],
            [
              -68.61619376699997,
              9.968585286
            ],
            [
              -68.61487270099991,
              9.968105281000021
            ],
            [
              -68.61379165799991,
              9.967626280000104
            ],
            [
              -68.61259159999992,
              9.96679126700019
            ],
            [
              -68.61175655199992,
              9.964530216000071
            ],
            [
              -68.61128651199994,
              9.960608121000178
            ],
            [
              -68.61093646599994,
              9.956685021000112
            ],
            [
              -68.60938537099992,
              9.952402923000022
            ],
            [
              -68.6102373899999,
              9.948840830999984
            ],
            [
              -68.61097039299989,
              9.944565720000014
            ],
            [
              -68.60881827999998,
              9.940518630000042
            ],
            [
              -68.60666616599991,
              9.93623353300012
            ],
            [
              -68.6047530599999,
              9.932424449000052
            ],
            [
              -68.60367201799988,
              9.932183456000132
            ],
            [
              -68.60198994299998,
              9.931701454
            ],
            [
              -68.59549467199992,
              9.93310552100013
            ],
            [
              -68.58791735499995,
              9.934504604000153
            ],
            [
              -68.58455020799994,
              9.934730629000114
            ],
            [
              -68.57805893699992,
              9.93470865900008
            ],
            [
              -68.5732507319999,
              9.93469169399998
            ],
            [
              -68.56760347799985,
              9.93360169400006
            ],
            [
              -68.5631602819999,
              9.932041679
            ],
            [
              -68.56027915299984,
              9.930605667000066
            ],
            [
              -68.55654999599994,
              9.931542701000126
            ],
            [
              -68.55462491299988,
              9.932129732000135
            ],
            [
              -68.55366287199996,
              9.932007736000173
            ],
            [
              -68.55111376299982,
              9.931716742000049
            ],
            [
              -68.54717658099992,
              9.930320729000073
            ],
            [
              -68.54681557399988,
              9.930675738000048
            ],
            [
              -68.54597353999986,
              9.93079174899998
            ],
            [
              -68.54524951499991,
              9.931502773000034
            ],
            [
              -68.54452748799991,
              9.93197478400009
            ],
            [
              -68.54344244399994,
              9.93304081700012
            ],
            [
              -68.54223739499997,
              9.933986848000131
            ],
            [
              -68.54102834199995,
              9.93388684900009
            ],
            [
              -68.53727218699993,
              9.93480089500008
            ],
            [
              -68.53525509899993,
              9.934935916000143
            ],
            [
              -68.53369804699997,
              9.937072981000142
            ],
            [
              -68.53260899899993,
              9.936818980000169
            ],
            [
              -68.53168495899996,
              9.935850955000092
            ],
            [
              -68.53099292299999,
              9.934560925000085
            ],
            [
              -68.53018187999993,
              9.934214921000091
            ],
            [
              -68.52957885299998,
              9.934742935999964
            ],
            [
              -68.52879082499993,
              9.93481094800012
            ],
            [
              -68.52888582599991,
              9.933844927
            ],
            [
              -68.52861180599996,
              9.932003883000107
            ],
            [
              -68.52794176899994,
              9.931358864000117
            ],
            [
              -68.5271317289999,
              9.930620852000175
            ],
            [
              -68.52699471299991,
              9.929700832000037
            ],
            [
              -68.52713571599998,
              9.928941813000051
            ],
            [
              -68.52699871199991,
              9.92802078800014
            ],
            [
              -68.52774373599993,
              9.926733754000054
            ],
            [
              -68.52811774499986,
              9.925307715000088
            ],
            [
              -68.52898175999985,
              9.922732645
            ],
            [
              -68.52933476099992,
              9.920248585000024
            ],
            [
              -68.53028979099997,
              9.918478533000098
            ],
            [
              -68.53203185399997,
              9.916410467000048
            ],
            [
              -68.53338189999994,
              9.91418140200011
            ],
            [
              -68.53507397399989,
              9.913792387000171
            ],
            [
              -68.53716205799998,
              9.912760346000141
            ],
            [
              -68.53749006499993,
              9.911220312000069
            ],
            [
              -68.53698402999999,
              9.90963126600002
            ],
            [
              -68.53671001099997,
              9.907905224000046
            ],
            [
              -68.53613297999993,
              9.907030214000088
            ],
            [
              -68.53680799499989,
              9.905467166000108
            ],
            [
              -68.5384340519999,
              9.903744115999984
            ],
            [
              -68.5395270969999,
              9.902043064000111
            ],
            [
              -68.53950708099995,
              9.90084704100019
            ],
            [
              -68.53946507799992,
              9.898890983000172
            ],
            [
              -68.53944705499987,
              9.896797940999988
            ],
            [
              -68.53908003099997,
              9.895416901000146
            ],
            [
              -68.53857499899993,
              9.893437858000084
            ],
            [
              -68.53954903799996,
              9.89272582700005
            ],
            [
              -68.5392510179999,
              9.891758815000173
            ],
            [
              -68.53966903299994,
              9.890954787000055
            ],
            [
              -68.54085308199996,
              9.890265767000074
            ],
            [
              -68.54141109999995,
              9.889507739000067
            ],
            [
              -68.54108808199993,
              9.888885730000027
            ],
            [
              -68.54055606299988,
              9.888585725000155
            ],
            [
              -68.54023104999999,
              9.88853972700008
            ],
            [
              -68.53893498199994,
              9.887847717000056
            ],
            [
              -68.53876354499988,
              9.887951527000098
            ],
            [
              -68.53738092599997,
              9.888788748000024
            ],
            [
              -68.53624388299994,
              9.889223760000107
            ],
            [
              -68.53524684099989,
              9.889681783000071
            ],
            [
              -68.53471281499992,
              9.890095790000146
            ],
            [
              -68.53399379099994,
              9.89041680400004
            ],
            [
              -68.53311175299996,
              9.8910358280001
            ],
            [
              -68.53204570899999,
              9.891310843000042
            ],
            [
              -68.53137467899995,
              9.890849838000179
            ],
            [
              -68.53086565899991,
              9.890411820000168
            ],
            [
              -68.5294976049999,
              9.890961846000039
            ],
            [
              -68.52970361099989,
              9.892019866000169
            ],
            [
              -68.52935460999998,
              9.89284789900006
            ],
            [
              -68.53106767999998,
              9.893333897000105
            ],
            [
              -68.53088067499993,
              9.893954916000041
            ],
            [
              -68.52902559799992,
              9.894480939000175
            ],
            [
              -68.52793455799997,
              9.895237965999968
            ],
            [
              -68.52693652599999,
              9.896248987000092
            ],
            [
              -68.52591547899988,
              9.896799011000098
            ],
            [
              -68.5248754299999,
              9.895577984000056
            ],
            [
              -68.52369736599996,
              9.894310958
            ],
            [
              -68.52221729899998,
              9.89276693700009
            ],
            [
              -68.52171325899991,
              9.89051187900003
            ],
            [
              -68.52208926299994,
              9.88841882200012
            ],
            [
              -68.52114121699992,
              9.887358808000158
            ],
            [
              -68.51847511299997,
              9.888113833000034
            ],
            [
              -68.51597100599997,
              9.888730867999982
            ],
            [
              -68.5142569329999,
              9.888636878000057
            ],
            [
              -68.51272487499989,
              9.889921919000074
            ],
            [
              -68.51116981399991,
              9.890747948000126
            ],
            [
              -68.5097547549999,
              9.891711978000103
            ],
            [
              -68.50815469599996,
              9.89223800100001
            ],
            [
              -68.50592860699999,
              9.892948028000035
            ],
            [
              -68.50469855599988,
              9.89349805300003
            ],
            [
              -68.50407153599997,
              9.894233070000155
            ],
            [
              -68.50297848899993,
              9.895681120000063
            ],
            [
              -68.5019584449999,
              9.895932130000062
            ],
            [
              -68.50124042499993,
              9.896046130000059
            ],
            [
              -68.50121641899989,
              9.896046130000059
            ],
            [
              -68.49615321099992,
              9.898422228000015
            ],
            [
              -68.49565519799984,
              9.899676257000124
            ],
            [
              -68.49468916699993,
              9.900783288000184
            ],
            [
              -68.49310210399989,
              9.90124131400006
            ],
            [
              -68.49201106299995,
              9.902008333000026
            ],
            [
              -68.49200151799994,
              9.90201958700004
            ],
            [
              -68.49075401999994,
              9.90349038100004
            ],
            [
              -68.49006699199992,
              9.905392437000046
            ],
            [
              -68.48875893999997,
              9.905912451000063
            ],
            [
              -68.48656085099992,
              9.906067469000106
            ],
            [
              -68.48629784799994,
              9.907429509
            ],
            [
              -68.4874979039999,
              9.908037512000135
            ],
            [
              -68.48696289099996,
              9.909591560000138
            ],
            [
              -68.48579484599998,
              9.91093359600012
            ],
            [
              -68.48572862599997,
              9.91087166799997
            ],
            [
              -68.48443678499996,
              9.90966356700011
            ],
            [
              -68.48438568099988,
              9.909651730000121
            ],
            [
              -68.48329272499996,
              9.909398569000075
            ],
            [
              -68.48306172299993,
              9.911057612000093
            ],
            [
              -68.48289973499993,
              9.912715662000153
            ],
            [
              -68.48060164599997,
              9.914250706000132
            ],
            [
              -68.47870056499988,
              9.914305716000058
            ],
            [
              -68.47746450199992,
              9.914065717000028
            ],
            [
              -68.47557042799997,
              9.9151527570001
            ],
            [
              -68.47373135199996,
              9.915733791000036
            ],
            [
              -68.47197127899989,
              9.915830793000055
            ],
            [
              -68.47058122599998,
              9.915869811999983
            ],
            [
              -68.46918616299996,
              9.916598838000084
            ],
            [
              -68.46854014099995,
              9.917512855000155
            ],
            [
              -68.46682807299987,
              9.918479890000128
            ],
            [
              -68.4653760249999,
              9.919600925000054
            ],
            [
              -68.46166186999989,
              9.92195700800005
            ],
            [
              -68.46007381799996,
              9.92319705300008
            ],
            [
              -68.45819773699998,
              9.923296065000102
            ],
            [
              -68.45664967699997,
              9.924328104000153
            ],
            [
              -68.45574964299993,
              9.925295135000113
            ],
            [
              -68.4543185849999,
              9.926369164000107
            ],
            [
              -68.45324253299998,
              9.926055161000136
            ],
            [
              -68.4521684909999,
              9.925788164000153
            ],
            [
              -68.45105045199995,
              9.926462189000063
            ],
            [
              -68.4502824089999,
              9.926369186999978
            ],
            [
              -68.44878935799994,
              9.926871203000132
            ],
            [
              -68.44715729199999,
              9.92820425500014
            ],
            [
              -68.4457532269999,
              9.92858826600019
            ],
            [
              -68.44403015899996,
              9.929188292000106
            ],
            [
              -68.44225109299992,
              9.931053353000152
            ],
            [
              -68.44180908399994,
              9.931823372000167
            ],
            [
              -68.4406190389999,
              9.9324084000001
            ],
            [
              -68.44000801099997,
              9.933734433000097
            ],
            [
              -68.43817393799992,
              9.934498465000104
            ],
            [
              -68.43542582599991,
              9.935771510000166
            ],
            [
              -68.43375477299992,
              9.937356559000136
            ],
            [
              -68.43170068399996,
              9.937737582000125
            ],
            [
              -68.43120966899994,
              9.938416593000113
            ],
            [
              -68.43017062099995,
              9.93858461300016
            ],
            [
              -68.42942258999994,
              9.939179631000172
            ],
            [
              -68.4284395499999,
              9.939689650000162
            ],
            [
              -68.42760052299991,
              9.940356673000053
            ],
            [
              -68.4270335089999,
              9.941635701000166
            ],
            [
              -68.4264934929999,
              9.943051748000187
            ],
            [
              -68.42491144199994,
              9.945346812000025
            ],
            [
              -68.42306737199993,
              9.947396868000169
            ],
            [
              -68.42047526699997,
              9.94921492900005
            ],
            [
              -68.4194302269999,
              9.950002961000052
            ],
            [
              -68.41915622399989,
              9.95097497800009
            ],
            [
              -68.41920222999994,
              9.951777006000043
            ],
            [
              -68.41770017099992,
              9.952784033000114
            ],
            [
              -68.41660112299996,
              9.953320057000042
            ],
            [
              -68.41529007399993,
              9.952875055
            ],
            [
              -68.4135209829999,
              9.951847044000147
            ],
            [
              -68.41163790399997,
              9.952520068000013
            ],
            [
              -68.4100888509999,
              9.95350609400009
            ],
            [
              -68.40925782399995,
              9.955297147000067
            ],
            [
              -68.40820078399997,
              9.956475190000106
            ],
            [
              -68.4068127349999,
              9.957433213000058
            ],
            [
              -68.40604170299997,
              9.958052236000185
            ],
            [
              -68.40534867399998,
              9.958967259000133
            ],
            [
              -68.40454864999998,
              9.960206295000148
            ],
            [
              -68.40496267699996,
              9.960906315000159
            ],
            [
              -68.40561169699998,
              9.960888313000112
            ],
            [
              -68.40627473199999,
              9.96137431700015
            ],
            [
              -68.40628073899995,
              9.963233361000164
            ],
            [
              -68.40510869599996,
              9.964437408000038
            ],
            [
              -68.40472369199989,
              9.966377457000078
            ],
            [
              -68.40505271899991,
              9.967355479000162
            ],
            [
              -68.40397366699983,
              9.967776489000187
            ],
            [
              -68.40275661399994,
              9.966548474000092
            ],
            [
              -68.4017255689999,
              9.966210466000177
            ],
            [
              -68.40064751799997,
              9.965827462000107
            ],
            [
              -68.39977447299992,
              9.965301454000098
            ],
            [
              -68.39863442699993,
              9.96597648400018
            ],
            [
              -68.39735737799987,
              9.965967481000064
            ],
            [
              -68.39594931099998,
              9.965364481000108
            ],
            [
              -68.39438424299988,
              9.965822496000044
            ],
            [
              -68.39396823799996,
              9.966706522000038
            ],
            [
              -68.39360822499998,
              9.967106539000156
            ],
            [
              -68.39194615599996,
              9.968210571000043
            ],
            [
              -68.39194516699996,
              9.968967591000137
            ],
            [
              -68.39196916599991,
              9.969816612000102
            ],
            [
              -68.39076911899991,
              9.970860651000066
            ],
            [
              -68.38962407699995,
              9.970571647000156
            ],
            [
              -68.38816801899998,
              9.971600682000144
            ],
            [
              -68.38719284099994,
              9.97293573200011
            ],
            [
              -68.38714098199995,
              9.973006728000087
            ],
            [
              -68.38633794899994,
              9.973328735
            ],
            [
              -68.38444887799994,
              9.974621783999964
            ],
            [
              -68.38317482699995,
              9.975484813000094
            ],
            [
              -68.38306183199984,
              9.977232854000022
            ],
            [
              -68.38221980499998,
              9.978633897
            ],
            [
              -68.38153277299989,
              9.97977792800009
            ],
            [
              -68.38068274999989,
              9.980904955000028
            ],
            [
              -68.37963571199987,
              9.981599981000159
            ],
            [
              -68.37815464999989,
              9.98175699400008
            ],
            [
              -68.37734060499986,
              9.98168799800004
            ],
            [
              -68.37685559899995,
              9.982574023000097
            ],
            [
              -68.3762625359999,
              9.983587774
            ],
            [
              -68.37615510299992,
              9.983771415000035
            ],
            [
              -68.37592656099991,
              9.984162072000117
            ],
            [
              -68.37589944399997,
              9.984187119000126
            ],
            [
              -68.3747735199999,
              9.98522710100002
            ],
            [
              -68.37351146899994,
              9.985722127000145
            ],
            [
              -68.37264443799995,
              9.986252142000012
            ],
            [
              -68.37205841599996,
              9.986865157000011
            ],
            [
              -68.37132337899982,
              9.987116166000135
            ],
            [
              -68.37011834099985,
              9.987999203000072
            ],
            [
              -68.37031734899989,
              9.989279232
            ],
            [
              -68.37029750099992,
              9.989872881000053
            ],
            [
              -68.37029735499993,
              9.989877249000017
            ],
            [
              -68.37060737299998,
              9.989979241000128
            ],
            [
              -68.37187142799996,
              9.990398251000158
            ],
            [
              -68.37277647799988,
              9.991747277000059
            ],
            [
              -68.37367352499984,
              9.993578313
            ],
            [
              -68.37511758999995,
              9.994380332000048
            ],
            [
              -68.37685767399995,
              9.99570035700009
            ],
            [
              -68.37793072799991,
              9.996804373000145
            ],
            [
              -68.3787237659999,
              9.998099404000072
            ],
            [
              -68.37977281499991,
              9.999411427000041
            ],
            [
              -68.38012583099999,
              9.999656434000144
            ],
            [
              -68.38065686099998,
              10.00061145400008
            ],
            [
              -68.38106388699998,
              10.001224463000085
            ],
            [
              -68.38138790099998,
              10.002298494000058
            ],
            [
              -68.38179192199993,
              10.002749496999968
            ],
            [
              -68.38239795599998,
              10.002852504000089
            ],
            [
              -68.38247795899991,
              10.00335651
            ],
            [
              -68.38248296299997,
              10.003609524000183
            ],
            [
              -68.38234895699992,
              10.003865531000145
            ],
            [
              -68.38221695199991,
              10.004258533000154
            ],
            [
              -68.38266997799991,
              10.004801549000149
            ],
            [
              -68.38301898499992,
              10.004840547000185
            ],
            [
              -68.38358501499994,
              10.005219556000156
            ],
            [
              -68.38396203799988,
              10.005487562000155
            ],
            [
              -68.38425905299994,
              10.006401586000095
            ],
            [
              -68.38459006199997,
              10.006670586000155
            ],
            [
              -68.3847780829999,
              10.00795461100006
            ],
            [
              -68.38483909499996,
              10.008643636000158
            ],
            [
              -68.38510310199996,
              10.009051643000078
            ],
            [
              -68.38538812199994,
              10.009367649000126
            ],
            [
              -68.3857151339999,
              10.009475647000158
            ],
            [
              -68.38591414899992,
              10.010092667000038
            ],
            [
              -68.38597615499998,
              10.010873680000088
            ],
            [
              -68.3861521579999,
              10.011536700000079
            ],
            [
              -68.38623417099996,
              10.01215571900002
            ],
            [
              -68.38622816899988,
              10.01298373800006
            ],
            [
              -68.38598516999997,
              10.013609748000022
            ],
            [
              -68.38585416999996,
              10.014048763000176
            ],
            [
              -68.38544515199993,
              10.014517780000176
            ],
            [
              -68.38587417199983,
              10.015037796
            ],
            [
              -68.38650420099998,
              10.01513978500003
            ],
            [
              -68.38745623699998,
              10.015096783000047
            ],
            [
              -68.38787425699985,
              10.015088775000095
            ],
            [
              -68.38825527799992,
              10.015540783000176
            ],
            [
              -68.38833128199991,
              10.015883799000108
            ],
            [
              -68.38829127799988,
              10.016183807000061
            ],
            [
              -68.38826028799997,
              10.016965826000046
            ],
            [
              -68.3885783039999,
              10.01776484800007
            ],
            [
              -68.38886631699995,
              10.01817285500016
            ],
            [
              -68.38867932199992,
              10.020429904000139
            ],
            [
              -68.3885953279999,
              10.020890926000106
            ],
            [
              -68.38785429499995,
              10.02104493100012
            ],
            [
              -68.38759128199996,
              10.02065891899997
            ],
            [
              -68.38723925899995,
              10.02048192000018
            ],
            [
              -68.38704726499998,
              10.021336938000047
            ],
            [
              -68.3870612579999,
              10.022026956000104
            ],
            [
              -68.38683625699991,
              10.022421970000096
            ],
            [
              -68.38698262299988,
              10.023242068000116
            ],
            [
              -68.38702026799996,
              10.023452993000035
            ],
            [
              -68.38730728699994,
              10.023884000000123
            ],
            [
              -68.38731229099989,
              10.024114014000133
            ],
            [
              -68.38728128899999,
              10.024896033000061
            ],
            [
              -68.38722128899991,
              10.025357043000042
            ],
            [
              -68.38712329599997,
              10.026279062000015
            ],
            [
              -68.38699028499997,
              10.026604070000076
            ],
            [
              -68.38660127499986,
              10.026888080000163
            ],
            [
              -68.38630426599997,
              10.027124092000122
            ],
            [
              -68.38584724799989,
              10.027524109000126
            ],
            [
              -68.38526722599988,
              10.028732138000123
            ],
            [
              -68.38508322199993,
              10.028827143000115
            ],
            [
              -68.38500221999988,
              10.029450160000067
            ],
            [
              -68.38551924499995,
              10.02969216100007
            ],
            [
              -68.38580326699991,
              10.031112201000155
            ],
            [
              -68.38583326999998,
              10.031433199000048
            ],
            [
              -68.38589027199998,
              10.03198422200012
            ],
            [
              -68.38586927099993,
              10.032100217
            ],
            [
              -68.38520324799998,
              10.032458232000067
            ],
            [
              -68.38477722699992,
              10.033272252000074
            ],
            [
              -68.38479223799999,
              10.03400727800016
            ],
            [
              -68.3847522339999,
              10.034307286000114
            ],
            [
              -68.38437323099998,
              10.035142308000104
            ],
            [
              -68.38432822399989,
              10.035189302000106
            ],
            [
              -68.3837562029999,
              10.035638324000104
            ],
            [
              -68.3834081899999,
              10.035668327
            ],
            [
              -68.38324718599989,
              10.035763332000158
            ],
            [
              -68.38279515999989,
              10.036371345000077
            ],
            [
              -68.38277517099993,
              10.037728381000136
            ],
            [
              -68.38271517099992,
              10.03818939100006
            ],
            [
              -68.38269317599998,
              10.038235391000114
            ],
            [
              -68.38212915099996,
              10.039097424000147
            ],
            [
              -68.38207944999982,
              10.03932722500008
            ],
            [
              -68.38195915199998,
              10.039883441000086
            ],
            [
              -68.38196615499993,
              10.040251444000035
            ],
            [
              -68.38211215499996,
              10.040569461000189
            ],
            [
              -68.38214015899996,
              10.040822463000154
            ],
            [
              -68.38213216899999,
              10.041535482000086
            ],
            [
              -68.38211316699994,
              10.04176548400011
            ],
            [
              -68.38167115299996,
              10.041751485000077
            ],
            [
              -68.38063610499995,
              10.042301510000016
            ],
            [
              -68.38015208799993,
              10.042472518000181
            ],
            [
              -68.37968806699985,
              10.042528526000183
            ],
            [
              -68.37915504399996,
              10.042631527000083
            ],
            [
              -68.37820101599982,
              10.043708558000105
            ],
            [
              -68.37807100899988,
              10.04417057300003
            ],
            [
              -68.37836002699999,
              10.04469358100016
            ],
            [
              -68.37797800799984,
              10.045345606000012
            ],
            [
              -68.37796001099997,
              10.04559860900008
            ],
            [
              -68.3777470039999,
              10.046545628
            ],
            [
              -68.37793401899995,
              10.047760665000112
            ],
            [
              -68.37817603099995,
              10.048261678000074
            ],
            [
              -68.37849705199989,
              10.049174696000136
            ],
            [
              -68.37889707499994,
              10.049442702000078
            ],
            [
              -68.37948110299993,
              10.049568697000097
            ],
            [
              -68.38011012499993,
              10.04962469800006
            ],
            [
              -68.38058614599998,
              10.049040679000143
            ],
            [
              -68.3808931609999,
              10.049263679000092
            ],
            [
              -68.38081316599994,
              10.049909695999986
            ],
            [
              -68.38082816499985,
              10.050667721000082
            ],
            [
              -68.38097217699993,
              10.0508717190001
            ],
            [
              -68.38128119199996,
              10.05121072500009
            ],
            [
              -68.38196422399994,
              10.051679736000096
            ],
            [
              -68.38196522499987,
              10.052897766000171
            ],
            [
              -68.3828372719999,
              10.05465080300013
            ],
            [
              -68.38319829599993,
              10.055263824000178
            ],
            [
              -68.38359331599992,
              10.055255816000056
            ],
            [
              -68.3837433189999,
              10.054608806000147
            ],
            [
              -68.38374830299995,
              10.053689779000024
            ],
            [
              -68.38369830399989,
              10.053552771000057
            ],
            [
              -68.38407232199995,
              10.053613775000144
            ],
            [
              -68.38458534899996,
              10.053717776000155
            ],
            [
              -68.3850593649999,
              10.054168778000133
            ],
            [
              -68.38576239399998,
              10.054452783000102
            ],
            [
              -68.38600841499994,
              10.0551377970001
            ],
            [
              -68.3863634309999,
              10.055429809000145
            ],
            [
              -68.38685844899999,
              10.05580981300011
            ],
            [
              -68.38746948699992,
              10.056119821000038
            ],
            [
              -68.38809951499991,
              10.0562218230001
            ],
            [
              -68.38863853499993,
              10.056440824000049
            ],
            [
              -68.38906856099999,
              10.057029828000111
            ],
            [
              -68.38956257399991,
              10.057317842000089
            ],
            [
              -68.38984959299995,
              10.057725849
            ],
            [
              -68.39037561999993,
              10.058473855000102
            ],
            [
              -68.39075764099994,
              10.060098897999978
            ],
            [
              -68.39120866899998,
              10.060549913000102
            ],
            [
              -68.39193170499993,
              10.060695904
            ],
            [
              -68.39255672999985,
              10.060567903000162
            ],
            [
              -68.39311374599993,
              10.060510901999976
            ],
            [
              -68.39460481399993,
              10.060709889
            ],
            [
              -68.39542384399994,
              10.059819865000122
            ],
            [
              -68.39600387299998,
              10.059761858000172
            ],
            [
              -68.39686491299989,
              10.05978985600018
            ],
            [
              -68.3974459349999,
              10.059800850000045
            ],
            [
              -68.39807396499998,
              10.059810850000133
            ],
            [
              -68.39930701099996,
              10.059900846000119
            ],
            [
              -68.39984703599998,
              10.06014284700018
            ],
            [
              -68.39992042999984,
              10.060816286000033
            ],
            [
              -68.39993204299998,
              10.060922868000148
            ],
            [
              -68.39999705299994,
              10.061840889000166
            ],
            [
              -68.39985005499994,
              10.06262591300009
            ],
            [
              -68.39999405499998,
              10.062806910000063
            ],
            [
              -68.40079509499998,
              10.06334192899999
            ],
            [
              -68.40145112899984,
              10.063627932000145
            ],
            [
              -68.40192514499995,
              10.064054941000052
            ],
            [
              -68.40259917499998,
              10.064040936000026
            ],
            [
              -68.40288318999984,
              10.064333942000133
            ],
            [
              -68.40293719899995,
              10.064677939000092
            ],
            [
              -68.40292838199991,
              10.064735787000075
            ],
            [
              -68.4028141949999,
              10.065484970000114
            ],
            [
              -68.40257418899995,
              10.066294993000099
            ],
            [
              -68.4019971649999,
              10.066491
            ],
            [
              -68.4013101409999,
              10.066965010000047
            ],
            [
              -68.4015541519999,
              10.067581024
            ],
            [
              -68.40161115399991,
              10.068062041000132
            ],
            [
              -68.40271621599999,
              10.068706053000085
            ],
            [
              -68.40324424199997,
              10.069546072000094
            ],
            [
              -68.40348425499991,
              10.069886072000145
            ],
            [
              -68.40353324899996,
              10.07002307900018
            ],
            [
              -68.40347425399989,
              10.070576090000031
            ],
            [
              -68.40301923499999,
              10.071069101000035
            ],
            [
              -68.40291123499992,
              10.071462115999964
            ],
            [
              -68.40289423199994,
              10.071738118999974
            ],
            [
              -68.40268922599995,
              10.071972131000166
            ],
            [
              -68.40235221399996,
              10.072531150000145
            ],
            [
              -68.40205320699982,
              10.072698149000189
            ],
            [
              -68.4016431949999,
              10.073120161000134
            ],
            [
              -68.40188720599986,
              10.07366717399998
            ],
            [
              -68.40192221299998,
              10.07426419799998
            ],
            [
              -68.40196421099984,
              10.075183213000116
            ],
            [
              -68.40257024599998,
              10.07528622000018
            ],
            [
              -68.40305126499999,
              10.076081232000092
            ],
            [
              -68.40380630299984,
              10.076640245000021
            ],
            [
              -68.40427132999986,
              10.076654244000053
            ],
            [
              -68.40461734299998,
              10.076485234000074
            ],
            [
              -68.40533636899994,
              10.076425229
            ],
            [
              -68.4058283949999,
              10.076622235000173
            ],
            [
              -68.40588739599997,
              10.077218242000185
            ],
            [
              -68.40589040699996,
              10.078552278000075
            ],
            [
              -68.40576239899997,
              10.079106294000098
            ],
            [
              -68.40574340899997,
              10.07933730200017
            ],
            [
              -68.40634843199996,
              10.080474325000012
            ],
            [
              -68.4063544419999,
              10.080819328000075
            ],
            [
              -68.40638944899996,
              10.081393352000134
            ],
            [
              -68.4067354689999,
              10.082374365000021
            ],
            [
              -68.40692746999997,
              10.082669381000073
            ],
            [
              -68.40707348099988,
              10.083011380000073
            ],
            [
              -68.40684847999984,
              10.083407399000066
            ],
            [
              -68.40676247499994,
              10.083754400999965
            ],
            [
              -68.40688847799993,
              10.084211413000162
            ],
            [
              -68.40707649299998,
              10.084299416000079
            ],
            [
              -68.40708448899983,
              10.084690431000183
            ],
            [
              -68.40685248499989,
              10.084740430000124
            ],
            [
              -68.40638745799998,
              10.084750436999968
            ],
            [
              -68.40621445499994,
              10.085351447000164
            ],
            [
              -68.40592244999993,
              10.08586346100003
            ],
            [
              -68.40573943999993,
              10.086005472000181
            ],
            [
              -68.40541543299992,
              10.086104475000127
            ],
            [
              -68.40509841699998,
              10.086524488000123
            ],
            [
              -68.40510541999993,
              10.086869491000186
            ],
            [
              -68.40513542299993,
              10.087190501000066
            ],
            [
              -68.40503142199987,
              10.087813518000189
            ],
            [
              -68.40465541099991,
              10.08871854600011
            ],
            [
              -68.40417439899983,
              10.08911855100007
            ],
            [
              -68.40387338099998,
              10.08914855400019
            ],
            [
              -68.40343236099989,
              10.08920356800013
            ],
            [
              -68.40308735199994,
              10.089371572000175
            ],
            [
              -68.40279133799999,
              10.089653583000143
            ],
            [
              -68.40243233099994,
              10.090327592000051
            ],
            [
              -68.40187530199995,
              10.090361605000112
            ],
            [
              -68.40156893499989,
              10.090533225000058
            ],
            [
              -68.40127727599992,
              10.090696607000098
            ],
            [
              -68.40077526199997,
              10.091143630000033
            ],
            [
              -68.40070825999999,
              10.091259625000134
            ],
            [
              -68.40072026599995,
              10.091880643000025
            ],
            [
              -68.40128628499997,
              10.09228265300004
            ],
            [
              -68.40159630499994,
              10.092667659000085
            ],
            [
              -68.4019973209999,
              10.092934660000083
            ],
            [
              -68.40177732299998,
              10.093583681000041
            ],
            [
              -68.40139630999994,
              10.094280702000106
            ],
            [
              -68.40110729799989,
              10.094907717000183
            ],
            [
              -68.40072527899997,
              10.095559743000138
            ],
            [
              -68.40025227399985,
              10.096304763000148
            ],
            [
              -68.40000926399989,
              10.096976785000152
            ],
            [
              -68.39987725799989,
              10.09730179200011
            ],
            [
              -68.39991526899996,
              10.098036805999982
            ],
            [
              -68.40004127299989,
              10.098516818000121
            ],
            [
              -68.4002142839999,
              10.099064837000071
            ],
            [
              -68.39987727199991,
              10.099646845000052
            ],
            [
              -68.39947626199995,
              10.100505873000088
            ],
            [
              -68.39891524199999,
              10.10150590600017
            ],
            [
              -68.39862822899994,
              10.102224922000119
            ],
            [
              -68.39876324699992,
              10.103164938000134
            ],
            [
              -68.39880124699994,
              10.103922963000059
            ],
            [
              -68.39881325299996,
              10.10449798100018
            ],
            [
              -68.39885826699998,
              10.105601009000168
            ],
            [
              -68.39889126299994,
              10.10606002000003
            ],
            [
              -68.3988522649999,
              10.106451024000023
            ],
            [
              -68.39886427199991,
              10.107049041000039
            ],
            [
              -68.39887827699994,
              10.107716058999983
            ],
            [
              -68.39882427499998,
              10.108522084000185
            ],
            [
              -68.39890828699993,
              10.109187091000024
            ],
            [
              -68.39852027099988,
              10.109562109000137
            ],
            [
              -68.39813426499995,
              10.110007121000024
            ],
            [
              -68.39791324899994,
              10.110587142000156
            ],
            [
              -68.3980812559999,
              10.110859146999985
            ],
            [
              -68.39822726799997,
              10.11117814500011
            ],
            [
              -68.39821427399988,
              10.111661162000189
            ],
            [
              -68.3978042629999,
              10.112084179000078
            ],
            [
              -68.39769325799995,
              10.112339180000163
            ],
            [
              -68.39753625299994,
              10.112664188000053
            ],
            [
              -68.39749624899997,
              10.112941196000065
            ],
            [
              -68.39717823899997,
              10.11333820900012
            ],
            [
              -68.39728124299995,
              10.113842225999974
            ],
            [
              -68.39749225699984,
              10.113907228000016
            ],
            [
              -68.39823029299998,
              10.114765245000058
            ],
            [
              -68.39851830599991,
              10.115219252000088
            ],
            [
              -68.39840730099996,
              10.115474253000116
            ],
            [
              -68.39839430799987,
              10.116003270000078
            ],
            [
              -68.39865532199997,
              10.116228280000087
            ],
            [
              -68.39847931399999,
              10.116738295000061
            ],
            [
              -68.39830231299999,
              10.117201304000105
            ],
            [
              -68.39840430999988,
              10.117636309000147
            ],
            [
              -68.39818031399994,
              10.118031323000139
            ],
            [
              -68.39795630599997,
              10.118496342000128
            ],
            [
              -68.39801631199992,
              10.11916135000007
            ],
            [
              -68.3981663219999,
              10.119687362000093
            ],
            [
              -68.39784730699989,
              10.119993379000107
            ],
            [
              -68.39763429299995,
              10.119813376000025
            ],
            [
              -68.39735628799997,
              10.119865372999982
            ],
            [
              -68.39722428199997,
              10.12023538800014
            ],
            [
              -68.39702427899994,
              10.120676402000015
            ],
            [
              -68.39712928199998,
              10.121273413000154
            ],
            [
              -68.3978933279999,
              10.12327745500005
            ],
            [
              -68.39926139699992,
              10.125114496000094
            ],
            [
              -68.39952641199994,
              10.126052525000148
            ],
            [
              -68.40008744499988,
              10.127282542000046
            ],
            [
              -68.40043945599996,
              10.127482553000164
            ],
            [
              -68.40107448899994,
              10.127836552000076
            ],
            [
              -68.40131150899998,
              10.128062556000089
            ],
            [
              -68.40176552899999,
              10.128673578000019
            ],
            [
              -68.40249355699984,
              10.129003583000099
            ],
            [
              -68.40315459399983,
              10.129495583000107
            ],
            [
              -68.40388863099997,
              10.130170602000078
            ],
            [
              -68.40500768699985,
              10.131481620000045
            ],
            [
              -68.40634975299997,
              10.133477664000168
            ],
            [
              -68.40696878699993,
              10.134200683000017
            ],
            [
              -68.40805483499997,
              10.135028696000063
            ],
            [
              -68.40954189899992,
              10.136124716000154
            ],
            [
              -68.41063696099997,
              10.137367738000137
            ],
            [
              -68.41139299299988,
              10.13797275200011
            ],
            [
              -68.41212702999997,
              10.13864777100008
            ],
            [
              -68.41233604099995,
              10.139746790000174
            ],
            [
              -68.41241704899988,
              10.140319808000129
            ],
            [
              -68.41255505899994,
              10.141397837999989
            ],
            [
              -68.41240606199995,
              10.142067849000114
            ],
            [
              -68.41240106499998,
              10.142964869000082
            ],
            [
              -68.41209306299999,
              10.143844898000168
            ],
            [
              -68.41195380099992,
              10.144784936000121
            ],
            [
              -68.4119290619999,
              10.144951925000157
            ],
            [
              -68.41208607399994,
              10.145799952000061
            ],
            [
              -68.41251808699997,
              10.146457956000177
            ],
            [
              -68.4130301269999,
              10.147619991000113
            ],
            [
              -68.4134081499999,
              10.149084020000032
            ],
            [
              -68.41401718399993,
              10.150474057
            ],
            [
              -68.41431219999993,
              10.151249074000077
            ],
            [
              -68.41506623299995,
              10.151763080000023
            ],
            [
              -68.41588726799995,
              10.152091086000155
            ],
            [
              -68.4164802979999,
              10.152700096999979
            ],
            [
              -68.4172813369999,
              10.153189104000035
            ],
            [
              -68.41804037399993,
              10.153955119000102
            ],
            [
              -68.41880441399991,
              10.154951137000069
            ],
            [
              -68.41938043999994,
              10.155813162000072
            ],
            [
              -68.41986447599987,
              10.156769176000125
            ],
            [
              -68.42039749299994,
              10.157793209000033
            ],
            [
              -68.4210265349999,
              10.159021228000142
            ],
            [
              -68.42174056399995,
              10.15985724900014
            ],
            [
              -68.4219990659999,
              10.160013487000072
            ],
            [
              -68.4223295949999,
              10.16021325800017
            ],
            [
              -68.42293862199995,
              10.160431254000116
            ],
            [
              -68.42335964699987,
              10.160583254000073
            ],
            [
              -68.42390066499996,
              10.160871256000064
            ],
            [
              -68.42445069799999,
              10.161618281000187
            ],
            [
              -68.42476471599997,
              10.162210289000143
            ],
            [
              -68.42484572399991,
              10.162760307000156
            ],
            [
              -68.42472271999992,
              10.16359032600019
            ],
            [
              -68.42473172199988,
              10.16402734200011
            ],
            [
              -68.42491274099996,
              10.164943353000126
            ],
            [
              -68.42508074699998,
              10.165192369000124
            ],
            [
              -68.42518574899998,
              10.165765375000092
            ],
            [
              -68.42526976199997,
              10.16645339500019
            ],
            [
              -68.4255907829999,
              10.167412413000136
            ],
            [
              -68.42570678599992,
              10.16851444800011
            ],
            [
              -68.42616580999999,
              10.169401461000064
            ],
            [
              -68.42624881699999,
              10.170043480000118
            ],
            [
              -68.42656684499991,
              10.170818497000027
            ],
            [
              -68.42693386699995,
              10.171708515000148
            ],
            [
              -68.42717187599999,
              10.173151555000175
            ],
            [
              -68.4271398809999,
              10.17386556700012
            ],
            [
              -68.42708088599994,
              10.174395589000085
            ],
            [
              -68.42702288599992,
              10.174971600000049
            ],
            [
              -68.42729189599999,
              10.17558660900005
            ],
            [
              -68.42745890899994,
              10.175813618000063
            ],
            [
              -68.42777992899994,
              10.17662864
            ],
            [
              -68.42756093199995,
              10.178570688000093
            ],
            [
              -68.42742492799988,
              10.178734694000184
            ],
            [
              -68.42696490599991,
              10.178996698
            ],
            [
              -68.42652688999993,
              10.179189713000085
            ],
            [
              -68.42606486799997,
              10.17931472100014
            ],
            [
              -68.4259268649999,
              10.179408721000073
            ],
            [
              -68.42525583899999,
              10.179537727000081
            ],
            [
              -68.42472682099992,
              10.180997765000086
            ],
            [
              -68.42397579999994,
              10.181817795000086
            ],
            [
              -68.42379178399983,
              10.181890794000026
            ],
            [
              -68.42325777399998,
              10.183096824000131
            ],
            [
              -68.42308576499994,
              10.183767852000074
            ],
            [
              -68.42237973899995,
              10.184494863999987
            ],
            [
              -68.42201873299996,
              10.18505388400007
            ],
            [
              -68.42185573699987,
              10.18620691100017
            ],
            [
              -68.42134470899987,
              10.186194924000176
            ],
            [
              -68.4207826889999,
              10.185999916000185
            ],
            [
              -68.42025666199999,
              10.185297897999988
            ],
            [
              -68.41965262699995,
              10.185355904
            ],
            [
              -68.41910761699995,
              10.18598792299997
            ],
            [
              -68.41879860899996,
              10.186775951000186
            ],
            [
              -68.4183715939999,
              10.187543972000071
            ],
            [
              -68.41748255799996,
              10.18843599500002
            ],
            [
              -68.41689653799995,
              10.18932202100018
            ],
            [
              -68.4168035379999,
              10.190496050000036
            ],
            [
              -68.41656053899999,
              10.19109907100011
            ],
            [
              -68.41565150599996,
              10.192176101000086
            ],
            [
              -68.41499347999996,
              10.192948132000083
            ],
            [
              -68.41485548399993,
              10.194193160000054
            ],
            [
              -68.4142874609999,
              10.19482517900002
            ],
            [
              -68.41364242899994,
              10.19516019300005
            ],
            [
              -68.41320841099997,
              10.195514210000113
            ],
            [
              -68.41283441199994,
              10.196579235000058
            ],
            [
              -68.41283441799993,
              10.197608970999966
            ],
            [
              -68.41283441899998,
              10.197752269000091
            ],
            [
              -68.41275541699997,
              10.198444286999973
            ],
            [
              -68.41264641199996,
              10.19881428900004
            ],
            [
              -68.41271442699997,
              10.199847311999974
            ],
            [
              -68.41311944099994,
              10.200345331999984
            ],
            [
              -68.41327144999997,
              10.200962340000046
            ],
            [
              -68.4133824619999,
              10.20183436100018
            ],
            [
              -68.41323445799992,
              10.202550384000176
            ],
            [
              -68.41280344499995,
              10.203110398000149
            ],
            [
              -68.4124634289999,
              10.203554416000145
            ],
            [
              -68.41150040499997,
              10.205368471000043
            ],
            [
              -68.4116314129999,
              10.206078485000148
            ],
            [
              -68.41159741799993,
              10.206699503000038
            ],
            [
              -68.41123839999989,
              10.207373512000117
            ],
            [
              -68.41100039299982,
              10.208252536000032
            ],
            [
              -68.41110240199998,
              10.208710553000174
            ],
            [
              -68.41106840799995,
              10.209286564000138
            ],
            [
              -68.41120141399995,
              10.210157591000154
            ],
            [
              -68.41131242599988,
              10.211028607000117
            ],
            [
              -68.41158144799994,
              10.211689627999988
            ],
            [
              -68.41184845999999,
              10.212236642000164
            ],
            [
              -68.41198047199998,
              10.212992656000154
            ],
            [
              -68.41171145699997,
              10.213503677000062
            ],
            [
              -68.41144545799995,
              10.214153692000139
            ],
            [
              -68.41113443899997,
              10.214849707000099
            ],
            [
              -68.41110407399998,
              10.216331474000185
            ],
            [
              -68.41110244899983,
              10.21641075399998
            ],
            [
              -68.4096133999999,
              10.217791793000117
            ],
            [
              -68.4081803439999,
              10.218869832000053
            ],
            [
              -68.40659227599997,
              10.21942185800009
            ],
            [
              -68.40441418399996,
              10.219621872000118
            ],
            [
              -68.40281812399996,
              10.220703909000065
            ],
            [
              -68.40251611299993,
              10.220765911
            ],
            [
              -68.40071603599995,
              10.221131926
            ],
            [
              -68.39877194699994,
              10.221416951000037
            ],
            [
              -68.39653384899992,
              10.221157955000137
            ],
            [
              -68.39436676399987,
              10.22094296
            ],
            [
              -68.39093961499998,
              10.221338998000078
            ],
            [
              -68.3894465539999,
              10.222355365000055
            ],
            [
              -68.38913854999998,
              10.222565032000091
            ],
            [
              -68.38717846299994,
              10.223105058000044
            ],
            [
              -68.38542339799994,
              10.224306106000085
            ],
            [
              -68.38373433199996,
              10.225391135000109
            ],
            [
              -68.38170924799994,
              10.225287143000173
            ],
            [
              -68.37928713299988,
              10.225056162000158
            ],
            [
              -68.37851911199994,
              10.226667199000133
            ],
            [
              -68.37750107599999,
              10.228493257000082
            ],
            [
              -68.37726776499994,
              10.229117632000111
            ],
            [
              -68.37683106499998,
              10.230286308000188
            ],
            [
              -68.37549301999991,
              10.232260360999987
            ],
            [
              -68.37503600199994,
              10.232614378000108
            ],
            [
              -68.37324192699992,
              10.234005423000156
            ],
            [
              -68.3713748589999,
              10.234542444999988
            ],
            [
              -68.3702018159999,
              10.236626508000029
            ],
            [
              -68.36879377399993,
              10.240260610000178
            ],
            [
              -68.3679347609999,
              10.242773670000076
            ],
            [
              -68.36615868299998,
              10.244067724000047
            ],
            [
              -68.36467163799995,
              10.246132786000032
            ],
            [
              -68.36459142299998,
              10.24666931400003
            ],
            [
              -68.3637086299999,
              10.252573952999967
            ],
            [
              -68.36227659099984,
              10.25564504000016
            ],
            [
              -68.35883846599995,
              10.259637166000061
            ],
            [
              -68.35675539199997,
              10.261907235000024
            ],
            [
              -68.35496232799994,
              10.264287301000138
            ],
            [
              -68.35758944299988,
              10.265383314000132
            ],
            [
              -68.3581284739999,
              10.26555631499997
            ],
            [
              -68.35869749799991,
              10.266096325999968
            ],
            [
              -68.36002457099994,
              10.268483375000073
            ],
            [
              -68.36121865199988,
              10.272368477000157
            ],
            [
              -68.36164167099997,
              10.273762501000022
            ],
            [
              -68.36274272999992,
              10.27530353300017
            ],
            [
              -68.36524184899997,
              10.27697756700013
            ],
            [
              -68.36715393599997,
              10.278363588000161
            ],
            [
              -68.36881301699992,
              10.279916620000051
            ],
            [
              -68.36929204899997,
              10.280596631000094
            ],
            [
              -68.36932632099996,
              10.280771133000144
            ],
            [
              -68.36942446099988,
              10.281270819999975
            ],
            [
              -68.36949906099994,
              10.281650655000078
            ],
            [
              -68.3697990799999,
              10.282655686
            ],
            [
              -68.37015910699995,
              10.284395730000085
            ],
            [
              -68.37006912499993,
              10.288030818000152
            ],
            [
              -68.37179722099995,
              10.291812907000178
            ],
            [
              -68.3718602209999,
              10.29263892800003
            ],
            [
              -68.37197323199996,
              10.293648951000023
            ],
            [
              -68.37219324799992,
              10.294172964000097
            ],
            [
              -68.37291829799989,
              10.296688025000094
            ],
            [
              -68.37274592699993,
              10.297736690000079
            ],
            [
              -68.37260729799982,
              10.298580076000064
            ],
            [
              -68.37243630099988,
              10.300492123000083
            ],
            [
              -68.37267031899995,
              10.302855184000123
            ],
            [
              -68.37270032899988,
              10.304349217000038
            ],
            [
              -68.37314136399993,
              10.306662280000182
            ],
            [
              -68.37460543899994,
              10.307713292000074
            ],
            [
              -68.37627650799993,
              10.30871431800017
            ],
            [
              -68.37773658599991,
              10.309558329000083
            ],
            [
              -68.37913064299988,
              10.310656348000066
            ],
            [
              -68.37989568899997,
              10.31169836500004
            ],
            [
              -68.38052972199995,
              10.31313440300005
            ],
            [
              -68.38114575899993,
              10.31482344400007
            ],
            [
              -68.38209681499984,
              10.31701148600007
            ],
            [
              -68.38362988099993,
              10.318060512000045
            ],
            [
              -68.38436591699991,
              10.318827521000173
            ],
            [
              -68.38451493299988,
              10.319261532000098
            ],
            [
              -68.3847149419999,
              10.319970553000076
            ],
            [
              -68.38498695799996,
              10.320792575000041
            ],
            [
              -68.38535097499988,
              10.321520586000133
            ],
            [
              -68.38587700199997,
              10.322245604999978
            ],
            [
              -68.3863560339999,
              10.32292561600002
            ],
            [
              -68.38690506099994,
              10.323604634000105
            ],
            [
              -68.38727307699992,
              10.324562659000037
            ],
            [
              -68.38729908899995,
              10.325849689000108
            ],
            [
              -68.38745710699999,
              10.326766706000058
            ],
            [
              -68.38775712599994,
              10.327794737000147
            ],
            [
              -68.38821114699994,
              10.328406741000151
            ],
            [
              -68.38875117199984,
              10.32862575400003
            ],
            [
              -68.38954720799995,
              10.328884747000075
            ],
            [
              -68.38940920899995,
              10.329731771000183
            ],
            [
              -68.3893981999999,
              10.329788030000145
            ],
            [
              -68.38936420299996,
              10.329961774000083
            ],
            [
              -68.38964222299995,
              10.330281789000026
            ],
            [
              -68.3901292459999,
              10.330600797000159
            ],
            [
              -68.39040725399991,
              10.33085179900013
            ],
            [
              -68.39068626799997,
              10.331285810000054
            ],
            [
              -68.39089528499994,
              10.331582813000011
            ],
            [
              -68.39105828899994,
              10.33176582100009
            ],
            [
              -68.39175231899998,
              10.332129823000173
            ],
            [
              -68.39226133799991,
              10.332402819000038
            ],
            [
              -68.39244935599993,
              10.333089845000188
            ],
            [
              -68.39235735299997,
              10.333090839000079
            ],
            [
              -68.39171231999995,
              10.333321850000118
            ],
            [
              -68.39092729499993,
              10.3332798510001
            ],
            [
              -68.39062827699996,
              10.333509867000146
            ],
            [
              -68.39060727699996,
              10.333876877000137
            ],
            [
              -68.39067728599997,
              10.334151874000042
            ],
            [
              -68.39058829099997,
              10.334816895000074
            ],
            [
              -68.39027027399993,
              10.335803919000057
            ],
            [
              -68.38992827299995,
              10.33665294300016
            ],
            [
              -68.38981426499987,
              10.3369519580001
            ],
            [
              -68.38921824099992,
              10.337755975999983
            ],
            [
              -68.38889723899985,
              10.33803298600003
            ],
            [
              -68.38878423699998,
              10.338514998000107
            ],
            [
              -68.38892624299996,
              10.33936202000001
            ],
            [
              -68.38941526799988,
              10.340140040000108
            ],
            [
              -68.38999328899996,
              10.340367047000143
            ],
            [
              -68.39070832999994,
              10.340272038000023
            ],
            [
              -68.39109933899988,
              10.340019021000103
            ],
            [
              -68.39169936499997,
              10.339993026000172
            ],
            [
              -68.3922533899999,
              10.339991024000028
            ],
            [
              -68.39283140999993,
              10.340080018000094
            ],
            [
              -68.39350344499985,
              10.340628022000146
            ],
            [
              -68.39343644499996,
              10.341224042000078
            ],
            [
              -68.39332444899998,
              10.341775054000038
            ],
            [
              -68.39332744499995,
              10.342486075000124
            ],
            [
              -68.39353745699998,
              10.34292008600005
            ],
            [
              -68.39379346999993,
              10.343332102000034
            ],
            [
              -68.39391248699985,
              10.344042116000026
            ],
            [
              -68.39366247599986,
              10.344708130000072
            ],
            [
              -68.39345747199997,
              10.345259144000181
            ],
            [
              -68.39262743999984,
              10.345445160999986
            ],
            [
              -68.39200540799999,
              10.345654165000099
            ],
            [
              -68.39120138499999,
              10.346483195000076
            ],
            [
              -68.39065236799985,
              10.347516221000149
            ],
            [
              -68.39135039899998,
              10.348580246000154
            ],
            [
              -68.39293248699994,
              10.35053928800005
            ],
            [
              -68.39304533699993,
              10.350824031000059
            ],
            [
              -68.39435056499997,
              10.354117369000107
            ],
            [
              -68.39612065699993,
              10.35643341600013
            ],
            [
              -68.39744573899998,
              10.359922501000085
            ],
            [
              -68.39858480299989,
              10.36314357700013
            ]
          ]
        ]
      }
    },
    {
      "type": "Feature",
      "properties": {
        "Pais": "Venezuela",
        "Estado": "Yaracuy",
        "Municipio": "Peña"
      },
      "geometry": {
        "type": "Polygon",
        "coordinates": [
          [
            [
              -69.0895135429999,
              10.235377190000065
            ],
            [
              -69.09091859599988,
              10.234359165000114
            ],
            [
              -69.09198862499989,
              10.232097097000178
            ],
            [
              -69.09218362199994,
              10.229276028000072
            ],
            [
              -69.09290663099989,
              10.226941958000054
            ],
            [
              -69.09430067999995,
              10.224820904000069
            ],
            [
              -69.09489469099998,
              10.221566815000017
            ],
            [
              -69.09552470499989,
              10.219300752000038
            ],
            [
              -69.09718075499995,
              10.216563682000071
            ],
            [
              -69.09746874799998,
              10.213742601000149
            ],
            [
              -69.09823377599997,
              10.211799546
            ],
            [
              -69.09881478599988,
              10.209716492000155
            ],
            [
              -69.09950078799989,
              10.206509408000045
            ],
            [
              -69.1012858609999,
              10.20476035200005
            ],
            [
              -69.10329793799991,
              10.203312309000069
            ],
            [
              -69.10559601199998,
              10.199295193000069
            ],
            [
              -69.10811010999998,
              10.198655157000019
            ],
            [
              -69.1099991829999,
              10.197917129000075
            ],
            [
              -69.11187924899986,
              10.195917070000064
            ],
            [
              -69.11336330299997,
              10.193981011000176
            ],
            [
              -69.11443233899996,
              10.191833956000096
            ],
            [
              -69.11539236399983,
              10.18904288400006
            ],
            [
              -69.11513733499993,
              10.187019825000107
            ],
            [
              -69.11402428099996,
              10.184827775000088
            ],
            [
              -69.11481029999999,
              10.183045734000189
            ],
            [
              -69.11584132499985,
              10.180186654000067
            ],
            [
              -69.11684035399998,
              10.17808459400004
            ],
            [
              -69.11814639499988,
              10.175481519000016
            ],
            [
              -69.11870640099994,
              10.173145463000026
            ],
            [
              -69.12038145799988,
              10.170821392
            ],
            [
              -69.12045146399998,
              10.170730384000137
            ],
            [
              -69.12065845799998,
              10.16884934400008
            ],
            [
              -69.11998042199991,
              10.167304302000161
            ],
            [
              -69.1188583739999,
              10.165915273000053
            ],
            [
              -69.11833032599998,
              10.163385218000087
            ],
            [
              -69.11874234099997,
              10.161851179000053
            ],
            [
              -69.11929734799998,
              10.159951122000166
            ],
            [
              -69.12066240299987,
              10.158290073000103
            ],
            [
              -69.12163042999993,
              10.15683003300012
            ],
            [
              -69.12295347999998,
              10.154846981000162
            ],
            [
              -69.12316146599994,
              10.152805922000141
            ],
            [
              -69.12250642999993,
              10.151237891000164
            ],
            [
              -69.12250342699997,
              10.149446843000135
            ],
            [
              -69.1222483979999,
              10.147401801
            ],
            [
              -69.12221439299992,
              10.146321773000182
            ],
            [
              -69.12216438399997,
              10.144576726000139
            ],
            [
              -69.12199236299995,
              10.143312697000056
            ],
            [
              -69.12094530899998,
              10.141511651000087
            ],
            [
              -69.12050028199997,
              10.139807616000041
            ],
            [
              -69.12126630799992,
              10.138809592000086
            ],
            [
              -69.12132029299994,
              10.137107541000034
            ],
            [
              -69.12152930699983,
              10.136778536000065
            ],
            [
              -69.13499740499998,
              10.13579918500011
            ],
            [
              -69.13506287099995,
              10.135794425000086
            ],
            [
              -69.14343722799998,
              10.134960361000026
            ],
            [
              -69.1967911889999,
              10.130866341
            ],
            [
              -69.19683546399995,
              10.130862944000171
            ],
            [
              -69.19696156799989,
              10.130386939000118
            ],
            [
              -69.20820958099983,
              10.087930645000029
            ],
            [
              -69.20822247599995,
              10.087881971000115
            ],
            [
              -69.2082876959999,
              10.087635795000153
            ],
            [
              -69.20737063399997,
              10.08469973200016
            ],
            [
              -69.20339537699994,
              10.069782380000106
            ],
            [
              -69.19395681299994,
              10.04202774200013
            ],
            [
              -69.1933657809999,
              10.041254737000031
            ],
            [
              -69.19294523799994,
              10.040553440000167
            ],
            [
              -69.19267074199996,
              10.040095708000138
            ],
            [
              -69.19233160299996,
              10.03978408800009
            ],
            [
              -69.19202971299995,
              10.039506694000067
            ],
            [
              -69.19174369899997,
              10.039131692000126
            ],
            [
              -69.19153768699994,
              10.039053694000074
            ],
            [
              -69.19027962299998,
              10.037896666999984
            ],
            [
              -69.18726248999997,
              10.03634164600004
            ],
            [
              -69.18724570499995,
              10.036341103000098
            ],
            [
              -69.18457237599995,
              10.036254663000022
            ],
            [
              -69.18100222499993,
              10.03697369800011
            ],
            [
              -69.17659705199998,
              10.037876751000113
            ],
            [
              -69.1747189749999,
              10.038247769000122
            ],
            [
              -69.1704638029999,
              10.040206843000021
            ],
            [
              -69.16557558999995,
              10.040388875000133
            ],
            [
              -69.16164642899992,
              10.041340918000117
            ],
            [
              -69.16162659299988,
              10.041303713000161
            ],
            [
              -69.15941831299995,
              10.03716183500012
            ],
            [
              -69.16073033899988,
              10.03287871700013
            ],
            [
              -69.15870923499989,
              10.029622645000188
            ],
            [
              -69.15773317999998,
              10.027535604000093
            ],
            [
              -69.15610810899989,
              10.02572456900009
            ],
            [
              -69.15374099899998,
              10.024122539000018
            ],
            [
              -69.15246392899991,
              10.022471511000049
            ],
            [
              -69.15250590699992,
              10.01794839300004
            ],
            [
              -69.15210987899991,
              10.0154703340001
            ],
            [
              -69.15129482099996,
              10.012028255000132
            ],
            [
              -69.15284285799999,
              10.007273128000065
            ],
            [
              -69.15388187899998,
              10.002840008000078
            ],
            [
              -69.15297481999988,
              9.99958193100008
            ],
            [
              -69.15153474199985,
              9.997081882000089
            ],
            [
              -69.14995265599987,
              9.99520984100019
            ],
            [
              -69.15097168699998,
              9.99192376200017
            ],
            [
              -69.15105267499985,
              9.988999685000067
            ],
            [
              -69.15136465799998,
              9.985514591000026
            ],
            [
              -69.15142166099992,
              9.984155569
            ],
            [
              -69.15131764699998,
              9.98284953600006
            ],
            [
              -69.15073861399998,
              9.981287501000054
            ],
            [
              -69.15065259899995,
              9.979865462000078
            ],
            [
              -69.15084559399992,
              9.978431419000174
            ],
            [
              -69.15149561499999,
              9.975759359000051
            ],
            [
              -69.1519646139999,
              9.97371530700002
            ],
            [
              -69.1520336179999,
              9.972126259
            ],
            [
              -69.15202560499995,
              9.970862229000033
            ],
            [
              -69.15208860399991,
              9.969663203000152
            ],
            [
              -69.15280961899998,
              9.968069160000141
            ],
            [
              -69.15319462899998,
              9.967293135000148
            ],
            [
              -69.15359363999994,
              9.966334113000187
            ],
            [
              -69.15368463899983,
              9.964697066000042
            ],
            [
              -69.15401663999995,
              9.962706015000037
            ],
            [
              -69.15459464899988,
              9.961047975000156
            ],
            [
              -69.15462964499994,
              9.95973593500014
            ],
            [
              -69.15451763599992,
              9.958222900000067
            ],
            [
              -69.15423761099993,
              9.956625860000088
            ],
            [
              -69.15565066299996,
              9.95438079600018
            ],
            [
              -69.15706170699991,
              9.95261874800002
            ],
            [
              -69.15752271399998,
              9.950943704000167
            ],
            [
              -69.15796273199993,
              9.949314660000027
            ],
            [
              -69.15867774699996,
              9.947053600000174
            ],
            [
              -69.15923175899997,
              9.94484554200011
            ],
            [
              -69.15950175999984,
              9.943040504000123
            ],
            [
              -69.15886071299991,
              9.941398459000084
            ],
            [
              -69.15882994799995,
              9.941342317000021
            ],
            [
              -69.15773565799998,
              9.939345417000027
            ],
            [
              -69.15358945599996,
              9.934923336000168
            ],
            [
              -69.15164336799995,
              9.932959296000035
            ],
            [
              -69.14921924399994,
              9.930671257000142
            ],
            [
              -69.14798016799989,
              9.926792165000165
            ],
            [
              -69.14708811499997,
              9.92342708199999
            ],
            [
              -69.14670608099993,
              9.921604049000052
            ],
            [
              -69.14549902799996,
              9.91951699800012
            ],
            [
              -69.14502099099985,
              9.917076945000133
            ],
            [
              -69.14515898199988,
              9.914931883000122
            ],
            [
              -69.14514896999998,
              9.913644854000097
            ],
            [
              -69.14509296899996,
              9.912359823000088
            ],
            [
              -69.14447092599988,
              9.91089178700014
            ],
            [
              -69.14314787399996,
              9.910395783000126
            ],
            [
              -69.14071775699995,
              9.908522753000057
            ],
            [
              -69.13975870199994,
              9.90732173400005
            ],
            [
              -69.13884265499996,
              9.906049704000168
            ],
            [
              -69.13705057299995,
              9.904401670000027
            ],
            [
              -69.13300939199996,
              9.901814638000076
            ],
            [
              -69.13128530899996,
              9.900669617000062
            ],
            [
              -69.12964023099983,
              9.89919859500003
            ],
            [
              -69.12869018399982,
              9.897675562000074
            ],
            [
              -69.1281771489999,
              9.896041522000019
            ],
            [
              -69.12788312299983,
              9.89462848400018
            ],
            [
              -69.12791811499989,
              9.892764438000142
            ],
            [
              -69.12841412099988,
              9.890283382
            ],
            [
              -69.12888013199989,
              9.888722334000022
            ],
            [
              -69.12894112899988,
              9.88692629600007
            ],
            [
              -69.12875810799994,
              9.885393254000064
            ],
            [
              -69.1274920439999,
              9.883033204000014
            ],
            [
              -69.12696701299996,
              9.88271019900003
            ],
            [
              -69.12601896599995,
              9.88123316600013
            ],
            [
              -69.12463889799989,
              9.879958147000082
            ],
            [
              -69.12458463499996,
              9.879942750000112
            ],
            [
              -69.08861431499992,
              9.86973609800009
            ],
            [
              -69.08595423299994,
              9.955370673000061
            ],
            [
              -69.08588171199989,
              9.95770529400005
            ],
            [
              -69.01572307899988,
              9.991812860000039
            ],
            [
              -69.01285482799989,
              9.993207431000087
            ],
            [
              -69.013177,
              9.996906
            ],
            [
              -69.01310999999987,
              9.998328000000186
            ],
            [
              -69.013137,
              10.000714
            ],
            [
              -69.01360299999988,
              10.001791
            ],
            [
              -69.013885,
              10.003351000000123
            ],
            [
              -69.014095,
              10.003947
            ],
            [
              -69.015282,
              10.005183000000159
            ],
            [
              -69.016003,
              10.00571
            ],
            [
              -69.0161109629999,
              10.005850253000062
            ],
            [
              -69.016655,
              10.006557000000157
            ],
            [
              -69.01695150899991,
              10.007358688000068
            ],
            [
              -69.0174009999999,
              10.008574
            ],
            [
              -69.01769329799993,
              10.009395734
            ],
            [
              -69.017915,
              10.010019
            ],
            [
              -69.01801299999983,
              10.012955
            ],
            [
              -69.018552,
              10.015248
            ],
            [
              -69.01886832499997,
              10.016439489999982
            ],
            [
              -69.018972,
              10.01683
            ],
            [
              -69.018625,
              10.017289000000119
            ],
            [
              -69.016885,
              10.018623
            ],
            [
              -69.01614299999989,
              10.019129000000135
            ],
            [
              -69.015865,
              10.019978
            ],
            [
              -69.01609899999988,
              10.020757
            ],
            [
              -69.01698299999987,
              10.021444
            ],
            [
              -69.018471,
              10.022084
            ],
            [
              -69.019588,
              10.023320000000183
            ],
            [
              -69.019497,
              10.024559000000181
            ],
            [
              -69.018453,
              10.025365
            ],
            [
              -69.01727199999988,
              10.027202
            ],
            [
              -69.017296,
              10.027569
            ],
            [
              -69.01774,
              10.028968000000134
            ],
            [
              -69.0190659999999,
              10.030250000000137
            ],
            [
              -69.019626,
              10.031533
            ],
            [
              -69.020254,
              10.032312
            ],
            [
              -69.020862,
              10.034123000000136
            ],
            [
              -69.020631,
              10.035179000000142
            ],
            [
              -69.021796,
              10.036759000000131
            ],
            [
              -69.02256399999987,
              10.037354000000107
            ],
            [
              -69.023333,
              10.038408000000118
            ],
            [
              -69.023383,
              10.040404
            ],
            [
              -69.022781,
              10.04164400000019
            ],
            [
              -69.02183,
              10.04242500000015
            ],
            [
              -69.021529,
              10.043275000000108
            ],
            [
              -69.02143799999988,
              10.044353000000115
            ],
            [
              -69.021742,
              10.045522
            ],
            [
              -69.021048,
              10.04685400000011
            ],
            [
              -69.020655,
              10.047864
            ],
            [
              -69.020796,
              10.049034
            ],
            [
              -69.021751,
              10.050523000000112
            ],
            [
              -69.021824,
              10.052381
            ],
            [
              -69.022523,
              10.053595
            ],
            [
              -69.02348199999989,
              10.057126
            ],
            [
              -69.023765,
              10.059236
            ],
            [
              -69.02393099999989,
              10.061002000000144
            ],
            [
              -69.02356099999986,
              10.062058
            ],
            [
              -69.024215,
              10.064029000000119
            ],
            [
              -69.025286,
              10.065656000000104
            ],
            [
              -69.02735599999988,
              10.066914
            ],
            [
              -69.028336,
              10.068909000000133
            ],
            [
              -69.02880699999986,
              10.072578000000135
            ],
            [
              -69.02976399999989,
              10.074916
            ],
            [
              -69.031693,
              10.075555
            ],
            [
              -69.03304,
              10.075254
            ],
            [
              -69.034689,
              10.075068000000101
            ],
            [
              -69.0353889999999,
              10.076649000000145
            ],
            [
              -69.0352749999999,
              10.077911000000142
            ],
            [
              -69.035184,
              10.07898900000015
            ],
            [
              -69.036325,
              10.080386
            ],
            [
              -69.035793,
              10.08158
            ],
            [
              -69.035192,
              10.083164
            ],
            [
              -69.034637,
              10.08445
            ],
            [
              -69.034359,
              10.084886
            ],
            [
              -69.034941,
              10.085734000000116
            ],
            [
              -69.035408,
              10.087063000000114
            ],
            [
              -69.035647,
              10.090756000000113
            ],
            [
              -69.036487,
              10.09259
            ],
            [
              -69.0377,
              10.094698000000164
            ],
            [
              -69.038492,
              10.095614
            ],
            [
              -69.039493,
              10.096736
            ],
            [
              -69.042004,
              10.097809000000154
            ],
            [
              -69.042702,
              10.098496000000182
            ],
            [
              -69.043378,
              10.099688000000185
            ],
            [
              -69.043799,
              10.100696
            ],
            [
              -69.044636,
              10.101452000000108
            ],
            [
              -69.0447999999999,
              10.102116
            ],
            [
              -69.0448009999999,
              10.102575000000172
            ],
            [
              -69.046522,
              10.103306
            ],
            [
              -69.047731,
              10.103923000000123
            ],
            [
              -69.048615,
              10.104242
            ],
            [
              -69.050569,
              10.1055
            ],
            [
              -69.052151,
              10.106713
            ],
            [
              -69.053152,
              10.107789
            ],
            [
              -69.054433,
              10.109415000000126
            ],
            [
              -69.05524799999984,
              10.110010000000159
            ],
            [
              -69.057108,
              10.110901000000183
            ],
            [
              -69.058223,
              10.110738
            ],
            [
              -69.060478,
              10.110803
            ],
            [
              -69.062222,
              10.11153400000012
            ],
            [
              -69.063035,
              10.111532000000182
            ],
            [
              -69.064057,
              10.111392000000137
            ],
            [
              -69.064638,
              10.111391
            ],
            [
              -69.06508,
              10.111528
            ],
            [
              -69.065568,
              10.11171000000013
            ],
            [
              -69.065615,
              10.11171000000013
            ],
            [
              -69.066265,
              10.111411
            ],
            [
              -69.06696299999987,
              10.112212000000113
            ],
            [
              -69.0673369999999,
              10.113496000000112
            ],
            [
              -69.067945,
              10.115422000000137
            ],
            [
              -69.068318,
              10.116040000000112
            ],
            [
              -69.068646,
              10.117439
            ],
            [
              -69.068836,
              10.119252000000131
            ],
            [
              -69.06898,
              10.12168300000019
            ],
            [
              -69.06828599999989,
              10.123451000000102
            ],
            [
              -69.067893,
              10.124209000000121
            ],
            [
              -69.067476,
              10.125058
            ],
            [
              -69.0673369999999,
              10.125471
            ],
            [
              -69.066991,
              10.12636700000013
            ],
            [
              -69.06671299999988,
              10.126941
            ],
            [
              -69.06669,
              10.126941
            ],
            [
              -69.066605,
              10.128128
            ],
            [
              -69.066282,
              10.129896
            ],
            [
              -69.06711699999983,
              10.130561
            ],
            [
              -69.069089,
              10.130718
            ],
            [
              -69.070253,
              10.131246
            ],
            [
              -69.071851,
              10.13216
            ],
            [
              -69.07343,
              10.13466000000011
            ],
            [
              -69.074567,
              10.135806
            ],
            [
              -69.0748,
              10.137504
            ],
            [
              -69.07456999999982,
              10.139318
            ],
            [
              -69.07440899999989,
              10.141316000000131
            ],
            [
              -69.074713,
              10.144484
            ],
            [
              -69.07515499999982,
              10.146503000000166
            ],
            [
              -69.075759,
              10.147765000000106
            ],
            [
              -69.076085,
              10.148912000000166
            ],
            [
              -69.075947,
              10.150290000000155
            ],
            [
              -69.0755769999999,
              10.151989
            ],
            [
              -69.074557,
              10.153552
            ],
            [
              -69.074651,
              10.154723000000104
            ],
            [
              -69.075278,
              10.155617
            ],
            [
              -69.079062,
              10.158021000000133
            ],
            [
              -69.079853,
              10.161234
            ],
            [
              -69.08010899999982,
              10.162383
            ],
            [
              -69.080064,
              10.16353000000015
            ],
            [
              -69.0798329999999,
              10.164793
            ],
            [
              -69.079346,
              10.165804
            ],
            [
              -69.078094,
              10.166908
            ],
            [
              -69.076239,
              10.167623
            ],
            [
              -69.074685,
              10.168452
            ],
            [
              -69.073363,
              10.169877
            ],
            [
              -69.07225099999988,
              10.171371
            ],
            [
              -69.07032799999985,
              10.174887000000126
            ],
            [
              -69.069958,
              10.17637900000011
            ],
            [
              -69.068985,
              10.177965
            ],
            [
              -69.06833599999987,
              10.179183000000137
            ],
            [
              -69.067316,
              10.180539
            ],
            [
              -69.06624899999986,
              10.180954000000156
            ],
            [
              -69.06502,
              10.181874
            ],
            [
              -69.064278,
              10.182472000000132
            ],
            [
              -69.063397,
              10.183438000000137
            ],
            [
              -69.062169,
              10.184955
            ],
            [
              -69.060871,
              10.186609000000146
            ],
            [
              -69.059713,
              10.189481000000114
            ],
            [
              -69.058578,
              10.192926
            ],
            [
              -69.05857999999984,
              10.19451
            ],
            [
              -69.058697,
              10.19614
            ],
            [
              -69.058721,
              10.197449000000177
            ],
            [
              -69.058281,
              10.199103
            ],
            [
              -69.056936,
              10.200414
            ],
            [
              -69.0553819999999,
              10.201059
            ],
            [
              -69.053736,
              10.202393000000143
            ],
            [
              -69.0525675529999,
              10.203329552000184
            ],
            [
              -69.052043,
              10.203750000000127
            ],
            [
              -69.051139,
              10.205037
            ],
            [
              -69.050073,
              10.207196000000181
            ],
            [
              -69.05007816199992,
              10.207277983000097
            ],
            [
              -69.050167,
              10.208689
            ],
            [
              -69.050238,
              10.210227000000145
            ],
            [
              -69.05026036099997,
              10.210636392000083
            ],
            [
              -69.050332,
              10.211948
            ],
            [
              -69.050194,
              10.214657
            ],
            [
              -69.05020686899991,
              10.215143328000124
            ],
            [
              -69.05004270799998,
              10.21933531000002
            ],
            [
              -69.04992,
              10.220397000000162
            ],
            [
              -69.049527,
              10.222693
            ],
            [
              -69.04925,
              10.225081000000102
            ],
            [
              -69.04902,
              10.227148
            ],
            [
              -69.04848257699996,
              10.22848512400003
            ],
            [
              -69.04854275699995,
              10.22852526500003
            ],
            [
              -69.04785773899994,
              10.230229318000113
            ],
            [
              -69.0498538359999,
              10.231879350000042
            ],
            [
              -69.05175792599988,
              10.23290935700004
            ],
            [
              -69.05393902599997,
              10.233457364
            ],
            [
              -69.05600510999994,
              10.234004367000068
            ],
            [
              -69.05867422599988,
              10.234666367000159
            ],
            [
              -69.06073831499998,
              10.233722328999988
            ],
            [
              -69.06284839099993,
              10.232295274000137
            ],
            [
              -69.06442545599998,
              10.231076242000029
            ],
            [
              -69.06651252799998,
              10.229075175000105
            ],
            [
              -69.0691566299999,
              10.227349115000095
            ],
            [
              -69.07043167299997,
              10.226223079000022
            ],
            [
              -69.07170672199999,
              10.224177022000106
            ],
            [
              -69.07240174099991,
              10.222086967000052
            ],
            [
              -69.07309675399995,
              10.220754926000097
            ],
            [
              -69.07434180899986,
              10.219937895999976
            ],
            [
              -69.07669690599994,
              10.219937882000181
            ],
            [
              -69.08010005299997,
              10.22045287700007
            ],
            [
              -69.08193314299996,
              10.221483891000105
            ],
            [
              -69.08234415899994,
              10.222836927000117
            ],
            [
              -69.08234316599993,
              10.222928928000044
            ],
            [
              -69.08145513199992,
              10.223378945000036
            ],
            [
              -69.08063410399984,
              10.224127965000037
            ],
            [
              -69.07994007599996,
              10.225957012000094
            ],
            [
              -69.07871904099994,
              10.227184048000026
            ],
            [
              -69.07807401599985,
              10.228761097000017
            ],
            [
              -69.07693998399998,
              10.230448148999983
            ],
            [
              -69.07680897699998,
              10.231756181000037
            ],
            [
              -69.07599495799997,
              10.233928234000075
            ],
            [
              -69.0781680529999,
              10.23468524100008
            ],
            [
              -69.0794971069999,
              10.234217223000087
            ],
            [
              -69.08043115399994,
              10.233722210999986
            ],
            [
              -69.08176719299996,
              10.232657169000163
            ],
            [
              -69.0895135429999,
              10.235377190000065
            ]
          ]
        ]
      }
    },
    {
      "type": "Feature",
      "properties": {
        "Pais": "Venezuela",
        "Estado": "Yaracuy",
        "Municipio": "San Felipe"
      },
      "geometry": {
        "type": "Polygon",
        "coordinates": [
          [
            [
              -68.6060281909999,
              10.60434353400018
            ],
            [
              -68.60705024099997,
              10.605465548000097
            ],
            [
              -68.60802729599999,
              10.60672458300013
            ],
            [
              -68.60865331599985,
              10.606838575000097
            ],
            [
              -68.60976886599997,
              10.606773266000118
            ],
            [
              -68.60988336999992,
              10.606766563
            ],
            [
              -68.610442,
              10.606165
            ],
            [
              -68.611044,
              10.605429000000129
            ],
            [
              -68.611205,
              10.604695000000106
            ],
            [
              -68.61099499999989,
              10.603847000000144
            ],
            [
              -68.6109469999999,
              10.603227000000174
            ],
            [
              -68.611434,
              10.602607
            ],
            [
              -68.612222,
              10.602421000000106
            ],
            [
              -68.613081,
              10.602695
            ],
            [
              -68.613917,
              10.602784
            ],
            [
              -68.614542,
              10.602140000000134
            ],
            [
              -68.614958,
              10.601291
            ],
            [
              -68.615515,
              10.601060000000132
            ],
            [
              -68.616072,
              10.601265000000183
            ],
            [
              -68.616744,
              10.600896
            ],
            [
              -68.617325,
              10.60156
            ],
            [
              -68.617418,
              10.601996
            ],
            [
              -68.618485,
              10.601718
            ],
            [
              -68.618717,
              10.601993
            ],
            [
              -68.619158,
              10.60203700000011
            ],
            [
              -68.619853,
              10.601577
            ],
            [
              -68.620641,
              10.600979000000166
            ],
            [
              -68.62122099999982,
              10.601115
            ],
            [
              -68.62168499999984,
              10.600976
            ],
            [
              -68.62182299999989,
              10.600609
            ],
            [
              -68.622635,
              10.60024
            ],
            [
              -68.6232839999999,
              10.600123
            ],
            [
              -68.62356199999988,
              10.600169000000108
            ],
            [
              -68.62414199999984,
              10.59980000000013
            ],
            [
              -68.624627,
              10.59904200000011
            ],
            [
              -68.625231,
              10.599155
            ],
            [
              -68.626506,
              10.598624
            ],
            [
              -68.627618,
              10.598186000000169
            ],
            [
              -68.628361,
              10.598436
            ],
            [
              -68.629427,
              10.598067
            ],
            [
              -68.630006,
              10.597538
            ],
            [
              -68.63118899999989,
              10.596984000000191
            ],
            [
              -68.632674,
              10.597531000000174
            ],
            [
              -68.633695,
              10.597804000000167
            ],
            [
              -68.636666,
              10.59876
            ],
            [
              -68.638406,
              10.598755
            ],
            [
              -68.639567,
              10.599028
            ],
            [
              -68.640124,
              10.599325
            ],
            [
              -68.642328,
              10.599525
            ],
            [
              -68.643929,
              10.599590000000148
            ],
            [
              -68.645134,
              10.59926600000017
            ],
            [
              -68.64678,
              10.598803
            ],
            [
              -68.647825,
              10.598984
            ],
            [
              -68.648219,
              10.598845000000154
            ],
            [
              -68.648381,
              10.59873
            ],
            [
              -68.64963399999988,
              10.598979
            ],
            [
              -68.649889,
              10.599002
            ],
            [
              -68.650747,
              10.599045
            ],
            [
              -68.65096999999986,
              10.59914300000014
            ],
            [
              -68.651421,
              10.599342
            ],
            [
              -68.651643,
              10.599033
            ],
            [
              -68.65199899999982,
              10.598538000000133
            ],
            [
              -68.65213799999987,
              10.598193
            ],
            [
              -68.653785,
              10.598189
            ],
            [
              -68.65408599999984,
              10.598188000000164
            ],
            [
              -68.65496599999989,
              10.597131000000104
            ],
            [
              -68.656078,
              10.596531
            ],
            [
              -68.657189,
              10.595427000000143
            ],
            [
              -68.657653,
              10.594944000000169
            ],
            [
              -68.65892799999989,
              10.594482000000141
            ],
            [
              -68.65892699999989,
              10.594459
            ],
            [
              -68.65934299999986,
              10.593587000000127
            ],
            [
              -68.6604095919999,
              10.593314717000055
            ],
            [
              -68.660526,
              10.593285
            ],
            [
              -68.661616,
              10.593214
            ],
            [
              -68.662707,
              10.593027000000177
            ],
            [
              -68.663193,
              10.592407
            ],
            [
              -68.664585,
              10.59261000000015
            ],
            [
              -68.665397,
              10.592883000000143
            ],
            [
              -68.66621199999986,
              10.594601000000182
            ],
            [
              -68.667327,
              10.595585
            ],
            [
              -68.66858,
              10.595788
            ],
            [
              -68.669136,
              10.595374
            ],
            [
              -68.671015,
              10.595048
            ],
            [
              -68.67196599999988,
              10.59516
            ],
            [
              -68.6725909999999,
              10.594516000000112
            ],
            [
              -68.673448,
              10.593779
            ],
            [
              -68.67432899999989,
              10.5938230000001
            ],
            [
              -68.67500299999989,
              10.594028
            ],
            [
              -68.675142,
              10.594027000000153
            ],
            [
              -68.676927,
              10.59335700000014
            ],
            [
              -68.67766799999987,
              10.59321800000015
            ],
            [
              -68.678015,
              10.592414
            ],
            [
              -68.678595,
              10.592413
            ],
            [
              -68.679453,
              10.592296
            ],
            [
              -68.679986,
              10.591996000000108
            ],
            [
              -68.6804259999999,
              10.591697
            ],
            [
              -68.68137599999989,
              10.591189000000156
            ],
            [
              -68.682024,
              10.590270000000146
            ],
            [
              -68.68195399999985,
              10.58988
            ],
            [
              -68.68315799999988,
              10.588890000000163
            ],
            [
              -68.68427,
              10.588451
            ],
            [
              -68.684479,
              10.588405
            ],
            [
              -68.6845019999999,
              10.588313
            ],
            [
              -68.68594,
              10.588079
            ],
            [
              -68.686148,
              10.587299
            ],
            [
              -68.68675,
              10.586563000000183
            ],
            [
              -68.687049,
              10.585048
            ],
            [
              -68.68663,
              10.58456800000016
            ],
            [
              -68.686395,
              10.583307000000104
            ],
            [
              -68.68521,
              10.582507
            ],
            [
              -68.684421,
              10.581981000000155
            ],
            [
              -68.683631,
              10.581548
            ],
            [
              -68.683026,
              10.580311000000165
            ],
            [
              -68.682445,
              10.579830000000186
            ],
            [
              -68.681608,
              10.578777
            ],
            [
              -68.681236,
              10.577907
            ],
            [
              -68.681234,
              10.577196000000185
            ],
            [
              -68.68146499999989,
              10.576621
            ],
            [
              -68.68153399999989,
              10.57602500000013
            ],
            [
              -68.68144,
              10.575429
            ],
            [
              -68.681298,
              10.574167
            ],
            [
              -68.681437,
              10.573938000000112
            ],
            [
              -68.681644,
              10.572997
            ],
            [
              -68.680737,
              10.571875
            ],
            [
              -68.680018,
              10.571533
            ],
            [
              -68.67957599999988,
              10.570708
            ],
            [
              -68.678484,
              10.570160000000158
            ],
            [
              -68.677858,
              10.569841
            ],
            [
              -68.677135,
              10.568145
            ],
            [
              -68.67711,
              10.566861
            ],
            [
              -68.677108,
              10.565599
            ],
            [
              -68.677292,
              10.565025000000162
            ],
            [
              -68.677405,
              10.563579
            ],
            [
              -68.677335,
              10.562983000000145
            ],
            [
              -68.677775,
              10.562546
            ],
            [
              -68.678076,
              10.562270000000126
            ],
            [
              -68.67869999999988,
              10.561397
            ],
            [
              -68.679164,
              10.561235000000124
            ],
            [
              -68.6799979999999,
              10.560705000000155
            ],
            [
              -68.68039,
              10.559465
            ],
            [
              -68.680529,
              10.559327000000167
            ],
            [
              -68.68083,
              10.559212
            ],
            [
              -68.681896,
              10.558544
            ],
            [
              -68.682103,
              10.557740000000138
            ],
            [
              -68.682079,
              10.557488
            ],
            [
              -68.68196099999989,
              10.55645600000014
            ],
            [
              -68.68207399999983,
              10.554781000000105
            ],
            [
              -68.680891,
              10.554578000000163
            ],
            [
              -68.678848,
              10.55339
            ],
            [
              -68.67771099999987,
              10.553325
            ],
            [
              -68.676389,
              10.552915
            ],
            [
              -68.675785,
              10.552779000000157
            ],
            [
              -68.67481,
              10.552071
            ],
            [
              -68.673733,
              10.551397
            ],
            [
              -68.673277,
              10.551111
            ],
            [
              -68.67325099999988,
              10.549482
            ],
            [
              -68.67399199999983,
              10.54854
            ],
            [
              -68.674315,
              10.547575000000165
            ],
            [
              -68.674313,
              10.546909000000142
            ],
            [
              -68.675101,
              10.546127
            ],
            [
              -68.675935,
              10.545988000000136
            ],
            [
              -68.676653,
              10.545573000000104
            ],
            [
              -68.67751,
              10.544882
            ],
            [
              -68.678184,
              10.545362
            ],
            [
              -68.680481,
              10.545907
            ],
            [
              -68.68092,
              10.545103
            ],
            [
              -68.680918,
              10.543979
            ],
            [
              -68.681009,
              10.54340500000012
            ],
            [
              -68.6811699999999,
              10.542648
            ],
            [
              -68.68216699999988,
              10.542347000000177
            ],
            [
              -68.682584,
              10.541933
            ],
            [
              -68.682931,
              10.541611
            ],
            [
              -68.683904,
              10.54092
            ],
            [
              -68.68387799999988,
              10.539612
            ],
            [
              -68.68311199999982,
              10.539133000000163
            ],
            [
              -68.682785,
              10.537941000000103
            ],
            [
              -68.682783,
              10.537046000000146
            ],
            [
              -68.682782,
              10.536105
            ],
            [
              -68.68370599999986,
              10.534497000000101
            ],
            [
              -68.684445,
              10.532821000000126
            ],
            [
              -68.68578899999989,
              10.532198000000108
            ],
            [
              -68.68667,
              10.53187400000013
            ],
            [
              -68.687087,
              10.531506
            ],
            [
              -68.688338,
              10.530952
            ],
            [
              -68.689358,
              10.530582000000152
            ],
            [
              -68.690215,
              10.530328000000111
            ],
            [
              -68.6912109999999,
              10.529614
            ],
            [
              -68.691582,
              10.529406
            ],
            [
              -68.69236999999987,
              10.529037
            ],
            [
              -68.6935739999999,
              10.528048000000126
            ],
            [
              -68.693852,
              10.528047000000186
            ],
            [
              -68.69519799999989,
              10.52779100000015
            ],
            [
              -68.696496,
              10.527398000000119
            ],
            [
              -68.696308,
              10.526067000000126
            ],
            [
              -68.6953309999999,
              10.52457900000013
            ],
            [
              -68.69486299999988,
              10.523135
            ],
            [
              -68.695512,
              10.522957
            ],
            [
              -68.696301,
              10.52274100000011
            ],
            [
              -68.696786,
              10.521799000000158
            ],
            [
              -68.696669,
              10.521226000000183
            ],
            [
              -68.696552,
              10.520538000000101
            ],
            [
              -68.696757,
              10.51845
            ],
            [
              -68.696964,
              10.517532
            ],
            [
              -68.696939,
              10.516867000000104
            ],
            [
              -68.695749,
              10.51359
            ],
            [
              -68.696255,
              10.511362
            ],
            [
              -68.696649,
              10.510788
            ],
            [
              -68.696646,
              10.509457
            ],
            [
              -68.696248,
              10.507439
            ],
            [
              -68.696941,
              10.506268000000148
            ],
            [
              -68.697218,
              10.505372
            ],
            [
              -68.695876,
              10.506706000000122
            ],
            [
              -68.697333,
              10.504936
            ],
            [
              -68.698419,
              10.502433
            ],
            [
              -68.699065,
              10.500573
            ],
            [
              -68.69957199999988,
              10.498897
            ],
            [
              -68.699801,
              10.497153
            ],
            [
              -68.700076,
              10.495913
            ],
            [
              -68.700908,
              10.494489
            ],
            [
              -68.701764,
              10.49320200000011
            ],
            [
              -68.7028739999999,
              10.491662
            ],
            [
              -68.70423899999986,
              10.49009800000016
            ],
            [
              -68.705326,
              10.488398000000188
            ],
            [
              -68.705879,
              10.486630000000105
            ],
            [
              -68.706202,
              10.485964
            ],
            [
              -68.707171,
              10.483461
            ],
            [
              -68.707262,
              10.482589
            ],
            [
              -68.706587,
              10.48114500000014
            ],
            [
              -68.705513,
              10.477134
            ],
            [
              -68.705025,
              10.476562
            ],
            [
              -68.704421,
              10.476104000000134
            ],
            [
              -68.703211,
              10.473790000000179
            ],
            [
              -68.70337099999989,
              10.472757000000115
            ],
            [
              -68.703299,
              10.471656000000166
            ],
            [
              -68.70294799999988,
              10.469891000000132
            ],
            [
              -68.70289799999983,
              10.468606
            ],
            [
              -68.7030319999999,
              10.465899
            ],
            [
              -68.702752,
              10.464776
            ],
            [
              -68.702517,
              10.463171000000102
            ],
            [
              -68.70189,
              10.462874
            ],
            [
              -68.70107799999988,
              10.462394000000131
            ],
            [
              -68.700102,
              10.461411000000169
            ],
            [
              -68.700075,
              10.459644
            ],
            [
              -68.700654,
              10.459092000000112
            ],
            [
              -68.70114,
              10.458701000000133
            ],
            [
              -68.702019,
              10.457758
            ],
            [
              -68.702645,
              10.45732
            ],
            [
              -68.703455,
              10.456607
            ],
            [
              -68.704501,
              10.456856
            ],
            [
              -68.706257,
              10.454564000000119
            ],
            [
              -68.708249,
              10.454355
            ],
            [
              -68.711147,
              10.454225000000122
            ],
            [
              -68.7135239999999,
              10.453300000000183
            ],
            [
              -68.715945,
              10.452513
            ],
            [
              -68.719163,
              10.451691
            ],
            [
              -68.722605,
              10.452378
            ],
            [
              -68.725423,
              10.453143000000125
            ],
            [
              -68.729565,
              10.454028
            ],
            [
              -68.732071,
              10.45406400000013
            ],
            [
              -68.734414,
              10.452337
            ],
            [
              -68.737082,
              10.450698000000159
            ],
            [
              -68.738902,
              10.451430000000187
            ],
            [
              -68.740672,
              10.451911000000166
            ],
            [
              -68.742651,
              10.45078500000011
            ],
            [
              -68.74509199999989,
              10.449423
            ],
            [
              -68.747777,
              10.447348
            ],
            [
              -68.751772,
              10.444315000000131
            ],
            [
              -68.754104,
              10.441787
            ],
            [
              -68.754074,
              10.438006
            ],
            [
              -68.752853,
              10.435227000000111
            ],
            [
              -68.751994,
              10.431847
            ],
            [
              -68.75249999999983,
              10.429824
            ],
            [
              -68.75311,
              10.426974
            ],
            [
              -68.7554,
              10.423094
            ],
            [
              -68.75796899999989,
              10.420952000000113
            ],
            [
              -68.760834,
              10.420158000000129
            ],
            [
              -68.764664,
              10.420336000000134
            ],
            [
              -68.766481,
              10.420908
            ],
            [
              -68.76879799999989,
              10.420693
            ],
            [
              -68.770823,
              10.419475000000148
            ],
            [
              -68.77341199999984,
              10.417172000000164
            ],
            [
              -68.775564,
              10.416099
            ],
            [
              -68.77583299999986,
              10.416034
            ],
            [
              -68.777076,
              10.41545
            ],
            [
              -68.777766,
              10.414961
            ],
            [
              -68.77758399999988,
              10.414438
            ],
            [
              -68.77758299999988,
              10.414094
            ],
            [
              -68.77762799999988,
              10.413383
            ],
            [
              -68.777603,
              10.412395000000174
            ],
            [
              -68.777717,
              10.41173
            ],
            [
              -68.77783199999988,
              10.411133
            ],
            [
              -68.777922,
              10.409802
            ],
            [
              -68.777804,
              10.409046
            ],
            [
              -68.77764,
              10.407991
            ],
            [
              -68.77728999999988,
              10.407143000000133
            ],
            [
              -68.77707799999985,
              10.405836000000136
            ],
            [
              -68.777446,
              10.404298
            ],
            [
              -68.777303,
              10.402463000000125
            ],
            [
              -68.777091,
              10.401087000000132
            ],
            [
              -68.777297,
              10.39971
            ],
            [
              -68.77785,
              10.398195000000158
            ],
            [
              -68.77803399999988,
              10.397277
            ],
            [
              -68.777867,
              10.395098
            ],
            [
              -68.778071,
              10.392964
            ],
            [
              -68.778068,
              10.391817000000174
            ],
            [
              -68.777973,
              10.390831000000105
            ],
            [
              -68.777759,
              10.388308000000109
            ],
            [
              -68.777892,
              10.385486000000185
            ],
            [
              -68.777865,
              10.383742000000154
            ],
            [
              -68.777282,
              10.382069
            ],
            [
              -68.77695199999988,
              10.379708000000107
            ],
            [
              -68.776692,
              10.3773
            ],
            [
              -68.77645599999988,
              10.37535000000014
            ],
            [
              -68.776243,
              10.373493000000167
            ],
            [
              -68.77633199999985,
              10.371633
            ],
            [
              -68.776098,
              10.370418
            ],
            [
              -68.77532799999989,
              10.367989
            ],
            [
              -68.774883,
              10.365903000000117
            ],
            [
              -68.774486,
              10.364527000000123
            ],
            [
              -68.773719,
              10.363750000000152
            ],
            [
              -68.772906,
              10.363087000000178
            ],
            [
              -68.7724199999999,
              10.363134000000116
            ],
            [
              -68.772234,
              10.362905
            ],
            [
              -68.771233,
              10.361073000000147
            ],
            [
              -68.770883,
              10.359927
            ],
            [
              -68.770858,
              10.35917
            ],
            [
              -68.770323,
              10.3583
            ],
            [
              -68.769302,
              10.357592
            ],
            [
              -68.768975,
              10.356538
            ],
            [
              -68.769344,
              10.355481
            ],
            [
              -68.769363,
              10.353646
            ],
            [
              -68.769153,
              10.353096
            ],
            [
              -68.769081,
              10.351926
            ],
            [
              -68.76843,
              10.35103400000014
            ],
            [
              -68.76791899999989,
              10.350393
            ],
            [
              -68.767454,
              10.349912
            ],
            [
              -68.76645599999983,
              10.349686000000133
            ],
            [
              -68.76587599999988,
              10.349366000000146
            ],
            [
              -68.76513299999988,
              10.348635
            ],
            [
              -68.76513099999988,
              10.347625000000164
            ],
            [
              -68.76448,
              10.34687
            ],
            [
              -68.763367,
              10.346827
            ],
            [
              -68.76283399999988,
              10.34678300000013
            ],
            [
              -68.76209199999988,
              10.34664800000013
            ],
            [
              -68.76125799999988,
              10.346650000000125
            ],
            [
              -68.759868,
              10.346998000000156
            ],
            [
              -68.759289,
              10.347229
            ],
            [
              -68.758779,
              10.3473
            ],
            [
              -68.756835,
              10.348659000000112
            ],
            [
              -68.755398,
              10.348846
            ],
            [
              -68.754935,
              10.34871
            ],
            [
              -68.753868,
              10.348644
            ],
            [
              -68.752733,
              10.348831000000132
            ],
            [
              -68.75213,
              10.348810000000128
            ],
            [
              -68.75150399999984,
              10.348605
            ],
            [
              -68.75096999999988,
              10.348033000000157
            ],
            [
              -68.749873,
              10.347461
            ],
            [
              -68.74946199999988,
              10.347235
            ],
            [
              -68.74895,
              10.346456
            ],
            [
              -68.748787,
              10.345929000000183
            ],
            [
              -68.748577,
              10.345448000000147
            ],
            [
              -68.748321,
              10.345128000000159
            ],
            [
              -68.747832,
              10.34384400000016
            ],
            [
              -68.747576,
              10.343317
            ],
            [
              -68.7472279999999,
              10.342883
            ],
            [
              -68.746832,
              10.342287000000113
            ],
            [
              -68.7469,
              10.341553
            ],
            [
              -68.746201,
              10.339743000000112
            ],
            [
              -68.745551,
              10.339217
            ],
            [
              -68.745109,
              10.338553
            ],
            [
              -68.745293,
              10.337864
            ],
            [
              -68.74550099999982,
              10.337588000000153
            ],
            [
              -68.745478,
              10.33752
            ],
            [
              -68.744571,
              10.336513
            ],
            [
              -68.744176,
              10.335963000000163
            ],
            [
              -68.74333999999988,
              10.33514
            ],
            [
              -68.742481,
              10.334271000000115
            ],
            [
              -68.741993,
              10.333653
            ],
            [
              -68.7415969999999,
              10.332713000000183
            ],
            [
              -68.74122499999987,
              10.332164
            ],
            [
              -68.7401799999999,
              10.331501000000117
            ],
            [
              -68.739925,
              10.33129600000018
            ],
            [
              -68.73964599999988,
              10.3307
            ],
            [
              -68.73939,
              10.33028800000011
            ],
            [
              -68.727069,
              10.321033000000114
            ],
            [
              -68.7251859999999,
              10.320859
            ],
            [
              -68.722561,
              10.321517
            ],
            [
              -68.72163599999982,
              10.322693000000186
            ],
            [
              -68.720432,
              10.323664
            ],
            [
              -68.720699,
              10.327403000000118
            ],
            [
              -68.716456,
              10.323317
            ],
            [
              -68.714337,
              10.322249
            ],
            [
              -68.712049,
              10.319757
            ],
            [
              -68.70985799999988,
              10.318229
            ],
            [
              -68.708599,
              10.317224
            ],
            [
              -68.705292,
              10.315564
            ],
            [
              -68.704871,
              10.314947000000188
            ],
            [
              -68.704173,
              10.314537
            ],
            [
              -68.70219,
              10.312824
            ],
            [
              -68.699629,
              10.311942
            ],
            [
              -68.699464,
              10.311322
            ],
            [
              -68.69927399999983,
              10.310175
            ],
            [
              -68.69840799999986,
              10.308778
            ],
            [
              -68.697358,
              10.307681000000116
            ],
            [
              -68.695121,
              10.306268
            ],
            [
              -68.69436999999988,
              10.304435000000126
            ],
            [
              -68.69383099999988,
              10.303197000000182
            ],
            [
              -68.692734,
              10.302055000000166
            ],
            [
              -68.691523,
              10.301395000000127
            ],
            [
              -68.690568,
              10.300802
            ],
            [
              -68.689726,
              10.299612
            ],
            [
              -68.688887,
              10.298996
            ],
            [
              -68.68705,
              10.29873
            ],
            [
              -68.686492,
              10.298503
            ],
            [
              -68.685234,
              10.297706
            ],
            [
              -68.684349,
              10.297297000000128
            ],
            [
              -68.683394,
              10.29675
            ],
            [
              -68.682346,
              10.296136
            ],
            [
              -68.681252,
              10.295682000000113
            ],
            [
              -68.680645,
              10.29495
            ],
            [
              -68.68025299999988,
              10.290972000000124
            ],
            [
              -68.67929199999986,
              10.283168000000103
            ],
            [
              -68.67159,
              10.215067
            ],
            [
              -68.671154,
              10.209286
            ],
            [
              -68.66928999999988,
              10.210816
            ],
            [
              -68.667525,
              10.212375
            ],
            [
              -68.66625499999986,
              10.21352700000017
            ],
            [
              -68.6645099999999,
              10.215431000000137
            ],
            [
              -68.662658,
              10.216644000000144
            ],
            [
              -68.66049,
              10.21721
            ],
            [
              -68.656807,
              10.218054
            ],
            [
              -68.65434499999986,
              10.219695000000115
            ],
            [
              -68.651783,
              10.221839000000102
            ],
            [
              -68.649259,
              10.22467300000011
            ],
            [
              -68.64830699999987,
              10.22633500000012
            ],
            [
              -68.646743,
              10.226818
            ],
            [
              -68.645537,
              10.226686
            ],
            [
              -68.64397999999989,
              10.226687
            ],
            [
              -68.637437,
              10.225612000000126
            ],
            [
              -68.633724,
              10.225598
            ],
            [
              -68.62549,
              10.229807000000164
            ],
            [
              -68.623456,
              10.233226
            ],
            [
              -68.6198639999999,
              10.233147
            ],
            [
              -68.616664,
              10.23367
            ],
            [
              -68.61854,
              10.234877
            ],
            [
              -68.618431,
              10.236876000000109
            ],
            [
              -68.61876599999982,
              10.239562
            ],
            [
              -68.618684,
              10.242456000000118
            ],
            [
              -68.618553,
              10.24457
            ],
            [
              -68.619328,
              10.248355
            ],
            [
              -68.62232099999989,
              10.251013
            ],
            [
              -68.626833,
              10.255321000000151
            ],
            [
              -68.62698199999988,
              10.257984
            ],
            [
              -68.626878,
              10.261041
            ],
            [
              -68.626608,
              10.26340800000014
            ],
            [
              -68.625204,
              10.26713500000011
            ],
            [
              -68.62472899999989,
              10.270514000000105
            ],
            [
              -68.625457,
              10.272555
            ],
            [
              -68.625508,
              10.273795000000177
            ],
            [
              -68.624471,
              10.276189000000159
            ],
            [
              -68.623597,
              10.278490000000147
            ],
            [
              -68.623956,
              10.281129
            ],
            [
              -68.62473199999988,
              10.283813
            ],
            [
              -68.625909,
              10.287757
            ],
            [
              -68.626012,
              10.29044400000015
            ],
            [
              -68.62590299999988,
              10.292190000000176
            ],
            [
              -68.624748,
              10.294056
            ],
            [
              -68.624843,
              10.294791
            ],
            [
              -68.625078,
              10.29547900000017
            ],
            [
              -68.62531499999989,
              10.296718
            ],
            [
              -68.624295,
              10.297343
            ],
            [
              -68.622954,
              10.299234000000183
            ],
            [
              -68.623429,
              10.301735000000178
            ],
            [
              -68.623688,
              10.302676
            ],
            [
              -68.62402099999986,
              10.304764000000148
            ],
            [
              -68.623977,
              10.305430000000172
            ],
            [
              -68.622916,
              10.307663
            ],
            [
              -68.623036,
              10.30860500000017
            ],
            [
              -68.623249,
              10.309591
            ],
            [
              -68.623762,
              10.31014000000016
            ],
            [
              -68.62423199999989,
              10.311562
            ],
            [
              -68.62489099999988,
              10.313809000000163
            ],
            [
              -68.62548099999987,
              10.316195
            ],
            [
              -68.62639399999989,
              10.317982
            ],
            [
              -68.627749,
              10.31969800000013
            ],
            [
              -68.62961299999989,
              10.320975000000146
            ],
            [
              -68.631268,
              10.321932
            ],
            [
              -68.63197,
              10.323214000000121
            ],
            [
              -68.63318,
              10.323622000000114
            ],
            [
              -68.633578,
              10.326395
            ],
            [
              -68.63345,
              10.327151
            ],
            [
              -68.633576,
              10.327844
            ],
            [
              -68.633703,
              10.328411
            ],
            [
              -68.633321,
              10.328914000000111
            ],
            [
              -68.63262,
              10.32948
            ],
            [
              -68.63159699999989,
              10.330238
            ],
            [
              -68.631877,
              10.330581
            ],
            [
              -68.632132,
              10.330786000000103
            ],
            [
              -68.632875,
              10.330784000000108
            ],
            [
              -68.63357,
              10.330783
            ],
            [
              -68.634336,
              10.330895
            ],
            [
              -68.634406,
              10.331147000000101
            ],
            [
              -68.634246,
              10.331744000000128
            ],
            [
              -68.634108,
              10.332272000000103
            ],
            [
              -68.63376199999988,
              10.332846000000188
            ],
            [
              -68.63339099999985,
              10.332893000000183
            ],
            [
              -68.632694,
              10.332573
            ],
            [
              -68.63158,
              10.332347
            ],
            [
              -68.6312329999999,
              10.332394
            ],
            [
              -68.631257,
              10.332852000000173
            ],
            [
              -68.631676,
              10.333448
            ],
            [
              -68.631538,
              10.333677
            ],
            [
              -68.630981,
              10.333656
            ],
            [
              -68.630285,
              10.333451000000139
            ],
            [
              -68.62998199999987,
              10.333108
            ],
            [
              -68.62951699999985,
              10.332743
            ],
            [
              -68.628777,
              10.333226
            ],
            [
              -68.628801,
              10.333730000000116
            ],
            [
              -68.629035,
              10.334234
            ],
            [
              -68.62943,
              10.334738
            ],
            [
              -68.6301959999999,
              10.334736
            ],
            [
              -68.63073,
              10.334918
            ],
            [
              -68.6308,
              10.335170000000119
            ],
            [
              -68.630731,
              10.33537600000011
            ],
            [
              -68.629827,
              10.3357
            ],
            [
              -68.629224,
              10.335655
            ],
            [
              -68.62885199999988,
              10.335381000000154
            ],
            [
              -68.628364,
              10.334993
            ],
            [
              -68.627853,
              10.334925
            ],
            [
              -68.627714,
              10.335224
            ],
            [
              -68.627739,
              10.335659
            ],
            [
              -68.628182,
              10.336254
            ],
            [
              -68.628253,
              10.336575
            ],
            [
              -68.628045,
              10.336874
            ],
            [
              -68.627302,
              10.336830000000134
            ],
            [
              -68.62718599999988,
              10.337060000000179
            ],
            [
              -68.62788499999982,
              10.33786
            ],
            [
              -68.6284419999999,
              10.338042
            ],
            [
              -68.62881399999986,
              10.338087
            ],
            [
              -68.6291849999999,
              10.338086000000146
            ],
            [
              -68.62976599999985,
              10.338566
            ],
            [
              -68.6298139999999,
              10.339047
            ],
            [
              -68.6289819999999,
              10.340083000000163
            ],
            [
              -68.62835699999988,
              10.340428
            ],
            [
              -68.6281029999999,
              10.34095600000012
            ],
            [
              -68.628339,
              10.342354000000114
            ],
            [
              -68.629036,
              10.342949000000146
            ],
            [
              -68.630036,
              10.343771000000118
            ],
            [
              -68.630802,
              10.34409
            ],
            [
              -68.631174,
              10.34441
            ],
            [
              -68.63096999999988,
              10.345787000000144
            ],
            [
              -68.631088,
              10.346589
            ],
            [
              -68.63146,
              10.347047000000146
            ],
            [
              -68.631253,
              10.347414000000128
            ],
            [
              -68.630859,
              10.347759
            ],
            [
              -68.631209,
              10.34824
            ],
            [
              -68.631627,
              10.348514
            ],
            [
              -68.632367,
              10.347915000000171
            ],
            [
              -68.63234299999982,
              10.347411
            ],
            [
              -68.63283,
              10.347456
            ],
            [
              -68.632947,
              10.347845
            ],
            [
              -68.632995,
              10.348487
            ],
            [
              -68.6326959999999,
              10.34929
            ],
            [
              -68.632418,
              10.349406000000101
            ],
            [
              -68.631374,
              10.34940900000015
            ],
            [
              -68.630795,
              10.349731000000133
            ],
            [
              -68.630682,
              10.350603
            ],
            [
              -68.630127,
              10.351155
            ],
            [
              -68.629781,
              10.35205000000019
            ],
            [
              -68.629854,
              10.352944
            ],
            [
              -68.629856,
              10.353907000000163
            ],
            [
              -68.62934799999988,
              10.354711
            ],
            [
              -68.628864,
              10.355561
            ],
            [
              -68.62834999999984,
              10.362418
            ],
            [
              -68.62751699999984,
              10.36301600000013
            ],
            [
              -68.627378,
              10.363246000000174
            ],
            [
              -68.627751,
              10.364048
            ],
            [
              -68.62872699999986,
              10.364572000000123
            ],
            [
              -68.62868399999985,
              10.365604
            ],
            [
              -68.628592,
              10.365903000000117
            ],
            [
              -68.62822099999983,
              10.366064000000108
            ],
            [
              -68.627803,
              10.365813000000117
            ],
            [
              -68.627337,
              10.365264
            ],
            [
              -68.627082,
              10.365219
            ],
            [
              -68.6272,
              10.365815000000111
            ],
            [
              -68.627386,
              10.366158
            ],
            [
              -68.62806099999989,
              10.36689
            ],
            [
              -68.628341,
              10.367302
            ],
            [
              -68.62864199999984,
              10.367118
            ],
            [
              -68.629151,
              10.366933
            ],
            [
              -68.62973199999988,
              10.367229
            ],
            [
              -68.630336,
              10.367572000000166
            ],
            [
              -68.630569,
              10.367823000000158
            ],
            [
              -68.63131299999986,
              10.36846300000019
            ],
            [
              -68.631709,
              10.36894400000017
            ],
            [
              -68.631711,
              10.369838
            ],
            [
              -68.631201,
              10.369977
            ],
            [
              -68.63039,
              10.369979
            ],
            [
              -68.63013699999988,
              10.370805000000132
            ],
            [
              -68.63002299999988,
              10.371700000000146
            ],
            [
              -68.630534,
              10.371974
            ],
            [
              -68.631185,
              10.372178
            ],
            [
              -68.63209,
              10.372337
            ],
            [
              -68.632346,
              10.37268
            ],
            [
              -68.631698,
              10.373186000000146
            ],
            [
              -68.631815,
              10.373644
            ],
            [
              -68.63242,
              10.374147000000107
            ],
            [
              -68.632698,
              10.374284
            ],
            [
              -68.63263,
              10.37472
            ],
            [
              -68.632631,
              10.375064000000123
            ],
            [
              -68.632818,
              10.375705
            ],
            [
              -68.63339799999989,
              10.375658
            ],
            [
              -68.634023,
              10.375198000000182
            ],
            [
              -68.634394,
              10.375197000000128
            ],
            [
              -68.634489,
              10.375884
            ],
            [
              -68.634444,
              10.37622800000014
            ],
            [
              -68.634258,
              10.37636600000019
            ],
            [
              -68.63388799999984,
              10.376528000000121
            ],
            [
              -68.633633,
              10.376781
            ],
            [
              -68.63382,
              10.377193
            ],
            [
              -68.63405299999988,
              10.377468
            ],
            [
              -68.6337759999999,
              10.377904
            ],
            [
              -68.63310299999989,
              10.377814000000114
            ],
            [
              -68.63242999999989,
              10.377747
            ],
            [
              -68.631967,
              10.377955
            ],
            [
              -68.63284999999985,
              10.378755000000126
            ],
            [
              -68.633617,
              10.379051000000118
            ],
            [
              -68.634218,
              10.378545
            ],
            [
              -68.634428,
              10.37902600000018
            ],
            [
              -68.63413,
              10.380197
            ],
            [
              -68.63397,
              10.381046
            ],
            [
              -68.633694,
              10.381597000000113
            ],
            [
              -68.633113,
              10.381346000000121
            ],
            [
              -68.632646,
              10.380407
            ],
            [
              -68.631926,
              10.380042
            ],
            [
              -68.631674,
              10.380960000000186
            ],
            [
              -68.631885,
              10.381716
            ],
            [
              -68.631702,
              10.382588
            ],
            [
              -68.631168,
              10.382635
            ],
            [
              -68.63072899999986,
              10.383141000000137
            ],
            [
              -68.631566,
              10.383827
            ],
            [
              -68.632262,
              10.383917
            ],
            [
              -68.63312,
              10.383731000000125
            ],
            [
              -68.633956,
              10.383981000000176
            ],
            [
              -68.633912,
              10.384829
            ],
            [
              -68.634077,
              10.385838
            ],
            [
              -68.634518,
              10.385814000000153
            ],
            [
              -68.63484099999982,
              10.385331000000178
            ],
            [
              -68.635072,
              10.385124
            ],
            [
              -68.635304,
              10.385147
            ],
            [
              -68.63551299999989,
              10.385146000000134
            ],
            [
              -68.635745,
              10.385145
            ],
            [
              -68.635746,
              10.385512
            ],
            [
              -68.635377,
              10.386178
            ],
            [
              -68.635494,
              10.386568000000182
            ],
            [
              -68.635819,
              10.386567000000127
            ],
            [
              -68.636167,
              10.386635
            ],
            [
              -68.636075,
              10.387071
            ],
            [
              -68.636077,
              10.387598000000139
            ],
            [
              -68.636286,
              10.38764300000014
            ],
            [
              -68.6367259999999,
              10.387573
            ],
            [
              -68.636959,
              10.387779
            ],
            [
              -68.637006,
              10.388123
            ],
            [
              -68.636753,
              10.388605000000155
            ],
            [
              -68.636197,
              10.388859
            ],
            [
              -68.635385,
              10.388907
            ],
            [
              -68.634689,
              10.388932
            ],
            [
              -68.634132,
              10.389002000000119
            ],
            [
              -68.633136,
              10.389486
            ],
            [
              -68.633045,
              10.389968000000124
            ],
            [
              -68.633278,
              10.390426
            ],
            [
              -68.633696,
              10.390654
            ],
            [
              -68.63427599999989,
              10.390515000000107
            ],
            [
              -68.634833,
              10.390513000000112
            ],
            [
              -68.63488,
              10.390972
            ],
            [
              -68.634789,
              10.391293000000132
            ],
            [
              -68.6339329999999,
              10.392373
            ],
            [
              -68.633632,
              10.392557000000124
            ],
            [
              -68.633636,
              10.393681
            ],
            [
              -68.634101,
              10.394093
            ],
            [
              -68.634284,
              10.394601000000137
            ],
            [
              -68.634381,
              10.394596
            ],
            [
              -68.62855499999984,
              10.4097000000001
            ],
            [
              -68.62895,
              10.410088
            ],
            [
              -68.629369,
              10.410592
            ],
            [
              -68.629417,
              10.411142
            ],
            [
              -68.62918699999989,
              10.411647
            ],
            [
              -68.62860799999987,
              10.411947
            ],
            [
              -68.628542,
              10.413277000000107
            ],
            [
              -68.62903,
              10.413642000000152
            ],
            [
              -68.62972599999989,
              10.413778
            ],
            [
              -68.630029,
              10.414029
            ],
            [
              -68.630006,
              10.414373
            ],
            [
              -68.62979,
              10.415048000000127
            ],
            [
              -68.630416,
              10.41497800000019
            ],
            [
              -68.631899,
              10.4146530000001
            ],
            [
              -68.63238599999983,
              10.41453700000011
            ],
            [
              -68.633567,
              10.414167
            ],
            [
              -68.63472599999989,
              10.414141
            ],
            [
              -68.635654,
              10.414391000000137
            ],
            [
              -68.635863,
              10.414528
            ],
            [
              -68.636536,
              10.414893
            ],
            [
              -68.637557,
              10.415327000000104
            ],
            [
              -68.63867,
              10.415416
            ],
            [
              -68.63964299999986,
              10.415413000000115
            ],
            [
              -68.639875,
              10.415436
            ],
            [
              -68.640386,
              10.415457
            ],
            [
              -68.641313,
              10.415157
            ],
            [
              -68.642634,
              10.415062
            ],
            [
              -68.64305199999984,
              10.41506100000015
            ],
            [
              -68.644604,
              10.414575
            ],
            [
              -68.645205,
              10.413541000000123
            ],
            [
              -68.645504,
              10.412462
            ],
            [
              -68.645944,
              10.411887
            ],
            [
              -68.647589,
              10.411264000000187
            ],
            [
              -68.649397,
              10.411053000000152
            ],
            [
              -68.650671,
              10.410981
            ],
            [
              -68.650996,
              10.410773
            ],
            [
              -68.65129599999983,
              10.410199
            ],
            [
              -68.65217699999988,
              10.410128
            ],
            [
              -68.618118,
              10.453484000000117
            ],
            [
              -68.604552,
              10.47171
            ],
            [
              -68.611509,
              10.48425
            ],
            [
              -68.6154059999999,
              10.492107000000146
            ],
            [
              -68.625874,
              10.512578000000133
            ],
            [
              -68.6322679999999,
              10.522105
            ],
            [
              -68.63701499999985,
              10.531383000000176
            ],
            [
              -68.63947999999988,
              10.535460000000171
            ],
            [
              -68.64062,
              10.537316
            ],
            [
              -68.638928,
              10.538214000000153
            ],
            [
              -68.637166,
              10.538701000000117
            ],
            [
              -68.636471,
              10.539047000000153
            ],
            [
              -68.636566,
              10.539896
            ],
            [
              -68.636868,
              10.540492000000143
            ],
            [
              -68.636243,
              10.541365
            ],
            [
              -68.63480799999985,
              10.542699000000141
            ],
            [
              -68.634369,
              10.543709
            ],
            [
              -68.633792,
              10.545248000000186
            ],
            [
              -68.633607,
              10.545936
            ],
            [
              -68.632704,
              10.54665
            ],
            [
              -68.632775,
              10.547636
            ],
            [
              -68.632915,
              10.548255000000154
            ],
            [
              -68.633474,
              10.54937800000016
            ],
            [
              -68.633429,
              10.550135
            ],
            [
              -68.63343,
              10.550938
            ],
            [
              -68.632527,
              10.551582
            ],
            [
              -68.632086,
              10.551583000000164
            ],
            [
              -68.63118399999985,
              10.552779000000157
            ],
            [
              -68.63055999999989,
              10.554088
            ],
            [
              -68.629332,
              10.555284000000142
            ],
            [
              -68.62866,
              10.555377
            ],
            [
              -68.626714,
              10.556758
            ],
            [
              -68.62664499999988,
              10.556942
            ],
            [
              -68.626183,
              10.558411
            ],
            [
              -68.625954,
              10.560178
            ],
            [
              -68.625632,
              10.561693000000162
            ],
            [
              -68.625427,
              10.563850000000116
            ],
            [
              -68.625082,
              10.565273000000104
            ],
            [
              -68.62492,
              10.565938
            ],
            [
              -68.625826,
              10.566487000000166
            ],
            [
              -68.626082,
              10.567197000000135
            ],
            [
              -68.625365,
              10.568507000000125
            ],
            [
              -68.62506599999989,
              10.57009
            ],
            [
              -68.62502199999989,
              10.571375000000103
            ],
            [
              -68.625419,
              10.57275
            ],
            [
              -68.625164,
              10.573118
            ],
            [
              -68.6247719999999,
              10.574495000000184
            ],
            [
              -68.624032,
              10.575438
            ],
            [
              -68.62305999999984,
              10.576726
            ],
            [
              -68.622828,
              10.577231
            ],
            [
              -68.62244230099998,
              10.577915235000091
            ],
            [
              -68.622297,
              10.578173
            ],
            [
              -68.622253,
              10.580054
            ],
            [
              -68.620678,
              10.581434
            ],
            [
              -68.621006,
              10.583406
            ],
            [
              -68.62175,
              10.584459
            ],
            [
              -68.622216,
              10.585445
            ],
            [
              -68.622126,
              10.58712
            ],
            [
              -68.622799,
              10.587347
            ],
            [
              -68.62293899999986,
              10.587875
            ],
            [
              -68.624216,
              10.588559000000146
            ],
            [
              -68.625029,
              10.589705
            ],
            [
              -68.6251,
              10.590094000000136
            ],
            [
              -68.62561099999988,
              10.590689000000168
            ],
            [
              -68.62593699999985,
              10.5914
            ],
            [
              -68.62593699999985,
              10.591423000000134
            ],
            [
              -68.62535899999989,
              10.592273000000148
            ],
            [
              -68.624131,
              10.593262
            ],
            [
              -68.62387558299997,
              10.593610484000124
            ],
            [
              -68.62339,
              10.594273
            ],
            [
              -68.62302099999988,
              10.595559
            ],
            [
              -68.6228129999999,
              10.595972000000131
            ],
            [
              -68.62184,
              10.596411
            ],
            [
              -68.6211,
              10.597835
            ],
            [
              -68.620869,
              10.598638000000108
            ],
            [
              -68.620034,
              10.598938
            ],
            [
              -68.618481,
              10.59905700000013
            ],
            [
              -68.61743499999983,
              10.598325000000102
            ],
            [
              -68.616437,
              10.5978
            ],
            [
              -68.615719,
              10.598100000000159
            ],
            [
              -68.61442,
              10.598539
            ],
            [
              -68.613191,
              10.599345000000142
            ],
            [
              -68.611892,
              10.59905
            ],
            [
              -68.61152,
              10.5988210000001
            ],
            [
              -68.6105,
              10.59919100000019
            ],
            [
              -68.609875,
              10.5997890000001
            ],
            [
              -68.60925,
              10.600616000000116
            ],
            [
              -68.608833,
              10.601053
            ],
            [
              -68.60806799999989,
              10.601284
            ],
            [
              -68.60748999999987,
              10.602203
            ],
            [
              -68.60633,
              10.602367
            ],
            [
              -68.605495,
              10.602415000000121
            ],
            [
              -68.605148,
              10.602714
            ],
            [
              -68.604498,
              10.602967000000149
            ],
            [
              -68.6037453699999,
              10.603489112000034
            ],
            [
              -68.60380009399984,
              10.603523521000113
            ],
            [
              -68.60438111999986,
              10.604095532000088
            ],
            [
              -68.60470513899992,
              10.604025536000165
            ],
            [
              -68.60616618999995,
              10.603678513000148
            ],
            [
              -68.6060281909999,
              10.60434353400018
            ]
          ]
        ]
      }
    },
    {
      "type": "Feature",
      "properties": {
        "Pais": "Venezuela",
        "Estado": "Yaracuy",
        "Municipio": "Sucre"
      },
      "geometry": {
        "type": "Polygon",
        "coordinates": [
          [
            [
              -68.827119,
              10.363035000000139
            ],
            [
              -68.830785,
              10.363168
            ],
            [
              -68.833865,
              10.362783
            ],
            [
              -68.83589299999988,
              10.361839
            ],
            [
              -68.838047,
              10.359977
            ],
            [
              -68.841009,
              10.359501
            ],
            [
              -68.842947,
              10.360391
            ],
            [
              -68.845083,
              10.36059200000011
            ],
            [
              -68.84704,
              10.359557000000109
            ],
            [
              -68.849551,
              10.358400000000131
            ],
            [
              -68.8527969999999,
              10.356683
            ],
            [
              -68.856032,
              10.355791
            ],
            [
              -68.858423,
              10.354361
            ],
            [
              -68.8609689999999,
              10.353891
            ],
            [
              -68.864401,
              10.35226200000011
            ],
            [
              -68.866322,
              10.350311
            ],
            [
              -68.868276,
              10.347443
            ],
            [
              -68.870727,
              10.345301
            ],
            [
              -68.872487,
              10.343490000000145
            ],
            [
              -68.874057,
              10.341406
            ],
            [
              -68.875729,
              10.339939000000129
            ],
            [
              -68.877673,
              10.337988
            ],
            [
              -68.879691,
              10.336379000000136
            ],
            [
              -68.88199299999985,
              10.33357500000011
            ],
            [
              -68.884215,
              10.32997
            ],
            [
              -68.885483,
              10.328404
            ],
            [
              -68.88251,
              10.32395
            ],
            [
              -68.882532,
              10.322892
            ],
            [
              -68.883345,
              10.321787
            ],
            [
              -68.884391,
              10.32089000000019
            ],
            [
              -68.885552,
              10.319831000000136
            ],
            [
              -68.885016,
              10.317875000000129
            ],
            [
              -68.88387499999988,
              10.31477
            ],
            [
              -68.88408099999987,
              10.31132
            ],
            [
              -68.884127,
              10.310101000000145
            ],
            [
              -68.884102,
              10.308767
            ],
            [
              -68.883776,
              10.307663
            ],
            [
              -68.882799,
              10.306467
            ],
            [
              -68.88138,
              10.304697
            ],
            [
              -68.880612,
              10.30311
            ],
            [
              -68.880588,
              10.302167
            ],
            [
              -68.88060999999982,
              10.30104
            ],
            [
              -68.880563,
              10.299798000000123
            ],
            [
              -68.880143,
              10.298142
            ],
            [
              -68.8783289999999,
              10.297016000000156
            ],
            [
              -68.878049,
              10.295775000000162
            ],
            [
              -68.877398,
              10.295085
            ],
            [
              -68.875909,
              10.293223
            ],
            [
              -68.87449,
              10.29232700000017
            ],
            [
              -68.87274599999989,
              10.290948
            ],
            [
              -68.8712579999999,
              10.29016700000011
            ],
            [
              -68.86932699999983,
              10.288489
            ],
            [
              -68.866884,
              10.286374
            ],
            [
              -68.866558,
              10.285017000000153
            ],
            [
              -68.86588299999988,
              10.282879
            ],
            [
              -68.865069,
              10.28218900000013
            ],
            [
              -68.864548,
              10.280828000000156
            ],
            [
              -68.8629729999999,
              10.28070200000019
            ],
            [
              -68.85575199999988,
              10.281218
            ],
            [
              -68.82597699999985,
              10.244899
            ],
            [
              -68.824496,
              10.24423000000013
            ],
            [
              -68.82187,
              10.239039000000162
            ],
            [
              -68.820499,
              10.236336000000165
            ],
            [
              -68.820236,
              10.235153
            ],
            [
              -68.820218,
              10.23258
            ],
            [
              -68.818856,
              10.221303000000148
            ],
            [
              -68.818216,
              10.218720000000133
            ],
            [
              -68.814384,
              10.212115
            ],
            [
              -68.808499,
              10.206474000000128
            ],
            [
              -68.807848,
              10.20537
            ],
            [
              -68.806871,
              10.204841
            ],
            [
              -68.806127,
              10.203899
            ],
            [
              -68.80482499999988,
              10.20249600000011
            ],
            [
              -68.802292,
              10.201623
            ],
            [
              -68.801874,
              10.200979000000189
            ],
            [
              -68.800804,
              10.199945
            ],
            [
              -68.799224,
              10.199601
            ],
            [
              -68.798503,
              10.199187
            ],
            [
              -68.79761999999988,
              10.198083
            ],
            [
              -68.796853,
              10.198083
            ],
            [
              -68.795923,
              10.19679600000012
            ],
            [
              -68.795109,
              10.195623
            ],
            [
              -68.79436499999986,
              10.194795000000113
            ],
            [
              -68.793017,
              10.19442800000013
            ],
            [
              -68.79218,
              10.194175
            ],
            [
              -68.791343,
              10.193256000000133
            ],
            [
              -68.79235,
              10.192117
            ],
            [
              -68.792334,
              10.191131
            ],
            [
              -68.792317,
              10.190121
            ],
            [
              -68.792,
              10.189208
            ],
            [
              -68.791816,
              10.18788000000012
            ],
            [
              -68.791803,
              10.187077000000158
            ],
            [
              -68.79188,
              10.186089
            ],
            [
              -68.793144,
              10.185174
            ],
            [
              -68.794047,
              10.184953
            ],
            [
              -68.794771,
              10.185194000000138
            ],
            [
              -68.795606,
              10.185043
            ],
            [
              -68.795602,
              10.184791000000189
            ],
            [
              -68.7955429999999,
              10.184058000000107
            ],
            [
              -68.795532,
              10.183346
            ],
            [
              -68.79603,
              10.182535
            ],
            [
              -68.79664899999983,
              10.181949
            ],
            [
              -68.795686,
              10.181729000000132
            ],
            [
              -68.795758,
              10.182119
            ],
            [
              -68.795202,
              10.182559
            ],
            [
              -68.794436,
              10.182747000000177
            ],
            [
              -68.79336599999988,
              10.182293
            ],
            [
              -68.792526,
              10.181563
            ],
            [
              -68.79124499999989,
              10.180789000000175
            ],
            [
              -68.790105,
              10.18047300000012
            ],
            [
              -68.789149,
              10.179698000000144
            ],
            [
              -68.788174,
              10.180001000000175
            ],
            [
              -68.78724199999988,
              10.179271000000142
            ],
            [
              -68.78644899999989,
              10.178449000000171
            ],
            [
              -68.785842,
              10.177878
            ],
            [
              -68.7851189999999,
              10.177147000000105
            ],
            [
              -68.783346,
              10.17548
            ],
            [
              -68.781396,
              10.175858
            ],
            [
              -68.779561,
              10.17586800000015
            ],
            [
              -68.777636,
              10.176475
            ],
            [
              -68.77652,
              10.176297
            ],
            [
              -68.775567,
              10.176142
            ],
            [
              -68.774075,
              10.174909000000184
            ],
            [
              -68.7737479999999,
              10.174475
            ],
            [
              -68.734085,
              10.16059
            ],
            [
              -68.731551,
              10.16004
            ],
            [
              -68.731175,
              10.160275000000127
            ],
            [
              -68.731036,
              10.160367000000122
            ],
            [
              -68.72969099999989,
              10.161017
            ],
            [
              -68.72848099999987,
              10.160518
            ],
            [
              -68.72685399999989,
              10.160182
            ],
            [
              -68.72680699999984,
              10.160068
            ],
            [
              -68.72664399999985,
              10.159954
            ],
            [
              -68.725456,
              10.159179
            ],
            [
              -68.7247809999999,
              10.158884000000171
            ],
            [
              -68.723571,
              10.158247000000188
            ],
            [
              -68.722638,
              10.157747
            ],
            [
              -68.722126,
              10.15729
            ],
            [
              -68.721495,
              10.156398
            ],
            [
              -68.720702,
              10.155575000000113
            ],
            [
              -68.720374,
              10.155094
            ],
            [
              -68.719932,
              10.154821
            ],
            [
              -68.718954,
              10.15436700000015
            ],
            [
              -68.717583,
              10.154052
            ],
            [
              -68.715886,
              10.153739
            ],
            [
              -68.71481399999988,
              10.152895
            ],
            [
              -68.714459,
              10.151427
            ],
            [
              -68.713664,
              10.150030000000129
            ],
            [
              -68.7135679999999,
              10.149295
            ],
            [
              -68.712754,
              10.149001
            ],
            [
              -68.711593,
              10.149237
            ],
            [
              -68.709829,
              10.149567
            ],
            [
              -68.709088,
              10.150099000000182
            ],
            [
              -68.707122,
              10.152108000000112
            ],
            [
              -68.706848,
              10.1534410000001
            ],
            [
              -68.705877,
              10.154618000000141
            ],
            [
              -68.704976,
              10.155725
            ],
            [
              -68.704536,
              10.15611900000016
            ],
            [
              -68.704305,
              10.156442
            ],
            [
              -68.703888,
              10.156696000000125
            ],
            [
              -68.7031199999999,
              10.156379000000186
            ],
            [
              -68.702262,
              10.156842
            ],
            [
              -68.702011,
              10.157808000000102
            ],
            [
              -68.702225,
              10.159094
            ],
            [
              -68.701791,
              10.16081800000012
            ],
            [
              -68.70124,
              10.162498
            ],
            [
              -68.701293,
              10.164128
            ],
            [
              -68.700603,
              10.165901
            ],
            [
              -68.700138,
              10.165765
            ],
            [
              -68.69911799999988,
              10.166345
            ],
            [
              -68.699097,
              10.166896000000122
            ],
            [
              -68.699402,
              10.167698
            ],
            [
              -68.69973,
              10.168294000000174
            ],
            [
              -68.700104,
              10.168981000000144
            ],
            [
              -68.700895,
              10.169184
            ],
            [
              -68.702757,
              10.170024000000126
            ],
            [
              -68.70289999999989,
              10.170988000000136
            ],
            [
              -68.70288,
              10.171792
            ],
            [
              -68.70260599999983,
              10.172919
            ],
            [
              -68.702123,
              10.174093
            ],
            [
              -68.701827,
              10.175656000000174
            ],
            [
              -68.701179,
              10.176279
            ],
            [
              -68.7005769999999,
              10.176903000000152
            ],
            [
              -68.700214,
              10.179041
            ],
            [
              -68.700172,
              10.180143
            ],
            [
              -68.699599,
              10.182076
            ],
            [
              -68.699212,
              10.184053
            ],
            [
              -68.69903099999988,
              10.18534000000011
            ],
            [
              -68.698758,
              10.186696
            ],
            [
              -68.696534,
              10.188270000000102
            ],
            [
              -68.694717,
              10.189573
            ],
            [
              -68.757288,
              10.225060000000155
            ],
            [
              -68.75754399999988,
              10.225129000000152
            ],
            [
              -68.75852,
              10.225611
            ],
            [
              -68.75975199999988,
              10.226508
            ],
            [
              -68.761148,
              10.22752
            ],
            [
              -68.762519,
              10.228876
            ],
            [
              -68.764425,
              10.229543000000149
            ],
            [
              -68.7666789999999,
              10.229841000000135
            ],
            [
              -68.771629,
              10.229954
            ],
            [
              -68.771722,
              10.229954
            ],
            [
              -68.772884,
              10.230344000000173
            ],
            [
              -68.774419,
              10.230965
            ],
            [
              -68.776487,
              10.23124
            ],
            [
              -68.777789,
              10.232275
            ],
            [
              -68.7796249999999,
              10.232619000000113
            ],
            [
              -68.78125199999988,
              10.234159
            ],
            [
              -68.782066,
              10.235332
            ],
            [
              -68.782905,
              10.237172
            ],
            [
              -68.78515999999985,
              10.238965
            ],
            [
              -68.787833,
              10.24027500000011
            ],
            [
              -68.791622,
              10.241516000000104
            ],
            [
              -68.792551,
              10.241469000000166
            ],
            [
              -68.793016,
              10.241906
            ],
            [
              -68.79341199999988,
              10.243148000000133
            ],
            [
              -68.79469,
              10.24386
            ],
            [
              -68.79583,
              10.244757
            ],
            [
              -68.798224,
              10.245998
            ],
            [
              -68.800688,
              10.247423
            ],
            [
              -68.802502,
              10.24884800000018
            ],
            [
              -68.80292,
              10.252314
            ],
            [
              -68.803192,
              10.25751
            ],
            [
              -68.802451,
              10.2615100000001
            ],
            [
              -68.802885,
              10.26802
            ],
            [
              -68.802548,
              10.274302
            ],
            [
              -68.80174804899991,
              10.280399627000122
            ],
            [
              -68.804546,
              10.282344
            ],
            [
              -68.807681,
              10.289649
            ],
            [
              -68.826734,
              10.327226
            ],
            [
              -68.82789,
              10.351268000000118
            ],
            [
              -68.82819299999989,
              10.35655
            ],
            [
              -68.827119,
              10.363035000000139
            ]
          ]
        ]
      }
    },
    {
      "type": "Feature",
      "properties": {
        "Pais": "Venezuela",
        "Estado": "Yaracuy",
        "Municipio": "Urachiche"
      },
      "geometry": {
        "type": "Polygon",
        "coordinates": [
          [
            [
              -68.98356,
              10.32884600000017
            ],
            [
              -68.986903,
              10.329990000000123
            ],
            [
              -68.98719099999983,
              10.328533
            ],
            [
              -68.9863759999999,
              10.328285000000108
            ],
            [
              -68.986256,
              10.327482
            ],
            [
              -68.986998,
              10.327064000000178
            ],
            [
              -68.987745,
              10.327725000000157
            ],
            [
              -68.988444,
              10.328158
            ],
            [
              -68.989653,
              10.328265
            ],
            [
              -68.990603,
              10.327616
            ],
            [
              -68.991406,
              10.325567
            ],
            [
              -68.992195,
              10.325172000000123
            ],
            [
              -68.993935,
              10.32463300000012
            ],
            [
              -68.993931,
              10.323692
            ],
            [
              -68.99390099999988,
              10.322360000000117
            ],
            [
              -68.99390036599993,
              10.322237347000055
            ],
            [
              -68.993894,
              10.321005000000127
            ],
            [
              -68.99386399999986,
              10.319696
            ],
            [
              -68.994838,
              10.319207
            ],
            [
              -68.996745,
              10.319494000000134
            ],
            [
              -68.998048,
              10.319716
            ],
            [
              -68.99890499999987,
              10.31918300000018
            ],
            [
              -68.998996,
              10.318631000000153
            ],
            [
              -68.998481,
              10.31799100000012
            ],
            [
              -68.997224,
              10.317539
            ],
            [
              -68.99641,
              10.317544000000112
            ],
            [
              -68.995082,
              10.31672500000019
            ],
            [
              -68.995519,
              10.315919000000122
            ],
            [
              -68.996682,
              10.315958000000137
            ],
            [
              -68.997726,
              10.315722000000164
            ],
            [
              -68.998931,
              10.315002000000106
            ],
            [
              -68.998834,
              10.314107
            ],
            [
              -68.999062,
              10.313279
            ],
            [
              -68.999941,
              10.312447
            ],
            [
              -69.00077699999986,
              10.312258
            ],
            [
              -69.0011219999999,
              10.311498
            ],
            [
              -69.005094,
              10.304401000000155
            ],
            [
              -69.005349,
              10.303873000000124
            ],
            [
              -69.005418,
              10.30346
            ],
            [
              -69.005301,
              10.303070000000162
            ],
            [
              -69.005042,
              10.301075
            ],
            [
              -69.004809,
              10.3008
            ],
            [
              -69.004621,
              10.299653
            ],
            [
              -69.004504,
              10.29921800000011
            ],
            [
              -69.004735,
              10.29846
            ],
            [
              -69.004804,
              10.297749
            ],
            [
              -69.003846,
              10.29525
            ],
            [
              -69.00385158199998,
              10.294389394000063
            ],
            [
              -69.003864,
              10.292475000000138
            ],
            [
              -69.00648342899996,
              10.29092910700001
            ],
            [
              -69.0083529609999,
              10.289825777000033
            ],
            [
              -69.01039550599995,
              10.288685011000155
            ],
            [
              -69.00755634799998,
              10.283575895000013
            ],
            [
              -69.00988439199995,
              10.274526652000134
            ],
            [
              -69.01008232099991,
              10.260038291000114
            ],
            [
              -69.01572949399997,
              10.249910998000189
            ],
            [
              -69.01543644899988,
              10.244476872000178
            ],
            [
              -69.01473639899996,
              10.24193980500013
            ],
            [
              -69.01512841499988,
              10.240129763000084
            ],
            [
              -69.01808552799997,
              10.238688702000161
            ],
            [
              -69.02139066299998,
              10.238697681000076
            ],
            [
              -69.0353642529999,
              10.237288566000132
            ],
            [
              -69.03738684699994,
              10.23502734699997
            ],
            [
              -69.04097725299988,
              10.231013346000111
            ],
            [
              -69.04346443599997,
              10.228232725
            ],
            [
              -69.04505397099996,
              10.226455658000134
            ],
            [
              -69.04506060499989,
              10.22644824200006
            ],
            [
              -69.04761171899986,
              10.22790425300019
            ],
            [
              -69.04848257699996,
              10.22848512400003
            ],
            [
              -69.04902,
              10.227148
            ],
            [
              -69.04925,
              10.225081000000102
            ],
            [
              -69.049527,
              10.222693
            ],
            [
              -69.04992,
              10.220397000000162
            ],
            [
              -69.05004270799998,
              10.21933531000002
            ],
            [
              -69.05020686899991,
              10.215143328000124
            ],
            [
              -69.050194,
              10.214657
            ],
            [
              -69.050332,
              10.211948
            ],
            [
              -69.05026036099997,
              10.210636392000083
            ],
            [
              -69.050238,
              10.210227000000145
            ],
            [
              -69.050167,
              10.208689
            ],
            [
              -69.05007816199992,
              10.207277983000097
            ],
            [
              -69.050073,
              10.207196000000181
            ],
            [
              -69.051139,
              10.205037
            ],
            [
              -69.052043,
              10.203750000000127
            ],
            [
              -69.0525675529999,
              10.203329552000184
            ],
            [
              -69.053736,
              10.202393000000143
            ],
            [
              -69.0553819999999,
              10.201059
            ],
            [
              -69.056936,
              10.200414
            ],
            [
              -69.058281,
              10.199103
            ],
            [
              -69.058721,
              10.197449000000177
            ],
            [
              -69.058697,
              10.19614
            ],
            [
              -69.05857999999984,
              10.19451
            ],
            [
              -69.058578,
              10.192926
            ],
            [
              -69.059713,
              10.189481000000114
            ],
            [
              -69.060871,
              10.186609000000146
            ],
            [
              -69.062169,
              10.184955
            ],
            [
              -69.063397,
              10.183438000000137
            ],
            [
              -69.064278,
              10.182472000000132
            ],
            [
              -69.06502,
              10.181874
            ],
            [
              -69.06624899999986,
              10.180954000000156
            ],
            [
              -69.067316,
              10.180539
            ],
            [
              -69.06833599999987,
              10.179183000000137
            ],
            [
              -69.068985,
              10.177965
            ],
            [
              -69.069958,
              10.17637900000011
            ],
            [
              -69.07032799999985,
              10.174887000000126
            ],
            [
              -69.07225099999988,
              10.171371
            ],
            [
              -69.073363,
              10.169877
            ],
            [
              -69.074685,
              10.168452
            ],
            [
              -69.076239,
              10.167623
            ],
            [
              -69.078094,
              10.166908
            ],
            [
              -69.079346,
              10.165804
            ],
            [
              -69.0798329999999,
              10.164793
            ],
            [
              -69.080064,
              10.16353000000015
            ],
            [
              -69.08010899999982,
              10.162383
            ],
            [
              -69.079853,
              10.161234
            ],
            [
              -69.079062,
              10.158021000000133
            ],
            [
              -69.075278,
              10.155617
            ],
            [
              -69.074651,
              10.154723000000104
            ],
            [
              -69.074557,
              10.153552
            ],
            [
              -69.0755769999999,
              10.151989
            ],
            [
              -69.075947,
              10.150290000000155
            ],
            [
              -69.076085,
              10.148912000000166
            ],
            [
              -69.075759,
              10.147765000000106
            ],
            [
              -69.07515499999982,
              10.146503000000166
            ],
            [
              -69.074713,
              10.144484
            ],
            [
              -69.07440899999989,
              10.141316000000131
            ],
            [
              -69.07456999999982,
              10.139318
            ],
            [
              -69.0748,
              10.137504
            ],
            [
              -69.074567,
              10.135806
            ],
            [
              -69.07343,
              10.13466000000011
            ],
            [
              -69.071851,
              10.13216
            ],
            [
              -69.070253,
              10.131246
            ],
            [
              -69.070255,
              10.1322100000001
            ],
            [
              -69.070142,
              10.13383800000014
            ],
            [
              -69.070145,
              10.135467
            ],
            [
              -69.070358,
              10.137462000000141
            ],
            [
              -69.0701279999999,
              10.13877
            ],
            [
              -69.07013099999989,
              10.14033000000012
            ],
            [
              -69.069947,
              10.14129400000013
            ],
            [
              -69.069531,
              10.142189
            ],
            [
              -69.068859,
              10.143384
            ],
            [
              -69.067909,
              10.144854000000123
            ],
            [
              -69.066052,
              10.145844000000181
            ],
            [
              -69.0653779999999,
              10.145960000000173
            ],
            [
              -69.063753,
              10.146468
            ],
            [
              -69.062452,
              10.146722000000182
            ],
            [
              -69.061476,
              10.146839
            ],
            [
              -69.060036,
              10.147323000000142
            ],
            [
              -69.059363,
              10.147508000000187
            ],
            [
              -69.05783,
              10.147695
            ],
            [
              -69.05724999999984,
              10.148269
            ],
            [
              -69.056345,
              10.149166
            ],
            [
              -69.055394,
              10.149948000000109
            ],
            [
              -69.0542109999999,
              10.151441
            ],
            [
              -69.053004,
              10.151925
            ],
            [
              -69.051749,
              10.152203000000156
            ],
            [
              -69.050332,
              10.152756
            ],
            [
              -69.048985,
              10.152896000000112
            ],
            [
              -69.04721899999987,
              10.153427
            ],
            [
              -69.0465,
              10.154118000000153
            ],
            [
              -69.044922,
              10.155291
            ],
            [
              -69.043785,
              10.15598100000011
            ],
            [
              -69.042716,
              10.156121000000155
            ],
            [
              -69.04171799999989,
              10.156581000000187
            ],
            [
              -69.040533,
              10.15685900000011
            ],
            [
              -69.03930099999985,
              10.156609
            ],
            [
              -69.037999,
              10.15617500000019
            ],
            [
              -69.036859,
              10.155489000000102
            ],
            [
              -69.036346,
              10.15475600000019
            ],
            [
              -69.035649,
              10.154505
            ],
            [
              -69.033905,
              10.154165000000148
            ],
            [
              -69.032231,
              10.15361700000011
            ],
            [
              -69.030627,
              10.152978000000132
            ],
            [
              -69.02971999999988,
              10.152796
            ],
            [
              -69.0288139999999,
              10.153256
            ],
            [
              -69.027636,
              10.153012000000103
            ],
            [
              -69.024419,
              10.15198
            ],
            [
              -69.022305,
              10.152213
            ],
            [
              -69.02112,
              10.152078000000131
            ],
            [
              -69.01976999999988,
              10.150888
            ],
            [
              -69.018469,
              10.15107300000011
            ],
            [
              -69.017028,
              10.15107600000016
            ],
            [
              -69.016237,
              10.15084800000011
            ],
            [
              -69.01561,
              10.150689000000114
            ],
            [
              -69.014007,
              10.150898
            ],
            [
              -69.012543,
              10.15108400000014
            ],
            [
              -69.011264,
              10.150536000000102
            ],
            [
              -69.01052,
              10.150354000000107
            ],
            [
              -69.009125,
              10.150127000000168
            ],
            [
              -69.00751999999989,
              10.149212000000148
            ],
            [
              -69.006357,
              10.148389
            ],
            [
              -69.00506,
              10.146923
            ],
            [
              -69.009358,
              10.143081000000166
            ],
            [
              -69.010812,
              10.14191000000011
            ],
            [
              -69.01781299999988,
              10.137097000000153
            ],
            [
              -69.0182329999999,
              10.135887
            ],
            [
              -69.017208,
              10.13449
            ],
            [
              -69.016555,
              10.133229
            ],
            [
              -69.015922,
              10.12992700000018
            ],
            [
              -69.014679,
              10.123874000000114
            ],
            [
              -69.01717999999983,
              10.119805
            ],
            [
              -69.015098,
              10.11918100000014
            ],
            [
              -69.010545,
              10.119169
            ],
            [
              -69.006385,
              10.119253
            ],
            [
              -69.003046,
              10.11882
            ],
            [
              -68.999157,
              10.117783
            ],
            [
              -68.996851,
              10.116468000000168
            ],
            [
              -68.99265999999989,
              10.113591000000156
            ],
            [
              -68.989379,
              10.110359
            ],
            [
              -68.986336,
              10.108461
            ],
            [
              -68.983978,
              10.103864
            ],
            [
              -68.98365499999989,
              10.098168
            ],
            [
              -68.982966,
              10.09568
            ],
            [
              -68.981281,
              10.093912000000103
            ],
            [
              -68.979087,
              10.091789000000176
            ],
            [
              -68.977888,
              10.088765
            ],
            [
              -68.974527,
              10.090094
            ],
            [
              -68.968603,
              10.094654
            ],
            [
              -68.960233,
              10.097898
            ],
            [
              -68.955879,
              10.100312000000145
            ],
            [
              -68.953453,
              10.100847000000158
            ],
            [
              -68.953324,
              10.10039600000016
            ],
            [
              -68.952486,
              10.100057000000163
            ],
            [
              -68.951687,
              10.097971
            ],
            [
              -68.95129,
              10.0975830000001
            ],
            [
              -68.950569,
              10.097426
            ],
            [
              -68.949314,
              10.097158
            ],
            [
              -68.947895,
              10.096753
            ],
            [
              -68.947356,
              10.0957
            ],
            [
              -68.946518,
              10.09536
            ],
            [
              -68.94561,
              10.09486
            ],
            [
              -68.943518,
              10.094574
            ],
            [
              -68.942377,
              10.094098
            ],
            [
              -68.940702,
              10.093442000000152
            ],
            [
              -68.939071,
              10.092395
            ],
            [
              -68.93812,
              10.092584
            ],
            [
              -68.93638,
              10.093100000000106
            ],
            [
              -68.935129,
              10.093727000000115
            ],
            [
              -68.934946,
              10.094372
            ],
            [
              -68.934671,
              10.095131
            ],
            [
              -68.933231,
              10.095186
            ],
            [
              -68.932281,
              10.09565
            ],
            [
              -68.931912,
              10.096158000000173
            ],
            [
              -68.9311029999999,
              10.09699
            ],
            [
              -68.93047899999988,
              10.097613
            ],
            [
              -68.930321,
              10.098533
            ],
            [
              -68.9294,
              10.100284000000102
            ],
            [
              -68.92821999999984,
              10.101164
            ],
            [
              -68.92696599999982,
              10.101240000000189
            ],
            [
              -68.925597,
              10.101592
            ],
            [
              -68.92497399999985,
              10.102354000000162
            ],
            [
              -68.924117,
              10.102864
            ],
            [
              -68.922402,
              10.103632
            ],
            [
              -68.920797,
              10.103320000000167
            ],
            [
              -68.920283,
              10.102519000000143
            ],
            [
              -68.919631,
              10.102270000000146
            ],
            [
              -68.917379,
              10.102651
            ],
            [
              -68.915297,
              10.1045
            ],
            [
              -68.913044,
              10.104284000000177
            ],
            [
              -68.911288,
              10.106315000000166
            ],
            [
              -68.90968,
              10.105268
            ],
            [
              -68.909173,
              10.106075
            ],
            [
              -68.908996,
              10.107890000000111
            ],
            [
              -68.907537,
              10.108864
            ],
            [
              -68.905679,
              10.108851000000186
            ],
            [
              -68.904266,
              10.109778000000176
            ],
            [
              -68.903203,
              10.110505000000103
            ],
            [
              -68.90186099999988,
              10.11162000000013
            ],
            [
              -68.902464,
              10.112126000000103
            ],
            [
              -68.904808,
              10.112933
            ],
            [
              -68.90673499999986,
              10.113005
            ],
            [
              -68.908455,
              10.113401
            ],
            [
              -68.910639,
              10.113678000000107
            ],
            [
              -68.91134,
              10.114245
            ],
            [
              -68.912917,
              10.114206
            ],
            [
              -68.913808,
              10.115115000000117
            ],
            [
              -68.914783,
              10.117699
            ],
            [
              -68.916255,
              10.118648
            ],
            [
              -68.91768299999984,
              10.119988
            ],
            [
              -68.91906399999988,
              10.12132800000012
            ],
            [
              -68.92058,
              10.122093000000177
            ],
            [
              -68.9225249999999,
              10.12166
            ],
            [
              -68.924198,
              10.121919
            ],
            [
              -68.925003,
              10.122345
            ],
            [
              -68.9250229999999,
              10.122635000000116
            ],
            [
              -68.925299,
              10.122197
            ],
            [
              -68.927226,
              10.122025
            ],
            [
              -68.92810999999989,
              10.122227
            ],
            [
              -68.929318,
              10.122381
            ],
            [
              -68.930156,
              10.122605
            ],
            [
              -68.931505,
              10.123126
            ],
            [
              -68.93306299999989,
              10.123369
            ],
            [
              -68.935343,
              10.124275
            ],
            [
              -68.938478,
              10.124004
            ],
            [
              -68.940989,
              10.12438
            ],
            [
              -68.942757,
              10.124943
            ],
            [
              -68.944357,
              10.124429
            ],
            [
              -68.944831,
              10.126424
            ],
            [
              -68.945945,
              10.126142000000186
            ],
            [
              -68.947415,
              10.127695
            ],
            [
              -68.947819,
              10.129462000000103
            ],
            [
              -68.948912,
              10.129708
            ],
            [
              -68.952239,
              10.130951
            ],
            [
              -68.953868,
              10.131562
            ],
            [
              -68.954014,
              10.132917000000134
            ],
            [
              -68.953764,
              10.13404400000013
            ],
            [
              -68.953284,
              10.135701
            ],
            [
              -68.953499,
              10.136963
            ],
            [
              -68.95383,
              10.13827
            ],
            [
              -68.953676,
              10.139994
            ],
            [
              -68.953404,
              10.141327
            ],
            [
              -68.953884,
              10.144115000000113
            ],
            [
              -68.953906,
              10.144242000000133
            ],
            [
              -68.95423,
              10.144389
            ],
            [
              -68.955652,
              10.145035
            ],
            [
              -68.956399,
              10.145858
            ],
            [
              -68.9565869999999,
              10.146293000000185
            ],
            [
              -68.956481,
              10.148407000000134
            ],
            [
              -68.956949,
              10.149185
            ],
            [
              -68.957184,
              10.149689
            ],
            [
              -68.957028,
              10.15111400000012
            ],
            [
              -68.957057,
              10.152331000000117
            ],
            [
              -68.957202,
              10.153593
            ],
            [
              -68.957397,
              10.155453000000136
            ],
            [
              -68.95826099999988,
              10.156229
            ],
            [
              -68.95945499999988,
              10.15799
            ],
            [
              -68.959743,
              10.160033000000169
            ],
            [
              -68.960471,
              10.16159
            ],
            [
              -68.961263,
              10.162137
            ],
            [
              -68.962057,
              10.163005
            ],
            [
              -68.961528,
              10.163973
            ],
            [
              -68.961717,
              10.164798
            ],
            [
              -68.962071,
              10.16555000000011
            ],
            [
              -68.96198916699996,
              10.165574487000129
            ],
            [
              -68.96208199999984,
              10.165845
            ],
            [
              -68.963587,
              10.167176
            ],
            [
              -68.96345499999984,
              10.168739
            ],
            [
              -68.96278599999982,
              10.16959300000019
            ],
            [
              -68.96216699999985,
              10.171342
            ],
            [
              -68.962034,
              10.172629
            ],
            [
              -68.96203899999983,
              10.173617
            ],
            [
              -68.962183,
              10.174603000000104
            ],
            [
              -68.962563,
              10.176463000000183
            ],
            [
              -68.963014,
              10.178389
            ],
            [
              -68.964276,
              10.180086
            ],
            [
              -68.964698,
              10.18065300000012
            ],
            [
              -68.95501499999989,
              10.186545
            ],
            [
              -68.95582,
              10.187263
            ],
            [
              -68.957288,
              10.187868
            ],
            [
              -68.964385,
              10.197068
            ],
            [
              -68.96628899999985,
              10.197163000000103
            ],
            [
              -68.968991,
              10.198260000000118
            ],
            [
              -68.969608,
              10.199608
            ],
            [
              -68.971062,
              10.201223000000141
            ],
            [
              -68.973059,
              10.201317
            ],
            [
              -68.974967,
              10.201871
            ],
            [
              -68.976649,
              10.20291
            ],
            [
              -68.97770899999989,
              10.20442
            ],
            [
              -68.979357,
              10.204535
            ],
            [
              -68.980185,
              10.20856600000019
            ],
            [
              -68.981929,
              10.208984000000157
            ],
            [
              -68.983559,
              10.209518
            ],
            [
              -68.98502899999988,
              10.210306000000116
            ],
            [
              -68.987594,
              10.211519
            ],
            [
              -68.988429,
              10.213875
            ],
            [
              -68.99273899999986,
              10.227648
            ],
            [
              -68.993439,
              10.230440000000101
            ],
            [
              -68.994703,
              10.231437
            ],
            [
              -68.995412,
              10.232738
            ],
            [
              -68.994853,
              10.234947
            ],
            [
              -68.995056,
              10.236758
            ],
            [
              -68.996275,
              10.237962
            ],
            [
              -68.997673,
              10.238521000000105
            ],
            [
              -68.999467,
              10.239215000000172
            ],
            [
              -69.000196,
              10.240263
            ],
            [
              -69.001243,
              10.240459
            ],
            [
              -68.99982299999988,
              10.242493000000138
            ],
            [
              -68.998719,
              10.243537
            ],
            [
              -68.996683,
              10.244200000000149
            ],
            [
              -68.99389,
              10.245790000000113
            ],
            [
              -68.99182499999989,
              10.246063000000106
            ],
            [
              -68.989383,
              10.245492000000127
            ],
            [
              -68.98658299999988,
              10.244029
            ],
            [
              -68.985225,
              10.242803
            ],
            [
              -68.984273,
              10.240311
            ],
            [
              -68.98284,
              10.238582
            ],
            [
              -68.97953099999984,
              10.237239000000102
            ],
            [
              -68.977893,
              10.235832
            ],
            [
              -68.975686,
              10.235625000000141
            ],
            [
              -68.9751,
              10.237467000000152
            ],
            [
              -68.974613,
              10.23992800000019
            ],
            [
              -68.973989,
              10.242597
            ],
            [
              -68.97366699999986,
              10.245331000000135
            ],
            [
              -68.9745779999999,
              10.24589600000013
            ],
            [
              -68.973613,
              10.24696100000017
            ],
            [
              -68.972511,
              10.248212000000137
            ],
            [
              -68.971419,
              10.250541
            ],
            [
              -68.97021299999989,
              10.253078
            ],
            [
              -68.96821199999988,
              10.25498
            ],
            [
              -68.967069,
              10.257012
            ],
            [
              -68.965537,
              10.259461
            ],
            [
              -68.963943,
              10.262644
            ],
            [
              -68.963225,
              10.265222000000108
            ],
            [
              -68.96195499999988,
              10.268425
            ],
            [
              -68.960884,
              10.270501
            ],
            [
              -68.96074,
              10.272431
            ],
            [
              -68.960522,
              10.273948000000189
            ],
            [
              -68.96024299999982,
              10.273955
            ],
            [
              -68.960154,
              10.275411
            ],
            [
              -68.960183,
              10.276872
            ],
            [
              -68.960206,
              10.27806
            ],
            [
              -68.960309,
              10.279687
            ],
            [
              -68.960619,
              10.280759000000103
            ],
            [
              -68.960504,
              10.282295
            ],
            [
              -68.960399,
              10.284307
            ],
            [
              -68.96037399999989,
              10.286791
            ],
            [
              -68.960223,
              10.288329
            ],
            [
              -68.959844,
              10.291137000000106
            ],
            [
              -68.959313,
              10.293545
            ],
            [
              -68.959321,
              10.293953
            ],
            [
              -68.9585029999999,
              10.296513000000118
            ],
            [
              -68.958771,
              10.297281
            ],
            [
              -68.958896,
              10.300029
            ],
            [
              -68.958877,
              10.30088000000012
            ],
            [
              -68.958194,
              10.304792000000134
            ],
            [
              -68.95778799999982,
              10.308112
            ],
            [
              -68.957181,
              10.310320000000104
            ],
            [
              -68.957047,
              10.312776
            ],
            [
              -68.957209,
              10.315522000000158
            ],
            [
              -68.958093,
              10.31826400000017
            ],
            [
              -68.958118,
              10.319589
            ],
            [
              -68.957823,
              10.321100000000172
            ],
            [
              -68.957143,
              10.323312
            ],
            [
              -68.956978,
              10.324137
            ],
            [
              -68.957033,
              10.32512
            ],
            [
              -68.95717799999989,
              10.325698000000102
            ],
            [
              -68.9579609999999,
              10.32579
            ],
            [
              -68.95970299999982,
              10.32545800000014
            ],
            [
              -68.969633,
              10.327523
            ],
            [
              -68.97541199999989,
              10.328064
            ],
            [
              -68.978989,
              10.328703
            ],
            [
              -68.98137899999989,
              10.328670000000159
            ],
            [
              -68.98356,
              10.32884600000017
            ]
          ]
        ]
      }
    },
    {
      "type": "Feature",
      "properties": {
        "Pais": "Venezuela",
        "Estado": "Yaracuy",
        "Municipio": "Veroes"
      },
      "geometry": {
        "type": "Polygon",
        "coordinates": [
          [
            [
              -68.5939896829999,
              10.604946616000177
            ],
            [
              -68.59508174099994,
              10.60609063700008
            ],
            [
              -68.59517273199992,
              10.605218614000137
            ],
            [
              -68.59598175099995,
              10.603358571000115
            ],
            [
              -68.59628477399991,
              10.604229585999974
            ],
            [
              -68.59681679399995,
              10.60282854400009
            ],
            [
              -68.59806884299991,
              10.602688536000016
            ],
            [
              -68.59913488299992,
              10.601699508000081
            ],
            [
              -68.60001490899998,
              10.600871483000049
            ],
            [
              -68.60087295599993,
              10.600961480000137
            ],
            [
              -68.60094495999994,
              10.602543516000082
            ],
            [
              -68.60238302599998,
              10.602632505000088
            ],
            [
              -68.6037453699999,
              10.603489112000034
            ],
            [
              -68.604498,
              10.602967000000149
            ],
            [
              -68.605148,
              10.602714
            ],
            [
              -68.605495,
              10.602415000000121
            ],
            [
              -68.60633,
              10.602367
            ],
            [
              -68.60748999999987,
              10.602203
            ],
            [
              -68.60806799999989,
              10.601284
            ],
            [
              -68.608833,
              10.601053
            ],
            [
              -68.60925,
              10.600616000000116
            ],
            [
              -68.609875,
              10.5997890000001
            ],
            [
              -68.6105,
              10.59919100000019
            ],
            [
              -68.61152,
              10.5988210000001
            ],
            [
              -68.611892,
              10.59905
            ],
            [
              -68.613191,
              10.599345000000142
            ],
            [
              -68.61442,
              10.598539
            ],
            [
              -68.615719,
              10.598100000000159
            ],
            [
              -68.616437,
              10.5978
            ],
            [
              -68.61743499999983,
              10.598325000000102
            ],
            [
              -68.618481,
              10.59905700000013
            ],
            [
              -68.620034,
              10.598938
            ],
            [
              -68.620869,
              10.598638000000108
            ],
            [
              -68.6211,
              10.597835
            ],
            [
              -68.62184,
              10.596411
            ],
            [
              -68.6228129999999,
              10.595972000000131
            ],
            [
              -68.62302099999988,
              10.595559
            ],
            [
              -68.62339,
              10.594273
            ],
            [
              -68.62387558299997,
              10.593610484000124
            ],
            [
              -68.624131,
              10.593262
            ],
            [
              -68.62535899999989,
              10.592273000000148
            ],
            [
              -68.62593699999985,
              10.591423000000134
            ],
            [
              -68.62593699999985,
              10.5914
            ],
            [
              -68.62561099999988,
              10.590689000000168
            ],
            [
              -68.6251,
              10.590094000000136
            ],
            [
              -68.625029,
              10.589705
            ],
            [
              -68.624216,
              10.588559000000146
            ],
            [
              -68.62293899999986,
              10.587875
            ],
            [
              -68.622799,
              10.587347
            ],
            [
              -68.622126,
              10.58712
            ],
            [
              -68.622216,
              10.585445
            ],
            [
              -68.62175,
              10.584459
            ],
            [
              -68.621006,
              10.583406
            ],
            [
              -68.620678,
              10.581434
            ],
            [
              -68.622253,
              10.580054
            ],
            [
              -68.622297,
              10.578173
            ],
            [
              -68.62244230099998,
              10.577915235000091
            ],
            [
              -68.622828,
              10.577231
            ],
            [
              -68.62305999999984,
              10.576726
            ],
            [
              -68.624032,
              10.575438
            ],
            [
              -68.6247719999999,
              10.574495000000184
            ],
            [
              -68.625164,
              10.573118
            ],
            [
              -68.625419,
              10.57275
            ],
            [
              -68.62502199999989,
              10.571375000000103
            ],
            [
              -68.62506599999989,
              10.57009
            ],
            [
              -68.625365,
              10.568507000000125
            ],
            [
              -68.626082,
              10.567197000000135
            ],
            [
              -68.625826,
              10.566487000000166
            ],
            [
              -68.62492,
              10.565938
            ],
            [
              -68.625082,
              10.565273000000104
            ],
            [
              -68.625427,
              10.563850000000116
            ],
            [
              -68.625632,
              10.561693000000162
            ],
            [
              -68.625954,
              10.560178
            ],
            [
              -68.626183,
              10.558411
            ],
            [
              -68.62664499999988,
              10.556942
            ],
            [
              -68.626714,
              10.556758
            ],
            [
              -68.62866,
              10.555377
            ],
            [
              -68.629332,
              10.555284000000142
            ],
            [
              -68.63055999999989,
              10.554088
            ],
            [
              -68.63118399999985,
              10.552779000000157
            ],
            [
              -68.632086,
              10.551583000000164
            ],
            [
              -68.632527,
              10.551582
            ],
            [
              -68.63343,
              10.550938
            ],
            [
              -68.633429,
              10.550135
            ],
            [
              -68.633474,
              10.54937800000016
            ],
            [
              -68.632915,
              10.548255000000154
            ],
            [
              -68.632775,
              10.547636
            ],
            [
              -68.632704,
              10.54665
            ],
            [
              -68.633607,
              10.545936
            ],
            [
              -68.633792,
              10.545248000000186
            ],
            [
              -68.634369,
              10.543709
            ],
            [
              -68.63480799999985,
              10.542699000000141
            ],
            [
              -68.636243,
              10.541365
            ],
            [
              -68.636868,
              10.540492000000143
            ],
            [
              -68.636566,
              10.539896
            ],
            [
              -68.636471,
              10.539047000000153
            ],
            [
              -68.637166,
              10.538701000000117
            ],
            [
              -68.638928,
              10.538214000000153
            ],
            [
              -68.64062,
              10.537316
            ],
            [
              -68.63947999999988,
              10.535460000000171
            ],
            [
              -68.63701499999985,
              10.531383000000176
            ],
            [
              -68.6322679999999,
              10.522105
            ],
            [
              -68.625874,
              10.512578000000133
            ],
            [
              -68.6154059999999,
              10.492107000000146
            ],
            [
              -68.611509,
              10.48425
            ],
            [
              -68.604552,
              10.47171
            ],
            [
              -68.618118,
              10.453484000000117
            ],
            [
              -68.65217699999988,
              10.410128
            ],
            [
              -68.65129599999983,
              10.410199
            ],
            [
              -68.650996,
              10.410773
            ],
            [
              -68.650671,
              10.410981
            ],
            [
              -68.649397,
              10.411053000000152
            ],
            [
              -68.647589,
              10.411264000000187
            ],
            [
              -68.645944,
              10.411887
            ],
            [
              -68.645504,
              10.412462
            ],
            [
              -68.645205,
              10.413541000000123
            ],
            [
              -68.644604,
              10.414575
            ],
            [
              -68.64305199999984,
              10.41506100000015
            ],
            [
              -68.642634,
              10.415062
            ],
            [
              -68.641313,
              10.415157
            ],
            [
              -68.640386,
              10.415457
            ],
            [
              -68.639875,
              10.415436
            ],
            [
              -68.63964299999986,
              10.415413000000115
            ],
            [
              -68.63867,
              10.415416
            ],
            [
              -68.637557,
              10.415327000000104
            ],
            [
              -68.636536,
              10.414893
            ],
            [
              -68.635863,
              10.414528
            ],
            [
              -68.635654,
              10.414391000000137
            ],
            [
              -68.63472599999989,
              10.414141
            ],
            [
              -68.633567,
              10.414167
            ],
            [
              -68.63238599999983,
              10.41453700000011
            ],
            [
              -68.631899,
              10.4146530000001
            ],
            [
              -68.630416,
              10.41497800000019
            ],
            [
              -68.62979,
              10.415048000000127
            ],
            [
              -68.630006,
              10.414373
            ],
            [
              -68.630029,
              10.414029
            ],
            [
              -68.62972599999989,
              10.413778
            ],
            [
              -68.62903,
              10.413642000000152
            ],
            [
              -68.628542,
              10.413277000000107
            ],
            [
              -68.62860799999987,
              10.411947
            ],
            [
              -68.62918699999989,
              10.411647
            ],
            [
              -68.629417,
              10.411142
            ],
            [
              -68.629369,
              10.410592
            ],
            [
              -68.62895,
              10.410088
            ],
            [
              -68.62855499999984,
              10.4097000000001
            ],
            [
              -68.634381,
              10.394596
            ],
            [
              -68.634284,
              10.394601000000137
            ],
            [
              -68.634101,
              10.394093
            ],
            [
              -68.633636,
              10.393681
            ],
            [
              -68.633632,
              10.392557000000124
            ],
            [
              -68.6339329999999,
              10.392373
            ],
            [
              -68.634789,
              10.391293000000132
            ],
            [
              -68.63488,
              10.390972
            ],
            [
              -68.634833,
              10.390513000000112
            ],
            [
              -68.63427599999989,
              10.390515000000107
            ],
            [
              -68.633696,
              10.390654
            ],
            [
              -68.633278,
              10.390426
            ],
            [
              -68.633045,
              10.389968000000124
            ],
            [
              -68.633136,
              10.389486
            ],
            [
              -68.634132,
              10.389002000000119
            ],
            [
              -68.634689,
              10.388932
            ],
            [
              -68.635385,
              10.388907
            ],
            [
              -68.636197,
              10.388859
            ],
            [
              -68.636753,
              10.388605000000155
            ],
            [
              -68.637006,
              10.388123
            ],
            [
              -68.636959,
              10.387779
            ],
            [
              -68.6367259999999,
              10.387573
            ],
            [
              -68.636286,
              10.38764300000014
            ],
            [
              -68.636077,
              10.387598000000139
            ],
            [
              -68.636075,
              10.387071
            ],
            [
              -68.636167,
              10.386635
            ],
            [
              -68.635819,
              10.386567000000127
            ],
            [
              -68.635494,
              10.386568000000182
            ],
            [
              -68.635377,
              10.386178
            ],
            [
              -68.635746,
              10.385512
            ],
            [
              -68.635745,
              10.385145
            ],
            [
              -68.63551299999989,
              10.385146000000134
            ],
            [
              -68.635304,
              10.385147
            ],
            [
              -68.635072,
              10.385124
            ],
            [
              -68.63484099999982,
              10.385331000000178
            ],
            [
              -68.634518,
              10.385814000000153
            ],
            [
              -68.634077,
              10.385838
            ],
            [
              -68.633912,
              10.384829
            ],
            [
              -68.633956,
              10.383981000000176
            ],
            [
              -68.63312,
              10.383731000000125
            ],
            [
              -68.632262,
              10.383917
            ],
            [
              -68.631566,
              10.383827
            ],
            [
              -68.63072899999986,
              10.383141000000137
            ],
            [
              -68.631168,
              10.382635
            ],
            [
              -68.631702,
              10.382588
            ],
            [
              -68.631885,
              10.381716
            ],
            [
              -68.631674,
              10.380960000000186
            ],
            [
              -68.631926,
              10.380042
            ],
            [
              -68.632646,
              10.380407
            ],
            [
              -68.633113,
              10.381346000000121
            ],
            [
              -68.633694,
              10.381597000000113
            ],
            [
              -68.63397,
              10.381046
            ],
            [
              -68.63413,
              10.380197
            ],
            [
              -68.634428,
              10.37902600000018
            ],
            [
              -68.634218,
              10.378545
            ],
            [
              -68.633617,
              10.379051000000118
            ],
            [
              -68.63284999999985,
              10.378755000000126
            ],
            [
              -68.631967,
              10.377955
            ],
            [
              -68.63242999999989,
              10.377747
            ],
            [
              -68.63310299999989,
              10.377814000000114
            ],
            [
              -68.6337759999999,
              10.377904
            ],
            [
              -68.63405299999988,
              10.377468
            ],
            [
              -68.63382,
              10.377193
            ],
            [
              -68.633633,
              10.376781
            ],
            [
              -68.63388799999984,
              10.376528000000121
            ],
            [
              -68.634258,
              10.37636600000019
            ],
            [
              -68.634444,
              10.37622800000014
            ],
            [
              -68.634489,
              10.375884
            ],
            [
              -68.634394,
              10.375197000000128
            ],
            [
              -68.634023,
              10.375198000000182
            ],
            [
              -68.63339799999989,
              10.375658
            ],
            [
              -68.632818,
              10.375705
            ],
            [
              -68.632631,
              10.375064000000123
            ],
            [
              -68.63263,
              10.37472
            ],
            [
              -68.632698,
              10.374284
            ],
            [
              -68.63242,
              10.374147000000107
            ],
            [
              -68.631815,
              10.373644
            ],
            [
              -68.631698,
              10.373186000000146
            ],
            [
              -68.632346,
              10.37268
            ],
            [
              -68.63209,
              10.372337
            ],
            [
              -68.631185,
              10.372178
            ],
            [
              -68.630534,
              10.371974
            ],
            [
              -68.63002299999988,
              10.371700000000146
            ],
            [
              -68.63013699999988,
              10.370805000000132
            ],
            [
              -68.63039,
              10.369979
            ],
            [
              -68.631201,
              10.369977
            ],
            [
              -68.631711,
              10.369838
            ],
            [
              -68.631709,
              10.36894400000017
            ],
            [
              -68.63131299999986,
              10.36846300000019
            ],
            [
              -68.630569,
              10.367823000000158
            ],
            [
              -68.630336,
              10.367572000000166
            ],
            [
              -68.62973199999988,
              10.367229
            ],
            [
              -68.629151,
              10.366933
            ],
            [
              -68.62864199999984,
              10.367118
            ],
            [
              -68.628341,
              10.367302
            ],
            [
              -68.62806099999989,
              10.36689
            ],
            [
              -68.627386,
              10.366158
            ],
            [
              -68.6272,
              10.365815000000111
            ],
            [
              -68.627082,
              10.365219
            ],
            [
              -68.627337,
              10.365264
            ],
            [
              -68.627803,
              10.365813000000117
            ],
            [
              -68.62822099999983,
              10.366064000000108
            ],
            [
              -68.628592,
              10.365903000000117
            ],
            [
              -68.62868399999985,
              10.365604
            ],
            [
              -68.62872699999986,
              10.364572000000123
            ],
            [
              -68.627751,
              10.364048
            ],
            [
              -68.627378,
              10.363246000000174
            ],
            [
              -68.62751699999984,
              10.36301600000013
            ],
            [
              -68.62834999999984,
              10.362418
            ],
            [
              -68.628864,
              10.355561
            ],
            [
              -68.62934799999988,
              10.354711
            ],
            [
              -68.629856,
              10.353907000000163
            ],
            [
              -68.629854,
              10.352944
            ],
            [
              -68.629781,
              10.35205000000019
            ],
            [
              -68.630127,
              10.351155
            ],
            [
              -68.630682,
              10.350603
            ],
            [
              -68.630795,
              10.349731000000133
            ],
            [
              -68.631374,
              10.34940900000015
            ],
            [
              -68.632418,
              10.349406000000101
            ],
            [
              -68.6326959999999,
              10.34929
            ],
            [
              -68.632995,
              10.348487
            ],
            [
              -68.632947,
              10.347845
            ],
            [
              -68.63283,
              10.347456
            ],
            [
              -68.63234299999982,
              10.347411
            ],
            [
              -68.632367,
              10.347915000000171
            ],
            [
              -68.631627,
              10.348514
            ],
            [
              -68.631209,
              10.34824
            ],
            [
              -68.630859,
              10.347759
            ],
            [
              -68.631253,
              10.347414000000128
            ],
            [
              -68.63146,
              10.347047000000146
            ],
            [
              -68.631088,
              10.346589
            ],
            [
              -68.63096999999988,
              10.345787000000144
            ],
            [
              -68.631174,
              10.34441
            ],
            [
              -68.630802,
              10.34409
            ],
            [
              -68.630036,
              10.343771000000118
            ],
            [
              -68.629036,
              10.342949000000146
            ],
            [
              -68.628339,
              10.342354000000114
            ],
            [
              -68.6281029999999,
              10.34095600000012
            ],
            [
              -68.62835699999988,
              10.340428
            ],
            [
              -68.6289819999999,
              10.340083000000163
            ],
            [
              -68.6298139999999,
              10.339047
            ],
            [
              -68.62976599999985,
              10.338566
            ],
            [
              -68.6291849999999,
              10.338086000000146
            ],
            [
              -68.62881399999986,
              10.338087
            ],
            [
              -68.6284419999999,
              10.338042
            ],
            [
              -68.62788499999982,
              10.33786
            ],
            [
              -68.62718599999988,
              10.337060000000179
            ],
            [
              -68.627302,
              10.336830000000134
            ],
            [
              -68.628045,
              10.336874
            ],
            [
              -68.628253,
              10.336575
            ],
            [
              -68.628182,
              10.336254
            ],
            [
              -68.627739,
              10.335659
            ],
            [
              -68.627714,
              10.335224
            ],
            [
              -68.627853,
              10.334925
            ],
            [
              -68.628364,
              10.334993
            ],
            [
              -68.62885199999988,
              10.335381000000154
            ],
            [
              -68.629224,
              10.335655
            ],
            [
              -68.629827,
              10.3357
            ],
            [
              -68.630731,
              10.33537600000011
            ],
            [
              -68.6308,
              10.335170000000119
            ],
            [
              -68.63073,
              10.334918
            ],
            [
              -68.6301959999999,
              10.334736
            ],
            [
              -68.62943,
              10.334738
            ],
            [
              -68.629035,
              10.334234
            ],
            [
              -68.628801,
              10.333730000000116
            ],
            [
              -68.628777,
              10.333226
            ],
            [
              -68.62951699999985,
              10.332743
            ],
            [
              -68.62998199999987,
              10.333108
            ],
            [
              -68.630285,
              10.333451000000139
            ],
            [
              -68.630981,
              10.333656
            ],
            [
              -68.631538,
              10.333677
            ],
            [
              -68.631676,
              10.333448
            ],
            [
              -68.631257,
              10.332852000000173
            ],
            [
              -68.6312329999999,
              10.332394
            ],
            [
              -68.63158,
              10.332347
            ],
            [
              -68.632694,
              10.332573
            ],
            [
              -68.63339099999985,
              10.332893000000183
            ],
            [
              -68.63376199999988,
              10.332846000000188
            ],
            [
              -68.634108,
              10.332272000000103
            ],
            [
              -68.634246,
              10.331744000000128
            ],
            [
              -68.634406,
              10.331147000000101
            ],
            [
              -68.634336,
              10.330895
            ],
            [
              -68.63357,
              10.330783
            ],
            [
              -68.632875,
              10.330784000000108
            ],
            [
              -68.632132,
              10.330786000000103
            ],
            [
              -68.631877,
              10.330581
            ],
            [
              -68.63159699999989,
              10.330238
            ],
            [
              -68.63262,
              10.32948
            ],
            [
              -68.633321,
              10.328914000000111
            ],
            [
              -68.633703,
              10.328411
            ],
            [
              -68.633576,
              10.327844
            ],
            [
              -68.63345,
              10.327151
            ],
            [
              -68.633578,
              10.326395
            ],
            [
              -68.63318,
              10.323622000000114
            ],
            [
              -68.63197,
              10.323214000000121
            ],
            [
              -68.631268,
              10.321932
            ],
            [
              -68.62961299999989,
              10.320975000000146
            ],
            [
              -68.627749,
              10.31969800000013
            ],
            [
              -68.62639399999989,
              10.317982
            ],
            [
              -68.62548099999987,
              10.316195
            ],
            [
              -68.62489099999988,
              10.313809000000163
            ],
            [
              -68.62423199999989,
              10.311562
            ],
            [
              -68.623762,
              10.31014000000016
            ],
            [
              -68.623249,
              10.309591
            ],
            [
              -68.623036,
              10.30860500000017
            ],
            [
              -68.622916,
              10.307663
            ],
            [
              -68.623977,
              10.305430000000172
            ],
            [
              -68.62402099999986,
              10.304764000000148
            ],
            [
              -68.623688,
              10.302676
            ],
            [
              -68.623429,
              10.301735000000178
            ],
            [
              -68.622954,
              10.299234000000183
            ],
            [
              -68.624295,
              10.297343
            ],
            [
              -68.62531499999989,
              10.296718
            ],
            [
              -68.625078,
              10.29547900000017
            ],
            [
              -68.624843,
              10.294791
            ],
            [
              -68.624748,
              10.294056
            ],
            [
              -68.62590299999988,
              10.292190000000176
            ],
            [
              -68.626012,
              10.29044400000015
            ],
            [
              -68.625909,
              10.287757
            ],
            [
              -68.62473199999988,
              10.283813
            ],
            [
              -68.623956,
              10.281129
            ],
            [
              -68.623597,
              10.278490000000147
            ],
            [
              -68.624471,
              10.276189000000159
            ],
            [
              -68.625508,
              10.273795000000177
            ],
            [
              -68.625457,
              10.272555
            ],
            [
              -68.62472899999989,
              10.270514000000105
            ],
            [
              -68.625204,
              10.26713500000011
            ],
            [
              -68.626608,
              10.26340800000014
            ],
            [
              -68.626878,
              10.261041
            ],
            [
              -68.62698199999988,
              10.257984
            ],
            [
              -68.626833,
              10.255321000000151
            ],
            [
              -68.62232099999989,
              10.251013
            ],
            [
              -68.619328,
              10.248355
            ],
            [
              -68.618553,
              10.24457
            ],
            [
              -68.618684,
              10.242456000000118
            ],
            [
              -68.61876599999982,
              10.239562
            ],
            [
              -68.618431,
              10.236876000000109
            ],
            [
              -68.61854,
              10.234877
            ],
            [
              -68.616664,
              10.23367
            ],
            [
              -68.611043,
              10.23370800000015
            ],
            [
              -68.608884,
              10.230960000000152
            ],
            [
              -68.607042,
              10.229425000000163
            ],
            [
              -68.606514,
              10.225409
            ],
            [
              -68.605931,
              10.222006
            ],
            [
              -68.604135,
              10.2190030000001
            ],
            [
              -68.602696,
              10.215136
            ],
            [
              -68.600476,
              10.212389000000144
            ],
            [
              -68.598247,
              10.208789
            ],
            [
              -68.59372,
              10.206538
            ],
            [
              -68.58904199999989,
              10.207345
            ],
            [
              -68.582897,
              10.207461
            ],
            [
              -68.57765599999982,
              10.206879
            ],
            [
              -68.571355,
              10.206778
            ],
            [
              -68.569804,
              10.207159000000104
            ],
            [
              -68.567642,
              10.206765
            ],
            [
              -68.5663019999999,
              10.207488000000183
            ],
            [
              -68.5650169999999,
              10.20649
            ],
            [
              -68.562304,
              10.206698000000188
            ],
            [
              -68.55984599999988,
              10.206927000000121
            ],
            [
              -68.5573859999999,
              10.206994000000122
            ],
            [
              -68.555461,
              10.207126
            ],
            [
              -68.553634,
              10.207900000000166
            ],
            [
              -68.551642,
              10.20856
            ],
            [
              -68.55035,
              10.209467000000132
            ],
            [
              -68.548593,
              10.210286
            ],
            [
              -68.547586,
              10.209101
            ],
            [
              -68.546157,
              10.210376
            ],
            [
              -68.54609799999986,
              10.211662
            ],
            [
              -68.543886,
              10.21356400000019
            ],
            [
              -68.539195,
              10.216084000000137
            ],
            [
              -68.53644,
              10.216866
            ],
            [
              -68.53501099999983,
              10.21807200000012
            ],
            [
              -68.53359,
              10.220241
            ],
            [
              -68.531251,
              10.220859000000189
            ],
            [
              -68.528503,
              10.219804000000124
            ],
            [
              -68.52752,
              10.218803
            ],
            [
              -68.524264,
              10.218052000000114
            ],
            [
              -68.522422,
              10.217035000000124
            ],
            [
              -68.52098699999988,
              10.217507000000126
            ],
            [
              -68.519504,
              10.217772
            ],
            [
              -68.517876,
              10.217328
            ],
            [
              -68.51573899999988,
              10.217071
            ],
            [
              -68.51501799999983,
              10.216894
            ],
            [
              -68.51378299999988,
              10.216331
            ],
            [
              -68.511974,
              10.216439
            ],
            [
              -68.51194,
              10.215177
            ],
            [
              -68.510248,
              10.215444000000105
            ],
            [
              -68.508797,
              10.216788000000122
            ],
            [
              -68.507217,
              10.216595000000154
            ],
            [
              -68.504986,
              10.216248
            ],
            [
              -68.502384,
              10.215949
            ],
            [
              -68.498365,
              10.218433000000175
            ],
            [
              -68.4966,
              10.220119
            ],
            [
              -68.49407999999988,
              10.221413
            ],
            [
              -68.49187099999989,
              10.222191
            ],
            [
              -68.490066,
              10.224132000000111
            ],
            [
              -68.4880399999999,
              10.226449000000116
            ],
            [
              -68.485277,
              10.227359
            ],
            [
              -68.48232,
              10.228019000000188
            ],
            [
              -68.480528,
              10.228570000000104
            ],
            [
              -68.479438,
              10.228862000000106
            ],
            [
              -68.479393,
              10.230546000000174
            ],
            [
              -68.48100399999987,
              10.23321900000019
            ],
            [
              -68.482633,
              10.234924
            ],
            [
              -68.484449,
              10.236646
            ],
            [
              -68.486283,
              10.23899
            ],
            [
              -68.487613,
              10.241625000000113
            ],
            [
              -68.488908,
              10.243847
            ],
            [
              -68.489572,
              10.246731000000125
            ],
            [
              -68.489981,
              10.249669
            ],
            [
              -68.48974599999985,
              10.252026
            ],
            [
              -68.488708,
              10.253946
            ],
            [
              -68.487499,
              10.256377000000157
            ],
            [
              -68.486924,
              10.258237
            ],
            [
              -68.48703999999987,
              10.260676
            ],
            [
              -68.48725499999989,
              10.264127
            ],
            [
              -68.487737,
              10.266349000000105
            ],
            [
              -68.488428,
              10.269395
            ],
            [
              -68.489394,
              10.27148700000015
            ],
            [
              -68.489234,
              10.27402700000016
            ],
            [
              -68.489517,
              10.276599
            ],
            [
              -68.49012399999987,
              10.277504
            ],
            [
              -68.4906309999999,
              10.278987
            ],
            [
              -68.48995599999989,
              10.280908000000181
            ],
            [
              -68.48953399999988,
              10.28210700000011
            ],
            [
              -68.488692,
              10.285196
            ],
            [
              -68.486516,
              10.286318000000165
            ],
            [
              -68.48501,
              10.288136000000122
            ],
            [
              -68.483782,
              10.289922000000104
            ],
            [
              -68.48295899999988,
              10.292043
            ],
            [
              -68.482683,
              10.29460900000015
            ],
            [
              -68.48395799999986,
              10.296116
            ],
            [
              -68.485178,
              10.296496000000104
            ],
            [
              -68.485529,
              10.298191
            ],
            [
              -68.485699,
              10.300076
            ],
            [
              -68.48507399999983,
              10.303458
            ],
            [
              -68.485184,
              10.306475000000148
            ],
            [
              -68.486483,
              10.308028
            ],
            [
              -68.48835,
              10.309057
            ],
            [
              -68.490874,
              10.310345
            ],
            [
              -68.493711,
              10.311139
            ],
            [
              -68.496612,
              10.312554
            ],
            [
              -68.49786899999987,
              10.31422300000014
            ],
            [
              -68.498805,
              10.316086
            ],
            [
              -68.49961899999988,
              10.317722
            ],
            [
              -68.500227,
              10.320262000000128
            ],
            [
              -68.50019699999984,
              10.322475
            ],
            [
              -68.49957499999988,
              10.325143
            ],
            [
              -68.498139,
              10.326959000000159
            ],
            [
              -68.49610799999982,
              10.328308
            ],
            [
              -68.493591,
              10.330050000000142
            ],
            [
              -68.493225,
              10.332188
            ],
            [
              -68.492569,
              10.333435
            ],
            [
              -68.49049,
              10.335479
            ],
            [
              -68.48795899999988,
              10.336656000000119
            ],
            [
              -68.485923,
              10.336680000000172
            ],
            [
              -68.48288,
              10.337588000000153
            ],
            [
              -68.481064,
              10.33852800000011
            ],
            [
              -68.478756,
              10.338968
            ],
            [
              -68.476385,
              10.339937000000191
            ],
            [
              -68.474418,
              10.341773
            ],
            [
              -68.473087,
              10.342683
            ],
            [
              -68.470768,
              10.344111
            ],
            [
              -68.46508099999983,
              10.346312
            ],
            [
              -68.462449,
              10.346848
            ],
            [
              -68.459662,
              10.347868
            ],
            [
              -68.457204,
              10.349250000000154
            ],
            [
              -68.455729,
              10.349773
            ],
            [
              -68.454037,
              10.351399000000129
            ],
            [
              -68.452581,
              10.351508
            ],
            [
              -68.450735,
              10.35187400000018
            ],
            [
              -68.44893,
              10.35373
            ],
            [
              -68.448692,
              10.355133
            ],
            [
              -68.447691,
              10.356452
            ],
            [
              -68.444579,
              10.35743
            ],
            [
              -68.442199,
              10.35766400000017
            ],
            [
              -68.438951,
              10.358826
            ],
            [
              -68.437514,
              10.360495000000128
            ],
            [
              -68.434914,
              10.361811000000102
            ],
            [
              -68.433071,
              10.36245200000019
            ],
            [
              -68.430366,
              10.362598
            ],
            [
              -68.4286489999999,
              10.362205000000188
            ],
            [
              -68.425755,
              10.36210100000011
            ],
            [
              -68.42360899999989,
              10.362493
            ],
            [
              -68.421186,
              10.363072000000159
            ],
            [
              -68.41822999999988,
              10.363543
            ],
            [
              -68.416672,
              10.362919
            ],
            [
              -68.41460499999988,
              10.362231
            ],
            [
              -68.412679,
              10.361910000000137
            ],
            [
              -68.41065,
              10.362438000000111
            ],
            [
              -68.408678,
              10.363952000000154
            ],
            [
              -68.40771971199996,
              10.36417705600013
            ],
            [
              -68.406417,
              10.364483
            ],
            [
              -68.404338,
              10.36476
            ],
            [
              -68.40366305499998,
              10.365156827000078
            ],
            [
              -68.402547,
              10.365813000000117
            ],
            [
              -68.399942,
              10.366671
            ],
            [
              -68.39885107499998,
              10.366383418000055
            ],
            [
              -68.39885083799999,
              10.366391657000122
            ],
            [
              -68.39830183899994,
              10.37024576400006
            ],
            [
              -68.39847784299985,
              10.370498409999982
            ],
            [
              -68.39848784399999,
              10.370512766000104
            ],
            [
              -68.39935191099994,
              10.376411910000058
            ],
            [
              -68.40014835599993,
              10.385752952000075
            ],
            [
              -68.40019501199998,
              10.386300157000164
            ],
            [
              -68.3993759309999,
              10.388718777000065
            ],
            [
              -68.39873197399999,
              10.390620281
            ],
            [
              -68.3976659459999,
              10.39364636
            ],
            [
              -68.39635491699988,
              10.398392491000038
            ],
            [
              -68.39601592599996,
              10.402261592000173
            ],
            [
              -68.39794503399997,
              10.406084678000127
            ],
            [
              -68.40001514599993,
              10.409503753000138
            ],
            [
              -68.40002015399983,
              10.41045178800016
            ],
            [
              -68.40014016499998,
              10.411368804000176
            ],
            [
              -68.40033117799999,
              10.412536836000186
            ],
            [
              -68.4005181899999,
              10.413131849000138
            ],
            [
              -68.40077720999994,
              10.414024871000095
            ],
            [
              -68.40119622799995,
              10.414871891000189
            ],
            [
              -68.40134424699994,
              10.416658931000086
            ],
            [
              -68.40137325099994,
              10.417896970000129
            ],
            [
              -68.40098624299992,
              10.41881598800012
            ],
            [
              -68.40080524699994,
              10.41966401700006
            ],
            [
              -68.40102026699998,
              10.42103905100015
            ],
            [
              -68.4010012679999,
              10.421773071000132
            ],
            [
              -68.40093726399994,
              10.422965098000077
            ],
            [
              -68.40073526699985,
              10.424112131000186
            ],
            [
              -68.40055526499998,
              10.424984154000128
            ],
            [
              -68.40010225099996,
              10.426590199000088
            ],
            [
              -68.39968923699996,
              10.427256214000181
            ],
            [
              -68.39962223699996,
              10.427738226000088
            ],
            [
              -68.39955924899988,
              10.428862258000038
            ],
            [
              -68.39940224799994,
              10.429848288000073
            ],
            [
              -68.39922424699995,
              10.431201317000045
            ],
            [
              -68.39923225099983,
              10.432760366000139
            ],
            [
              -68.39972228199997,
              10.433767383000088
            ],
            [
              -68.40046531999997,
              10.434612403000187
            ],
            [
              -68.40086133699998,
              10.435344422000071
            ],
            [
              -68.4010493539999,
              10.435893435000139
            ],
            [
              -68.40103035499993,
              10.436650456000166
            ],
            [
              -68.40057234699987,
              10.437523474000102
            ],
            [
              -68.40101537099991,
              10.438369489000024
            ],
            [
              -68.40139707299988,
              10.43905287900003
            ],
            [
              -68.40141138799999,
              10.439078509000069
            ],
            [
              -68.40139238899997,
              10.439789529000052
            ],
            [
              -68.40100338199983,
              10.440593558000103
            ],
            [
              -68.40033936199995,
              10.441581578000125
            ],
            [
              -68.39976633899988,
              10.442477609000093
            ],
            [
              -68.39900630299996,
              10.44282462700005
            ],
            [
              -68.39787926599996,
              10.44365465200002
            ],
            [
              -68.39753325199996,
              10.44372464800017
            ],
            [
              -68.39767725799993,
              10.444824685000128
            ],
            [
              -68.39775227399986,
              10.445947710000041
            ],
            [
              -68.39797129599992,
              10.448169767000138
            ],
            [
              -68.39761129199991,
              10.450051814000176
            ],
            [
              -68.39710020199982,
              10.450935055000173
            ],
            [
              -68.39678726399995,
              10.45147585900014
            ],
            [
              -68.39632925399997,
              10.452142880000167
            ],
            [
              -68.39568622299998,
              10.452901903000168
            ],
            [
              -68.39557822899991,
              10.454253938000022
            ],
            [
              -68.39567223299997,
              10.454757944
            ],
            [
              -68.3960202589999,
              10.45503195800012
            ],
            [
              -68.3966912869999,
              10.455189952000069
            ],
            [
              -68.39736332299998,
              10.45585196400009
            ],
            [
              -68.39822136299995,
              10.456490975000122
            ],
            [
              -68.39854938399998,
              10.457360003000076
            ],
            [
              -68.39897040299991,
              10.458551022000165
            ],
            [
              -68.39962043199995,
              10.45914403400019
            ],
            [
              -68.40047747799991,
              10.459783045000052
            ],
            [
              -68.40138151799994,
              10.46037506100015
            ],
            [
              -68.40212556199992,
              10.46151807900003
            ],
            [
              -68.40245357299989,
              10.462480101999972
            ],
            [
              -68.40271459299993,
              10.463717134000035
            ],
            [
              -68.40274861699999,
              10.465986198000166
            ],
            [
              -68.40307662699996,
              10.46690221900002
            ],
            [
              -68.40386366499996,
              10.467334229000073
            ],
            [
              -68.40407567699992,
              10.468067243000121
            ],
            [
              -68.40412468499989,
              10.46861726100019
            ],
            [
              -68.40367067799997,
              10.47022329500004
            ],
            [
              -68.40335366799997,
              10.471439329000077
            ],
            [
              -68.40331167999994,
              10.472242349999988
            ],
            [
              -68.40251065199993,
              10.473620393999965
            ],
            [
              -68.40177561899986,
              10.474426423000125
            ],
            [
              -68.40098858199991,
              10.474085420999984
            ],
            [
              -68.40029655299998,
              10.474133424000172
            ],
            [
              -68.39988353899997,
              10.474754445000087
            ],
            [
              -68.39907951499998,
              10.475514462000035
            ],
            [
              -68.39850449099993,
              10.475974482000083
            ],
            [
              -68.39744544899997,
              10.476552498000103
            ],
            [
              -68.39645540899994,
              10.477129520000062
            ],
            [
              -68.3955113699999,
              10.477728548000073
            ],
            [
              -68.39440632699996,
              10.478420572000118
            ],
            [
              -68.39323127599988,
              10.478792580000174
            ],
            [
              -68.39203423199996,
              10.479690613000173
            ],
            [
              -68.3914602129999,
              10.480174626000121
            ],
            [
              -68.39047217399997,
              10.481163665000167
            ],
            [
              -68.39010717399992,
              10.482196691000013
            ],
            [
              -68.39006616899991,
              10.483091713000022
            ],
            [
              -68.39030018799991,
              10.483823734000111
            ],
            [
              -68.3907882069999,
              10.484326744000157
            ],
            [
              -68.3914132349999,
              10.484782748000043
            ],
            [
              -68.39238628899994,
              10.48528275199999
            ],
            [
              -68.39326532799993,
              10.485646765000013
            ],
            [
              -68.39381634699998,
              10.485116739000034
            ],
            [
              -68.39441736699996,
              10.485137738000105
            ],
            [
              -68.39497339199988,
              10.485456746000011
            ],
            [
              -68.39501940599996,
              10.485478740000076
            ],
            [
              -68.39536641399997,
              10.485523745000137
            ],
            [
              -68.39615144999993,
              10.485520737000058
            ],
            [
              -68.39631445499998,
              10.485840752000172
            ],
            [
              -68.39682247899992,
              10.485769738000158
            ],
            [
              -68.3970304909999,
              10.485975746000179
            ],
            [
              -68.39751751399996,
              10.486225754000031
            ],
            [
              -68.39827955099997,
              10.486405754000032
            ],
            [
              -68.39902057599988,
              10.486815756
            ],
            [
              -68.40015562699995,
              10.487407760000167
            ],
            [
              -68.4005726559999,
              10.487634768000134
            ],
            [
              -68.40147669699991,
              10.488410787000078
            ],
            [
              -68.40153965399998,
              10.488640846000067
            ],
            [
              -68.40166470299994,
              10.489097800000025
            ],
            [
              -68.40178471399997,
              10.489945815999988
            ],
            [
              -68.40134869899998,
              10.490520835999973
            ],
            [
              -68.40068167199996,
              10.49095884999997
            ],
            [
              -68.39973463699994,
              10.490916852000055
            ],
            [
              -68.39918361999997,
              10.49162888100011
            ],
            [
              -68.39918661599995,
              10.492247900000052
            ],
            [
              -68.39928263099989,
              10.492843907000065
            ],
            [
              -68.39912262199982,
              10.493164918000105
            ],
            [
              -68.39864161299988,
              10.49406094800014
            ],
            [
              -68.39813758999992,
              10.494704969000054
            ],
            [
              -68.39769957399994,
              10.494866967000121
            ],
            [
              -68.39686754299993,
              10.494870981000133
            ],
            [
              -68.39640551999997,
              10.49484897700006
            ],
            [
              -68.39589749499987,
              10.494667982000124
            ],
            [
              -68.3953204689999,
              10.494738984000094
            ],
            [
              -68.3947214499999,
              10.495107997
            ],
            [
              -68.39396141499998,
              10.495501015
            ],
            [
              -68.39343440499982,
              10.4963510340001
            ],
            [
              -68.39264936899997,
              10.496400042000062
            ],
            [
              -68.3916353219999,
              10.496817056000111
            ],
            [
              -68.39129031299996,
              10.496933065
            ],
            [
              -68.39106230899995,
              10.497575086000097
            ],
            [
              -68.39099630399988,
              10.49828610700007
            ],
            [
              -68.39058128799991,
              10.498334108000051
            ],
            [
              -68.39002626899992,
              10.498244109000154
            ],
            [
              -68.3895872459999,
              10.498246110000025
            ],
            [
              -68.38968225499997,
              10.498635115000184
            ],
            [
              -68.39016927999995,
              10.49906912400013
            ],
            [
              -68.3899412639999,
              10.499666138000123
            ],
            [
              -68.38955126099995,
              10.50014915700001
            ],
            [
              -68.38876822599991,
              10.500587171
            ],
            [
              -68.38824020899995,
              10.501185192000037
            ],
            [
              -68.38819620899994,
              10.501713205000101
            ],
            [
              -68.38817821599997,
              10.502607233
            ],
            [
              -68.38740018999988,
              10.504146279000167
            ],
            [
              -68.3865731539999,
              10.504951303000155
            ],
            [
              -68.38673817099982,
              10.505569317000152
            ],
            [
              -68.38754820999998,
              10.50600231900006
            ],
            [
              -68.38755120499985,
              10.506506337000019
            ],
            [
              -68.3875530919999,
              10.506915107000111
            ],
            [
              -68.38755321799994,
              10.506942348000166
            ],
            [
              -68.38716419799988,
              10.507654364000075
            ],
            [
              -68.38695919499997,
              10.508228378000126
            ],
            [
              -68.38705420499986,
              10.50884640400011
            ],
            [
              -68.3870571999999,
              10.509396411000068
            ],
            [
              -68.38701721399997,
              10.510657450000053
            ],
            [
              -68.38705122499994,
              10.512743493000073
            ],
            [
              -68.38682322199992,
              10.513478521000138
            ],
            [
              -68.38668721999994,
              10.513937533000103
            ],
            [
              -68.38655321799996,
              10.514762550000057
            ],
            [
              -68.38621120599998,
              10.515726587000188
            ],
            [
              -68.38662922899994,
              10.516114584000036
            ],
            [
              -68.38679123999992,
              10.516297592000058
            ],
            [
              -68.38656323499998,
              10.516802605
            ],
            [
              -68.38566419099993,
              10.517127617000085
            ],
            [
              -68.38474315199994,
              10.517703645000154
            ],
            [
              -68.38400813099997,
              10.51857767000007
            ],
            [
              -68.38354610799985,
              10.518465664000018
            ],
            [
              -68.3828760859999,
              10.518375665000121
            ],
            [
              -68.38255707399998,
              10.519179694000172
            ],
            [
              -68.38265008299987,
              10.51943170200002
            ],
            [
              -68.38283709399997,
              10.51984370700012
            ],
            [
              -68.38304810099993,
              10.520484720000127
            ],
            [
              -68.38355711899987,
              10.520596726000178
            ],
            [
              -68.38390614099995,
              10.521191738000027
            ],
            [
              -68.38365313499997,
              10.521375742000146
            ],
            [
              -68.38275709699991,
              10.522227772000122
            ],
            [
              -68.38299211199984,
              10.523189795
            ],
            [
              -68.38336513999997,
              10.523852803000182
            ],
            [
              -68.38369215499995,
              10.52458582800017
            ],
            [
              -68.38369415699992,
              10.525066833999972
            ],
            [
              -68.3837721679999,
              10.526716879
            ],
            [
              -68.38370716799994,
              10.52751990000013
            ],
            [
              -68.3832021529999,
              10.528277929000012
            ],
            [
              -68.38286015199992,
              10.52908194600002
            ],
            [
              -68.38226212699993,
              10.529587966000179
            ],
            [
              -68.38164009499997,
              10.52984297100005
            ],
            [
              -68.38069405499994,
              10.53005298300019
            ],
            [
              -68.37972602099995,
              10.53037700200008
            ],
            [
              -68.37928699899999,
              10.530379003000121
            ],
            [
              -68.37864397899995,
              10.531115026
            ],
            [
              -68.37853097899995,
              10.531712039000126
            ],
            [
              -68.37806495699994,
              10.53362520700017
            ],
            [
              -68.37805597199997,
              10.533662095000182
            ],
            [
              -68.3766959109999,
              10.534126117000028
            ],
            [
              -68.3755668739999,
              10.534772140000086
            ],
            [
              -68.37481284199998,
              10.5363331800001
            ],
            [
              -68.3746318449999,
              10.537022207
            ],
            [
              -68.37408282799987,
              10.538147234000121
            ],
            [
              -68.37334680099997,
              10.538838263000173
            ],
            [
              -68.37313979599992,
              10.53897626500003
            ],
            [
              -68.37247176299996,
              10.539162270000077
            ],
            [
              -68.37212474299997,
              10.539163277000057
            ],
            [
              -68.37157172399992,
              10.539418281000053
            ],
            [
              -68.37104270099996,
              10.539878301000101
            ],
            [
              -68.3706526869999,
              10.540407309000159
            ],
            [
              -68.3698936589999,
              10.541006336000066
            ],
            [
              -68.36894963199995,
              10.541674354000122
            ],
            [
              -68.36809759499988,
              10.542090373000121
            ],
            [
              -68.36685254899999,
              10.54255338900009
            ],
            [
              -68.36602351199997,
              10.542923408000036
            ],
            [
              -68.36496447099984,
              10.54372943900006
            ],
            [
              -68.36372442099997,
              10.545201485000177
            ],
            [
              -68.36287539199998,
              10.546236512000121
            ],
            [
              -68.36177335699995,
              10.547638551000034
            ],
            [
              -68.36087632599998,
              10.548444582000172
            ],
            [
              -68.36016229199987,
              10.548768600000187
            ],
            [
              -68.35972627699994,
              10.549342615000171
            ],
            [
              -68.35921925999992,
              10.54959662500005
            ],
            [
              -68.35862123399988,
              10.550011638000171
            ],
            [
              -68.35765320099983,
              10.550519660000077
            ],
            [
              -68.35684615799994,
              10.550660658000027
            ],
            [
              -68.35442449999994,
              10.550870986000064
            ],
            [
              -68.3524359779999,
              10.5510436940001
            ],
            [
              -68.35109390899999,
              10.550544698000067
            ],
            [
              -68.34926884099997,
              10.550322701000084
            ],
            [
              -68.34725574399994,
              10.549573698000188
            ],
            [
              -68.34699444699999,
              10.549475750000056
            ],
            [
              -68.34568166999998,
              10.548983684
            ],
            [
              -68.34464263299998,
              10.548918697999966
            ],
            [
              -68.34376559399988,
              10.54899069600009
            ],
            [
              -68.34210251399998,
              10.54906571400005
            ],
            [
              -68.34115647399994,
              10.549297720000084
            ],
            [
              -68.34018743299987,
              10.549439736000124
            ],
            [
              -68.33783433699995,
              10.549997764000068
            ],
            [
              -68.33564024299994,
              10.549960775000159
            ],
            [
              -68.33409017599996,
              10.549507769000115
            ],
            [
              -68.33314013399996,
              10.548869764000187
            ],
            [
              -68.33061401599991,
              10.547044732000188
            ],
            [
              -68.32924795199995,
              10.546362715000157
            ],
            [
              -68.3277228849999,
              10.546092717000022
            ],
            [
              -68.32624381999989,
              10.545960732000026
            ],
            [
              -68.32513176799989,
              10.545208720000119
            ],
            [
              -68.32461974299991,
              10.544476701000065
            ],
            [
              -68.32376370299994,
              10.544112699000152
            ],
            [
              -68.32274464799991,
              10.543474683000113
            ],
            [
              -68.32179361099992,
              10.542584669000178
            ],
            [
              -68.32139758299996,
              10.5420126570001
            ],
            [
              -68.32079254799999,
              10.541052635000085
            ],
            [
              -68.32028052099997,
              10.540159614000174
            ],
            [
              -68.31951548899991,
              10.539497602000097
            ],
            [
              -68.31877345999999,
              10.539065592999975
            ],
            [
              -68.31784741199994,
              10.5384725830001
            ],
            [
              -68.31724538499992,
              10.538130575000082
            ],
            [
              -68.31638833999989,
              10.537744578
            ],
            [
              -68.31590331599989,
              10.537585578000176
            ],
            [
              -68.31507028899989,
              10.537290565000035
            ],
            [
              -68.3135232169999,
              10.537410578000106
            ],
            [
              -68.31114712099992,
              10.537992610000117
            ],
            [
              -68.30987906099989,
              10.538318630000106
            ],
            [
              -68.30840100299991,
              10.538461642000186
            ],
            [
              -68.3076149719999,
              10.538257637000129
            ],
            [
              -68.30745195599991,
              10.538051641000095
            ],
            [
              -68.30745096099992,
              10.537845632000028
            ],
            [
              -68.30758795799989,
              10.537524622000092
            ],
            [
              -68.30765596499998,
              10.537248618000035
            ],
            [
              -68.30763195799994,
              10.537019610000073
            ],
            [
              -68.30746995899989,
              10.53690560300015
            ],
            [
              -68.30719294699998,
              10.53690661000013
            ],
            [
              -68.30643190499995,
              10.537069614000131
            ],
            [
              -68.30583189099997,
              10.537140617000034
            ],
            [
              -68.30467784099989,
              10.537488643000074
            ],
            [
              -68.3041018099999,
              10.537720647000071
            ],
            [
              -68.30366680099996,
              10.538478676000182
            ],
            [
              -68.30336878999992,
              10.538937689000079
            ],
            [
              -68.3034167919999,
              10.53937370000017
            ],
            [
              -68.30351080699995,
              10.539716704000114
            ],
            [
              -68.30351280799994,
              10.540197710000143
            ],
            [
              -68.3033998059999,
              10.540588727000056
            ],
            [
              -68.30282577599996,
              10.541277744000126
            ],
            [
              -68.30254977099992,
              10.541622760999985
            ],
            [
              -68.30238976299984,
              10.542012772000021
            ],
            [
              -68.30206876199992,
              10.54247277899998
            ],
            [
              -68.30197875999994,
              10.542839790000073
            ],
            [
              -68.3017487439999,
              10.543207807000044
            ],
            [
              -68.30140473099993,
              10.543575812000029
            ],
            [
              -68.30103672199988,
              10.543851829000062
            ],
            [
              -68.30044069899986,
              10.544816849000142
            ],
            [
              -68.29977267799984,
              10.54523187400008
            ],
            [
              -68.2993806639999,
              10.545439872000088
            ],
            [
              -68.29901164899991,
              10.545486880000055
            ],
            [
              -68.29871163599995,
              10.545579888000134
            ],
            [
              -68.29829660899992,
              10.545763892000082
            ],
            [
              -68.29732857499994,
              10.546042904000046
            ],
            [
              -68.29728257399995,
              10.546065905000091
            ],
            [
              -68.2965455399999,
              10.546549919000029
            ],
            [
              -68.29606252999997,
              10.547055939000131
            ],
            [
              -68.29571851699995,
              10.547561958000188
            ],
            [
              -68.29516548599992,
              10.547700956000142
            ],
            [
              -68.29467946899996,
              10.547633957000187
            ],
            [
              -68.2945404589999,
              10.547450961000152
            ],
            [
              -68.29451646299998,
              10.547198952000144
            ],
            [
              -68.29453746299993,
              10.546877942000037
            ],
            [
              -68.29453645599995,
              10.546602933000145
            ],
            [
              -68.29437444599995,
              10.546488938000039
            ],
            [
              -68.29393543699996,
              10.546604935000119
            ],
            [
              -68.29356842299995,
              10.547041953000019
            ],
            [
              -68.29324740999994,
              10.547501971000088
            ],
            [
              -68.29308740199986,
              10.54793798300011
            ],
            [
              -68.29283539099998,
              10.54830598899997
            ],
            [
              -68.29244537799991,
              10.548972016000107
            ],
            [
              -68.29196236699994,
              10.549386023000181
            ],
            [
              -68.29138633499997,
              10.54952602700007
            ],
            [
              -68.29110832999999,
              10.549550034000163
            ],
            [
              -68.29067031399995,
              10.54971204300017
            ],
            [
              -68.29011628799998,
              10.549714045000144
            ],
            [
              -68.28985926899992,
              10.54914102700019
            ],
            [
              -68.28972027099996,
              10.549004032000084
            ],
            [
              -68.28937424499992,
              10.549097028000176
            ],
            [
              -68.28896023599998,
              10.549328038000112
            ],
            [
              -68.28861422199992,
              10.549398046000022
            ],
            [
              -68.28801419599995,
              10.549515049000036
            ],
            [
              -68.28739016399999,
              10.549563052000167
            ],
            [
              -68.28688215099999,
              10.549496053000041
            ],
            [
              -68.28672014099988,
              10.549382058000106
            ],
            [
              -68.28653312899996,
              10.548924040999964
            ],
            [
              -68.28650812899991,
              10.548649044000058
            ],
            [
              -68.28643912599989,
              10.54860303200013
            ],
            [
              -68.2860461059999,
              10.548605045000045
            ],
            [
              -68.28544708599998,
              10.548836056000084
            ],
            [
              -68.28524006999999,
              10.54913506000014
            ],
            [
              -68.2849190579999,
              10.54959407299998
            ],
            [
              -68.28457505699993,
              10.550100092000037
            ],
            [
              -68.28439204699998,
              10.55035309599998
            ],
            [
              -68.28390702399992,
              10.550423105
            ],
            [
              -68.28360801699995,
              10.550722109000048
            ],
            [
              -68.283309,
              10.551067126000078
            ],
            [
              -68.28312600199996,
              10.551366130000133
            ],
            [
              -68.28280398299995,
              10.551665135000121
            ],
            [
              -68.28268998699986,
              10.552032145999988
            ],
            [
              -68.28225195899995,
              10.552080148000073
            ],
            [
              -68.28151392999996,
              10.55224316400006
            ],
            [
              -68.28063789899988,
              10.55275018000009
            ],
            [
              -68.27990086499983,
              10.55323419399997
            ],
            [
              -68.27950985599989,
              10.553488204000075
            ],
            [
              -68.27881682199995,
              10.553490207000152
            ],
            [
              -68.27844780699996,
              10.55353721500012
            ],
            [
              -68.27807879199997,
              10.553584223000087
            ],
            [
              -68.27757276899996,
              10.554044230000045
            ],
            [
              -68.27731976399997,
              10.554366247000132
            ],
            [
              -68.27699674999997,
              10.554322247000073
            ],
            [
              -68.27655873499998,
              10.554667253000162
            ],
            [
              -68.27653573499992,
              10.554690254000036
            ],
            [
              -68.27602971099998,
              10.554967264000027
            ],
            [
              -68.27526868199988,
              10.555267277000098
            ],
            [
              -68.27471566399998,
              10.555499293000082
            ],
            [
              -68.27441565199985,
              10.555729297000141
            ],
            [
              -68.27432464399993,
              10.556027308000182
            ],
            [
              -68.2741876479999,
              10.556303311000022
            ],
            [
              -68.27395863699996,
              10.556693323000104
            ],
            [
              -68.27368261999993,
              10.55696932800015
            ],
            [
              -68.27359162299996,
              10.557153342000106
            ],
            [
              -68.27303860499995,
              10.557476353000084
            ],
            [
              -68.2726035849999,
              10.558303371000136
            ],
            [
              -68.27228157799993,
              10.558556387000067
            ],
            [
              -68.27202956699995,
              10.558992400000022
            ],
            [
              -68.27154555099997,
              10.559269411000116
            ],
            [
              -68.2708775179999,
              10.559638424000184
            ],
            [
              -68.27055351099995,
              10.559616419000065
            ],
            [
              -68.26993147799988,
              10.559802435000165
            ],
            [
              -68.26967847299994,
              10.560078439000051
            ],
            [
              -68.26935745999992,
              10.56053745200012
            ],
            [
              -68.26885143799996,
              10.56097546500007
            ],
            [
              -68.26832242599988,
              10.56145848500006
            ],
            [
              -68.26774639599995,
              10.561827497000024
            ],
            [
              -68.26733138099996,
              10.56203550700019
            ],
            [
              -68.26710036999987,
              10.562058508000064
            ],
            [
              -68.26640734699998,
              10.562061504000098
            ],
            [
              -68.26599233099995,
              10.562062512000182
            ],
            [
              -68.26534529799994,
              10.562110514999972
            ],
            [
              -68.26479428099992,
              10.562754536000057
            ],
            [
              -68.26451826399983,
              10.563122554000131
            ],
            [
              -68.26447326899984,
              10.56339755199997
            ],
            [
              -68.26447627699997,
              10.563993571000026
            ],
            [
              -68.26440927599998,
              10.564406582000174
            ],
            [
              -68.26420426099997,
              10.56495759500018
            ],
            [
              -68.26378924599999,
              10.565325613000084
            ],
            [
              -68.26342123799992,
              10.56564761900006
            ],
            [
              -68.26312423199994,
              10.566221633000168
            ],
            [
              -68.26303322599995,
              10.566588644000035
            ],
            [
              -68.26280621599994,
              10.567322666000052
            ],
            [
              -68.26276221599994,
              10.567827678000072
            ],
            [
              -68.2627082109999,
              10.567878083999972
            ],
            [
              -68.26241720899998,
              10.568149695000159
            ],
            [
              -68.26193218599991,
              10.568219692000184
            ],
            [
              -68.26163217299995,
              10.568220699000165
            ],
            [
              -68.26110114799997,
              10.568222700999968
            ],
            [
              -68.26063913699994,
              10.568201702000124
            ],
            [
              -68.26008410599985,
              10.568180704000156
            ],
            [
              -68.25955308099998,
              10.568136705000143
            ],
            [
              -68.25918206599982,
              10.567816702000073
            ],
            [
              -68.25883705799998,
              10.568138708000049
            ],
            [
              -68.25860804899992,
              10.56862172600006
            ],
            [
              -68.25854004199988,
              10.568919736
            ],
            [
              -68.25854205399997,
              10.569263746000047
            ],
            [
              -68.25824303699994,
              10.569630758000073
            ],
            [
              -68.25789802899988,
              10.569884768000122
            ],
            [
              -68.25743800699985,
              10.570275775000027
            ],
            [
              -68.25707099399995,
              10.570827794000138
            ],
            [
              -68.25697999899995,
              10.571148805000178
            ],
            [
              -68.25700399399989,
              10.571331801000042
            ],
            [
              -68.2573270069999,
              10.57130780600005
            ],
            [
              -68.25802004099995,
              10.571282803000031
            ],
            [
              -68.25852705899996,
              10.571119788000146
            ],
            [
              -68.25880507799997,
              10.571210794000024
            ],
            [
              -68.25871407099999,
              10.571577805000118
            ],
            [
              -68.25866907699992,
              10.571921815000167
            ],
            [
              -68.2585550689999,
              10.572266819000106
            ],
            [
              -68.25851506999999,
              10.57244210000016
            ],
            [
              -68.25848706299996,
              10.5725648290001
            ],
            [
              -68.25816505499995,
              10.572702833000108
            ],
            [
              -68.25788703599994,
              10.572612832000061
            ],
            [
              -68.25779852399984,
              10.572447591000127
            ],
            [
              -68.25765402399998,
              10.572177827000019
            ],
            [
              -68.25724001399988,
              10.572408837000125
            ],
            [
              -68.25719105999991,
              10.572452246000068
            ],
            [
              -68.256825,
              10.572776843000042
            ],
            [
              -68.25629597599993,
              10.57319086299998
            ],
            [
              -68.25608996699987,
              10.573604868000075
            ],
            [
              -68.25673900099991,
              10.574014883000132
            ],
            [
              -68.25754803199999,
              10.574172875999977
            ],
            [
              -68.25812606499994,
              10.574422883000182
            ],
            [
              -68.25852208099991,
              10.575016890000029
            ],
            [
              -68.25859308399993,
              10.57545290100012
            ],
            [
              -68.25825007799989,
              10.576209924000125
            ],
            [
              -68.25813707699996,
              10.57666893600009
            ],
            [
              -68.25804608199996,
              10.577081947000067
            ],
            [
              -68.25772506899989,
              10.577563960000077
            ],
            [
              -68.25740304999988,
              10.577794970000184
            ],
            [
              -68.25671002799999,
              10.577865973000087
            ],
            [
              -68.25585498399994,
              10.577753981000058
            ],
            [
              -68.25483794199994,
              10.577619983000034
            ],
            [
              -68.25365989499988,
              10.57750999100017
            ],
            [
              -68.25211182899994,
              10.577492002000156
            ],
            [
              -68.25139579399996,
              10.577494998000077
            ],
            [
              -68.25065875999991,
              10.57788701200019
            ],
            [
              -68.24964272499994,
              10.578051023000171
            ],
            [
              -68.24875193099996,
              10.57860848900009
            ],
            [
              -68.24872068099995,
              10.57862804500013
            ],
            [
              -68.26907714899983,
              10.579990709000072
            ],
            [
              -68.28371360199998,
              10.580970475000129
            ],
            [
              -68.34699466899997,
              10.585206517000131
            ],
            [
              -68.38445258499996,
              10.587713952000058
            ],
            [
              -68.52010676499998,
              10.596794655000053
            ],
            [
              -68.52018446699998,
              10.596799856000075
            ],
            [
              -68.52573170799997,
              10.596795825000186
            ],
            [
              -68.52735577799996,
              10.597136822000039
            ],
            [
              -68.52791279399997,
              10.596951823000097
            ],
            [
              -68.52937385699994,
              10.596558800000025
            ],
            [
              -68.52951688399997,
              10.59990788000016
            ],
            [
              -68.5316519839999,
              10.600476889000106
            ],
            [
              -68.53288103099999,
              10.600175869000054
            ],
            [
              -68.53559413899995,
              10.599114826000118
            ],
            [
              -68.53638217699995,
              10.598676812000122
            ],
            [
              -68.5378652309999,
              10.597572768000077
            ],
            [
              -68.54118237299991,
              10.598092766000093
            ],
            [
              -68.54405949499994,
              10.597971740000048
            ],
            [
              -68.54549756099993,
              10.598175741000091
            ],
            [
              -68.54693461699998,
              10.59759871600005
            ],
            [
              -68.54827866099998,
              10.596242676000145
            ],
            [
              -68.54876669199996,
              10.596952688999977
            ],
            [
              -68.54918471399998,
              10.597272691000171
            ],
            [
              -68.5506017859999,
              10.5987147190001
            ],
            [
              -68.5519028519999,
              10.60047775900017
            ],
            [
              -68.55234387299998,
              10.600522763000129
            ],
            [
              -68.55556901299985,
              10.601272763000054
            ],
            [
              -68.55847013599998,
              10.602137767000045
            ],
            [
              -68.55998021299996,
              10.603258785000037
            ],
            [
              -68.55879917299995,
              10.604637825000111
            ],
            [
              -68.56181329099985,
              10.604079793000096
            ],
            [
              -68.56234631099989,
              10.603551778000053
            ],
            [
              -68.56357737799988,
              10.604764799000122
            ],
            [
              -68.56490042999991,
              10.605151798000065
            ],
            [
              -68.56566445899989,
              10.60420877200005
            ],
            [
              -68.56531544599989,
              10.603269750000152
            ],
            [
              -68.56614847499998,
              10.601982714000087
            ],
            [
              -68.56702849999988,
              10.601177689000167
            ],
            [
              -68.56846656299996,
              10.60083066600015
            ],
            [
              -68.56936958899996,
              10.600025641000059
            ],
            [
              -68.57004262499987,
              10.59984063000013
            ],
            [
              -68.57099265899996,
              10.599173617000076
            ],
            [
              -68.57217471099989,
              10.598849597000083
            ],
            [
              -68.57224571599988,
              10.599468616000081
            ],
            [
              -68.57222371499995,
              10.600592635000055
            ],
            [
              -68.57229572899996,
              10.60180866700017
            ],
            [
              -68.57382779899996,
              10.60253868100017
            ],
            [
              -68.57454683699996,
              10.602536678000092
            ],
            [
              -68.57480084499991,
              10.601848656000186
            ],
            [
              -68.57486883399997,
              10.600678624000182
            ],
            [
              -68.5756798729999,
              10.600355611000168
            ],
            [
              -68.57748994599996,
              10.600557612000102
            ],
            [
              -68.57788596699993,
              10.601772636000078
            ],
            [
              -68.57879101199995,
              10.602297639000085
            ],
            [
              -68.57937103899997,
              10.601929632000122
            ],
            [
              -68.58111111699998,
              10.602200633000052
            ],
            [
              -68.58231716499995,
              10.60217462200012
            ],
            [
              -68.58168811899992,
              10.600341573000094
            ],
            [
              -68.58170911299999,
              10.59898753900012
            ],
            [
              -68.58282115399999,
              10.597906510000143
            ],
            [
              -68.58330918499996,
              10.598639523000145
            ],
            [
              -68.58391321399989,
              10.599464534999981
            ],
            [
              -68.58419423299989,
              10.6009545820001
            ],
            [
              -68.58549429699997,
              10.601456582000083
            ],
            [
              -68.58572429699984,
              10.600446557000055
            ],
            [
              -68.58797439699993,
              10.600601549000089
            ],
            [
              -68.58797639999995,
              10.60140457
            ],
            [
              -68.58760538899998,
              10.601680575000046
            ],
            [
              -68.58851444599986,
              10.604614642000058
            ],
            [
              -68.5898354919999,
              10.603740613000127
            ],
            [
              -68.59101954699992,
              10.604081613000119
            ],
            [
              -68.59106655699998,
              10.604654631000074
            ],
            [
              -68.59282963299995,
              10.60455861100013
            ],
            [
              -68.5939896829999,
              10.604946616000177
            ]
          ]
        ]
      }
    }
  ]
}