{
  "type": "FeatureCollection",
  "features": [
    {
      "type": "Feature",
      "properties": {
        "Pais": "Venezuela",
        "Estado": "Bolívar",
        "Municipio": "Angostura del Orinoco",
        "Parroquia": "Agua Salada"
      },
      "geometry": {
        "type": "Polygon",
        "coordinates": [
          [
            [
              -63.63533924699993,
              8.16575240800006
            ],
            [
              -63.63748735199994,
              8.167395443000032
            ],
            [
              -63.65415408699988,
              8.161343217000024
            ],
            [
              -63.66306763399996,
              8.164977742000076
            ],
            [
              -63.661106,
              8.148113
            ],
            [
              -63.66053851199996,
              8.144423618000133
            ],
            [
              -63.657122,
              8.122212000000104
            ],
            [
              -63.65501099999983,
              8.121429
            ],
            [
              -63.654202,
              8.121277
            ],
            [
              -63.653321,
              8.120833
            ],
            [
              -63.652585,
              8.120681000000104
            ],
            [
              -63.65222199999988,
              8.120021
            ],
            [
              -63.65149,
              8.119358
            ],
            [
              -63.650536,
              8.118767
            ],
            [
              -63.649876,
              8.118324000000143
            ],
            [
              -63.649144,
              8.117661000000169
            ],
            [
              -63.648707,
              8.117001
            ],
            [
              -63.648568999999895,
              8.115758
            ],
            [
              -63.648575,
              8.115028000000109
            ],
            [
              -63.64858,
              8.114298
            ],
            [
              -63.648807,
              8.113569000000155
            ],
            [
              -63.649851999999896,
              8.111678
            ],
            [
              -63.650087,
              8.109854
            ],
            [
              -63.650094,
              8.108978
            ],
            [
              -63.649585,
              8.107952000000125
            ],
            [
              -63.648631,
              8.107433000000128
            ],
            [
              -63.647821,
              8.107427
            ],
            [
              -63.647237,
              8.10662
            ],
            [
              -63.647243,
              8.105889000000104
            ],
            [
              -63.647983999999894,
              8.105384
            ],
            [
              -63.64872,
              8.105389000000116
            ],
            [
              -63.649603,
              8.105615
            ],
            [
              -63.650341,
              8.105474
            ],
            [
              -63.651152,
              8.105334
            ],
            [
              -63.651745,
              8.1049
            ],
            [
              -63.651605,
              8.103877
            ],
            [
              -63.651614,
              8.102782000000104
            ],
            [
              -63.651545,
              8.102051000000188
            ],
            [
              -63.652141,
              8.101252000000159
            ],
            [
              -63.652878,
              8.101257
            ],
            [
              -63.653687999999875,
              8.101263000000188
            ],
            [
              -63.654805999999894,
              8.099592
            ],
            [
              -63.654075,
              8.09878300000014
            ],
            [
              -63.653415,
              8.09834
            ],
            [
              -63.652606999999875,
              8.097969
            ],
            [
              -63.652025,
              8.097015
            ],
            [
              -63.652031,
              8.096212
            ],
            [
              -63.652699,
              8.095633
            ],
            [
              -63.653875,
              8.095934000000113
            ],
            [
              -63.654979,
              8.096088
            ],
            [
              -63.65579,
              8.096094
            ],
            [
              -63.656823,
              8.095882
            ],
            [
              -63.6576409999999,
              8.094939
            ],
            [
              -63.658306,
              8.094579000000124
            ],
            [
              -63.658607,
              8.0937780000001
            ],
            [
              -63.658539,
              8.092974
            ],
            [
              -63.657584,
              8.092602000000113
            ],
            [
              -63.657074,
              8.091941000000133
            ],
            [
              -63.65708,
              8.091137
            ],
            [
              -63.65789299999989,
              8.090778
            ],
            [
              -63.658848,
              8.09115
            ],
            [
              -63.659508,
              8.091520000000116
            ],
            [
              -63.660319,
              8.091453000000115
            ],
            [
              -63.661132,
              8.091167
            ],
            [
              -63.66158,
              8.090367000000128
            ],
            [
              -63.661586,
              8.089637000000153
            ],
            [
              -63.661444,
              8.088906
            ],
            [
              -63.661302,
              8.088101
            ],
            [
              -63.661826,
              8.08701
            ],
            [
              -63.662273,
              8.086429
            ],
            [
              -63.66301399999986,
              8.085777000000121
            ],
            [
              -63.663534,
              8.085197000000107
            ],
            [
              -63.663615,
              8.084321000000102
            ],
            [
              -63.66435299999989,
              8.084180000000174
            ],
            [
              -63.665089,
              8.084186000000102
            ],
            [
              -63.665824,
              8.084483
            ],
            [
              -63.666708,
              8.08449
            ],
            [
              -63.66759599999989,
              8.084058
            ],
            [
              -63.66796899999986,
              8.083404
            ],
            [
              -63.66849,
              8.082750000000146
            ],
            [
              -63.668643,
              8.081948
            ],
            [
              -63.668651,
              8.080926
            ],
            [
              -63.669317,
              8.080493000000104
            ],
            [
              -63.66976399999987,
              8.079912
            ],
            [
              -63.66903,
              8.07946800000019
            ],
            [
              -63.668445,
              8.078879000000143
            ],
            [
              -63.668453,
              8.077784000000122
            ],
            [
              -63.668459,
              8.076981000000103
            ],
            [
              -63.668465,
              8.076251000000127
            ],
            [
              -63.668764999999894,
              8.075449
            ],
            [
              -63.669652,
              8.075164
            ],
            [
              -63.67045899999982,
              8.075608
            ],
            [
              -63.671419,
              8.075323
            ],
            [
              -63.671572,
              8.074594000000161
            ],
            [
              -63.671651,
              8.073864000000128
            ],
            [
              -63.671952,
              8.073063000000161
            ],
            [
              -63.672545,
              8.072556000000134
            ],
            [
              -63.673428999999885,
              8.072563000000173
            ],
            [
              -63.67401499999988,
              8.073005000000137
            ],
            [
              -63.67467599999986,
              8.073375
            ],
            [
              -63.675411,
              8.073527000000183
            ],
            [
              -63.676006,
              8.072874000000127
            ],
            [
              -63.676306999999895,
              8.07192700000013
            ],
            [
              -63.677118,
              8.07186
            ],
            [
              -63.67734499999989,
              8.07113100000015
            ],
            [
              -63.676981,
              8.070471
            ],
            [
              -63.676989,
              8.069522
            ],
            [
              -63.676995,
              8.068719
            ],
            [
              -63.677075,
              8.06777
            ],
            [
              -63.677156,
              8.066894
            ],
            [
              -63.677456,
              8.066093
            ],
            [
              -63.677757,
              8.065365
            ],
            [
              -63.677762,
              8.064635
            ],
            [
              -63.67754699999989,
              8.063757
            ],
            [
              -63.67696199999989,
              8.063241000000119
            ],
            [
              -63.676224,
              8.063309
            ],
            [
              -63.675630999999896,
              8.063889000000131
            ],
            [
              -63.674891999999886,
              8.064175000000148
            ],
            [
              -63.674225,
              8.064608
            ],
            [
              -63.673415,
              8.06460200000015
            ],
            [
              -63.672678,
              8.064597
            ],
            [
              -63.671941,
              8.064592
            ],
            [
              -63.671206,
              8.064367
            ],
            [
              -63.67062,
              8.063924000000156
            ],
            [
              -63.67025599999988,
              8.063265000000172
            ],
            [
              -63.66989299999989,
              8.062605
            ],
            [
              -63.669898,
              8.061874
            ],
            [
              -63.6702,
              8.060934
            ],
            [
              -63.670206,
              8.060203000000115
            ],
            [
              -63.670064,
              8.059398000000158
            ],
            [
              -63.669404,
              8.059028
            ],
            [
              -63.668669,
              8.058804
            ],
            [
              -63.66771099999983,
              8.058799000000135
            ],
            [
              -63.666827,
              8.058793
            ],
            [
              -63.66609099999988,
              8.05857
            ],
            [
              -63.66558,
              8.057982
            ],
            [
              -63.665439,
              8.05717600000014
            ],
            [
              -63.665445,
              8.056372
            ],
            [
              -63.665524,
              8.055568000000164
            ],
            [
              -63.665604,
              8.054764
            ],
            [
              -63.665905,
              8.053888
            ],
            [
              -63.666352,
              8.05323200000015
            ],
            [
              -63.666652,
              8.052503
            ],
            [
              -63.666805999999895,
              8.051626000000113
            ],
            [
              -63.667106,
              8.050896000000137
            ],
            [
              -63.66725899999989,
              8.050166000000104
            ],
            [
              -63.66792699999985,
              8.049511000000109
            ],
            [
              -63.62223999999986,
              8.062582
            ],
            [
              -63.621758,
              8.062804
            ],
            [
              -63.6213699999999,
              8.062996000000112
            ],
            [
              -63.619241,
              8.064033000000109
            ],
            [
              -63.617713,
              8.064784
            ],
            [
              -63.615149,
              8.066067
            ],
            [
              -63.612896,
              8.06715
            ],
            [
              -63.611308,
              8.067917000000136
            ],
            [
              -63.609279,
              8.068888000000186
            ],
            [
              -63.606676,
              8.070143000000144
            ],
            [
              -63.60620699999987,
              8.07037
            ],
            [
              -63.605392,
              8.070764000000167
            ],
            [
              -63.604617999999846,
              8.07113800000019
            ],
            [
              -63.602706999999896,
              8.07207
            ],
            [
              -63.60182799999984,
              8.072482
            ],
            [
              -63.600988,
              8.072869
            ],
            [
              -63.600846,
              8.072931
            ],
            [
              -63.600114,
              8.073198000000104
            ],
            [
              -63.599222,
              8.073541
            ],
            [
              -63.59858,
              8.073804000000166
            ],
            [
              -63.597569,
              8.074165
            ],
            [
              -63.596865,
              8.074454000000117
            ],
            [
              -63.596684,
              8.07452300000017
            ],
            [
              -63.595818,
              8.074898
            ],
            [
              -63.595354,
              8.075117
            ],
            [
              -63.594941,
              8.075336000000107
            ],
            [
              -63.594564,
              8.075544
            ],
            [
              -63.594102,
              8.075802000000124
            ],
            [
              -63.593235,
              8.076293
            ],
            [
              -63.592413,
              8.076761
            ],
            [
              -63.591929,
              8.077038
            ],
            [
              -63.59142899999989,
              8.077322
            ],
            [
              -63.59116,
              8.07748800000013
            ],
            [
              -63.590383,
              8.077928000000156
            ],
            [
              -63.589552,
              8.078392000000179
            ],
            [
              -63.589009,
              8.078705000000127
            ],
            [
              -63.5887,
              8.078907000000129
            ],
            [
              -63.587565,
              8.079557
            ],
            [
              -63.586778,
              8.080004000000145
            ],
            [
              -63.58645499999983,
              8.080187
            ],
            [
              -63.586235,
              8.079922000000124
            ],
            [
              -63.58617299999986,
              8.079845000000148
            ],
            [
              -63.585942,
              8.079539
            ],
            [
              -63.585513,
              8.079026
            ],
            [
              -63.585165,
              8.078569
            ],
            [
              -63.585089,
              8.078465000000165
            ],
            [
              -63.584466,
              8.077723
            ],
            [
              -63.584023,
              8.077191
            ],
            [
              -63.583439,
              8.076452
            ],
            [
              -63.582988,
              8.075908
            ],
            [
              -63.582347,
              8.075117
            ],
            [
              -63.58174999999983,
              8.074383000000125
            ],
            [
              -63.581161,
              8.073685
            ],
            [
              -63.580398,
              8.072757
            ],
            [
              -63.580053,
              8.072366
            ],
            [
              -63.57988699999987,
              8.072192
            ],
            [
              -63.579471999999896,
              8.071777000000111
            ],
            [
              -63.579192,
              8.071523
            ],
            [
              -63.578931999999895,
              8.071301000000176
            ],
            [
              -63.578311,
              8.070829
            ],
            [
              -63.57793,
              8.070563
            ],
            [
              -63.577545,
              8.07031300000017
            ],
            [
              -63.577435,
              8.070244000000116
            ],
            [
              -63.577272,
              8.07017100000013
            ],
            [
              -63.57667,
              8.069886000000167
            ],
            [
              -63.57613299999986,
              8.069636000000116
            ],
            [
              -63.57571899999988,
              8.069439000000159
            ],
            [
              -63.57522399999988,
              8.069216000000154
            ],
            [
              -63.574673999999845,
              8.069005000000118
            ],
            [
              -63.57425599999988,
              8.068865
            ],
            [
              -63.573452,
              8.068609
            ],
            [
              -63.5734,
              8.068866000000128
            ],
            [
              -63.573205,
              8.069993000000125
            ],
            [
              -63.573188,
              8.070067
            ],
            [
              -63.573118,
              8.070634
            ],
            [
              -63.57307,
              8.071117
            ],
            [
              -63.573004,
              8.071752
            ],
            [
              -63.572889,
              8.0723
            ],
            [
              -63.57276799999988,
              8.072828
            ],
            [
              -63.57254499999988,
              8.073864000000128
            ],
            [
              -63.572404,
              8.074533
            ],
            [
              -63.572277,
              8.075077
            ],
            [
              -63.572214,
              8.07528
            ],
            [
              -63.572029,
              8.07595700000013
            ],
            [
              -63.571953,
              8.0763970000001
            ],
            [
              -63.571946,
              8.076533
            ],
            [
              -63.571927,
              8.07666
            ],
            [
              -63.571832,
              8.077226000000167
            ],
            [
              -63.571752,
              8.077557000000184
            ],
            [
              -63.5714789999999,
              8.07844
            ],
            [
              -63.571372,
              8.078747
            ],
            [
              -63.57080699999989,
              8.080205
            ],
            [
              -63.569701,
              8.082648
            ],
            [
              -63.567673,
              8.087325000000135
            ],
            [
              -63.566723,
              8.089427000000171
            ],
            [
              -63.566591999999844,
              8.090037
            ],
            [
              -63.566521,
              8.090131000000156
            ],
            [
              -63.566398,
              8.090278
            ],
            [
              -63.56630099999984,
              8.09035200000011
            ],
            [
              -63.566111,
              8.090460000000178
            ],
            [
              -63.5658949999999,
              8.090529
            ],
            [
              -63.56563999999986,
              8.09061800000012
            ],
            [
              -63.56558799999982,
              8.090678
            ],
            [
              -63.565556,
              8.09071100000017
            ],
            [
              -63.565517999999884,
              8.090857
            ],
            [
              -63.565526,
              8.090943
            ],
            [
              -63.565546,
              8.091003000000171
            ],
            [
              -63.56563999999986,
              8.091127000000142
            ],
            [
              -63.56596,
              8.091513
            ],
            [
              -63.566047,
              8.09167100000019
            ],
            [
              -63.566175,
              8.091961
            ],
            [
              -63.56621599999988,
              8.092092
            ],
            [
              -63.56621699999988,
              8.092165
            ],
            [
              -63.566205,
              8.092251
            ],
            [
              -63.566193,
              8.092311
            ],
            [
              -63.56614699999989,
              8.092371
            ],
            [
              -63.566088,
              8.09238500000015
            ],
            [
              -63.56600899999984,
              8.092373
            ],
            [
              -63.565856,
              8.092216000000178
            ],
            [
              -63.565709,
              8.091979
            ],
            [
              -63.565576,
              8.091862
            ],
            [
              -63.56547699999987,
              8.091837
            ],
            [
              -63.565385999999876,
              8.091858
            ],
            [
              -63.565281,
              8.091905
            ],
            [
              -63.56517699999989,
              8.091992000000118
            ],
            [
              -63.565094,
              8.092172
            ],
            [
              -63.565055999999856,
              8.092338000000154
            ],
            [
              -63.565057,
              8.092417000000125
            ],
            [
              -63.565071,
              8.092477
            ],
            [
              -63.565152,
              8.092608
            ],
            [
              -63.565331,
              8.092764
            ],
            [
              -63.565371,
              8.092830000000163
            ],
            [
              -63.565392,
              8.09289600000011
            ],
            [
              -63.565393,
              8.092995000000144
            ],
            [
              -63.56538099999983,
              8.093108
            ],
            [
              -63.5653549999999,
              8.093141000000173
            ],
            [
              -63.565224999999884,
              8.093275
            ],
            [
              -63.565161,
              8.093368000000112
            ],
            [
              -63.56508999999983,
              8.093521000000123
            ],
            [
              -63.565041,
              8.09376
            ],
            [
              -63.565062999999896,
              8.093978000000106
            ],
            [
              -63.565084,
              8.094136
            ],
            [
              -63.56509299999988,
              8.094341000000156
            ],
            [
              -63.565077,
              8.094599000000187
            ],
            [
              -63.565039,
              8.094759
            ],
            [
              -63.564976999999885,
              8.095024
            ],
            [
              -63.56493299999988,
              8.09519
            ],
            [
              -63.564856,
              8.095396
            ],
            [
              -63.564793,
              8.09557500000011
            ],
            [
              -63.564749,
              8.095748
            ],
            [
              -63.564724999999896,
              8.095933
            ],
            [
              -63.56472799999989,
              8.096165
            ],
            [
              -63.564729999999884,
              8.09633
            ],
            [
              -63.564692,
              8.096509
            ],
            [
              -63.56466,
              8.096582000000126
            ],
            [
              -63.564585,
              8.096828
            ],
            [
              -63.564541,
              8.097027
            ],
            [
              -63.56449,
              8.097179
            ],
            [
              -63.564492,
              8.097364000000141
            ],
            [
              -63.564489,
              8.097636
            ],
            [
              -63.564470999999855,
              8.097781
            ],
            [
              -63.564454,
              8.097993000000145
            ],
            [
              -63.5644769999999,
              8.098271
            ],
            [
              -63.564484,
              8.09835
            ],
            [
              -63.564559,
              8.098508000000152
            ],
            [
              -63.564633,
              8.098646
            ],
            [
              -63.56474,
              8.09885
            ],
            [
              -63.564794,
              8.09895500000016
            ],
            [
              -63.564867,
              8.099007
            ],
            [
              -63.564881,
              8.099060000000122
            ],
            [
              -63.564875,
              8.099165000000141
            ],
            [
              -63.564849999999865,
              8.099285000000123
            ],
            [
              -63.564734,
              8.099471
            ],
            [
              -63.564631,
              8.099651
            ],
            [
              -63.564581,
              8.099824000000126
            ],
            [
              -63.564582,
              8.099943
            ],
            [
              -63.56459099999984,
              8.100108
            ],
            [
              -63.56462,
              8.100366
            ],
            [
              -63.564628,
              8.100425
            ],
            [
              -63.564609,
              8.100491
            ],
            [
              -63.564571,
              8.100618000000111
            ],
            [
              -63.564552999999876,
              8.10077
            ],
            [
              -63.564528,
              8.100936000000104
            ],
            [
              -63.564512,
              8.10124
            ],
            [
              -63.56451399999986,
              8.101405
            ],
            [
              -63.5645219999999,
              8.101511
            ],
            [
              -63.56457,
              8.101669000000186
            ],
            [
              -63.564631,
              8.101788000000113
            ],
            [
              -63.564837,
              8.102003000000138
            ],
            [
              -63.56517499999984,
              8.102231000000131
            ],
            [
              -63.565373,
              8.102334000000155
            ],
            [
              -63.565664,
              8.102503
            ],
            [
              -63.565723999999875,
              8.102561
            ],
            [
              -63.565745,
              8.102634
            ],
            [
              -63.565732,
              8.102713
            ],
            [
              -63.5656479999999,
              8.10284
            ],
            [
              -63.56562999999983,
              8.102906
            ],
            [
              -63.565617,
              8.102973
            ],
            [
              -63.565618,
              8.103032000000155
            ],
            [
              -63.565586,
              8.10307900000015
            ],
            [
              -63.56546799999984,
              8.103127
            ],
            [
              -63.56521899999984,
              8.103229000000113
            ],
            [
              -63.565129,
              8.103309
            ],
            [
              -63.565083,
              8.103389
            ],
            [
              -63.565034,
              8.103674000000183
            ],
            [
              -63.5650169999999,
              8.103906
            ],
            [
              -63.565006,
              8.104032000000132
            ],
            [
              -63.565067,
              8.104209
            ],
            [
              -63.565128,
              8.104328000000123
            ],
            [
              -63.56511,
              8.104493000000105
            ],
            [
              -63.565045,
              8.1046
            ],
            [
              -63.564948,
              8.104694
            ],
            [
              -63.564785,
              8.104768
            ],
            [
              -63.5647,
              8.104822000000127
            ],
            [
              -63.564616,
              8.104949000000147
            ],
            [
              -63.56455199999988,
              8.105082000000152
            ],
            [
              -63.564482,
              8.10527500000012
            ],
            [
              -63.564418,
              8.10545400000018
            ],
            [
              -63.564373,
              8.105521
            ],
            [
              -63.564295,
              8.105614000000116
            ],
            [
              -63.5641839999999,
              8.105662000000166
            ],
            [
              -63.56397399999986,
              8.105665
            ],
            [
              -63.563659,
              8.10566800000015
            ],
            [
              -63.563495,
              8.105703000000176
            ],
            [
              -63.563272,
              8.105772
            ],
            [
              -63.563122,
              8.105820000000108
            ],
            [
              -63.562958,
              8.105902000000128
            ],
            [
              -63.562881,
              8.105969000000186
            ],
            [
              -63.562835,
              8.106068
            ],
            [
              -63.562829,
              8.106174
            ],
            [
              -63.562817,
              8.106398000000127
            ],
            [
              -63.562791,
              8.106648
            ],
            [
              -63.562779,
              8.106799
            ],
            [
              -63.562786,
              8.106951
            ],
            [
              -63.562852,
              8.10712800000016
            ],
            [
              -63.562958,
              8.107306000000108
            ],
            [
              -63.56307,
              8.107463000000166
            ],
            [
              -63.563148999999896,
              8.107522
            ],
            [
              -63.56326099999984,
              8.107542000000137
            ],
            [
              -63.563345999999854,
              8.107528
            ],
            [
              -63.56362899999982,
              8.107468
            ],
            [
              -63.563786,
              8.107501
            ],
            [
              -63.563879,
              8.107547000000181
            ],
            [
              -63.563925,
              8.107599
            ],
            [
              -63.563977,
              8.107645000000105
            ],
            [
              -63.56404999999984,
              8.107763
            ],
            [
              -63.564083,
              8.107862000000125
            ],
            [
              -63.56411,
              8.108027000000106
            ],
            [
              -63.56413,
              8.108099
            ],
            [
              -63.564222999999856,
              8.10825
            ],
            [
              -63.564289,
              8.108388000000105
            ],
            [
              -63.564369,
              8.108618000000149
            ],
            [
              -63.564448,
              8.108763
            ],
            [
              -63.564672,
              8.109013000000118
            ],
            [
              -63.564923,
              8.109203
            ],
            [
              -63.565318,
              8.109432
            ],
            [
              -63.565489,
              8.109576000000175
            ],
            [
              -63.565575,
              8.109734000000117
            ],
            [
              -63.565576,
              8.109932000000128
            ],
            [
              -63.565491,
              8.110208
            ],
            [
              -63.56542,
              8.110472
            ],
            [
              -63.565394,
              8.110584
            ],
            [
              -63.565336,
              8.110722000000123
            ],
            [
              -63.565257,
              8.110828
            ],
            [
              -63.565212,
              8.110966
            ],
            [
              -63.565192,
              8.111059000000125
            ],
            [
              -63.565187,
              8.111250000000155
            ],
            [
              -63.5652,
              8.111335
            ],
            [
              -63.565246,
              8.11137500000018
            ],
            [
              -63.565358,
              8.11142000000018
            ],
            [
              -63.565475999999876,
              8.11142000000018
            ],
            [
              -63.565594,
              8.111367
            ],
            [
              -63.565751,
              8.111228
            ],
            [
              -63.565817,
              8.111156000000165
            ],
            [
              -63.565869,
              8.111149000000125
            ],
            [
              -63.565916,
              8.111175000000173
            ],
            [
              -63.566053999999895,
              8.111267000000112
            ],
            [
              -63.566212,
              8.111299
            ],
            [
              -63.566317,
              8.111273
            ],
            [
              -63.566454,
              8.111220000000117
            ],
            [
              -63.566494,
              8.111219
            ],
            [
              -63.566533,
              8.11123300000014
            ],
            [
              -63.56656,
              8.111279
            ],
            [
              -63.566586,
              8.111377000000175
            ],
            [
              -63.566626,
              8.111436
            ],
            [
              -63.56675799999988,
              8.111515
            ],
            [
              -63.566883,
              8.111554
            ],
            [
              -63.566903,
              8.111600000000124
            ],
            [
              -63.566909,
              8.111646
            ],
            [
              -63.566883,
              8.111699000000158
            ],
            [
              -63.56679,
              8.111964
            ],
            [
              -63.566727,
              8.112055000000112
            ],
            [
              -63.566537,
              8.112240000000156
            ],
            [
              -63.566373,
              8.112372
            ],
            [
              -63.566346999999894,
              8.112425
            ],
            [
              -63.56630799999988,
              8.112557
            ],
            [
              -63.566191,
              8.11284
            ],
            [
              -63.566119,
              8.113011
            ],
            [
              -63.56609999999989,
              8.113097
            ],
            [
              -63.566114,
              8.113202000000172
            ],
            [
              -63.56614,
              8.113334
            ],
            [
              -63.566207,
              8.113551
            ],
            [
              -63.566207,
              8.113656000000105
            ],
            [
              -63.566168,
              8.113815000000102
            ],
            [
              -63.566123,
              8.113979
            ],
            [
              -63.566124,
              8.114111
            ],
            [
              -63.566124,
              8.11432200000013
            ],
            [
              -63.566125,
              8.114460000000179
            ],
            [
              -63.566106,
              8.114677
            ],
            [
              -63.566093,
              8.114809
            ],
            [
              -63.56609999999989,
              8.114914
            ],
            [
              -63.56617299999988,
              8.115046000000177
            ],
            [
              -63.566515999999865,
              8.115394
            ],
            [
              -63.56655599999988,
              8.115459
            ],
            [
              -63.56655599999988,
              8.115617000000157
            ],
            [
              -63.56659,
              8.115742000000182
            ],
            [
              -63.566623,
              8.115848
            ],
            [
              -63.566689,
              8.11594
            ],
            [
              -63.56684699999988,
              8.116097
            ],
            [
              -63.56693299999989,
              8.116222000000107
            ],
            [
              -63.566973,
              8.11638
            ],
            [
              -63.56696099999982,
              8.116623
            ],
            [
              -63.56693499999989,
              8.116762
            ],
            [
              -63.566837,
              8.116966
            ],
            [
              -63.566693,
              8.117085
            ],
            [
              -63.566515999999865,
              8.117132
            ],
            [
              -63.56628,
              8.117172
            ],
            [
              -63.566089,
              8.117245
            ],
            [
              -63.565827,
              8.117384000000186
            ],
            [
              -63.565643,
              8.1174630000001
            ],
            [
              -63.565506,
              8.117503
            ],
            [
              -63.565329,
              8.117622000000154
            ],
            [
              -63.56518499999987,
              8.117754
            ],
            [
              -63.565113,
              8.117886000000112
            ],
            [
              -63.565074,
              8.118058000000133
            ],
            [
              -63.565042,
              8.118268000000114
            ],
            [
              -63.565023,
              8.118374000000188
            ],
            [
              -63.56501,
              8.118466000000183
            ],
            [
              -63.564919,
              8.118644000000131
            ],
            [
              -63.564834,
              8.118875
            ],
            [
              -63.56480699999986,
              8.118979000000138
            ],
            [
              -63.564784,
              8.119066
            ],
            [
              -63.564776,
              8.11909900000012
            ],
            [
              -63.564743,
              8.11927
            ],
            [
              -63.564744,
              8.119468
            ],
            [
              -63.564752,
              8.119777000000113
            ],
            [
              -63.564792,
              8.11992800000013
            ],
            [
              -63.564890999999875,
              8.120040000000188
            ],
            [
              -63.565155,
              8.120263
            ],
            [
              -63.56547099999989,
              8.120479000000103
            ],
            [
              -63.565629,
              8.120578000000137
            ],
            [
              -63.565747,
              8.120643
            ],
            [
              -63.56589799999989,
              8.120676
            ],
            [
              -63.566069,
              8.120622
            ],
            [
              -63.566286,
              8.120569000000103
            ],
            [
              -63.566417,
              8.120575
            ],
            [
              -63.56655499999988,
              8.120621000000142
            ],
            [
              -63.56664099999989,
              8.120667
            ],
            [
              -63.566746,
              8.120719
            ],
            [
              -63.566819,
              8.120805
            ],
            [
              -63.56684499999989,
              8.120923
            ],
            [
              -63.56682,
              8.121028
            ],
            [
              -63.566754,
              8.121134
            ],
            [
              -63.566696,
              8.121259000000123
            ],
            [
              -63.566676,
              8.121404
            ],
            [
              -63.566677,
              8.121569
            ],
            [
              -63.566619,
              8.121740000000159
            ],
            [
              -63.56659899999988,
              8.121799
            ],
            [
              -63.56659999999988,
              8.121925
            ],
            [
              -63.56658,
              8.121984000000111
            ],
            [
              -63.566534,
              8.122017
            ],
            [
              -63.566357,
              8.122011
            ],
            [
              -63.56630399999989,
              8.122037
            ],
            [
              -63.566245,
              8.122084
            ],
            [
              -63.56617299999988,
              8.122143000000108
            ],
            [
              -63.56600999999989,
              8.122334
            ],
            [
              -63.565918,
              8.122447
            ],
            [
              -63.565643,
              8.122625
            ],
            [
              -63.565426999999886,
              8.122764000000132
            ],
            [
              -63.565326,
              8.122872
            ],
            [
              -63.565273,
              8.122945
            ],
            [
              -63.565257,
              8.122968000000128
            ],
            [
              -63.565252,
              8.122988
            ],
            [
              -63.565253,
              8.122994000000176
            ],
            [
              -63.565256,
              8.123031
            ],
            [
              -63.565264,
              8.123045000000104
            ],
            [
              -63.565265999999895,
              8.123049
            ],
            [
              -63.565281,
              8.12308800000011
            ],
            [
              -63.565294,
              8.123110000000167
            ],
            [
              -63.565316,
              8.12314
            ],
            [
              -63.565415,
              8.123238000000129
            ],
            [
              -63.565551,
              8.123432
            ],
            [
              -63.565627,
              8.123626
            ],
            [
              -63.56567399999983,
              8.123751
            ],
            [
              -63.565727,
              8.124014
            ],
            [
              -63.565728,
              8.124376
            ],
            [
              -63.565716999999836,
              8.124870000000158
            ],
            [
              -63.56572499999987,
              8.125128000000188
            ],
            [
              -63.565732,
              8.125332000000185
            ],
            [
              -63.565746,
              8.125496
            ],
            [
              -63.565746,
              8.125543
            ],
            [
              -63.565681,
              8.125852
            ],
            [
              -63.565643,
              8.12607000000014
            ],
            [
              -63.565584,
              8.126247
            ],
            [
              -63.565572,
              8.126412000000187
            ],
            [
              -63.565592,
              8.12659600000012
            ],
            [
              -63.565638,
              8.126702
            ],
            [
              -63.565723999999875,
              8.126846
            ],
            [
              -63.565909,
              8.127076
            ],
            [
              -63.566226,
              8.127365000000168
            ],
            [
              -63.566483,
              8.127555
            ],
            [
              -63.566694,
              8.127719000000127
            ],
            [
              -63.566787,
              8.12778400000019
            ],
            [
              -63.566826,
              8.127803
            ],
            [
              -63.56688899999989,
              8.127867000000151
            ],
            [
              -63.566904,
              8.127896
            ],
            [
              -63.566957,
              8.127949000000172
            ],
            [
              -63.567055999999866,
              8.127975
            ],
            [
              -63.56718099999989,
              8.12804
            ],
            [
              -63.567303,
              8.128021000000103
            ],
            [
              -63.5673129999999,
              8.128023
            ],
            [
              -63.567364,
              8.128041000000167
            ],
            [
              -63.567395,
              8.128067000000158
            ],
            [
              -63.567463,
              8.128154
            ],
            [
              -63.56747299999989,
              8.12817200000012
            ],
            [
              -63.56756299999989,
              8.128388
            ],
            [
              -63.567616,
              8.128533000000175
            ],
            [
              -63.567643,
              8.128645
            ],
            [
              -63.567624,
              8.128743000000156
            ],
            [
              -63.567611,
              8.128809000000103
            ],
            [
              -63.56759199999988,
              8.128948
            ],
            [
              -63.56759199999988,
              8.12910600000015
            ],
            [
              -63.5676059999999,
              8.12923700000016
            ],
            [
              -63.567593,
              8.129303000000107
            ],
            [
              -63.567495,
              8.129475000000127
            ],
            [
              -63.56741,
              8.1296660000001
            ],
            [
              -63.567352,
              8.129877
            ],
            [
              -63.5673129999999,
              8.130041
            ],
            [
              -63.567287,
              8.130193
            ],
            [
              -63.567288,
              8.130384
            ],
            [
              -63.567289,
              8.130542000000105
            ],
            [
              -63.567303,
              8.1307
            ],
            [
              -63.567178999999896,
              8.131128000000103
            ],
            [
              -63.567105,
              8.131143000000122
            ],
            [
              -63.567101,
              8.13116100000019
            ],
            [
              -63.567101,
              8.131253000000186
            ],
            [
              -63.567128,
              8.131398000000104
            ],
            [
              -63.567188,
              8.13176
            ],
            [
              -63.567209,
              8.131931000000122
            ],
            [
              -63.56726199999986,
              8.132155000000182
            ],
            [
              -63.567289,
              8.132247000000177
            ],
            [
              -63.567375,
              8.132405
            ],
            [
              -63.567493,
              8.132543000000112
            ],
            [
              -63.56756,
              8.132674000000122
            ],
            [
              -63.567685,
              8.132891000000143
            ],
            [
              -63.567778,
              8.133016
            ],
            [
              -63.567915,
              8.13314800000012
            ],
            [
              -63.567989,
              8.133206
            ],
            [
              -63.568206,
              8.133266000000106
            ],
            [
              -63.56835099999989,
              8.133395000000121
            ],
            [
              -63.56849,
              8.133605000000102
            ],
            [
              -63.568667,
              8.133864000000187
            ],
            [
              -63.568791,
              8.133993
            ],
            [
              -63.568984,
              8.13413800000012
            ],
            [
              -63.569059,
              8.134241000000145
            ],
            [
              -63.569126,
              8.134341
            ],
            [
              -63.56921999999986,
              8.13445600000017
            ],
            [
              -63.569317,
              8.134553
            ],
            [
              -63.569365,
              8.134682
            ],
            [
              -63.569376,
              8.134747
            ],
            [
              -63.56934699999988,
              8.134816000000114
            ],
            [
              -63.569219,
              8.134898000000135
            ],
            [
              -63.569133,
              8.134957
            ],
            [
              -63.56909999999988,
              8.135
            ],
            [
              -63.56904,
              8.135178
            ],
            [
              -63.56900799999988,
              8.135264
            ],
            [
              -63.568905,
              8.135366000000147
            ],
            [
              -63.568867,
              8.135442000000182
            ],
            [
              -63.568824,
              8.135555000000124
            ],
            [
              -63.56880699999988,
              8.1355870000001
            ],
            [
              -63.568764,
              8.135609000000159
            ],
            [
              -63.56864599999989,
              8.135619
            ],
            [
              -63.568549,
              8.135571
            ],
            [
              -63.568323,
              8.135345
            ],
            [
              -63.568248,
              8.135286
            ],
            [
              -63.568167,
              8.135270000000162
            ],
            [
              -63.56804299999982,
              8.135253
            ],
            [
              -63.567876,
              8.135259000000133
            ],
            [
              -63.567714,
              8.135313000000167
            ],
            [
              -63.567585,
              8.135388
            ],
            [
              -63.567542,
              8.135447
            ],
            [
              -63.567498,
              8.135534000000177
            ],
            [
              -63.5674709999999,
              8.135701000000154
            ],
            [
              -63.567481,
              8.135814
            ],
            [
              -63.567524,
              8.13599100000016
            ],
            [
              -63.56755,
              8.136083
            ],
            [
              -63.567609,
              8.136228
            ],
            [
              -63.567658,
              8.136282
            ],
            [
              -63.567786,
              8.136417
            ],
            [
              -63.567867,
              8.136530000000164
            ],
            [
              -63.567937,
              8.136621
            ],
            [
              -63.568049,
              8.136740000000145
            ],
            [
              -63.568205,
              8.136837000000128
            ],
            [
              -63.568383,
              8.136912000000166
            ],
            [
              -63.566597999999885,
              8.146854000000133
            ],
            [
              -63.566074745999856,
              8.150820928000087
            ],
            [
              -63.56704409099996,
              8.150589306000086
            ],
            [
              -63.57198431099994,
              8.149183256000128
            ],
            [
              -63.578060588999904,
              8.148370206000152
            ],
            [
              -63.58126472999999,
              8.148310191000064
            ],
            [
              -63.58412603099987,
              8.14950765600014
            ],
            [
              -63.591267202999916,
              8.152496260000134
            ],
            [
              -63.594354343999896,
              8.15266424900011
            ],
            [
              -63.605630860999895,
              8.15583928500007
            ],
            [
              -63.61615034199997,
              8.15624824200006
            ],
            [
              -63.6215956019999,
              8.1592093000001
            ],
            [
              -63.62945796199995,
              8.161293323000166
            ],
            [
              -63.63533924699993,
              8.16575240800006
            ]
          ]
        ]
      }
    },
    {
      "type": "Feature",
      "properties": {
        "Pais": "Venezuela",
        "Estado": "Bolívar",
        "Municipio": "Angostura del Orinoco",
        "Parroquia": "Catedral"
      },
      "geometry": {
        "type": "Polygon",
        "coordinates": [
          [
            [
              -63.50664431799987,
              8.166714658999979
            ],
            [
              -63.506843433999904,
              8.166870983000138
            ],
            [
              -63.51063660099999,
              8.165674932000059
            ],
            [
              -63.518231932999925,
              8.16282383100014
            ],
            [
              -63.52560524899991,
              8.159510715000067
            ],
            [
              -63.529374428999915,
              8.159919700999978
            ],
            [
              -63.5361067369999,
              8.161068703000012
            ],
            [
              -63.53866183599985,
              8.15858863000011
            ],
            [
              -63.54326604299996,
              8.15683256400007
            ],
            [
              -63.553719500999875,
              8.154030455000168
            ],
            [
              -63.55808769599997,
              8.152729405000173
            ],
            [
              -63.566074745999856,
              8.150820928000087
            ],
            [
              -63.566597999999885,
              8.146854000000133
            ],
            [
              -63.568383,
              8.136912000000166
            ],
            [
              -63.568205,
              8.136837000000128
            ],
            [
              -63.568049,
              8.136740000000145
            ],
            [
              -63.567937,
              8.136621
            ],
            [
              -63.567867,
              8.136530000000164
            ],
            [
              -63.567786,
              8.136417
            ],
            [
              -63.567658,
              8.136282
            ],
            [
              -63.567609,
              8.136228
            ],
            [
              -63.56755,
              8.136083
            ],
            [
              -63.567524,
              8.13599100000016
            ],
            [
              -63.567481,
              8.135814
            ],
            [
              -63.5674709999999,
              8.135701000000154
            ],
            [
              -63.567498,
              8.135534000000177
            ],
            [
              -63.567542,
              8.135447
            ],
            [
              -63.567585,
              8.135388
            ],
            [
              -63.567714,
              8.135313000000167
            ],
            [
              -63.567876,
              8.135259000000133
            ],
            [
              -63.56804299999982,
              8.135253
            ],
            [
              -63.568167,
              8.135270000000162
            ],
            [
              -63.568248,
              8.135286
            ],
            [
              -63.568323,
              8.135345
            ],
            [
              -63.568549,
              8.135571
            ],
            [
              -63.56864599999989,
              8.135619
            ],
            [
              -63.568764,
              8.135609000000159
            ],
            [
              -63.56880699999988,
              8.1355870000001
            ],
            [
              -63.568824,
              8.135555000000124
            ],
            [
              -63.568867,
              8.135442000000182
            ],
            [
              -63.568905,
              8.135366000000147
            ],
            [
              -63.56900799999988,
              8.135264
            ],
            [
              -63.56904,
              8.135178
            ],
            [
              -63.56909999999988,
              8.135
            ],
            [
              -63.569133,
              8.134957
            ],
            [
              -63.569219,
              8.134898000000135
            ],
            [
              -63.56934699999988,
              8.134816000000114
            ],
            [
              -63.569376,
              8.134747
            ],
            [
              -63.569365,
              8.134682
            ],
            [
              -63.569317,
              8.134553
            ],
            [
              -63.56921999999986,
              8.13445600000017
            ],
            [
              -63.569126,
              8.134341
            ],
            [
              -63.569059,
              8.134241000000145
            ],
            [
              -63.568984,
              8.13413800000012
            ],
            [
              -63.568791,
              8.133993
            ],
            [
              -63.568667,
              8.133864000000187
            ],
            [
              -63.56849,
              8.133605000000102
            ],
            [
              -63.56835099999989,
              8.133395000000121
            ],
            [
              -63.568206,
              8.133266000000106
            ],
            [
              -63.567989,
              8.133206
            ],
            [
              -63.567915,
              8.13314800000012
            ],
            [
              -63.567778,
              8.133016
            ],
            [
              -63.567685,
              8.132891000000143
            ],
            [
              -63.56756,
              8.132674000000122
            ],
            [
              -63.567493,
              8.132543000000112
            ],
            [
              -63.567375,
              8.132405
            ],
            [
              -63.567289,
              8.132247000000177
            ],
            [
              -63.56726199999986,
              8.132155000000182
            ],
            [
              -63.567209,
              8.131931000000122
            ],
            [
              -63.567188,
              8.13176
            ],
            [
              -63.567128,
              8.131398000000104
            ],
            [
              -63.567101,
              8.131253000000186
            ],
            [
              -63.567101,
              8.13116100000019
            ],
            [
              -63.567105,
              8.131143000000122
            ],
            [
              -63.567178999999896,
              8.131128000000103
            ],
            [
              -63.567303,
              8.1307
            ],
            [
              -63.567289,
              8.130542000000105
            ],
            [
              -63.567288,
              8.130384
            ],
            [
              -63.567287,
              8.130193
            ],
            [
              -63.5673129999999,
              8.130041
            ],
            [
              -63.567352,
              8.129877
            ],
            [
              -63.56741,
              8.1296660000001
            ],
            [
              -63.567495,
              8.129475000000127
            ],
            [
              -63.567593,
              8.129303000000107
            ],
            [
              -63.5676059999999,
              8.12923700000016
            ],
            [
              -63.56759199999988,
              8.12910600000015
            ],
            [
              -63.56759199999988,
              8.128948
            ],
            [
              -63.567611,
              8.128809000000103
            ],
            [
              -63.567624,
              8.128743000000156
            ],
            [
              -63.567643,
              8.128645
            ],
            [
              -63.567616,
              8.128533000000175
            ],
            [
              -63.56756299999989,
              8.128388
            ],
            [
              -63.56747299999989,
              8.12817200000012
            ],
            [
              -63.567463,
              8.128154
            ],
            [
              -63.567395,
              8.128067000000158
            ],
            [
              -63.567364,
              8.128041000000167
            ],
            [
              -63.5673129999999,
              8.128023
            ],
            [
              -63.567303,
              8.128021000000103
            ],
            [
              -63.56718099999989,
              8.12804
            ],
            [
              -63.567055999999866,
              8.127975
            ],
            [
              -63.566957,
              8.127949000000172
            ],
            [
              -63.566904,
              8.127896
            ],
            [
              -63.56688899999989,
              8.127867000000151
            ],
            [
              -63.566826,
              8.127803
            ],
            [
              -63.566787,
              8.12778400000019
            ],
            [
              -63.566694,
              8.127719000000127
            ],
            [
              -63.565707,
              8.128452
            ],
            [
              -63.56538099999983,
              8.128679
            ],
            [
              -63.564747,
              8.128965
            ],
            [
              -63.564105,
              8.129172
            ],
            [
              -63.563786,
              8.129232000000115
            ],
            [
              -63.563522,
              8.129266
            ],
            [
              -63.563323,
              8.129276000000175
            ],
            [
              -63.56299,
              8.129283
            ],
            [
              -63.560877,
              8.129208
            ],
            [
              -63.560819,
              8.129204
            ],
            [
              -63.56034899999986,
              8.129186
            ],
            [
              -63.559385,
              8.129239000000155
            ],
            [
              -63.558822,
              8.129085
            ],
            [
              -63.549815,
              8.124946
            ],
            [
              -63.548763999999835,
              8.124439
            ],
            [
              -63.5455649999999,
              8.123012
            ],
            [
              -63.545004,
              8.122765
            ],
            [
              -63.544805999999824,
              8.122706000000164
            ],
            [
              -63.544453,
              8.12274200000013
            ],
            [
              -63.543908,
              8.123180000000104
            ],
            [
              -63.542046,
              8.12479
            ],
            [
              -63.541254,
              8.125252000000103
            ],
            [
              -63.539707,
              8.126023000000146
            ],
            [
              -63.53818499999983,
              8.126616000000183
            ],
            [
              -63.537173,
              8.126889
            ],
            [
              -63.535832,
              8.12708
            ],
            [
              -63.532728,
              8.127533
            ],
            [
              -63.531705,
              8.127652000000126
            ],
            [
              -63.531317999999885,
              8.127629000000184
            ],
            [
              -63.530721,
              8.127464
            ],
            [
              -63.528222,
              8.126344
            ],
            [
              -63.527346,
              8.125920000000178
            ],
            [
              -63.526505,
              8.125578
            ],
            [
              -63.523096,
              8.124045
            ],
            [
              -63.518775,
              8.122134
            ],
            [
              -63.514304,
              8.120117000000164
            ],
            [
              -63.510147,
              8.118242000000123
            ],
            [
              -63.507552,
              8.116920000000164
            ],
            [
              -63.50753499999985,
              8.117024
            ],
            [
              -63.50754199999989,
              8.11708300000015
            ],
            [
              -63.507554,
              8.117279000000167
            ],
            [
              -63.50755,
              8.117488
            ],
            [
              -63.50753999999989,
              8.117693000000145
            ],
            [
              -63.50753,
              8.117860000000121
            ],
            [
              -63.50749699999989,
              8.11801
            ],
            [
              -63.507464,
              8.118121
            ],
            [
              -63.507398,
              8.118251000000157
            ],
            [
              -63.50737199999986,
              8.118287
            ],
            [
              -63.507335999999896,
              8.118336
            ],
            [
              -63.507297,
              8.118378000000178
            ],
            [
              -63.507225,
              8.118443
            ],
            [
              -63.507127,
              8.118515000000116
            ],
            [
              -63.507078,
              8.11857700000013
            ],
            [
              -63.507055,
              8.118613
            ],
            [
              -63.50698,
              8.118701
            ],
            [
              -63.50695,
              8.118730000000141
            ],
            [
              -63.506895,
              8.118785
            ],
            [
              -63.506611,
              8.118981000000133
            ],
            [
              -63.506522,
              8.119046
            ],
            [
              -63.506447,
              8.119098
            ],
            [
              -63.50632999999988,
              8.11918500000013
            ],
            [
              -63.506169999999884,
              8.119302
            ],
            [
              -63.506065,
              8.119371
            ],
            [
              -63.506023,
              8.119400000000155
            ],
            [
              -63.505941,
              8.119436000000121
            ],
            [
              -63.505755,
              8.119507000000112
            ],
            [
              -63.505644,
              8.11953300000016
            ],
            [
              -63.505553,
              8.119565000000136
            ],
            [
              -63.50549699999988,
              8.119608000000142
            ],
            [
              -63.505461,
              8.119656
            ],
            [
              -63.505445,
              8.119682
            ],
            [
              -63.505313,
              8.119996
            ],
            [
              -63.505153,
              8.120345
            ],
            [
              -63.504994999999894,
              8.120674
            ],
            [
              -63.504979,
              8.120716000000186
            ],
            [
              -63.504916999999864,
              8.120827000000133
            ],
            [
              -63.50474999999989,
              8.121137
            ],
            [
              -63.504681,
              8.121241
            ],
            [
              -63.504524,
              8.121522
            ],
            [
              -63.504442,
              8.121711
            ],
            [
              -63.504399,
              8.121835
            ],
            [
              -63.50436899999988,
              8.122014
            ],
            [
              -63.504349,
              8.122115000000122
            ],
            [
              -63.504289999999855,
              8.12222
            ],
            [
              -63.5042509999999,
              8.122311000000138
            ],
            [
              -63.504202,
              8.122396
            ],
            [
              -63.50415,
              8.122448000000134
            ],
            [
              -63.504107,
              8.12249
            ],
            [
              -63.504052,
              8.122516
            ],
            [
              -63.503983,
              8.122555
            ],
            [
              -63.503924,
              8.122581
            ],
            [
              -63.50386899999984,
              8.122623
            ],
            [
              -63.50378,
              8.122702000000174
            ],
            [
              -63.503689,
              8.12283500000018
            ],
            [
              -63.503617,
              8.122949000000176
            ],
            [
              -63.503561,
              8.123083
            ],
            [
              -63.503515,
              8.123197000000118
            ],
            [
              -63.5035079999999,
              8.123295
            ],
            [
              -63.503511,
              8.123367000000144
            ],
            [
              -63.50353699999988,
              8.12343600000014
            ],
            [
              -63.503547,
              8.123468000000116
            ],
            [
              -63.503599,
              8.123622
            ],
            [
              -63.50368,
              8.123785
            ],
            [
              -63.50374099999988,
              8.123877
            ],
            [
              -63.50381,
              8.123959
            ],
            [
              -63.503891,
              8.124028000000123
            ],
            [
              -63.504028,
              8.124123000000168
            ],
            [
              -63.504321,
              8.124297000000183
            ],
            [
              -63.504493,
              8.12440800000013
            ],
            [
              -63.504584,
              8.124477000000127
            ],
            [
              -63.504646,
              8.12454600000018
            ],
            [
              -63.504809,
              8.124703000000181
            ],
            [
              -63.504906,
              8.124821000000168
            ],
            [
              -63.504962,
              8.124896000000149
            ],
            [
              -63.50499399999984,
              8.124974
            ],
            [
              -63.50503,
              8.125115000000164
            ],
            [
              -63.505052,
              8.12532700000014
            ],
            [
              -63.505058,
              8.125464
            ],
            [
              -63.505093,
              8.125608000000113
            ],
            [
              -63.505136,
              8.125719
            ],
            [
              -63.505428,
              8.126141000000132
            ],
            [
              -63.50553499999984,
              8.126272000000142
            ],
            [
              -63.505656,
              8.126403000000153
            ],
            [
              -63.50583399999988,
              8.126606
            ],
            [
              -63.505971,
              8.126753000000178
            ],
            [
              -63.506039,
              8.126803
            ],
            [
              -63.506104,
              8.126875
            ],
            [
              -63.506176,
              8.126963000000103
            ],
            [
              -63.506221,
              8.126999
            ],
            [
              -63.506264,
              8.127022
            ],
            [
              -63.506285999999875,
              8.127058
            ],
            [
              -63.506322,
              8.127166
            ],
            [
              -63.506335,
              8.127284
            ],
            [
              -63.50632499999983,
              8.127368
            ],
            [
              -63.506312,
              8.12743
            ],
            [
              -63.506292,
              8.127496000000178
            ],
            [
              -63.506246,
              8.127574
            ],
            [
              -63.5062,
              8.127639000000102
            ],
            [
              -63.50616699999989,
              8.127668
            ],
            [
              -63.506109,
              8.127707
            ],
            [
              -63.506047,
              8.127727000000107
            ],
            [
              -63.50599799999986,
              8.127733
            ],
            [
              -63.505942,
              8.127753
            ],
            [
              -63.50589,
              8.127779000000146
            ],
            [
              -63.505851,
              8.127801
            ],
            [
              -63.505805,
              8.127844
            ],
            [
              -63.505753,
              8.127899000000127
            ],
            [
              -63.505511,
              8.12825800000013
            ],
            [
              -63.505421999999896,
              8.128421000000117
            ],
            [
              -63.505356,
              8.128558000000112
            ],
            [
              -63.505301,
              8.128678
            ],
            [
              -63.505284,
              8.128756000000124
            ],
            [
              -63.505264,
              8.128907
            ],
            [
              -63.505214,
              8.129246
            ],
            [
              -63.505184,
              8.129608000000133
            ],
            [
              -63.505191,
              8.129671
            ],
            [
              -63.50524899999988,
              8.129837
            ],
            [
              -63.505262,
              8.129952000000173
            ],
            [
              -63.505241,
              8.130151000000126
            ],
            [
              -63.50524399999989,
              8.130271000000107
            ],
            [
              -63.505273,
              8.130412
            ],
            [
              -63.50528,
              8.130494
            ],
            [
              -63.505263,
              8.130601
            ],
            [
              -63.50524,
              8.130683
            ],
            [
              -63.505211,
              8.130729000000144
            ],
            [
              -63.505181,
              8.130797
            ],
            [
              -63.505178,
              8.130895
            ],
            [
              -63.505147,
              8.131208000000186
            ],
            [
              -63.505118,
              8.131414000000177
            ],
            [
              -63.505058,
              8.131636
            ],
            [
              -63.505019,
              8.131802000000107
            ],
            [
              -63.50495599999988,
              8.132031
            ],
            [
              -63.504966,
              8.132142
            ],
            [
              -63.504992,
              8.132223000000124
            ],
            [
              -63.505057,
              8.132292000000177
            ],
            [
              -63.50518,
              8.132355
            ],
            [
              -63.505265,
              8.132414
            ],
            [
              -63.50534,
              8.132505
            ],
            [
              -63.505369,
              8.132564000000116
            ],
            [
              -63.505382,
              8.132633000000112
            ],
            [
              -63.505368,
              8.132721000000117
            ],
            [
              -63.505313,
              8.132825
            ],
            [
              -63.50515899999988,
              8.133004
            ],
            [
              -63.505094,
              8.133053
            ],
            [
              -63.505028,
              8.133105000000114
            ],
            [
              -63.50494999999984,
              8.13319300000012
            ],
            [
              -63.50487,
              8.13339
            ],
            [
              -63.50487399999986,
              8.133582000000104
            ],
            [
              -63.50490999999988,
              8.133726000000138
            ],
            [
              -63.504936,
              8.133798
            ],
            [
              -63.505038,
              8.133902000000148
            ],
            [
              -63.505182,
              8.133993
            ],
            [
              -63.505384,
              8.134077
            ],
            [
              -63.50556,
              8.134164000000169
            ],
            [
              -63.505756,
              8.13428400000015
            ],
            [
              -63.505933,
              8.13433600000019
            ],
            [
              -63.506092,
              8.134303000000102
            ],
            [
              -63.506216,
              8.134237000000155
            ],
            [
              -63.506363,
              8.13419400000015
            ],
            [
              -63.50645399999985,
              8.134226000000126
            ],
            [
              -63.50648,
              8.134347
            ],
            [
              -63.506429,
              8.134579
            ],
            [
              -63.506381,
              8.134766
            ],
            [
              -63.506306,
              8.135017
            ],
            [
              -63.506389,
              8.135207
            ],
            [
              -63.506523,
              8.135337
            ],
            [
              -63.506696,
              8.13546300000013
            ],
            [
              -63.506816,
              8.135492
            ],
            [
              -63.506956999999886,
              8.135544
            ],
            [
              -63.507062,
              8.135648000000174
            ],
            [
              -63.507108,
              8.135926
            ],
            [
              -63.507128,
              8.136180000000138
            ],
            [
              -63.507145,
              8.136242000000152
            ],
            [
              -63.507178,
              8.136331
            ],
            [
              -63.507188,
              8.136373000000106
            ],
            [
              -63.507194,
              8.136425
            ],
            [
              -63.50723,
              8.136471
            ],
            [
              -63.50725299999988,
              8.136481000000174
            ],
            [
              -63.507359,
              8.136503
            ],
            [
              -63.507483,
              8.136522
            ],
            [
              -63.507554,
              8.136548
            ],
            [
              -63.50761,
              8.136616000000174
            ],
            [
              -63.507597,
              8.136718
            ],
            [
              -63.50754199999989,
              8.136842
            ],
            [
              -63.50749999999988,
              8.136966
            ],
            [
              -63.507478,
              8.137146000000143
            ],
            [
              -63.507488,
              8.13728
            ],
            [
              -63.507508,
              8.137404000000174
            ],
            [
              -63.507528,
              8.137528000000145
            ],
            [
              -63.507558,
              8.137626
            ],
            [
              -63.507583999999895,
              8.137711
            ],
            [
              -63.507623,
              8.137792000000104
            ],
            [
              -63.507663,
              8.137864
            ],
            [
              -63.507722,
              8.137955
            ],
            [
              -63.507783999999845,
              8.13804
            ],
            [
              -63.507843,
              8.138115
            ],
            [
              -63.507925,
              8.138222
            ],
            [
              -63.50798,
              8.138336
            ],
            [
              -63.508017,
              8.138444
            ],
            [
              -63.508027,
              8.138549
            ],
            [
              -63.508014,
              8.13865
            ],
            [
              -63.507943,
              8.138866000000178
            ],
            [
              -63.507891,
              8.139059000000145
            ],
            [
              -63.507892,
              8.13917
            ],
            [
              -63.507882,
              8.139333
            ],
            [
              -63.507912,
              8.139486000000147
            ],
            [
              -63.507935,
              8.139565000000118
            ],
            [
              -63.507921999999894,
              8.139607000000183
            ],
            [
              -63.507887,
              8.139781
            ],
            [
              -63.507858,
              8.139915
            ],
            [
              -63.507826,
              8.140045
            ],
            [
              -63.507783999999845,
              8.140232
            ],
            [
              -63.50774799999988,
              8.140366
            ],
            [
              -63.507719,
              8.140451
            ],
            [
              -63.507681,
              8.140644
            ],
            [
              -63.507671,
              8.140771
            ],
            [
              -63.507675,
              8.14086900000018
            ],
            [
              -63.507675,
              8.140889
            ],
            [
              -63.507685,
              8.141072
            ],
            [
              -63.507722,
              8.141258
            ],
            [
              -63.50774799999988,
              8.141352000000154
            ],
            [
              -63.507781,
              8.141431000000125
            ],
            [
              -63.50783299999989,
              8.14147000000014
            ],
            [
              -63.507882,
              8.141505
            ],
            [
              -63.50794799999983,
              8.141528000000164
            ],
            [
              -63.507989999999836,
              8.14156400000013
            ],
            [
              -63.50799999999987,
              8.141603000000146
            ],
            [
              -63.507918,
              8.14259
            ],
            [
              -63.507925,
              8.142753
            ],
            [
              -63.507886,
              8.14289
            ],
            [
              -63.507848,
              8.142998
            ],
            [
              -63.507822,
              8.14305400000012
            ],
            [
              -63.507779,
              8.14310300000011
            ],
            [
              -63.507721,
              8.143152
            ],
            [
              -63.507685,
              8.14319200000017
            ],
            [
              -63.507574,
              8.144191
            ],
            [
              -63.507563,
              8.14476
            ],
            [
              -63.507563,
              8.144868
            ],
            [
              -63.507516,
              8.145485000000178
            ],
            [
              -63.507448,
              8.145747
            ],
            [
              -63.5074,
              8.145878
            ],
            [
              -63.507363999999825,
              8.145940000000166
            ],
            [
              -63.50740599999983,
              8.146015000000148
            ],
            [
              -63.507423,
              8.146003
            ],
            [
              -63.507485,
              8.14596
            ],
            [
              -63.507423,
              8.147208
            ],
            [
              -63.507424,
              8.147208
            ],
            [
              -63.507489,
              8.14730900000012
            ],
            [
              -63.50748,
              8.147345
            ],
            [
              -63.507482,
              8.14735400000012
            ],
            [
              -63.507519,
              8.147371
            ],
            [
              -63.507561,
              8.147342
            ],
            [
              -63.50758699999989,
              8.147335000000112
            ],
            [
              -63.50762999999989,
              8.147345
            ],
            [
              -63.507697999999834,
              8.147416
            ],
            [
              -63.507767,
              8.147583
            ],
            [
              -63.50783699999988,
              8.147847
            ],
            [
              -63.507883,
              8.148167
            ],
            [
              -63.507919,
              8.148307000000102
            ],
            [
              -63.50791,
              8.148376
            ],
            [
              -63.507887,
              8.148409000000186
            ],
            [
              -63.507815,
              8.148415000000114
            ],
            [
              -63.507721,
              8.148406
            ],
            [
              -63.5076,
              8.14839
            ],
            [
              -63.507434,
              8.148358
            ],
            [
              -63.50736599999988,
              8.148348000000112
            ],
            [
              -63.506992,
              8.154752
            ],
            [
              -63.50664431799987,
              8.166714658999979
            ]
          ]
        ]
      }
    },
    {
      "type": "Feature",
      "properties": {
        "Pais": "Venezuela",
        "Estado": "Bolívar",
        "Municipio": "Angostura del Orinoco",
        "Parroquia": "Jose Antonio Paez"
      },
      "geometry": {
        "type": "Polygon",
        "coordinates": [
          [
            [
              -63.539042,
              8.059108000000151
            ],
            [
              -63.53943,
              8.059155
            ],
            [
              -63.539578,
              8.059184000000187
            ],
            [
              -63.54091,
              8.059311
            ],
            [
              -63.54122599999988,
              8.059354
            ],
            [
              -63.541708,
              8.059477000000129
            ],
            [
              -63.54298199999988,
              8.05985800000019
            ],
            [
              -63.543109,
              8.059878
            ],
            [
              -63.543927,
              8.060093000000109
            ],
            [
              -63.545637999999826,
              8.060583000000122
            ],
            [
              -63.545788,
              8.060636000000102
            ],
            [
              -63.545930999999825,
              8.06066
            ],
            [
              -63.547492,
              8.06112000000013
            ],
            [
              -63.548952,
              8.061518
            ],
            [
              -63.54923799999989,
              8.061620000000119
            ],
            [
              -63.550161,
              8.061885
            ],
            [
              -63.550744,
              8.06205100000011
            ],
            [
              -63.551343,
              8.062223000000131
            ],
            [
              -63.552098999999885,
              8.062445
            ],
            [
              -63.552471,
              8.062548
            ],
            [
              -63.5525,
              8.062561000000187
            ],
            [
              -63.552627,
              8.062581
            ],
            [
              -63.552738,
              8.062611
            ],
            [
              -63.552898,
              8.062666
            ],
            [
              -63.55581099999989,
              8.06351
            ],
            [
              -63.556091,
              8.063603
            ],
            [
              -63.557369,
              8.063964000000112
            ],
            [
              -63.55801699999989,
              8.064166000000114
            ],
            [
              -63.5591859999999,
              8.064510000000155
            ],
            [
              -63.55981,
              8.064683
            ],
            [
              -63.561045,
              8.065044000000114
            ],
            [
              -63.562508,
              8.065481
            ],
            [
              -63.563967999999875,
              8.065895000000182
            ],
            [
              -63.564027,
              8.065921
            ],
            [
              -63.564401,
              8.06602
            ],
            [
              -63.565151,
              8.066246
            ],
            [
              -63.56542799999988,
              8.066319
            ],
            [
              -63.565714,
              8.066355
            ],
            [
              -63.56823,
              8.067084000000136
            ],
            [
              -63.570999,
              8.067901
            ],
            [
              -63.572196,
              8.068245000000104
            ],
            [
              -63.573452,
              8.068609
            ],
            [
              -63.57425599999988,
              8.068865
            ],
            [
              -63.574673999999845,
              8.069005000000118
            ],
            [
              -63.57522399999988,
              8.069216000000154
            ],
            [
              -63.57571899999988,
              8.069439000000159
            ],
            [
              -63.57613299999986,
              8.069636000000116
            ],
            [
              -63.57667,
              8.069886000000167
            ],
            [
              -63.577272,
              8.07017100000013
            ],
            [
              -63.577435,
              8.070244000000116
            ],
            [
              -63.577545,
              8.07031300000017
            ],
            [
              -63.57793,
              8.070563
            ],
            [
              -63.578311,
              8.070829
            ],
            [
              -63.578931999999895,
              8.071301000000176
            ],
            [
              -63.579192,
              8.071523
            ],
            [
              -63.579471999999896,
              8.071777000000111
            ],
            [
              -63.57988699999987,
              8.072192
            ],
            [
              -63.580053,
              8.072366
            ],
            [
              -63.580398,
              8.072757
            ],
            [
              -63.581161,
              8.073685
            ],
            [
              -63.58174999999983,
              8.074383000000125
            ],
            [
              -63.582347,
              8.075117
            ],
            [
              -63.582988,
              8.075908
            ],
            [
              -63.583439,
              8.076452
            ],
            [
              -63.584023,
              8.077191
            ],
            [
              -63.584466,
              8.077723
            ],
            [
              -63.585089,
              8.078465000000165
            ],
            [
              -63.585165,
              8.078569
            ],
            [
              -63.585513,
              8.079026
            ],
            [
              -63.585942,
              8.079539
            ],
            [
              -63.58617299999986,
              8.079845000000148
            ],
            [
              -63.586235,
              8.079922000000124
            ],
            [
              -63.58645499999983,
              8.080187
            ],
            [
              -63.586778,
              8.080004000000145
            ],
            [
              -63.587565,
              8.079557
            ],
            [
              -63.5887,
              8.078907000000129
            ],
            [
              -63.589009,
              8.078705000000127
            ],
            [
              -63.589552,
              8.078392000000179
            ],
            [
              -63.590383,
              8.077928000000156
            ],
            [
              -63.59116,
              8.07748800000013
            ],
            [
              -63.59142899999989,
              8.077322
            ],
            [
              -63.591929,
              8.077038
            ],
            [
              -63.592413,
              8.076761
            ],
            [
              -63.593235,
              8.076293
            ],
            [
              -63.594102,
              8.075802000000124
            ],
            [
              -63.594564,
              8.075544
            ],
            [
              -63.594941,
              8.075336000000107
            ],
            [
              -63.595354,
              8.075117
            ],
            [
              -63.595818,
              8.074898
            ],
            [
              -63.596684,
              8.07452300000017
            ],
            [
              -63.596865,
              8.074454000000117
            ],
            [
              -63.597569,
              8.074165
            ],
            [
              -63.59858,
              8.073804000000166
            ],
            [
              -63.599222,
              8.073541
            ],
            [
              -63.600114,
              8.073198000000104
            ],
            [
              -63.600846,
              8.072931
            ],
            [
              -63.600988,
              8.072869
            ],
            [
              -63.60182799999984,
              8.072482
            ],
            [
              -63.602706999999896,
              8.07207
            ],
            [
              -63.604617999999846,
              8.07113800000019
            ],
            [
              -63.605392,
              8.070764000000167
            ],
            [
              -63.60620699999987,
              8.07037
            ],
            [
              -63.606676,
              8.070143000000144
            ],
            [
              -63.609279,
              8.068888000000186
            ],
            [
              -63.611308,
              8.067917000000136
            ],
            [
              -63.612896,
              8.06715
            ],
            [
              -63.615149,
              8.066067
            ],
            [
              -63.617713,
              8.064784
            ],
            [
              -63.619241,
              8.064033000000109
            ],
            [
              -63.6213699999999,
              8.062996000000112
            ],
            [
              -63.621758,
              8.062804
            ],
            [
              -63.62223999999986,
              8.062582
            ],
            [
              -63.66792699999985,
              8.049511000000109
            ],
            [
              -63.669106,
              8.049518000000148
            ],
            [
              -63.6698439999999,
              8.04945
            ],
            [
              -63.670436,
              8.049014
            ],
            [
              -63.67117499999989,
              8.048799
            ],
            [
              -63.671768,
              8.048218
            ],
            [
              -63.671995,
              8.047488
            ],
            [
              -63.672220999999865,
              8.046757000000127
            ],
            [
              -63.672888999999884,
              8.046176
            ],
            [
              -63.673042,
              8.045446
            ],
            [
              -63.6729,
              8.044640000000129
            ],
            [
              -63.672314,
              8.044198000000165
            ],
            [
              -63.67187799999988,
              8.043391000000156
            ],
            [
              -63.672618,
              8.043030000000158
            ],
            [
              -63.67342699999989,
              8.043181
            ],
            [
              -63.674238,
              8.043186000000105
            ],
            [
              -63.674897,
              8.043628
            ],
            [
              -63.675708,
              8.043633000000113
            ],
            [
              -63.676521,
              8.043345000000102
            ],
            [
              -63.677114,
              8.042764000000147
            ],
            [
              -63.676899,
              8.042031
            ],
            [
              -63.675875,
              8.040928000000122
            ],
            [
              -63.67507,
              8.040265000000147
            ],
            [
              -63.675517,
              8.039609
            ],
            [
              -63.675891,
              8.03888000000012
            ],
            [
              -63.675897,
              8.038003
            ],
            [
              -63.676564,
              8.037568000000135
            ],
            [
              -63.677374,
              8.037572
            ],
            [
              -63.67804,
              8.037211
            ],
            [
              -63.678414,
              8.036408
            ],
            [
              -63.678419999999846,
              8.035677
            ],
            [
              -63.67842599999989,
              8.034873
            ],
            [
              -63.678876999999886,
              8.033705
            ],
            [
              -63.67925,
              8.03304900000012
            ],
            [
              -63.679329,
              8.032318
            ],
            [
              -63.679703,
              8.03158900000011
            ],
            [
              -63.680442,
              8.031301
            ],
            [
              -63.681764,
              8.03182
            ],
            [
              -63.682499999999834,
              8.032044
            ],
            [
              -63.683091999999874,
              8.031609000000174
            ],
            [
              -63.683613,
              8.030954000000179
            ],
            [
              -63.68428,
              8.030446
            ],
            [
              -63.685612,
              8.029722
            ],
            [
              -63.685916,
              8.028481
            ],
            [
              -63.685478,
              8.027893
            ],
            [
              -63.685116,
              8.027013
            ],
            [
              -63.68475299999989,
              8.026280000000156
            ],
            [
              -63.683872999999835,
              8.0257620000001
            ],
            [
              -63.683068,
              8.025026000000139
            ],
            [
              -63.68388199999987,
              8.024446000000125
            ],
            [
              -63.68396299999989,
              8.023569
            ],
            [
              -63.683525,
              8.022908
            ],
            [
              -63.683605,
              8.022104000000127
            ],
            [
              -63.6837579999999,
              8.021373
            ],
            [
              -63.68332,
              8.020786000000157
            ],
            [
              -63.683252,
              8.02005400000013
            ],
            [
              -63.68296299999986,
              8.019321000000105
            ],
            [
              -63.68200999999988,
              8.018657
            ],
            [
              -63.68098,
              8.018358000000148
            ],
            [
              -63.680617,
              8.01769800000011
            ],
            [
              -63.681579999999826,
              8.017045
            ],
            [
              -63.681953,
              8.016389000000117
            ],
            [
              -63.681664,
              8.015656
            ],
            [
              -63.6813,
              8.014996000000167
            ],
            [
              -63.682115,
              8.01448900000014
            ],
            [
              -63.682783,
              8.013761000000102
            ],
            [
              -63.682863,
              8.012957
            ],
            [
              -63.684191,
              8.012672
            ],
            [
              -63.6849289999999,
              8.012604000000124
            ],
            [
              -63.685375,
              8.012021
            ],
            [
              -63.685379999999896,
              8.011290000000145
            ],
            [
              -63.684722,
              8.010628
            ],
            [
              -63.683693,
              8.010256
            ],
            [
              -63.68288399999989,
              8.010105000000124
            ],
            [
              -63.68215,
              8.009735
            ],
            [
              -63.68200799999988,
              8.009003
            ],
            [
              -63.68208799999985,
              8.008198000000107
            ],
            [
              -63.682460999999876,
              8.007542000000171
            ],
            [
              -63.683274,
              8.007255
            ],
            [
              -63.684013,
              8.006893000000105
            ],
            [
              -63.684753999999884,
              8.006386
            ],
            [
              -63.68512799999985,
              8.005657000000156
            ],
            [
              -63.68513399999989,
              8.004852
            ],
            [
              -63.684918,
              8.004119000000117
            ],
            [
              -63.684777,
              8.003314000000103
            ],
            [
              -63.684856,
              8.002583000000186
            ],
            [
              -63.684861,
              8.001852
            ],
            [
              -63.68516099999982,
              8.001122000000123
            ],
            [
              -63.685682,
              8.000540000000115
            ],
            [
              -63.686275,
              8.000032000000147
            ],
            [
              -63.686868,
              7.999523000000124
            ],
            [
              -63.687681,
              7.999162000000126
            ],
            [
              -63.68820099999982,
              7.998580000000118
            ],
            [
              -63.68850199999986,
              7.997851
            ],
            [
              -63.688641,
              7.996571000000131
            ],
            [
              -63.68938,
              7.996137
            ],
            [
              -63.690193,
              7.995703000000105
            ],
            [
              -63.690713,
              7.994976000000179
            ],
            [
              -63.691012,
              7.994248000000141
            ],
            [
              -63.691531,
              7.993666000000132
            ],
            [
              -63.69227,
              7.993379000000175
            ],
            [
              -63.693008,
              7.993164000000149
            ],
            [
              -63.693672999999876,
              7.992803000000151
            ],
            [
              -63.693973,
              7.992074
            ],
            [
              -63.694345,
              7.991346
            ],
            [
              -63.694423,
              7.990616
            ],
            [
              -63.694428,
              7.989886000000183
            ],
            [
              -63.69421099999988,
              7.989081
            ],
            [
              -63.694216,
              7.988351
            ],
            [
              -63.694880999999896,
              7.98799
            ],
            [
              -63.695618,
              7.987921000000142
            ],
            [
              -63.69643,
              7.98778
            ],
            [
              -63.69716799999986,
              7.987565000000188
            ],
            [
              -63.69776,
              7.98713
            ],
            [
              -63.698426,
              7.986623
            ],
            [
              -63.69887199999988,
              7.986041
            ],
            [
              -63.699171,
              7.98531300000019
            ],
            [
              -63.69947,
              7.984584
            ],
            [
              -63.699769,
              7.983856
            ],
            [
              -63.700142,
              7.983128
            ],
            [
              -63.700441,
              7.9823990000001
            ],
            [
              -63.700813,
              7.981744000000106
            ],
            [
              -63.700965,
              7.981014
            ],
            [
              -63.701337,
              7.980359
            ],
            [
              -63.70141499999988,
              7.97955700000017
            ],
            [
              -63.701641,
              7.978828
            ],
            [
              -63.701792999999896,
              7.978098
            ],
            [
              -63.702392,
              7.976495000000114
            ],
            [
              -63.703131,
              7.976061
            ],
            [
              -63.703796999999895,
              7.975627
            ],
            [
              -63.705727,
              7.973228000000177
            ],
            [
              -63.706099,
              7.972573000000125
            ],
            [
              -63.706987,
              7.971921
            ],
            [
              -63.707948,
              7.97148900000019
            ],
            [
              -63.708613,
              7.971127
            ],
            [
              -63.708985,
              7.970472
            ],
            [
              -63.709358,
              7.969671
            ],
            [
              -63.709734,
              7.968505
            ],
            [
              -63.710545,
              7.968363000000181
            ],
            [
              -63.711282,
              7.968368
            ],
            [
              -63.712757,
              7.968084
            ],
            [
              -63.712911,
              7.96699
            ],
            [
              -63.712769,
              7.966186000000164
            ],
            [
              -63.712773,
              7.965455
            ],
            [
              -63.712925,
              7.964726000000155
            ],
            [
              -63.71366399999988,
              7.9643650000001
            ],
            [
              -63.714037,
              7.963491
            ],
            [
              -63.714557,
              7.962837
            ],
            [
              -63.715673,
              7.961091000000124
            ],
            [
              -63.71634,
              7.960364
            ],
            [
              -63.71642,
              7.959269000000177
            ],
            [
              -63.716794,
              7.958468000000153
            ],
            [
              -63.717019,
              7.957739
            ],
            [
              -63.717835,
              7.956794
            ],
            [
              -63.71857299999988,
              7.95658
            ],
            [
              -63.719755,
              7.956148
            ],
            [
              -63.720421,
              7.955568
            ],
            [
              -63.720944,
              7.954476000000113
            ],
            [
              -63.721022,
              7.953746
            ],
            [
              -63.721911,
              7.952802000000133
            ],
            [
              -63.722137,
              7.952073
            ],
            [
              -63.722219,
              7.950686
            ],
            [
              -63.72185599999983,
              7.949734000000149
            ],
            [
              -63.72185999999988,
              7.949004000000116
            ],
            [
              -63.722599,
              7.948716000000104
            ],
            [
              -63.72340799999989,
              7.948940000000164
            ],
            [
              -63.724145,
              7.948944000000154
            ],
            [
              -63.724811,
              7.948437000000126
            ],
            [
              -63.724964,
              7.947488
            ],
            [
              -63.725337,
              7.94676
            ],
            [
              -63.7261529999999,
              7.94581600000015
            ],
            [
              -63.726525,
              7.945161
            ],
            [
              -63.726678,
              7.944358000000136
            ],
            [
              -63.72690299999988,
              7.943629
            ],
            [
              -63.727496,
              7.943048
            ],
            [
              -63.72757399999989,
              7.942318
            ],
            [
              -63.726986999999895,
              7.941877
            ],
            [
              -63.72758,
              7.941223
            ],
            [
              -63.72729,
              7.940491
            ],
            [
              -63.72802799999988,
              7.940276
            ],
            [
              -63.728839,
              7.940281000000141
            ],
            [
              -63.729650999999876,
              7.939994000000183
            ],
            [
              -63.730097,
              7.939339000000132
            ],
            [
              -63.730175,
              7.93853600000017
            ],
            [
              -63.729811,
              7.937804
            ],
            [
              -63.72944699999988,
              7.937071
            ],
            [
              -63.729746,
              7.936343
            ],
            [
              -63.730483999999876,
              7.936201
            ],
            [
              -63.73122599999982,
              7.935402000000181
            ],
            [
              -63.730713,
              7.934815000000128
            ],
            [
              -63.730718,
              7.934011
            ],
            [
              -63.730796,
              7.933209
            ],
            [
              -63.73153599999989,
              7.932702
            ],
            [
              -63.731320999999866,
              7.931824
            ],
            [
              -63.730956,
              7.931165
            ],
            [
              -63.731549,
              7.930584000000181
            ],
            [
              -63.732142,
              7.930003
            ],
            [
              -63.732294,
              7.929274000000134
            ],
            [
              -63.73274,
              7.92861900000014
            ],
            [
              -63.733259,
              7.928038000000186
            ],
            [
              -63.734216,
              7.928189
            ],
            [
              -63.735099999999875,
              7.928195
            ],
            [
              -63.735766,
              7.92776
            ],
            [
              -63.7359909999999,
              7.92703100000017
            ],
            [
              -63.735997,
              7.926009
            ],
            [
              -63.736002,
              7.92527900000016
            ],
            [
              -63.73608,
              7.924549000000184
            ],
            [
              -63.736526,
              7.923821000000146
            ],
            [
              -63.737119,
              7.92324
            ],
            [
              -63.737857,
              7.923026000000107
            ],
            [
              -63.738596,
              7.922738
            ],
            [
              -63.738968,
              7.922083
            ],
            [
              -63.738825,
              7.921352000000127
            ],
            [
              -63.738164,
              7.920910000000163
            ],
            [
              -63.737428,
              7.920905000000118
            ],
            [
              -63.73698899999988,
              7.920318
            ],
            [
              -63.73677299999986,
              7.919514000000106
            ],
            [
              -63.736187,
              7.918926000000113
            ],
            [
              -63.73545,
              7.918849
            ],
            [
              -63.724277999999856,
              7.908665
            ],
            [
              -63.716511,
              7.887764000000175
            ],
            [
              -63.718378,
              7.882332000000133
            ],
            [
              -63.715831,
              7.873066000000165
            ],
            [
              -63.716189,
              7.866394000000184
            ],
            [
              -63.713856,
              7.863675000000114
            ],
            [
              -63.711514,
              7.852797000000123
            ],
            [
              -63.708342,
              7.847793
            ],
            [
              -63.706971,
              7.840461000000118
            ],
            [
              -63.704683,
              7.833144000000118
            ],
            [
              -63.701014,
              7.825505
            ],
            [
              -63.69974,
              7.824606000000131
            ],
            [
              -63.694916,
              7.823996000000136
            ],
            [
              -63.692931,
              7.821500000000185
            ],
            [
              -63.69056,
              7.816368000000125
            ],
            [
              -63.692237,
              7.813467
            ],
            [
              -63.693107,
              7.81035
            ],
            [
              -63.693819,
              7.804363000000137
            ],
            [
              -63.695639,
              7.803414000000146
            ],
            [
              -63.698552,
              7.798884000000157
            ],
            [
              -63.699526,
              7.795076
            ],
            [
              -63.693948,
              7.789996000000144
            ],
            [
              -63.688362,
              7.784457000000145
            ],
            [
              -63.68504099999984,
              7.777041000000111
            ],
            [
              -63.682932,
              7.773973000000126
            ],
            [
              -63.676344,
              7.770289000000105
            ],
            [
              -63.673419,
              7.766315
            ],
            [
              -63.669905,
              7.761316
            ],
            [
              -63.664117,
              7.757504
            ],
            [
              -63.663735,
              7.754982000000155
            ],
            [
              -63.663266,
              7.746600000000115
            ],
            [
              -63.66230199999984,
              7.743398
            ],
            [
              -63.660872,
              7.739745
            ],
            [
              -63.660269,
              7.737801
            ],
            [
              -63.656639,
              7.732573000000173
            ],
            [
              -63.653109,
              7.72654000000017
            ],
            [
              -63.6458209999999,
              7.721948000000168
            ],
            [
              -63.641985,
              7.710633
            ],
            [
              -63.639596,
              7.704122000000154
            ],
            [
              -63.63773199999986,
              7.702084000000127
            ],
            [
              -63.635704,
              7.696716
            ],
            [
              -63.63315299999988,
              7.687103
            ],
            [
              -63.62907699999988,
              7.682688
            ],
            [
              -63.625934,
              7.679406
            ],
            [
              -63.620136,
              7.674789
            ],
            [
              -63.616978,
              7.670474000000183
            ],
            [
              -63.615011,
              7.661542000000111
            ],
            [
              -63.609292,
              7.65451
            ],
            [
              -63.606264,
              7.651226000000122
            ],
            [
              -63.602402,
              7.645772
            ],
            [
              -63.599279,
              7.643869000000166
            ],
            [
              -63.596614,
              7.641844000000106
            ],
            [
              -63.59320599999984,
              7.636153000000149
            ],
            [
              -63.591866,
              7.630774
            ],
            [
              -63.589765,
              7.62816400000014
            ],
            [
              -63.583165,
              7.615745000000175
            ],
            [
              -63.57958999999988,
              7.614194000000111
            ],
            [
              -63.574894,
              7.614385
            ],
            [
              -63.57109899999989,
              7.613412
            ],
            [
              -63.56656,
              7.608659000000102
            ],
            [
              -63.562632,
              7.606424
            ],
            [
              -63.559583,
              7.601647
            ],
            [
              -63.5464429999999,
              7.597303000000181
            ],
            [
              -63.545697,
              7.59766900000011
            ],
            [
              -63.534814,
              7.592507000000182
            ],
            [
              -63.525897,
              7.586100000000158
            ],
            [
              -63.506263,
              7.572072000000105
            ],
            [
              -63.455731,
              7.572128000000134
            ],
            [
              -63.41784,
              7.582249
            ],
            [
              -63.402698,
              7.599911000000134
            ],
            [
              -63.392617,
              7.63017600000012
            ],
            [
              -63.35979,
              7.660460000000114
            ],
            [
              -63.347186,
              7.6982900000001
            ],
            [
              -63.352275,
              7.741142
            ],
            [
              -63.357361,
              7.77644
            ],
            [
              -63.364969,
              7.804164
            ],
            [
              -63.35926399999988,
              7.814226000000133
            ],
            [
              -63.361144,
              7.819023
            ],
            [
              -63.362896,
              7.821294
            ],
            [
              -63.364322,
              7.82483400000018
            ],
            [
              -63.363715,
              7.830474
            ],
            [
              -63.363671,
              7.83541600000018
            ],
            [
              -63.364855,
              7.83804
            ],
            [
              -63.365840999999875,
              7.842851
            ],
            [
              -63.365678999999886,
              7.847565000000145
            ],
            [
              -63.371113,
              7.850812
            ],
            [
              -63.374835,
              7.854547
            ],
            [
              -63.375145,
              7.860173
            ],
            [
              -63.374656,
              7.866041000000109
            ],
            [
              -63.373971,
              7.874210000000119
            ],
            [
              -63.372586,
              7.881587000000138
            ],
            [
              -63.373578,
              7.886857
            ],
            [
              -63.37637599999982,
              7.89003
            ],
            [
              -63.378125,
              7.892071
            ],
            [
              -63.378768,
              7.89688800000016
            ],
            [
              -63.383499,
              7.898997
            ],
            [
              -63.386309,
              7.903089
            ],
            [
              -63.391631,
              7.90645300000017
            ],
            [
              -63.391408,
              7.914845000000184
            ],
            [
              -63.391703,
              7.919436
            ],
            [
              -63.394413,
              7.924450000000149
            ],
            [
              -63.39994,
              7.926086000000168
            ],
            [
              -63.404232,
              7.937509
            ],
            [
              -63.4068759999999,
              7.945972
            ],
            [
              -63.40919,
              7.953333
            ],
            [
              -63.462779,
              7.999615000000119
            ],
            [
              -63.466562999999894,
              8.006219000000101
            ],
            [
              -63.468605,
              8.007287
            ],
            [
              -63.472028,
              8.007806000000187
            ],
            [
              -63.481035,
              8.009569
            ],
            [
              -63.487628999999856,
              8.01931900000011
            ],
            [
              -63.487864,
              8.026206
            ],
            [
              -63.487757,
              8.033088
            ],
            [
              -63.48659099999986,
              8.041785000000175
            ],
            [
              -63.48427,
              8.043924
            ],
            [
              -63.480767,
              8.048566
            ],
            [
              -63.480063,
              8.049809
            ],
            [
              -63.481197,
              8.050423
            ],
            [
              -63.48588299999989,
              8.050787000000184
            ],
            [
              -63.486709999999846,
              8.05096
            ],
            [
              -63.48712399999988,
              8.05121400000013
            ],
            [
              -63.489861,
              8.051779000000181
            ],
            [
              -63.490073,
              8.05195700000013
            ],
            [
              -63.49037799999985,
              8.052147
            ],
            [
              -63.490613,
              8.05227200000013
            ],
            [
              -63.490866,
              8.052376
            ],
            [
              -63.491006,
              8.052429000000132
            ],
            [
              -63.491315,
              8.052539
            ],
            [
              -63.491414,
              8.052568
            ],
            [
              -63.491491,
              8.052576
            ],
            [
              -63.491603,
              8.052761
            ],
            [
              -63.492303,
              8.053901
            ],
            [
              -63.493052,
              8.055118
            ],
            [
              -63.493574,
              8.055964
            ],
            [
              -63.493615,
              8.056028
            ],
            [
              -63.494401,
              8.057313000000136
            ],
            [
              -63.494811,
              8.05796800000013
            ],
            [
              -63.495656,
              8.059305000000109
            ],
            [
              -63.49562399999985,
              8.059664000000112
            ],
            [
              -63.49604499999987,
              8.059621000000107
            ],
            [
              -63.49619899999982,
              8.059615000000178
            ],
            [
              -63.496359,
              8.05962
            ],
            [
              -63.496496,
              8.059625
            ],
            [
              -63.49662899999987,
              8.059640000000115
            ],
            [
              -63.496739,
              8.059651
            ],
            [
              -63.49689,
              8.05968
            ],
            [
              -63.497335,
              8.059785
            ],
            [
              -63.49798,
              8.059949
            ],
            [
              -63.498258,
              8.060013
            ],
            [
              -63.49858499999988,
              8.0600740000001
            ],
            [
              -63.498772,
              8.060094000000163
            ],
            [
              -63.498874999999884,
              8.060096000000158
            ],
            [
              -63.498997,
              8.060096000000158
            ],
            [
              -63.49911899999984,
              8.060092
            ],
            [
              -63.49920999999989,
              8.06008
            ],
            [
              -63.499347,
              8.060056
            ],
            [
              -63.499409,
              8.060041
            ],
            [
              -63.499735,
              8.059912
            ],
            [
              -63.500138,
              8.059732
            ],
            [
              -63.500215,
              8.059705000000122
            ],
            [
              -63.500404,
              8.059642
            ],
            [
              -63.500799,
              8.059566000000189
            ],
            [
              -63.501098,
              8.059536
            ],
            [
              -63.501481,
              8.059528
            ],
            [
              -63.501691,
              8.059536
            ],
            [
              -63.502059,
              8.059573
            ],
            [
              -63.502302,
              8.059608
            ],
            [
              -63.5025399999999,
              8.059672
            ],
            [
              -63.502684,
              8.059711000000107
            ],
            [
              -63.502852,
              8.059796
            ],
            [
              -63.503027,
              8.059896000000151
            ],
            [
              -63.503134,
              8.05999
            ],
            [
              -63.503235,
              8.060088
            ],
            [
              -63.503348,
              8.060265000000129
            ],
            [
              -63.503689,
              8.061115
            ],
            [
              -63.503841,
              8.061462
            ],
            [
              -63.503984,
              8.061731
            ],
            [
              -63.504088,
              8.0619
            ],
            [
              -63.504227,
              8.062107
            ],
            [
              -63.504729,
              8.062537
            ],
            [
              -63.505973,
              8.063353000000177
            ],
            [
              -63.506387,
              8.063772
            ],
            [
              -63.50653999999986,
              8.064092
            ],
            [
              -63.506605,
              8.064455
            ],
            [
              -63.506758,
              8.064797000000112
            ],
            [
              -63.50758699999989,
              8.065381000000116
            ],
            [
              -63.507925,
              8.065701000000104
            ],
            [
              -63.50822,
              8.066021000000148
            ],
            [
              -63.509398,
              8.067475000000172
            ],
            [
              -63.50990999999988,
              8.068225
            ],
            [
              -63.510205,
              8.068556
            ],
            [
              -63.511067,
              8.069481
            ],
            [
              -63.51230095599993,
              8.070804953000106
            ],
            [
              -63.512301,
              8.070805000000178
            ],
            [
              -63.512489,
              8.070692
            ],
            [
              -63.513499,
              8.070034
            ],
            [
              -63.514258,
              8.069488
            ],
            [
              -63.515032999999846,
              8.068909000000133
            ],
            [
              -63.51572,
              8.068402000000106
            ],
            [
              -63.516339,
              8.067952
            ],
            [
              -63.516918,
              8.06753700000013
            ],
            [
              -63.517504,
              8.067087
            ],
            [
              -63.518878,
              8.066061
            ],
            [
              -63.51919799999985,
              8.06584
            ],
            [
              -63.520086,
              8.06519900000012
            ],
            [
              -63.520523,
              8.064847000000157
            ],
            [
              -63.52076,
              8.064692
            ],
            [
              -63.521047,
              8.064492
            ],
            [
              -63.521933,
              8.063834
            ],
            [
              -63.522476,
              8.063439000000187
            ],
            [
              -63.523685,
              8.062541000000124
            ],
            [
              -63.524863,
              8.061755000000119
            ],
            [
              -63.525313,
              8.061492
            ],
            [
              -63.525863,
              8.061202
            ],
            [
              -63.52681799999988,
              8.060751
            ],
            [
              -63.52723499999985,
              8.060597
            ],
            [
              -63.52744299999989,
              8.060514000000126
            ],
            [
              -63.528053,
              8.060323
            ],
            [
              -63.528268,
              8.060271
            ],
            [
              -63.528392,
              8.060231000000158
            ],
            [
              -63.529441,
              8.059968
            ],
            [
              -63.529643,
              8.059938
            ],
            [
              -63.530096,
              8.059852
            ],
            [
              -63.530337,
              8.05983
            ],
            [
              -63.53246,
              8.059524
            ],
            [
              -63.533247,
              8.05954400000013
            ],
            [
              -63.53557499999988,
              8.059177000000147
            ],
            [
              -63.535765,
              8.059216
            ],
            [
              -63.53646,
              8.05913
            ],
            [
              -63.536822,
              8.059112
            ],
            [
              -63.537448,
              8.05913
            ],
            [
              -63.5378,
              8.059105
            ],
            [
              -63.537973,
              8.059066
            ],
            [
              -63.538351,
              8.059054000000117
            ],
            [
              -63.539042,
              8.059108000000151
            ]
          ]
        ]
      }
    },
    {
      "type": "Feature",
      "properties": {
        "Pais": "Venezuela",
        "Estado": "Bolívar",
        "Municipio": "Angostura del Orinoco",
        "Parroquia": "La Sabanita"
      },
      "geometry": {
        "type": "Polygon",
        "coordinates": [
          [
            [
              -63.56617299999988,
              8.115046000000177
            ],
            [
              -63.56609999999989,
              8.114914
            ],
            [
              -63.566093,
              8.114809
            ],
            [
              -63.566106,
              8.114677
            ],
            [
              -63.566125,
              8.114460000000179
            ],
            [
              -63.566124,
              8.11432200000013
            ],
            [
              -63.566124,
              8.114111
            ],
            [
              -63.566123,
              8.113979
            ],
            [
              -63.566168,
              8.113815000000102
            ],
            [
              -63.566207,
              8.113656000000105
            ],
            [
              -63.566207,
              8.113551
            ],
            [
              -63.56614,
              8.113334
            ],
            [
              -63.566114,
              8.113202000000172
            ],
            [
              -63.56609999999989,
              8.113097
            ],
            [
              -63.566119,
              8.113011
            ],
            [
              -63.566191,
              8.11284
            ],
            [
              -63.56630799999988,
              8.112557
            ],
            [
              -63.566346999999894,
              8.112425
            ],
            [
              -63.566373,
              8.112372
            ],
            [
              -63.566537,
              8.112240000000156
            ],
            [
              -63.566727,
              8.112055000000112
            ],
            [
              -63.56679,
              8.111964
            ],
            [
              -63.566883,
              8.111699000000158
            ],
            [
              -63.566909,
              8.111646
            ],
            [
              -63.566903,
              8.111600000000124
            ],
            [
              -63.566883,
              8.111554
            ],
            [
              -63.56675799999988,
              8.111515
            ],
            [
              -63.566626,
              8.111436
            ],
            [
              -63.566586,
              8.111377000000175
            ],
            [
              -63.56656,
              8.111279
            ],
            [
              -63.566533,
              8.11123300000014
            ],
            [
              -63.566494,
              8.111219
            ],
            [
              -63.566454,
              8.111220000000117
            ],
            [
              -63.566317,
              8.111273
            ],
            [
              -63.566212,
              8.111299
            ],
            [
              -63.566053999999895,
              8.111267000000112
            ],
            [
              -63.565916,
              8.111175000000173
            ],
            [
              -63.565869,
              8.111149000000125
            ],
            [
              -63.565817,
              8.111156000000165
            ],
            [
              -63.565751,
              8.111228
            ],
            [
              -63.565594,
              8.111367
            ],
            [
              -63.565475999999876,
              8.11142000000018
            ],
            [
              -63.565358,
              8.11142000000018
            ],
            [
              -63.565246,
              8.11137500000018
            ],
            [
              -63.5652,
              8.111335
            ],
            [
              -63.565187,
              8.111250000000155
            ],
            [
              -63.565192,
              8.111059000000125
            ],
            [
              -63.565212,
              8.110966
            ],
            [
              -63.565257,
              8.110828
            ],
            [
              -63.565336,
              8.110722000000123
            ],
            [
              -63.565394,
              8.110584
            ],
            [
              -63.56542,
              8.110472
            ],
            [
              -63.565491,
              8.110208
            ],
            [
              -63.565576,
              8.109932000000128
            ],
            [
              -63.565575,
              8.109734000000117
            ],
            [
              -63.565489,
              8.109576000000175
            ],
            [
              -63.565318,
              8.109432
            ],
            [
              -63.564923,
              8.109203
            ],
            [
              -63.564672,
              8.109013000000118
            ],
            [
              -63.564448,
              8.108763
            ],
            [
              -63.564369,
              8.108618000000149
            ],
            [
              -63.564289,
              8.108388000000105
            ],
            [
              -63.564222999999856,
              8.10825
            ],
            [
              -63.56413,
              8.108099
            ],
            [
              -63.56411,
              8.108027000000106
            ],
            [
              -63.564083,
              8.107862000000125
            ],
            [
              -63.56404999999984,
              8.107763
            ],
            [
              -63.563977,
              8.107645000000105
            ],
            [
              -63.563925,
              8.107599
            ],
            [
              -63.563879,
              8.107547000000181
            ],
            [
              -63.563786,
              8.107501
            ],
            [
              -63.56362899999982,
              8.107468
            ],
            [
              -63.563345999999854,
              8.107528
            ],
            [
              -63.56326099999984,
              8.107542000000137
            ],
            [
              -63.563148999999896,
              8.107522
            ],
            [
              -63.56307,
              8.107463000000166
            ],
            [
              -63.562958,
              8.107306000000108
            ],
            [
              -63.562852,
              8.10712800000016
            ],
            [
              -63.562786,
              8.106951
            ],
            [
              -63.562779,
              8.106799
            ],
            [
              -63.562791,
              8.106648
            ],
            [
              -63.562817,
              8.106398000000127
            ],
            [
              -63.562829,
              8.106174
            ],
            [
              -63.562835,
              8.106068
            ],
            [
              -63.562881,
              8.105969000000186
            ],
            [
              -63.562958,
              8.105902000000128
            ],
            [
              -63.563122,
              8.105820000000108
            ],
            [
              -63.563272,
              8.105772
            ],
            [
              -63.563495,
              8.105703000000176
            ],
            [
              -63.563659,
              8.10566800000015
            ],
            [
              -63.56397399999986,
              8.105665
            ],
            [
              -63.5641839999999,
              8.105662000000166
            ],
            [
              -63.564295,
              8.105614000000116
            ],
            [
              -63.564373,
              8.105521
            ],
            [
              -63.564418,
              8.10545400000018
            ],
            [
              -63.564482,
              8.10527500000012
            ],
            [
              -63.56455199999988,
              8.105082000000152
            ],
            [
              -63.564616,
              8.104949000000147
            ],
            [
              -63.5647,
              8.104822000000127
            ],
            [
              -63.564785,
              8.104768
            ],
            [
              -63.564948,
              8.104694
            ],
            [
              -63.565045,
              8.1046
            ],
            [
              -63.56511,
              8.104493000000105
            ],
            [
              -63.565128,
              8.104328000000123
            ],
            [
              -63.565067,
              8.104209
            ],
            [
              -63.565006,
              8.104032000000132
            ],
            [
              -63.5650169999999,
              8.103906
            ],
            [
              -63.565034,
              8.103674000000183
            ],
            [
              -63.565083,
              8.103389
            ],
            [
              -63.565129,
              8.103309
            ],
            [
              -63.56521899999984,
              8.103229000000113
            ],
            [
              -63.56546799999984,
              8.103127
            ],
            [
              -63.565586,
              8.10307900000015
            ],
            [
              -63.565618,
              8.103032000000155
            ],
            [
              -63.565617,
              8.102973
            ],
            [
              -63.56562999999983,
              8.102906
            ],
            [
              -63.5656479999999,
              8.10284
            ],
            [
              -63.565732,
              8.102713
            ],
            [
              -63.565745,
              8.102634
            ],
            [
              -63.565723999999875,
              8.102561
            ],
            [
              -63.565664,
              8.102503
            ],
            [
              -63.565373,
              8.102334000000155
            ],
            [
              -63.56517499999984,
              8.102231000000131
            ],
            [
              -63.564837,
              8.102003000000138
            ],
            [
              -63.564631,
              8.101788000000113
            ],
            [
              -63.56457,
              8.101669000000186
            ],
            [
              -63.5645219999999,
              8.101511
            ],
            [
              -63.56451399999986,
              8.101405
            ],
            [
              -63.564512,
              8.10124
            ],
            [
              -63.564528,
              8.100936000000104
            ],
            [
              -63.564552999999876,
              8.10077
            ],
            [
              -63.564571,
              8.100618000000111
            ],
            [
              -63.564609,
              8.100491
            ],
            [
              -63.564628,
              8.100425
            ],
            [
              -63.56462,
              8.100366
            ],
            [
              -63.56459099999984,
              8.100108
            ],
            [
              -63.564582,
              8.099943
            ],
            [
              -63.564581,
              8.099824000000126
            ],
            [
              -63.564631,
              8.099651
            ],
            [
              -63.564734,
              8.099471
            ],
            [
              -63.564849999999865,
              8.099285000000123
            ],
            [
              -63.564875,
              8.099165000000141
            ],
            [
              -63.564881,
              8.099060000000122
            ],
            [
              -63.564867,
              8.099007
            ],
            [
              -63.564794,
              8.09895500000016
            ],
            [
              -63.56474,
              8.09885
            ],
            [
              -63.564633,
              8.098646
            ],
            [
              -63.564559,
              8.098508000000152
            ],
            [
              -63.564484,
              8.09835
            ],
            [
              -63.5644769999999,
              8.098271
            ],
            [
              -63.564454,
              8.097993000000145
            ],
            [
              -63.564470999999855,
              8.097781
            ],
            [
              -63.564489,
              8.097636
            ],
            [
              -63.564492,
              8.097364000000141
            ],
            [
              -63.56449,
              8.097179
            ],
            [
              -63.564541,
              8.097027
            ],
            [
              -63.564585,
              8.096828
            ],
            [
              -63.56466,
              8.096582000000126
            ],
            [
              -63.564692,
              8.096509
            ],
            [
              -63.564729999999884,
              8.09633
            ],
            [
              -63.56472799999989,
              8.096165
            ],
            [
              -63.564724999999896,
              8.095933
            ],
            [
              -63.564749,
              8.095748
            ],
            [
              -63.564793,
              8.09557500000011
            ],
            [
              -63.564856,
              8.095396
            ],
            [
              -63.56493299999988,
              8.09519
            ],
            [
              -63.564976999999885,
              8.095024
            ],
            [
              -63.565039,
              8.094759
            ],
            [
              -63.565077,
              8.094599000000187
            ],
            [
              -63.56509299999988,
              8.094341000000156
            ],
            [
              -63.565084,
              8.094136
            ],
            [
              -63.565062999999896,
              8.093978000000106
            ],
            [
              -63.565041,
              8.09376
            ],
            [
              -63.56508999999983,
              8.093521000000123
            ],
            [
              -63.565161,
              8.093368000000112
            ],
            [
              -63.565224999999884,
              8.093275
            ],
            [
              -63.5653549999999,
              8.093141000000173
            ],
            [
              -63.56538099999983,
              8.093108
            ],
            [
              -63.565393,
              8.092995000000144
            ],
            [
              -63.565392,
              8.09289600000011
            ],
            [
              -63.565371,
              8.092830000000163
            ],
            [
              -63.565331,
              8.092764
            ],
            [
              -63.565152,
              8.092608
            ],
            [
              -63.565071,
              8.092477
            ],
            [
              -63.565057,
              8.092417000000125
            ],
            [
              -63.565055999999856,
              8.092338000000154
            ],
            [
              -63.565094,
              8.092172
            ],
            [
              -63.56517699999989,
              8.091992000000118
            ],
            [
              -63.565281,
              8.091905
            ],
            [
              -63.565385999999876,
              8.091858
            ],
            [
              -63.56547699999987,
              8.091837
            ],
            [
              -63.565576,
              8.091862
            ],
            [
              -63.565709,
              8.091979
            ],
            [
              -63.565856,
              8.092216000000178
            ],
            [
              -63.56600899999984,
              8.092373
            ],
            [
              -63.566088,
              8.09238500000015
            ],
            [
              -63.56614699999989,
              8.092371
            ],
            [
              -63.566193,
              8.092311
            ],
            [
              -63.566205,
              8.092251
            ],
            [
              -63.56621699999988,
              8.092165
            ],
            [
              -63.56621599999988,
              8.092092
            ],
            [
              -63.566175,
              8.091961
            ],
            [
              -63.566047,
              8.09167100000019
            ],
            [
              -63.56596,
              8.091513
            ],
            [
              -63.56563999999986,
              8.091127000000142
            ],
            [
              -63.565546,
              8.091003000000171
            ],
            [
              -63.565526,
              8.090943
            ],
            [
              -63.565517999999884,
              8.090857
            ],
            [
              -63.565556,
              8.09071100000017
            ],
            [
              -63.56558799999982,
              8.090678
            ],
            [
              -63.56563999999986,
              8.09061800000012
            ],
            [
              -63.5658949999999,
              8.090529
            ],
            [
              -63.566111,
              8.090460000000178
            ],
            [
              -63.56630099999984,
              8.09035200000011
            ],
            [
              -63.566398,
              8.090278
            ],
            [
              -63.566521,
              8.090131000000156
            ],
            [
              -63.566591999999844,
              8.090037
            ],
            [
              -63.566723,
              8.089427000000171
            ],
            [
              -63.567673,
              8.087325000000135
            ],
            [
              -63.569701,
              8.082648
            ],
            [
              -63.57080699999989,
              8.080205
            ],
            [
              -63.571372,
              8.078747
            ],
            [
              -63.5714789999999,
              8.07844
            ],
            [
              -63.571752,
              8.077557000000184
            ],
            [
              -63.571832,
              8.077226000000167
            ],
            [
              -63.571927,
              8.07666
            ],
            [
              -63.571946,
              8.076533
            ],
            [
              -63.571953,
              8.0763970000001
            ],
            [
              -63.572029,
              8.07595700000013
            ],
            [
              -63.572214,
              8.07528
            ],
            [
              -63.572277,
              8.075077
            ],
            [
              -63.572404,
              8.074533
            ],
            [
              -63.57254499999988,
              8.073864000000128
            ],
            [
              -63.57276799999988,
              8.072828
            ],
            [
              -63.572889,
              8.0723
            ],
            [
              -63.573004,
              8.071752
            ],
            [
              -63.57307,
              8.071117
            ],
            [
              -63.573118,
              8.070634
            ],
            [
              -63.573188,
              8.070067
            ],
            [
              -63.573205,
              8.069993000000125
            ],
            [
              -63.5734,
              8.068866000000128
            ],
            [
              -63.573452,
              8.068609
            ],
            [
              -63.572196,
              8.068245000000104
            ],
            [
              -63.570999,
              8.067901
            ],
            [
              -63.56823,
              8.067084000000136
            ],
            [
              -63.565714,
              8.066355
            ],
            [
              -63.56542799999988,
              8.066319
            ],
            [
              -63.565151,
              8.066246
            ],
            [
              -63.564401,
              8.06602
            ],
            [
              -63.564027,
              8.065921
            ],
            [
              -63.563967999999875,
              8.065895000000182
            ],
            [
              -63.562508,
              8.065481
            ],
            [
              -63.561045,
              8.065044000000114
            ],
            [
              -63.55981,
              8.064683
            ],
            [
              -63.5591859999999,
              8.064510000000155
            ],
            [
              -63.55801699999989,
              8.064166000000114
            ],
            [
              -63.557369,
              8.063964000000112
            ],
            [
              -63.556091,
              8.063603
            ],
            [
              -63.55581099999989,
              8.06351
            ],
            [
              -63.552898,
              8.062666
            ],
            [
              -63.552738,
              8.062611
            ],
            [
              -63.552627,
              8.062581
            ],
            [
              -63.5525,
              8.062561000000187
            ],
            [
              -63.552471,
              8.062548
            ],
            [
              -63.552098999999885,
              8.062445
            ],
            [
              -63.551343,
              8.062223000000131
            ],
            [
              -63.550744,
              8.06205100000011
            ],
            [
              -63.550161,
              8.061885
            ],
            [
              -63.54923799999989,
              8.061620000000119
            ],
            [
              -63.548952,
              8.061518
            ],
            [
              -63.547492,
              8.06112000000013
            ],
            [
              -63.545930999999825,
              8.06066
            ],
            [
              -63.545788,
              8.060636000000102
            ],
            [
              -63.545637999999826,
              8.060583000000122
            ],
            [
              -63.543927,
              8.060093000000109
            ],
            [
              -63.543109,
              8.059878
            ],
            [
              -63.54298199999988,
              8.05985800000019
            ],
            [
              -63.541708,
              8.059477000000129
            ],
            [
              -63.54122599999988,
              8.059354
            ],
            [
              -63.54091,
              8.059311
            ],
            [
              -63.539578,
              8.059184000000187
            ],
            [
              -63.53943,
              8.059155
            ],
            [
              -63.539042,
              8.059108000000151
            ],
            [
              -63.538351,
              8.059054000000117
            ],
            [
              -63.537973,
              8.059066
            ],
            [
              -63.5378,
              8.059105
            ],
            [
              -63.537448,
              8.05913
            ],
            [
              -63.536822,
              8.059112
            ],
            [
              -63.53646,
              8.05913
            ],
            [
              -63.535765,
              8.059216
            ],
            [
              -63.535779999999875,
              8.0594210000001
            ],
            [
              -63.535844,
              8.05976500000014
            ],
            [
              -63.535881,
              8.059984000000156
            ],
            [
              -63.535989,
              8.060719
            ],
            [
              -63.53611099999989,
              8.061558000000161
            ],
            [
              -63.53621,
              8.06224
            ],
            [
              -63.536303,
              8.06288400000011
            ],
            [
              -63.53636399999988,
              8.063307000000123
            ],
            [
              -63.536371,
              8.063463
            ],
            [
              -63.536418,
              8.06359
            ],
            [
              -63.536473,
              8.064679000000126
            ],
            [
              -63.536506,
              8.065413
            ],
            [
              -63.537199,
              8.072027
            ],
            [
              -63.53773699999988,
              8.078947
            ],
            [
              -63.537741,
              8.079108
            ],
            [
              -63.537728,
              8.07934100000017
            ],
            [
              -63.537716,
              8.07944
            ],
            [
              -63.53769099999988,
              8.079548
            ],
            [
              -63.537654,
              8.079680000000167
            ],
            [
              -63.537584,
              8.079835
            ],
            [
              -63.53752299999985,
              8.079944000000125
            ],
            [
              -63.53743699999984,
              8.080056000000184
            ],
            [
              -63.5372789999999,
              8.080242000000112
            ],
            [
              -63.5372339999999,
              8.080289000000107
            ],
            [
              -63.537101999999834,
              8.080438000000186
            ],
            [
              -63.53703499999989,
              8.080518
            ],
            [
              -63.537006,
              8.080561
            ],
            [
              -63.536964,
              8.080650000000105
            ],
            [
              -63.536952,
              8.080706000000134
            ],
            [
              -63.536952,
              8.080733
            ],
            [
              -63.536966,
              8.080755000000124
            ],
            [
              -63.536995,
              8.080771
            ],
            [
              -63.537054,
              8.08079000000015
            ],
            [
              -63.53714599999984,
              8.080786
            ],
            [
              -63.537233,
              8.080778
            ],
            [
              -63.537305,
              8.080751000000134
            ],
            [
              -63.537373,
              8.080718
            ],
            [
              -63.537467,
              8.080680000000143
            ],
            [
              -63.537606,
              8.080613
            ],
            [
              -63.537671,
              8.080596
            ],
            [
              -63.537743,
              8.080585
            ],
            [
              -63.537820999999894,
              8.080587
            ],
            [
              -63.537903,
              8.080602
            ],
            [
              -63.538004,
              8.080657
            ],
            [
              -63.538123,
              8.080735
            ],
            [
              -63.538215,
              8.080809000000158
            ],
            [
              -63.538248,
              8.080848000000174
            ],
            [
              -63.538298,
              8.08093
            ],
            [
              -63.538328,
              8.080991
            ],
            [
              -63.538384,
              8.081069000000127
            ],
            [
              -63.538437,
              8.081151
            ],
            [
              -63.538519999999835,
              8.081294000000128
            ],
            [
              -63.538591,
              8.081487
            ],
            [
              -63.538595,
              8.081569000000115
            ],
            [
              -63.53859,
              8.081658
            ],
            [
              -63.538574,
              8.08174
            ],
            [
              -63.53854,
              8.081852
            ],
            [
              -63.538483,
              8.081977000000165
            ],
            [
              -63.53843499999988,
              8.082086000000118
            ],
            [
              -63.538426,
              8.082122
            ],
            [
              -63.53840799999989,
              8.082283
            ],
            [
              -63.538398999999856,
              8.082614
            ],
            [
              -63.538379,
              8.082775
            ],
            [
              -63.538339,
              8.082992000000104
            ],
            [
              -63.538298,
              8.08314
            ],
            [
              -63.538198,
              8.083463000000165
            ],
            [
              -63.538081,
              8.083779
            ],
            [
              -63.53805,
              8.083934
            ],
            [
              -63.53802199999984,
              8.084082
            ],
            [
              -63.538012,
              8.084272000000112
            ],
            [
              -63.537991,
              8.084462
            ],
            [
              -63.537996,
              8.084587000000113
            ],
            [
              -63.538011,
              8.084767
            ],
            [
              -63.538039,
              8.084928
            ],
            [
              -63.53807299999988,
              8.085051000000135
            ],
            [
              -63.538123,
              8.085163000000136
            ],
            [
              -63.53817,
              8.085283000000118
            ],
            [
              -63.53825,
              8.085436000000186
            ],
            [
              -63.538333,
              8.085567
            ],
            [
              -63.538423,
              8.0857
            ],
            [
              -63.538542,
              8.085856
            ],
            [
              -63.538694,
              8.086002000000121
            ],
            [
              -63.538832,
              8.086108
            ],
            [
              -63.538949999999886,
              8.086186
            ],
            [
              -63.539055,
              8.086231
            ],
            [
              -63.53914,
              8.086256000000162
            ],
            [
              -63.53924099999989,
              8.086268
            ],
            [
              -63.53935899999988,
              8.086266
            ],
            [
              -63.53944299999989,
              8.086249000000123
            ],
            [
              -63.539586,
              8.086231
            ],
            [
              -63.539759,
              8.086232000000109
            ],
            [
              -63.539837,
              8.086237
            ],
            [
              -63.53988,
              8.086247000000128
            ],
            [
              -63.53994199999988,
              8.086269000000186
            ],
            [
              -63.540018,
              8.086334
            ],
            [
              -63.540137,
              8.08648
            ],
            [
              -63.540207,
              8.086594
            ],
            [
              -63.540293,
              8.086727
            ],
            [
              -63.54036699999989,
              8.086903
            ],
            [
              -63.540428,
              8.087086000000113
            ],
            [
              -63.540488,
              8.087243000000115
            ],
            [
              -63.540543,
              8.087400000000116
            ],
            [
              -63.540611999999896,
              8.087504
            ],
            [
              -63.540675,
              8.087602000000174
            ],
            [
              -63.540751,
              8.087689
            ],
            [
              -63.540844,
              8.087826
            ],
            [
              -63.540894,
              8.087911000000133
            ],
            [
              -63.54094099999986,
              8.087982000000125
            ],
            [
              -63.54097799999988,
              8.08807000000013
            ],
            [
              -63.541011,
              8.088165
            ],
            [
              -63.541029,
              8.088247
            ],
            [
              -63.541046,
              8.088345000000174
            ],
            [
              -63.541054,
              8.088460000000111
            ],
            [
              -63.541055,
              8.088548
            ],
            [
              -63.541046,
              8.088654000000133
            ],
            [
              -63.541034,
              8.088706
            ],
            [
              -63.541021999999884,
              8.088834000000134
            ],
            [
              -63.54102099999989,
              8.089008000000149
            ],
            [
              -63.541013,
              8.089155
            ],
            [
              -63.540989,
              8.089271
            ],
            [
              -63.540944,
              8.089386000000161
            ],
            [
              -63.540919,
              8.089478
            ],
            [
              -63.540917,
              8.089563
            ],
            [
              -63.54094099999986,
              8.089694
            ],
            [
              -63.54097599999983,
              8.089841000000149
            ],
            [
              -63.541007,
              8.089962000000185
            ],
            [
              -63.54102399999988,
              8.090071
            ],
            [
              -63.541059,
              8.090211000000181
            ],
            [
              -63.541093,
              8.090388
            ],
            [
              -63.54112,
              8.09048300000012
            ],
            [
              -63.54115399999989,
              8.090561
            ],
            [
              -63.5411969999999,
              8.090619
            ],
            [
              -63.541247,
              8.09070400000013
            ],
            [
              -63.54126,
              8.090743000000145
            ],
            [
              -63.541313999999886,
              8.090828000000101
            ],
            [
              -63.541359999999884,
              8.091434000000106
            ],
            [
              -63.54135799999989,
              8.091579
            ],
            [
              -63.541359999999884,
              8.091742
            ],
            [
              -63.541365,
              8.091864
            ],
            [
              -63.541372,
              8.091919000000132
            ],
            [
              -63.541386,
              8.091988000000129
            ],
            [
              -63.54141,
              8.092053
            ],
            [
              -63.54145,
              8.092164000000139
            ],
            [
              -63.54151699999983,
              8.092321
            ],
            [
              -63.541577,
              8.092448
            ],
            [
              -63.541671,
              8.092605
            ],
            [
              -63.541724,
              8.092689
            ],
            [
              -63.5418269999999,
              8.092875000000163
            ],
            [
              -63.541884,
              8.092999000000134
            ],
            [
              -63.541924,
              8.093097
            ],
            [
              -63.541994,
              8.093227000000184
            ],
            [
              -63.54210099999983,
              8.093406
            ],
            [
              -63.54226,
              8.093657
            ],
            [
              -63.542429,
              8.093917
            ],
            [
              -63.542463,
              8.093972000000178
            ],
            [
              -63.542503,
              8.094067
            ],
            [
              -63.54255599999982,
              8.094168
            ],
            [
              -63.542636,
              8.094279
            ],
            [
              -63.542653,
              8.094308
            ],
            [
              -63.542791,
              8.094447
            ],
            [
              -63.543002,
              8.094665000000134
            ],
            [
              -63.543082,
              8.094772
            ],
            [
              -63.543168,
              8.094909
            ],
            [
              -63.543215,
              8.09500700000018
            ],
            [
              -63.543259,
              8.095131000000151
            ],
            [
              -63.54329,
              8.095229
            ],
            [
              -63.543307,
              8.095356
            ],
            [
              -63.54331499999989,
              8.095474
            ],
            [
              -63.54331599999989,
              8.095553
            ],
            [
              -63.543304,
              8.095619
            ],
            [
              -63.54328,
              8.095767
            ],
            [
              -63.543265,
              8.095891000000108
            ],
            [
              -63.543252,
              8.096213000000148
            ],
            [
              -63.543287,
              8.096396
            ],
            [
              -63.543374,
              8.096585000000175
            ],
            [
              -63.543417,
              8.096637
            ],
            [
              -63.54349,
              8.096705000000156
            ],
            [
              -63.543579,
              8.096767000000114
            ],
            [
              -63.543689999999856,
              8.096814000000109
            ],
            [
              -63.54377499999987,
              8.09683
            ],
            [
              -63.543837,
              8.096839
            ],
            [
              -63.543951,
              8.096844
            ],
            [
              -63.54414999999989,
              8.096835
            ],
            [
              -63.544235,
              8.096844
            ],
            [
              -63.544294,
              8.096853000000124
            ],
            [
              -63.544349,
              8.096875000000182
            ],
            [
              -63.544454,
              8.096927
            ],
            [
              -63.544517,
              8.096972
            ],
            [
              -63.544619,
              8.097056
            ],
            [
              -63.544754,
              8.097176
            ],
            [
              -63.544764,
              8.097195
            ],
            [
              -63.544813,
              8.097227
            ],
            [
              -63.544862,
              8.097246000000155
            ],
            [
              -63.54494399999987,
              8.097272
            ],
            [
              -63.545117,
              8.09729300000015
            ],
            [
              -63.545241,
              8.097308000000112
            ],
            [
              -63.545378,
              8.097332000000165
            ],
            [
              -63.54547,
              8.097347000000184
            ],
            [
              -63.545516,
              8.097363
            ],
            [
              -63.545581,
              8.097399
            ],
            [
              -63.54563999999988,
              8.097427
            ],
            [
              -63.545693,
              8.097495000000151
            ],
            [
              -63.545723,
              8.097557000000108
            ],
            [
              -63.546037,
              8.097895
            ],
            [
              -63.546335,
              8.098305
            ],
            [
              -63.546391,
              8.098390000000109
            ],
            [
              -63.546475,
              8.098521000000119
            ],
            [
              -63.546577,
              8.098655
            ],
            [
              -63.54663,
              8.098743
            ],
            [
              -63.54668,
              8.09882400000015
            ],
            [
              -63.546723,
              8.0989
            ],
            [
              -63.546754,
              8.098981
            ],
            [
              -63.546774,
              8.09909000000016
            ],
            [
              -63.546792,
              8.099195000000122
            ],
            [
              -63.546791,
              8.099343
            ],
            [
              -63.546781999999894,
              8.099428
            ],
            [
              -63.54673799999989,
              8.099541000000158
            ],
            [
              -63.54668699999985,
              8.09966
            ],
            [
              -63.546633,
              8.099766000000102
            ],
            [
              -63.546521,
              8.099929
            ],
            [
              -63.546386,
              8.100118000000123
            ],
            [
              -63.546322,
              8.100221
            ],
            [
              -63.546287,
              8.10027700000012
            ],
            [
              -63.546264999999835,
              8.100340000000188
            ],
            [
              -63.546246,
              8.100426
            ],
            [
              -63.546240999999895,
              8.100514
            ],
            [
              -63.546246,
              8.100975000000119
            ],
            [
              -63.546225999999876,
              8.101215
            ],
            [
              -63.54619699999989,
              8.101479
            ],
            [
              -63.546148,
              8.10172000000017
            ],
            [
              -63.546092,
              8.101948
            ],
            [
              -63.546057,
              8.102057000000116
            ],
            [
              -63.546,
              8.102199000000155
            ],
            [
              -63.545974999999885,
              8.10224200000016
            ],
            [
              -63.545937,
              8.102318
            ],
            [
              -63.54590499999989,
              8.102371000000176
            ],
            [
              -63.545847,
              8.102424000000156
            ],
            [
              -63.545756,
              8.10250800000017
            ],
            [
              -63.545695,
              8.102568000000133
            ],
            [
              -63.545634,
              8.102625
            ],
            [
              -63.545548,
              8.102741
            ],
            [
              -63.54547,
              8.102834000000144
            ],
            [
              -63.545396,
              8.102920000000154
            ],
            [
              -63.545249,
              8.10308300000014
            ],
            [
              -63.545165,
              8.103183
            ],
            [
              -63.545085,
              8.103289000000132
            ],
            [
              -63.54502099999985,
              8.103382000000181
            ],
            [
              -63.544948,
              8.103544
            ],
            [
              -63.544929,
              8.10361300000011
            ],
            [
              -63.544907,
              8.10370300000011
            ],
            [
              -63.54489699999988,
              8.103880000000174
            ],
            [
              -63.54490099999987,
              8.103992
            ],
            [
              -63.544915,
              8.10408800000016
            ],
            [
              -63.544966,
              8.104232
            ],
            [
              -63.54502599999989,
              8.104389
            ],
            [
              -63.545113,
              8.10456900000014
            ],
            [
              -63.54512,
              8.104595000000188
            ],
            [
              -63.545203,
              8.10474500000015
            ],
            [
              -63.545266,
              8.10484
            ],
            [
              -63.545289,
              8.104863000000137
            ],
            [
              -63.545315,
              8.10487600000016
            ],
            [
              -63.545351,
              8.104879
            ],
            [
              -63.5454,
              8.104871000000117
            ],
            [
              -63.545458,
              8.104854000000103
            ],
            [
              -63.54559499999982,
              8.104816
            ],
            [
              -63.545695,
              8.104792000000145
            ],
            [
              -63.545793,
              8.104781000000116
            ],
            [
              -63.545894,
              8.10478
            ],
            [
              -63.546031,
              8.104798
            ],
            [
              -63.546237,
              8.104812
            ],
            [
              -63.546377,
              8.10484600000018
            ],
            [
              -63.546492,
              8.104881
            ],
            [
              -63.546642,
              8.104945
            ],
            [
              -63.546747,
              8.105006
            ],
            [
              -63.546829,
              8.105071000000123
            ],
            [
              -63.546954,
              8.105162000000178
            ],
            [
              -63.54709899999983,
              8.105255
            ],
            [
              -63.547282,
              8.105382
            ],
            [
              -63.54751899999985,
              8.105546000000174
            ],
            [
              -63.547703,
              8.105693
            ],
            [
              -63.547768999999846,
              8.105761
            ],
            [
              -63.547799,
              8.105810000000133
            ],
            [
              -63.547829,
              8.105885000000171
            ],
            [
              -63.547843,
              8.105954000000168
            ],
            [
              -63.547851,
              8.106069000000105
            ],
            [
              -63.547797,
              8.10621
            ],
            [
              -63.54777699999988,
              8.106292
            ],
            [
              -63.54777399999989,
              8.106338000000164
            ],
            [
              -63.547791,
              8.106446
            ],
            [
              -63.547816999999895,
              8.10650100000015
            ],
            [
              -63.54786,
              8.106534
            ],
            [
              -63.547919,
              8.106583000000171
            ],
            [
              -63.547948,
              8.106615000000147
            ],
            [
              -63.547958,
              8.106648
            ],
            [
              -63.547965,
              8.106674
            ],
            [
              -63.547949,
              8.10672000000011
            ],
            [
              -63.547926,
              8.106808000000115
            ],
            [
              -63.547923,
              8.10686
            ],
            [
              -63.54793,
              8.106916000000183
            ],
            [
              -63.547959,
              8.106984000000125
            ],
            [
              -63.547978999999884,
              8.10705
            ],
            [
              -63.547999,
              8.107141000000126
            ],
            [
              -63.54802199999989,
              8.107278000000122
            ],
            [
              -63.548036,
              8.107389
            ],
            [
              -63.548078,
              8.107484000000113
            ],
            [
              -63.548115,
              8.107562
            ],
            [
              -63.54816,
              8.107618000000173
            ],
            [
              -63.5482,
              8.107657
            ],
            [
              -63.548585,
              8.10792000000015
            ],
            [
              -63.548674,
              8.107979
            ],
            [
              -63.548782,
              8.108051000000103
            ],
            [
              -63.548877,
              8.108148
            ],
            [
              -63.548935,
              8.108217
            ],
            [
              -63.548959,
              8.108269
            ],
            [
              -63.548991,
              8.108292000000176
            ],
            [
              -63.549086,
              8.108367000000158
            ],
            [
              -63.549197,
              8.108448000000124
            ],
            [
              -63.549256,
              8.10851700000012
            ],
            [
              -63.549321,
              8.108559
            ],
            [
              -63.549387,
              8.108601
            ],
            [
              -63.549498,
              8.108653
            ],
            [
              -63.549572999999896,
              8.108679
            ],
            [
              -63.549681,
              8.108741
            ],
            [
              -63.549795,
              8.108838
            ],
            [
              -63.54984799999988,
              8.108913
            ],
            [
              -63.549881,
              8.108992000000171
            ],
            [
              -63.549878,
              8.109057
            ],
            [
              -63.54989399999988,
              8.109149
            ],
            [
              -63.54993,
              8.109214
            ],
            [
              -63.54997,
              8.10930500000012
            ],
            [
              -63.549986,
              8.109321
            ],
            [
              -63.55003,
              8.10939100000013
            ],
            [
              -63.550065,
              8.109449000000154
            ],
            [
              -63.550127,
              8.109527
            ],
            [
              -63.550219,
              8.109648000000107
            ],
            [
              -63.550252,
              8.109684
            ],
            [
              -63.550333,
              8.109765
            ],
            [
              -63.550395,
              8.109831000000156
            ],
            [
              -63.550495,
              8.109910000000127
            ],
            [
              -63.550706,
              8.110074000000168
            ],
            [
              -63.550824,
              8.110195
            ],
            [
              -63.550896,
              8.110289
            ],
            [
              -63.550913,
              8.110391000000106
            ],
            [
              -63.55092,
              8.110489
            ],
            [
              -63.55091,
              8.110557
            ],
            [
              -63.550897,
              8.110610000000122
            ],
            [
              -63.550921,
              8.110672
            ],
            [
              -63.55092999999988,
              8.110730000000103
            ],
            [
              -63.550986,
              8.110812000000124
            ],
            [
              -63.551045,
              8.110858
            ],
            [
              -63.551146,
              8.110942
            ],
            [
              -63.551148999999896,
              8.110943000000134
            ],
            [
              -63.551206,
              8.1110240000001
            ],
            [
              -63.5512379999999,
              8.11110200000013
            ],
            [
              -63.551258,
              8.111174
            ],
            [
              -63.551255,
              8.11125200000015
            ],
            [
              -63.551246,
              8.111318
            ],
            [
              -63.551233,
              8.111377000000175
            ],
            [
              -63.551191,
              8.111507
            ],
            [
              -63.551168,
              8.111563000000103
            ],
            [
              -63.55110999999988,
              8.111635
            ],
            [
              -63.55106099999989,
              8.111681
            ],
            [
              -63.550986,
              8.111740000000168
            ],
            [
              -63.55073,
              8.111937000000125
            ],
            [
              -63.550505,
              8.112166
            ],
            [
              -63.550395,
              8.112291000000141
            ],
            [
              -63.55018699999988,
              8.112527000000114
            ],
            [
              -63.5500669999999,
              8.11269700000014
            ],
            [
              -63.549973,
              8.112811
            ],
            [
              -63.549908,
              8.11287
            ],
            [
              -63.549859,
              8.112929000000122
            ],
            [
              -63.5497299999999,
              8.113194
            ],
            [
              -63.54962,
              8.113544
            ],
            [
              -63.549517,
              8.113858000000107
            ],
            [
              -63.549472,
              8.114038
            ],
            [
              -63.549408,
              8.114231
            ],
            [
              -63.549341,
              8.114588
            ],
            [
              -63.549312,
              8.114849
            ],
            [
              -63.549312,
              8.114869
            ],
            [
              -63.54930899999988,
              8.114895000000104
            ],
            [
              -63.549322,
              8.114973
            ],
            [
              -63.549362,
              8.115071000000114
            ],
            [
              -63.549411,
              8.115143
            ],
            [
              -63.54949,
              8.115228000000116
            ],
            [
              -63.549581,
              8.115338000000179
            ],
            [
              -63.549679,
              8.11541700000015
            ],
            [
              -63.549745,
              8.115492000000131
            ],
            [
              -63.549974,
              8.115762
            ],
            [
              -63.550079,
              8.115889
            ],
            [
              -63.550282,
              8.116121000000135
            ],
            [
              -63.550416,
              8.116261000000122
            ],
            [
              -63.550469,
              8.116342
            ],
            [
              -63.550498,
              8.116398000000117
            ],
            [
              -63.550515,
              8.116483
            ],
            [
              -63.550528,
              8.116548
            ],
            [
              -63.550535,
              8.116623
            ],
            [
              -63.550532,
              8.116725
            ],
            [
              -63.550539,
              8.116849000000116
            ],
            [
              -63.550562,
              8.116947
            ],
            [
              -63.550575,
              8.116996
            ],
            [
              -63.550589,
              8.117025000000126
            ],
            [
              -63.550618,
              8.117054
            ],
            [
              -63.550653999999895,
              8.117071
            ],
            [
              -63.550674,
              8.117084
            ],
            [
              -63.55087,
              8.117194
            ],
            [
              -63.550984,
              8.117259000000104
            ],
            [
              -63.551092,
              8.117282
            ],
            [
              -63.551209,
              8.117288
            ],
            [
              -63.551343,
              8.117258
            ],
            [
              -63.551375,
              8.117232
            ],
            [
              -63.551411,
              8.117127
            ],
            [
              -63.551423,
              8.117019
            ],
            [
              -63.551449,
              8.116964
            ],
            [
              -63.55147899999986,
              8.116951
            ],
            [
              -63.551520999999866,
              8.116954000000135
            ],
            [
              -63.551567,
              8.11697
            ],
            [
              -63.551638,
              8.11698900000016
            ],
            [
              -63.551697,
              8.116983
            ],
            [
              -63.551782,
              8.116950000000145
            ],
            [
              -63.551912,
              8.116864000000135
            ],
            [
              -63.55202899999989,
              8.116792
            ],
            [
              -63.55214599999988,
              8.11677200000014
            ],
            [
              -63.552233999999885,
              8.116775
            ],
            [
              -63.552322,
              8.116801
            ],
            [
              -63.55243,
              8.116873000000169
            ],
            [
              -63.552506,
              8.116961000000174
            ],
            [
              -63.552565,
              8.117101
            ],
            [
              -63.552601,
              8.11729
            ],
            [
              -63.552619,
              8.117539
            ],
            [
              -63.552587,
              8.117807
            ],
            [
              -63.552562,
              8.118026000000157
            ],
            [
              -63.552533,
              8.118157000000167
            ],
            [
              -63.55251,
              8.118212
            ],
            [
              -63.552485,
              8.118399000000124
            ],
            [
              -63.552439999999876,
              8.118552
            ],
            [
              -63.55238799999984,
              8.118722
            ],
            [
              -63.55230399999988,
              8.118853
            ],
            [
              -63.552194,
              8.118968000000109
            ],
            [
              -63.552109,
              8.119024000000138
            ],
            [
              -63.551972,
              8.119112000000143
            ],
            [
              -63.551865,
              8.119168000000172
            ],
            [
              -63.551774,
              8.119224
            ],
            [
              -63.55166,
              8.119319
            ],
            [
              -63.551628,
              8.119358
            ],
            [
              -63.551485,
              8.11954800000018
            ],
            [
              -63.551456,
              8.119614000000126
            ],
            [
              -63.55144,
              8.119663
            ],
            [
              -63.55144299999989,
              8.119745000000137
            ],
            [
              -63.551456,
              8.119797000000176
            ],
            [
              -63.5514859999999,
              8.119885000000124
            ],
            [
              -63.551539,
              8.120032
            ],
            [
              -63.551581,
              8.1200970000001
            ],
            [
              -63.551618,
              8.120175000000188
            ],
            [
              -63.551686,
              8.120293000000174
            ],
            [
              -63.551752,
              8.120371
            ],
            [
              -63.551863,
              8.120443000000137
            ],
            [
              -63.551994,
              8.120494
            ],
            [
              -63.552131,
              8.120527000000152
            ],
            [
              -63.552267999999856,
              8.120553
            ],
            [
              -63.55243099999984,
              8.120585000000176
            ],
            [
              -63.552627,
              8.120614
            ],
            [
              -63.552898,
              8.120646
            ],
            [
              -63.553146,
              8.120668
            ],
            [
              -63.55347899999987,
              8.120686
            ],
            [
              -63.55361,
              8.120689
            ],
            [
              -63.553913,
              8.120630000000176
            ],
            [
              -63.554177,
              8.120593
            ],
            [
              -63.554385,
              8.120576000000142
            ],
            [
              -63.554659,
              8.120552
            ],
            [
              -63.554783,
              8.120558
            ],
            [
              -63.554838,
              8.120575
            ],
            [
              -63.554865,
              8.120591000000104
            ],
            [
              -63.55489399999988,
              8.12062
            ],
            [
              -63.554907,
              8.120637
            ],
            [
              -63.554914,
              8.12067900000011
            ],
            [
              -63.554898,
              8.12080600000013
            ],
            [
              -63.5548629999999,
              8.120921
            ],
            [
              -63.554817,
              8.121026
            ],
            [
              -63.554769,
              8.121163
            ],
            [
              -63.554717,
              8.121264
            ],
            [
              -63.554586,
              8.12141
            ],
            [
              -63.55443899999989,
              8.12156
            ],
            [
              -63.55441,
              8.121597
            ],
            [
              -63.554412,
              8.1216280000001
            ],
            [
              -63.554419,
              8.121661000000188
            ],
            [
              -63.55444199999988,
              8.121690000000115
            ],
            [
              -63.554546,
              8.121758
            ],
            [
              -63.554611,
              8.121797
            ],
            [
              -63.554736,
              8.121872
            ],
            [
              -63.55480099999983,
              8.121914000000174
            ],
            [
              -63.5548629999999,
              8.12195000000014
            ],
            [
              -63.554931999999894,
              8.12197
            ],
            [
              -63.554987,
              8.121983
            ],
            [
              -63.555075,
              8.121989000000156
            ],
            [
              -63.55517999999984,
              8.12200200000018
            ],
            [
              -63.55527099999989,
              8.122031
            ],
            [
              -63.555356,
              8.122066000000132
            ],
            [
              -63.555402,
              8.122102
            ],
            [
              -63.555451,
              8.122164
            ],
            [
              -63.55549,
              8.122229000000118
            ],
            [
              -63.5555159999999,
              8.122285000000147
            ],
            [
              -63.555546,
              8.122353
            ],
            [
              -63.555586,
              8.122530000000154
            ],
            [
              -63.555619,
              8.122644
            ],
            [
              -63.555649,
              8.122827
            ],
            [
              -63.555666,
              8.122984
            ],
            [
              -63.5556509999999,
              8.1232940000001
            ],
            [
              -63.555651999999895,
              8.123338
            ],
            [
              -63.555659,
              8.123388
            ],
            [
              -63.555666,
              8.123427000000106
            ],
            [
              -63.555676,
              8.12344000000013
            ],
            [
              -63.555685,
              8.123443
            ],
            [
              -63.555733,
              8.123501
            ],
            [
              -63.55587,
              8.123592
            ],
            [
              -63.555965,
              8.12366
            ],
            [
              -63.556086,
              8.123755
            ],
            [
              -63.55618399999986,
              8.123836
            ],
            [
              -63.556246,
              8.123888
            ],
            [
              -63.556292,
              8.123944000000108
            ],
            [
              -63.55639699999989,
              8.124077
            ],
            [
              -63.55642,
              8.124113
            ],
            [
              -63.55651499999988,
              8.124182
            ],
            [
              -63.556551,
              8.12427300000013
            ],
            [
              -63.556623,
              8.124430000000132
            ],
            [
              -63.556691999999885,
              8.124563000000137
            ],
            [
              -63.556745,
              8.124655000000132
            ],
            [
              -63.55682,
              8.124749
            ],
            [
              -63.556882,
              8.124824
            ],
            [
              -63.556991,
              8.124961
            ],
            [
              -63.557063,
              8.125082
            ],
            [
              -63.557086,
              8.125137
            ],
            [
              -63.557109,
              8.125242000000185
            ],
            [
              -63.557132,
              8.125340000000108
            ],
            [
              -63.557162,
              8.125431
            ],
            [
              -63.557198,
              8.1255
            ],
            [
              -63.5572269999999,
              8.125545
            ],
            [
              -63.55728,
              8.125624000000187
            ],
            [
              -63.55739499999987,
              8.125823000000139
            ],
            [
              -63.557430999999895,
              8.12589800000012
            ],
            [
              -63.55746,
              8.12595000000016
            ],
            [
              -63.557493,
              8.126009
            ],
            [
              -63.557539,
              8.126058
            ],
            [
              -63.557588,
              8.126093
            ],
            [
              -63.557636999999886,
              8.12612600000017
            ],
            [
              -63.557716,
              8.126158000000146
            ],
            [
              -63.55783,
              8.126171000000113
            ],
            [
              -63.557933999999875,
              8.126171000000113
            ],
            [
              -63.558051,
              8.126154000000156
            ],
            [
              -63.558175,
              8.126121
            ],
            [
              -63.558331,
              8.126046
            ],
            [
              -63.558442,
              8.125977
            ],
            [
              -63.558477999999866,
              8.125934
            ],
            [
              -63.558566,
              8.125885
            ],
            [
              -63.558689,
              8.125809
            ],
            [
              -63.558893999999896,
              8.125724000000105
            ],
            [
              -63.55896899999988,
              8.125691
            ],
            [
              -63.559083,
              8.125713
            ],
            [
              -63.55918099999985,
              8.125733000000139
            ],
            [
              -63.559315,
              8.125778000000139
            ],
            [
              -63.559396999999876,
              8.12585300000012
            ],
            [
              -63.559449,
              8.12590200000011
            ],
            [
              -63.559489,
              8.125938
            ],
            [
              -63.559518,
              8.12597
            ],
            [
              -63.55955399999988,
              8.125996
            ],
            [
              -63.55959,
              8.126019
            ],
            [
              -63.559626,
              8.126035
            ],
            [
              -63.559655,
              8.126048
            ],
            [
              -63.559717,
              8.126094
            ],
            [
              -63.559803,
              8.126162
            ],
            [
              -63.5598609999999,
              8.126224
            ],
            [
              -63.55994,
              8.126332000000161
            ],
            [
              -63.560039,
              8.126492
            ],
            [
              -63.56009099999983,
              8.126576
            ],
            [
              -63.560147,
              8.12673
            ],
            [
              -63.560173,
              8.126802000000112
            ],
            [
              -63.5602,
              8.126844
            ],
            [
              -63.56022899999988,
              8.12687300000016
            ],
            [
              -63.56027099999989,
              8.126896000000102
            ],
            [
              -63.56032,
              8.126915
            ],
            [
              -63.560396,
              8.126932
            ],
            [
              -63.560497,
              8.12694800000014
            ],
            [
              -63.560614,
              8.126957000000175
            ],
            [
              -63.560715,
              8.126986
            ],
            [
              -63.560774,
              8.127038
            ],
            [
              -63.560827,
              8.127097
            ],
            [
              -63.560852999999895,
              8.127136
            ],
            [
              -63.560889,
              8.127218
            ],
            [
              -63.560909,
              8.127329
            ],
            [
              -63.560913,
              8.12743300000011
            ],
            [
              -63.560903,
              8.127499
            ],
            [
              -63.560877,
              8.12756700000017
            ],
            [
              -63.560829,
              8.127675
            ],
            [
              -63.560783,
              8.12774700000017
            ],
            [
              -63.560709,
              8.127820000000156
            ],
            [
              -63.560611,
              8.127931000000103
            ],
            [
              -63.56053,
              8.128032000000132
            ],
            [
              -63.560455,
              8.128105000000119
            ],
            [
              -63.560345,
              8.128200000000163
            ],
            [
              -63.560296,
              8.128285
            ],
            [
              -63.560287,
              8.128321
            ],
            [
              -63.56028,
              8.128366
            ],
            [
              -63.560277,
              8.128458
            ],
            [
              -63.56029799999982,
              8.128661
            ],
            [
              -63.56034099999982,
              8.128932000000134
            ],
            [
              -63.560351,
              8.129017
            ],
            [
              -63.560352,
              8.129141
            ],
            [
              -63.56034899999986,
              8.129186
            ],
            [
              -63.560819,
              8.129204
            ],
            [
              -63.560877,
              8.129208
            ],
            [
              -63.56299,
              8.129283
            ],
            [
              -63.563323,
              8.129276000000175
            ],
            [
              -63.563522,
              8.129266
            ],
            [
              -63.563786,
              8.129232000000115
            ],
            [
              -63.564105,
              8.129172
            ],
            [
              -63.564747,
              8.128965
            ],
            [
              -63.56538099999983,
              8.128679
            ],
            [
              -63.565707,
              8.128452
            ],
            [
              -63.566694,
              8.127719000000127
            ],
            [
              -63.566483,
              8.127555
            ],
            [
              -63.566226,
              8.127365000000168
            ],
            [
              -63.565909,
              8.127076
            ],
            [
              -63.565723999999875,
              8.126846
            ],
            [
              -63.565638,
              8.126702
            ],
            [
              -63.565592,
              8.12659600000012
            ],
            [
              -63.565572,
              8.126412000000187
            ],
            [
              -63.565584,
              8.126247
            ],
            [
              -63.565643,
              8.12607000000014
            ],
            [
              -63.565681,
              8.125852
            ],
            [
              -63.565746,
              8.125543
            ],
            [
              -63.565746,
              8.125496
            ],
            [
              -63.565732,
              8.125332000000185
            ],
            [
              -63.56572499999987,
              8.125128000000188
            ],
            [
              -63.565716999999836,
              8.124870000000158
            ],
            [
              -63.565728,
              8.124376
            ],
            [
              -63.565727,
              8.124014
            ],
            [
              -63.56567399999983,
              8.123751
            ],
            [
              -63.565627,
              8.123626
            ],
            [
              -63.565551,
              8.123432
            ],
            [
              -63.565415,
              8.123238000000129
            ],
            [
              -63.565316,
              8.12314
            ],
            [
              -63.565294,
              8.123110000000167
            ],
            [
              -63.565281,
              8.12308800000011
            ],
            [
              -63.565265999999895,
              8.123049
            ],
            [
              -63.565264,
              8.123045000000104
            ],
            [
              -63.565256,
              8.123031
            ],
            [
              -63.565253,
              8.122994000000176
            ],
            [
              -63.565252,
              8.122988
            ],
            [
              -63.565257,
              8.122968000000128
            ],
            [
              -63.565273,
              8.122945
            ],
            [
              -63.565326,
              8.122872
            ],
            [
              -63.565426999999886,
              8.122764000000132
            ],
            [
              -63.565643,
              8.122625
            ],
            [
              -63.565918,
              8.122447
            ],
            [
              -63.56600999999989,
              8.122334
            ],
            [
              -63.56617299999988,
              8.122143000000108
            ],
            [
              -63.566245,
              8.122084
            ],
            [
              -63.56630399999989,
              8.122037
            ],
            [
              -63.566357,
              8.122011
            ],
            [
              -63.566534,
              8.122017
            ],
            [
              -63.56658,
              8.121984000000111
            ],
            [
              -63.56659999999988,
              8.121925
            ],
            [
              -63.56659899999988,
              8.121799
            ],
            [
              -63.566619,
              8.121740000000159
            ],
            [
              -63.566677,
              8.121569
            ],
            [
              -63.566676,
              8.121404
            ],
            [
              -63.566696,
              8.121259000000123
            ],
            [
              -63.566754,
              8.121134
            ],
            [
              -63.56682,
              8.121028
            ],
            [
              -63.56684499999989,
              8.120923
            ],
            [
              -63.566819,
              8.120805
            ],
            [
              -63.566746,
              8.120719
            ],
            [
              -63.56664099999989,
              8.120667
            ],
            [
              -63.56655499999988,
              8.120621000000142
            ],
            [
              -63.566417,
              8.120575
            ],
            [
              -63.566286,
              8.120569000000103
            ],
            [
              -63.566069,
              8.120622
            ],
            [
              -63.56589799999989,
              8.120676
            ],
            [
              -63.565747,
              8.120643
            ],
            [
              -63.565629,
              8.120578000000137
            ],
            [
              -63.56547099999989,
              8.120479000000103
            ],
            [
              -63.565155,
              8.120263
            ],
            [
              -63.564890999999875,
              8.120040000000188
            ],
            [
              -63.564792,
              8.11992800000013
            ],
            [
              -63.564752,
              8.119777000000113
            ],
            [
              -63.564744,
              8.119468
            ],
            [
              -63.564743,
              8.11927
            ],
            [
              -63.564776,
              8.11909900000012
            ],
            [
              -63.564784,
              8.119066
            ],
            [
              -63.56480699999986,
              8.118979000000138
            ],
            [
              -63.564834,
              8.118875
            ],
            [
              -63.564919,
              8.118644000000131
            ],
            [
              -63.56501,
              8.118466000000183
            ],
            [
              -63.565023,
              8.118374000000188
            ],
            [
              -63.565042,
              8.118268000000114
            ],
            [
              -63.565074,
              8.118058000000133
            ],
            [
              -63.565113,
              8.117886000000112
            ],
            [
              -63.56518499999987,
              8.117754
            ],
            [
              -63.565329,
              8.117622000000154
            ],
            [
              -63.565506,
              8.117503
            ],
            [
              -63.565643,
              8.1174630000001
            ],
            [
              -63.565827,
              8.117384000000186
            ],
            [
              -63.566089,
              8.117245
            ],
            [
              -63.56628,
              8.117172
            ],
            [
              -63.566515999999865,
              8.117132
            ],
            [
              -63.566693,
              8.117085
            ],
            [
              -63.566837,
              8.116966
            ],
            [
              -63.56693499999989,
              8.116762
            ],
            [
              -63.56696099999982,
              8.116623
            ],
            [
              -63.566973,
              8.11638
            ],
            [
              -63.56693299999989,
              8.116222000000107
            ],
            [
              -63.56684699999988,
              8.116097
            ],
            [
              -63.566689,
              8.11594
            ],
            [
              -63.566623,
              8.115848
            ],
            [
              -63.56659,
              8.115742000000182
            ],
            [
              -63.56655599999988,
              8.115617000000157
            ],
            [
              -63.56655599999988,
              8.115459
            ],
            [
              -63.566515999999865,
              8.115394
            ],
            [
              -63.56617299999988,
              8.115046000000177
            ]
          ]
        ]
      }
    },
    {
      "type": "Feature",
      "properties": {
        "Pais": "Venezuela",
        "Estado": "Bolívar",
        "Municipio": "Angostura del Orinoco",
        "Parroquia": "Marhuanta"
      },
      "geometry": {
        "type": "Polygon",
        "coordinates": [
          [
            [
              -63.409938,
              8.173393
            ],
            [
              -63.413109,
              8.182627
            ],
            [
              -63.410873999999865,
              8.18648800000011
            ],
            [
              -63.406849,
              8.187794000000167
            ],
            [
              -63.404394,
              8.191077
            ],
            [
              -63.406755,
              8.198192
            ],
            [
              -63.40836169099998,
              8.200950164000176
            ],
            [
              -63.4091152609999,
              8.20066298200004
            ],
            [
              -63.412460290999945,
              8.19938820699997
            ],
            [
              -63.41546341499998,
              8.197606156000063
            ],
            [
              -63.420675188999894,
              8.191671369000062
            ],
            [
              -63.42216354499993,
              8.189976538999986
            ],
            [
              -63.42656386699997,
              8.184965778000105
            ],
            [
              -63.431688074999954,
              8.179320615000108
            ],
            [
              -63.43654427799993,
              8.176079514000094
            ],
            [
              -63.44012143699996,
              8.174191447000112
            ],
            [
              -63.45020489399991,
              8.17322137500014
            ],
            [
              -63.4560271549999,
              8.174011375000134
            ],
            [
              -63.46152840599996,
              8.173419330000058
            ],
            [
              -63.466727620999905,
              8.170184236000125
            ],
            [
              -63.469293725999876,
              8.167016141999966
            ],
            [
              -63.47626001899994,
              8.160599950000062
            ],
            [
              -63.486449480999966,
              8.160088888000075
            ],
            [
              -63.49981609599996,
              8.161353868000106
            ],
            [
              -63.5026011729999,
              8.163540415000057
            ],
            [
              -63.50664431799987,
              8.166714658999979
            ],
            [
              -63.506992,
              8.154752
            ],
            [
              -63.50736599999988,
              8.148348000000112
            ],
            [
              -63.507434,
              8.148358
            ],
            [
              -63.5076,
              8.14839
            ],
            [
              -63.507721,
              8.148406
            ],
            [
              -63.507815,
              8.148415000000114
            ],
            [
              -63.507887,
              8.148409000000186
            ],
            [
              -63.50791,
              8.148376
            ],
            [
              -63.507919,
              8.148307000000102
            ],
            [
              -63.507883,
              8.148167
            ],
            [
              -63.50783699999988,
              8.147847
            ],
            [
              -63.507767,
              8.147583
            ],
            [
              -63.507697999999834,
              8.147416
            ],
            [
              -63.50762999999989,
              8.147345
            ],
            [
              -63.50758699999989,
              8.147335000000112
            ],
            [
              -63.507561,
              8.147342
            ],
            [
              -63.507519,
              8.147371
            ],
            [
              -63.507482,
              8.14735400000012
            ],
            [
              -63.50748,
              8.147345
            ],
            [
              -63.507489,
              8.14730900000012
            ],
            [
              -63.507424,
              8.147208
            ],
            [
              -63.507423,
              8.147208
            ],
            [
              -63.507485,
              8.14596
            ],
            [
              -63.507423,
              8.146003
            ],
            [
              -63.50740599999983,
              8.146015000000148
            ],
            [
              -63.507363999999825,
              8.145940000000166
            ],
            [
              -63.5074,
              8.145878
            ],
            [
              -63.507448,
              8.145747
            ],
            [
              -63.507516,
              8.145485000000178
            ],
            [
              -63.507563,
              8.144868
            ],
            [
              -63.507563,
              8.14476
            ],
            [
              -63.507574,
              8.144191
            ],
            [
              -63.507685,
              8.14319200000017
            ],
            [
              -63.507721,
              8.143152
            ],
            [
              -63.507779,
              8.14310300000011
            ],
            [
              -63.507822,
              8.14305400000012
            ],
            [
              -63.507848,
              8.142998
            ],
            [
              -63.507886,
              8.14289
            ],
            [
              -63.507925,
              8.142753
            ],
            [
              -63.507918,
              8.14259
            ],
            [
              -63.50799999999987,
              8.141603000000146
            ],
            [
              -63.507989999999836,
              8.14156400000013
            ],
            [
              -63.50794799999983,
              8.141528000000164
            ],
            [
              -63.507882,
              8.141505
            ],
            [
              -63.50783299999989,
              8.14147000000014
            ],
            [
              -63.507781,
              8.141431000000125
            ],
            [
              -63.50774799999988,
              8.141352000000154
            ],
            [
              -63.507722,
              8.141258
            ],
            [
              -63.507685,
              8.141072
            ],
            [
              -63.507675,
              8.140889
            ],
            [
              -63.507675,
              8.14086900000018
            ],
            [
              -63.507671,
              8.140771
            ],
            [
              -63.507681,
              8.140644
            ],
            [
              -63.507719,
              8.140451
            ],
            [
              -63.50774799999988,
              8.140366
            ],
            [
              -63.507783999999845,
              8.140232
            ],
            [
              -63.507826,
              8.140045
            ],
            [
              -63.507858,
              8.139915
            ],
            [
              -63.507887,
              8.139781
            ],
            [
              -63.507921999999894,
              8.139607000000183
            ],
            [
              -63.507935,
              8.139565000000118
            ],
            [
              -63.507912,
              8.139486000000147
            ],
            [
              -63.507882,
              8.139333
            ],
            [
              -63.507892,
              8.13917
            ],
            [
              -63.507891,
              8.139059000000145
            ],
            [
              -63.507943,
              8.138866000000178
            ],
            [
              -63.508014,
              8.13865
            ],
            [
              -63.508027,
              8.138549
            ],
            [
              -63.508017,
              8.138444
            ],
            [
              -63.50798,
              8.138336
            ],
            [
              -63.507925,
              8.138222
            ],
            [
              -63.507843,
              8.138115
            ],
            [
              -63.507783999999845,
              8.13804
            ],
            [
              -63.507722,
              8.137955
            ],
            [
              -63.507663,
              8.137864
            ],
            [
              -63.507623,
              8.137792000000104
            ],
            [
              -63.507583999999895,
              8.137711
            ],
            [
              -63.507558,
              8.137626
            ],
            [
              -63.507528,
              8.137528000000145
            ],
            [
              -63.507508,
              8.137404000000174
            ],
            [
              -63.507488,
              8.13728
            ],
            [
              -63.507478,
              8.137146000000143
            ],
            [
              -63.50749999999988,
              8.136966
            ],
            [
              -63.50754199999989,
              8.136842
            ],
            [
              -63.507597,
              8.136718
            ],
            [
              -63.50761,
              8.136616000000174
            ],
            [
              -63.507554,
              8.136548
            ],
            [
              -63.507483,
              8.136522
            ],
            [
              -63.507359,
              8.136503
            ],
            [
              -63.50725299999988,
              8.136481000000174
            ],
            [
              -63.50723,
              8.136471
            ],
            [
              -63.507194,
              8.136425
            ],
            [
              -63.507188,
              8.136373000000106
            ],
            [
              -63.507178,
              8.136331
            ],
            [
              -63.507145,
              8.136242000000152
            ],
            [
              -63.507128,
              8.136180000000138
            ],
            [
              -63.507108,
              8.135926
            ],
            [
              -63.507062,
              8.135648000000174
            ],
            [
              -63.506956999999886,
              8.135544
            ],
            [
              -63.506816,
              8.135492
            ],
            [
              -63.506696,
              8.13546300000013
            ],
            [
              -63.506523,
              8.135337
            ],
            [
              -63.506389,
              8.135207
            ],
            [
              -63.506306,
              8.135017
            ],
            [
              -63.506381,
              8.134766
            ],
            [
              -63.506429,
              8.134579
            ],
            [
              -63.50648,
              8.134347
            ],
            [
              -63.50645399999985,
              8.134226000000126
            ],
            [
              -63.506363,
              8.13419400000015
            ],
            [
              -63.506216,
              8.134237000000155
            ],
            [
              -63.506092,
              8.134303000000102
            ],
            [
              -63.505933,
              8.13433600000019
            ],
            [
              -63.505756,
              8.13428400000015
            ],
            [
              -63.50556,
              8.134164000000169
            ],
            [
              -63.505384,
              8.134077
            ],
            [
              -63.505182,
              8.133993
            ],
            [
              -63.505038,
              8.133902000000148
            ],
            [
              -63.504936,
              8.133798
            ],
            [
              -63.50490999999988,
              8.133726000000138
            ],
            [
              -63.50487399999986,
              8.133582000000104
            ],
            [
              -63.50487,
              8.13339
            ],
            [
              -63.50494999999984,
              8.13319300000012
            ],
            [
              -63.505028,
              8.133105000000114
            ],
            [
              -63.505094,
              8.133053
            ],
            [
              -63.50515899999988,
              8.133004
            ],
            [
              -63.505313,
              8.132825
            ],
            [
              -63.505368,
              8.132721000000117
            ],
            [
              -63.505382,
              8.132633000000112
            ],
            [
              -63.505369,
              8.132564000000116
            ],
            [
              -63.50534,
              8.132505
            ],
            [
              -63.505265,
              8.132414
            ],
            [
              -63.50518,
              8.132355
            ],
            [
              -63.505057,
              8.132292000000177
            ],
            [
              -63.504992,
              8.132223000000124
            ],
            [
              -63.504966,
              8.132142
            ],
            [
              -63.50495599999988,
              8.132031
            ],
            [
              -63.505019,
              8.131802000000107
            ],
            [
              -63.505058,
              8.131636
            ],
            [
              -63.505118,
              8.131414000000177
            ],
            [
              -63.505147,
              8.131208000000186
            ],
            [
              -63.505178,
              8.130895
            ],
            [
              -63.505181,
              8.130797
            ],
            [
              -63.505211,
              8.130729000000144
            ],
            [
              -63.50524,
              8.130683
            ],
            [
              -63.505263,
              8.130601
            ],
            [
              -63.50528,
              8.130494
            ],
            [
              -63.505273,
              8.130412
            ],
            [
              -63.50524399999989,
              8.130271000000107
            ],
            [
              -63.505241,
              8.130151000000126
            ],
            [
              -63.505262,
              8.129952000000173
            ],
            [
              -63.50524899999988,
              8.129837
            ],
            [
              -63.505191,
              8.129671
            ],
            [
              -63.505184,
              8.129608000000133
            ],
            [
              -63.505214,
              8.129246
            ],
            [
              -63.505264,
              8.128907
            ],
            [
              -63.505284,
              8.128756000000124
            ],
            [
              -63.505301,
              8.128678
            ],
            [
              -63.505356,
              8.128558000000112
            ],
            [
              -63.505421999999896,
              8.128421000000117
            ],
            [
              -63.505511,
              8.12825800000013
            ],
            [
              -63.505753,
              8.127899000000127
            ],
            [
              -63.505805,
              8.127844
            ],
            [
              -63.505851,
              8.127801
            ],
            [
              -63.50589,
              8.127779000000146
            ],
            [
              -63.505942,
              8.127753
            ],
            [
              -63.50599799999986,
              8.127733
            ],
            [
              -63.506047,
              8.127727000000107
            ],
            [
              -63.506109,
              8.127707
            ],
            [
              -63.50616699999989,
              8.127668
            ],
            [
              -63.5062,
              8.127639000000102
            ],
            [
              -63.506246,
              8.127574
            ],
            [
              -63.506292,
              8.127496000000178
            ],
            [
              -63.506312,
              8.12743
            ],
            [
              -63.50632499999983,
              8.127368
            ],
            [
              -63.506335,
              8.127284
            ],
            [
              -63.506322,
              8.127166
            ],
            [
              -63.506285999999875,
              8.127058
            ],
            [
              -63.506264,
              8.127022
            ],
            [
              -63.506221,
              8.126999
            ],
            [
              -63.506176,
              8.126963000000103
            ],
            [
              -63.506104,
              8.126875
            ],
            [
              -63.506039,
              8.126803
            ],
            [
              -63.505971,
              8.126753000000178
            ],
            [
              -63.50583399999988,
              8.126606
            ],
            [
              -63.505656,
              8.126403000000153
            ],
            [
              -63.50553499999984,
              8.126272000000142
            ],
            [
              -63.505428,
              8.126141000000132
            ],
            [
              -63.505136,
              8.125719
            ],
            [
              -63.505093,
              8.125608000000113
            ],
            [
              -63.505058,
              8.125464
            ],
            [
              -63.505052,
              8.12532700000014
            ],
            [
              -63.50503,
              8.125115000000164
            ],
            [
              -63.50499399999984,
              8.124974
            ],
            [
              -63.504962,
              8.124896000000149
            ],
            [
              -63.504906,
              8.124821000000168
            ],
            [
              -63.504809,
              8.124703000000181
            ],
            [
              -63.504646,
              8.12454600000018
            ],
            [
              -63.504584,
              8.124477000000127
            ],
            [
              -63.504493,
              8.12440800000013
            ],
            [
              -63.504321,
              8.124297000000183
            ],
            [
              -63.504028,
              8.124123000000168
            ],
            [
              -63.503891,
              8.124028000000123
            ],
            [
              -63.50381,
              8.123959
            ],
            [
              -63.50374099999988,
              8.123877
            ],
            [
              -63.50368,
              8.123785
            ],
            [
              -63.503599,
              8.123622
            ],
            [
              -63.503547,
              8.123468000000116
            ],
            [
              -63.50353699999988,
              8.12343600000014
            ],
            [
              -63.503511,
              8.123367000000144
            ],
            [
              -63.5035079999999,
              8.123295
            ],
            [
              -63.503515,
              8.123197000000118
            ],
            [
              -63.503561,
              8.123083
            ],
            [
              -63.503617,
              8.122949000000176
            ],
            [
              -63.503689,
              8.12283500000018
            ],
            [
              -63.50378,
              8.122702000000174
            ],
            [
              -63.50386899999984,
              8.122623
            ],
            [
              -63.503924,
              8.122581
            ],
            [
              -63.503983,
              8.122555
            ],
            [
              -63.504052,
              8.122516
            ],
            [
              -63.504107,
              8.12249
            ],
            [
              -63.50415,
              8.122448000000134
            ],
            [
              -63.504202,
              8.122396
            ],
            [
              -63.5042509999999,
              8.122311000000138
            ],
            [
              -63.504289999999855,
              8.12222
            ],
            [
              -63.504349,
              8.122115000000122
            ],
            [
              -63.50436899999988,
              8.122014
            ],
            [
              -63.504399,
              8.121835
            ],
            [
              -63.504442,
              8.121711
            ],
            [
              -63.504524,
              8.121522
            ],
            [
              -63.504681,
              8.121241
            ],
            [
              -63.50474999999989,
              8.121137
            ],
            [
              -63.504916999999864,
              8.120827000000133
            ],
            [
              -63.504979,
              8.120716000000186
            ],
            [
              -63.504994999999894,
              8.120674
            ],
            [
              -63.505153,
              8.120345
            ],
            [
              -63.505313,
              8.119996
            ],
            [
              -63.505445,
              8.119682
            ],
            [
              -63.505461,
              8.119656
            ],
            [
              -63.50549699999988,
              8.119608000000142
            ],
            [
              -63.505553,
              8.119565000000136
            ],
            [
              -63.505644,
              8.11953300000016
            ],
            [
              -63.505755,
              8.119507000000112
            ],
            [
              -63.505941,
              8.119436000000121
            ],
            [
              -63.506023,
              8.119400000000155
            ],
            [
              -63.506065,
              8.119371
            ],
            [
              -63.506169999999884,
              8.119302
            ],
            [
              -63.50632999999988,
              8.11918500000013
            ],
            [
              -63.506447,
              8.119098
            ],
            [
              -63.506522,
              8.119046
            ],
            [
              -63.506611,
              8.118981000000133
            ],
            [
              -63.506895,
              8.118785
            ],
            [
              -63.50695,
              8.118730000000141
            ],
            [
              -63.50698,
              8.118701
            ],
            [
              -63.507055,
              8.118613
            ],
            [
              -63.507078,
              8.11857700000013
            ],
            [
              -63.507127,
              8.118515000000116
            ],
            [
              -63.507225,
              8.118443
            ],
            [
              -63.507297,
              8.118378000000178
            ],
            [
              -63.507335999999896,
              8.118336
            ],
            [
              -63.50737199999986,
              8.118287
            ],
            [
              -63.507398,
              8.118251000000157
            ],
            [
              -63.507464,
              8.118121
            ],
            [
              -63.50749699999989,
              8.11801
            ],
            [
              -63.50753,
              8.117860000000121
            ],
            [
              -63.50753999999989,
              8.117693000000145
            ],
            [
              -63.50755,
              8.117488
            ],
            [
              -63.507554,
              8.117279000000167
            ],
            [
              -63.50754199999989,
              8.11708300000015
            ],
            [
              -63.50753499999985,
              8.117024
            ],
            [
              -63.507552,
              8.116920000000164
            ],
            [
              -63.507562,
              8.116812
            ],
            [
              -63.507552,
              8.116681
            ],
            [
              -63.50749999999988,
              8.116583000000162
            ],
            [
              -63.5074,
              8.116400000000112
            ],
            [
              -63.507322,
              8.116256
            ],
            [
              -63.507283,
              8.116135
            ],
            [
              -63.507267,
              8.116066
            ],
            [
              -63.507254,
              8.116021
            ],
            [
              -63.507254,
              8.115913000000148
            ],
            [
              -63.507265,
              8.115763000000129
            ],
            [
              -63.507288,
              8.115657000000112
            ],
            [
              -63.507329999999854,
              8.115533000000141
            ],
            [
              -63.50733699999989,
              8.115465
            ],
            [
              -63.50735,
              8.115367
            ],
            [
              -63.507377,
              8.115262
            ],
            [
              -63.50745199999989,
              8.115165
            ],
            [
              -63.507547,
              8.11506
            ],
            [
              -63.507645,
              8.114979000000119
            ],
            [
              -63.50774,
              8.114937
            ],
            [
              -63.507808,
              8.114911000000177
            ],
            [
              -63.50783399999989,
              8.114911000000177
            ],
            [
              -63.507912,
              8.114931
            ],
            [
              -63.507996999999875,
              8.115
            ],
            [
              -63.508052,
              8.115016
            ],
            [
              -63.50808199999989,
              8.115016
            ],
            [
              -63.508118,
              8.11501
            ],
            [
              -63.508162999999854,
              8.114981000000114
            ],
            [
              -63.508225,
              8.114899
            ],
            [
              -63.508255,
              8.114847
            ],
            [
              -63.508307,
              8.114700000000141
            ],
            [
              -63.508330999999885,
              8.114596
            ],
            [
              -63.508354,
              8.114387
            ],
            [
              -63.508358,
              8.114233
            ],
            [
              -63.508348,
              8.114044
            ],
            [
              -63.508339,
              8.113907
            ],
            [
              -63.508303,
              8.113760000000184
            ],
            [
              -63.508268,
              8.113629000000174
            ],
            [
              -63.508268,
              8.113567
            ],
            [
              -63.508248999999864,
              8.113472000000115
            ],
            [
              -63.508216,
              8.113371000000143
            ],
            [
              -63.508181,
              8.113305
            ],
            [
              -63.50811899999985,
              8.11322
            ],
            [
              -63.50806,
              8.113155
            ],
            [
              -63.507973,
              8.11308
            ],
            [
              -63.507888,
              8.11304
            ],
            [
              -63.507663,
              8.112938
            ],
            [
              -63.507422,
              8.112849
            ],
            [
              -63.507269,
              8.112774000000115
            ],
            [
              -63.50716099999988,
              8.112761
            ],
            [
              -63.507031,
              8.11275
            ],
            [
              -63.506874999999866,
              8.11275
            ],
            [
              -63.50677999999982,
              8.11272
            ],
            [
              -63.506738,
              8.112668
            ],
            [
              -63.506718,
              8.112616000000173
            ],
            [
              -63.50671199999988,
              8.112567
            ],
            [
              -63.50671199999988,
              8.112537
            ],
            [
              -63.506725,
              8.112472
            ],
            [
              -63.506774,
              8.112381
            ],
            [
              -63.50685,
              8.11225
            ],
            [
              -63.506925,
              8.112139000000127
            ],
            [
              -63.50699,
              8.11208100000016
            ],
            [
              -63.507121,
              8.111987
            ],
            [
              -63.507314,
              8.11184
            ],
            [
              -63.507386,
              8.111795
            ],
            [
              -63.50745099999989,
              8.111756
            ],
            [
              -63.507598,
              8.111648
            ],
            [
              -63.507663,
              8.111616
            ],
            [
              -63.50774799999988,
              8.11159
            ],
            [
              -63.50782,
              8.111544000000151
            ],
            [
              -63.507892,
              8.111489
            ],
            [
              -63.50801,
              8.111388
            ],
            [
              -63.508088,
              8.111307
            ],
            [
              -63.50816999999989,
              8.111225
            ],
            [
              -63.508216,
              8.111157000000105
            ],
            [
              -63.508255,
              8.111085000000173
            ],
            [
              -63.508294,
              8.11097100000012
            ],
            [
              -63.508314,
              8.110886
            ],
            [
              -63.50832499999984,
              8.110426000000189
            ],
            [
              -63.508358,
              8.110299000000168
            ],
            [
              -63.508391,
              8.110165
            ],
            [
              -63.508416999999895,
              8.110077
            ],
            [
              -63.508434,
              8.109989
            ],
            [
              -63.50846399999989,
              8.109812
            ],
            [
              -63.508467,
              8.109721
            ],
            [
              -63.50845399999986,
              8.109629000000155
            ],
            [
              -63.508432,
              8.109538
            ],
            [
              -63.508383,
              8.109423000000163
            ],
            [
              -63.508338,
              8.109345
            ],
            [
              -63.508266,
              8.109260000000177
            ],
            [
              -63.508143,
              8.109087
            ],
            [
              -63.507895,
              8.108906000000161
            ],
            [
              -63.507726,
              8.108801
            ],
            [
              -63.507599,
              8.10874500000017
            ],
            [
              -63.507563,
              8.108726
            ],
            [
              -63.507546,
              8.108707
            ],
            [
              -63.507524,
              8.108683
            ],
            [
              -63.507497999999885,
              8.108641
            ],
            [
              -63.507497999999885,
              8.108605000000125
            ],
            [
              -63.507508,
              8.108572
            ],
            [
              -63.507534,
              8.108487000000139
            ],
            [
              -63.507583999999895,
              8.10837
            ],
            [
              -63.507636,
              8.108272000000113
            ],
            [
              -63.507663,
              8.108237
            ],
            [
              -63.507859,
              8.107982000000106
            ],
            [
              -63.507983,
              8.107849000000101
            ],
            [
              -63.508019,
              8.10782600000016
            ],
            [
              -63.5081,
              8.10777400000012
            ],
            [
              -63.508156,
              8.107754
            ],
            [
              -63.508234,
              8.107732
            ],
            [
              -63.508306,
              8.107699000000139
            ],
            [
              -63.508355,
              8.107663000000173
            ],
            [
              -63.508404,
              8.107615000000123
            ],
            [
              -63.50846299999989,
              8.107546
            ],
            [
              -63.50853199999983,
              8.107452000000137
            ],
            [
              -63.508548,
              8.107413000000122
            ],
            [
              -63.508564,
              8.107383
            ],
            [
              -63.508591,
              8.107298000000185
            ],
            [
              -63.508601,
              8.107138
            ],
            [
              -63.508589,
              8.106893
            ],
            [
              -63.50857999999988,
              8.106564
            ],
            [
              -63.508564,
              8.106286000000125
            ],
            [
              -63.508562,
              8.106148
            ],
            [
              -63.508554,
              8.106069000000105
            ],
            [
              -63.508547,
              8.105938
            ],
            [
              -63.508545,
              8.105839
            ],
            [
              -63.508524,
              8.105669
            ],
            [
              -63.508513,
              8.105557
            ],
            [
              -63.5085,
              8.105448
            ],
            [
              -63.5085,
              8.105312
            ],
            [
              -63.508502,
              8.105208
            ],
            [
              -63.508518,
              8.105125000000157
            ],
            [
              -63.508539,
              8.105029
            ],
            [
              -63.508572,
              8.104903
            ],
            [
              -63.508596,
              8.104820000000132
            ],
            [
              -63.50864,
              8.104721
            ],
            [
              -63.508702,
              8.104604
            ],
            [
              -63.508764,
              8.104502000000139
            ],
            [
              -63.508856,
              8.104379
            ],
            [
              -63.50891499999989,
              8.104309000000114
            ],
            [
              -63.509012,
              8.10422
            ],
            [
              -63.509056,
              8.104183
            ],
            [
              -63.509113,
              8.104139
            ],
            [
              -63.509201999999846,
              8.104076
            ],
            [
              -63.509279999999876,
              8.104019000000108
            ],
            [
              -63.509373999999866,
              8.103954
            ],
            [
              -63.50940999999989,
              8.103917
            ],
            [
              -63.509428,
              8.103891
            ],
            [
              -63.509441,
              8.103842
            ],
            [
              -63.509441,
              8.103792000000169
            ],
            [
              -63.509431,
              8.10374000000013
            ],
            [
              -63.50940699999984,
              8.103688
            ],
            [
              -63.509369999999876,
              8.103631000000178
            ],
            [
              -63.509232,
              8.103462
            ],
            [
              -63.509008,
              8.103215
            ],
            [
              -63.508804,
              8.103001
            ],
            [
              -63.508623999999884,
              8.102824
            ],
            [
              -63.508441,
              8.102632
            ],
            [
              -63.50831,
              8.102484000000118
            ],
            [
              -63.508183,
              8.102341
            ],
            [
              -63.508062,
              8.10220800000019
            ],
            [
              -63.507895,
              8.102044000000149
            ],
            [
              -63.507739,
              8.101885
            ],
            [
              -63.507626,
              8.101763000000176
            ],
            [
              -63.50753,
              8.101644
            ],
            [
              -63.50737299999986,
              8.101436
            ],
            [
              -63.5072449999999,
              8.101254000000154
            ],
            [
              -63.507148,
              8.101092
            ],
            [
              -63.507049,
              8.100918
            ],
            [
              -63.506973,
              8.10075600000016
            ],
            [
              -63.506949,
              8.100655000000131
            ],
            [
              -63.506939,
              8.100624
            ],
            [
              -63.506949,
              8.100605
            ],
            [
              -63.506965,
              8.100592
            ],
            [
              -63.507007,
              8.100569000000121
            ],
            [
              -63.507056,
              8.10054300000013
            ],
            [
              -63.50711399999983,
              8.100514
            ],
            [
              -63.507153,
              8.100485000000106
            ],
            [
              -63.507186,
              8.100462000000164
            ],
            [
              -63.507192,
              8.10044900000014
            ],
            [
              -63.5072449999999,
              8.100372000000164
            ],
            [
              -63.507284,
              8.10031
            ],
            [
              -63.507284,
              8.10027700000012
            ],
            [
              -63.507271,
              8.100254000000177
            ],
            [
              -63.507238,
              8.100222
            ],
            [
              -63.507186,
              8.100193000000104
            ],
            [
              -63.507075,
              8.100163000000123
            ],
            [
              -63.506968,
              8.100134
            ],
            [
              -63.506919,
              8.100112000000138
            ],
            [
              -63.506857,
              8.100063
            ],
            [
              -63.50678799999986,
              8.100004
            ],
            [
              -63.506733,
              8.099953000000141
            ],
            [
              -63.50672,
              8.099917000000175
            ],
            [
              -63.50672,
              8.099861
            ],
            [
              -63.50673599999982,
              8.099803000000179
            ],
            [
              -63.506762,
              8.099715000000174
            ],
            [
              -63.506804,
              8.099591
            ],
            [
              -63.506879,
              8.099415
            ],
            [
              -63.506937,
              8.099285000000123
            ],
            [
              -63.507057,
              8.098988
            ],
            [
              -63.507106,
              8.098851
            ],
            [
              -63.507122,
              8.098757000000148
            ],
            [
              -63.507135,
              8.098639000000105
            ],
            [
              -63.507128,
              8.098522
            ],
            [
              -63.507112,
              8.098434
            ],
            [
              -63.507092,
              8.098373000000151
            ],
            [
              -63.507063,
              8.098308
            ],
            [
              -63.507027,
              8.098275
            ],
            [
              -63.506960999999876,
              8.098226
            ],
            [
              -63.506893,
              8.098204
            ],
            [
              -63.506840999999895,
              8.098197000000141
            ],
            [
              -63.506759,
              8.098207000000116
            ],
            [
              -63.50662299999988,
              8.098240000000146
            ],
            [
              -63.506554,
              8.098250000000121
            ],
            [
              -63.506486,
              8.098250000000121
            ],
            [
              -63.50643,
              8.098234
            ],
            [
              -63.506391,
              8.098214000000155
            ],
            [
              -63.506349,
              8.098178000000189
            ],
            [
              -63.506336,
              8.098149
            ],
            [
              -63.50632899999988,
              8.098084
            ],
            [
              -63.50632599999989,
              8.098032
            ],
            [
              -63.506339,
              8.097938
            ],
            [
              -63.506335,
              8.097827000000109
            ],
            [
              -63.50632899999988,
              8.097781
            ],
            [
              -63.506319,
              8.097762
            ],
            [
              -63.506303,
              8.097739000000104
            ],
            [
              -63.506273,
              8.097703000000138
            ],
            [
              -63.506237,
              8.097690000000114
            ],
            [
              -63.506153,
              8.097694000000104
            ],
            [
              -63.506009,
              8.097697
            ],
            [
              -63.505937,
              8.097687
            ],
            [
              -63.50587899999988,
              8.097662000000128
            ],
            [
              -63.50582699999984,
              8.097616
            ],
            [
              -63.505804,
              8.097574000000122
            ],
            [
              -63.505807,
              8.097531000000117
            ],
            [
              -63.50582,
              8.097476
            ],
            [
              -63.50582999999989,
              8.097427
            ],
            [
              -63.5058719999999,
              8.097346
            ],
            [
              -63.50593,
              8.09724100000011
            ],
            [
              -63.50596,
              8.097173000000168
            ],
            [
              -63.505973,
              8.097127
            ],
            [
              -63.505982,
              8.097039000000109
            ],
            [
              -63.505955999999856,
              8.096681000000103
            ],
            [
              -63.505952,
              8.096466
            ],
            [
              -63.505942,
              8.096307
            ],
            [
              -63.50591899999989,
              8.096050000000162
            ],
            [
              -63.505856,
              8.095438000000115
            ],
            [
              -63.505849,
              8.095327
            ],
            [
              -63.505823,
              8.095207
            ],
            [
              -63.505823,
              8.095154
            ],
            [
              -63.50582899999989,
              8.095115
            ],
            [
              -63.505849,
              8.095076
            ],
            [
              -63.50587799999988,
              8.094985000000122
            ],
            [
              -63.505894,
              8.0949
            ],
            [
              -63.505904,
              8.094799
            ],
            [
              -63.505897,
              8.094695000000115
            ],
            [
              -63.50590299999982,
              8.094588000000158
            ],
            [
              -63.50591299999985,
              8.094500000000153
            ],
            [
              -63.505936,
              8.09439500000019
            ],
            [
              -63.505971,
              8.094259
            ],
            [
              -63.506027,
              8.094112
            ],
            [
              -63.506053,
              8.094021000000112
            ],
            [
              -63.506059,
              8.09393
            ],
            [
              -63.506049,
              8.093839000000173
            ],
            [
              -63.506039,
              8.093734
            ],
            [
              -63.506013,
              8.093571
            ],
            [
              -63.505992999999876,
              8.093474000000185
            ],
            [
              -63.50596,
              8.093392000000108
            ],
            [
              -63.505928,
              8.093321000000117
            ],
            [
              -63.505882,
              8.093253000000175
            ],
            [
              -63.505771,
              8.093084
            ],
            [
              -63.505728,
              8.093015
            ],
            [
              -63.505692,
              8.092924000000153
            ],
            [
              -63.505666,
              8.092833
            ],
            [
              -63.50562699999989,
              8.092761000000166
            ],
            [
              -63.505591,
              8.09272900000019
            ],
            [
              -63.505565,
              8.092706
            ],
            [
              -63.505529,
              8.092696000000103
            ],
            [
              -63.505487,
              8.092696000000103
            ],
            [
              -63.505438,
              8.092709000000127
            ],
            [
              -63.505389,
              8.092745
            ],
            [
              -63.505366,
              8.092775
            ],
            [
              -63.505344,
              8.092804000000172
            ],
            [
              -63.505324,
              8.092876
            ],
            [
              -63.505315,
              8.092951
            ],
            [
              -63.505305,
              8.093104
            ],
            [
              -63.50529199999988,
              8.09316600000011
            ],
            [
              -63.505273,
              8.093192000000101
            ],
            [
              -63.505211,
              8.093231000000117
            ],
            [
              -63.505152,
              8.093257000000165
            ],
            [
              -63.505067,
              8.093270000000189
            ],
            [
              -63.504966,
              8.093261000000155
            ],
            [
              -63.50490799999983,
              8.093241
            ],
            [
              -63.504806,
              8.093167000000165
            ],
            [
              -63.50470499999989,
              8.093069
            ],
            [
              -63.504619999999875,
              8.092942
            ],
            [
              -63.504565,
              8.092844
            ],
            [
              -63.504532,
              8.09277
            ],
            [
              -63.504519,
              8.092688000000123
            ],
            [
              -63.504509,
              8.09261
            ],
            [
              -63.504512,
              8.092529000000127
            ],
            [
              -63.504532,
              8.092343
            ],
            [
              -63.504543999999896,
              8.09221
            ],
            [
              -63.504583,
              8.092040000000168
            ],
            [
              -63.504645,
              8.091832
            ],
            [
              -63.504671,
              8.091705000000161
            ],
            [
              -63.504671,
              8.091610000000117
            ],
            [
              -63.504657,
              8.091539000000125
            ],
            [
              -63.504638,
              8.09149600000012
            ],
            [
              -63.504612,
              8.091474
            ],
            [
              -63.5045429999999,
              8.09145800000016
            ],
            [
              -63.504397,
              8.091438
            ],
            [
              -63.50428899999986,
              8.091409
            ],
            [
              -63.504224,
              8.091380000000129
            ],
            [
              -63.504155,
              8.091318000000115
            ],
            [
              -63.50411,
              8.091263
            ],
            [
              -63.504067,
              8.091178
            ],
            [
              -63.504033999999876,
              8.091081
            ],
            [
              -63.504011,
              8.090999
            ],
            [
              -63.50398899999982,
              8.090866
            ],
            [
              -63.503972,
              8.090755
            ],
            [
              -63.503982,
              8.090664
            ],
            [
              -63.503991,
              8.090595000000178
            ],
            [
              -63.504014,
              8.09052
            ],
            [
              -63.504117999999835,
              8.090286
            ],
            [
              -63.504232,
              8.090094
            ],
            [
              -63.50432299999983,
              8.089947
            ],
            [
              -63.504416999999876,
              8.089816
            ],
            [
              -63.504472,
              8.089738000000125
            ],
            [
              -63.50455,
              8.089644
            ],
            [
              -63.50462499999986,
              8.089565
            ],
            [
              -63.504697,
              8.089471
            ],
            [
              -63.50475199999988,
              8.089393
            ],
            [
              -63.504804,
              8.08931100000018
            ],
            [
              -63.504885,
              8.089125
            ],
            [
              -63.504973,
              8.088953
            ],
            [
              -63.505083,
              8.088773
            ],
            [
              -63.505152,
              8.088676
            ],
            [
              -63.50523,
              8.08849
            ],
            [
              -63.505311,
              8.088314
            ],
            [
              -63.505353,
              8.088177000000144
            ],
            [
              -63.505366,
              8.088131
            ],
            [
              -63.505369,
              8.088076000000115
            ],
            [
              -63.505366,
              8.088057000000163
            ],
            [
              -63.505353,
              8.088031000000115
            ],
            [
              -63.50531,
              8.087995000000149
            ],
            [
              -63.505265,
              8.087962000000118
            ],
            [
              -63.505265,
              8.087949
            ],
            [
              -63.505356,
              8.087854
            ],
            [
              -63.505255,
              8.087818
            ],
            [
              -63.504858,
              8.08742100000012
            ],
            [
              -63.504556,
              8.078364
            ],
            [
              -63.504647,
              8.072782000000132
            ],
            [
              -63.50618,
              8.07267700000017
            ],
            [
              -63.507184,
              8.072578
            ],
            [
              -63.50789,
              8.072471000000178
            ],
            [
              -63.50823,
              8.072410000000104
            ],
            [
              -63.508635,
              8.072324
            ],
            [
              -63.509283,
              8.072143
            ],
            [
              -63.50978499999985,
              8.071981000000164
            ],
            [
              -63.51045599999986,
              8.071728000000178
            ],
            [
              -63.511032999999884,
              8.071475
            ],
            [
              -63.511322999999834,
              8.071346000000176
            ],
            [
              -63.511893,
              8.07105
            ],
            [
              -63.512301,
              8.070805000000178
            ],
            [
              -63.51230095599993,
              8.070804953000106
            ],
            [
              -63.511067,
              8.069481
            ],
            [
              -63.510205,
              8.068556
            ],
            [
              -63.50990999999988,
              8.068225
            ],
            [
              -63.509398,
              8.067475000000172
            ],
            [
              -63.50822,
              8.066021000000148
            ],
            [
              -63.507925,
              8.065701000000104
            ],
            [
              -63.50758699999989,
              8.065381000000116
            ],
            [
              -63.506758,
              8.064797000000112
            ],
            [
              -63.506605,
              8.064455
            ],
            [
              -63.50653999999986,
              8.064092
            ],
            [
              -63.506387,
              8.063772
            ],
            [
              -63.505973,
              8.063353000000177
            ],
            [
              -63.504729,
              8.062537
            ],
            [
              -63.504227,
              8.062107
            ],
            [
              -63.504088,
              8.0619
            ],
            [
              -63.503984,
              8.061731
            ],
            [
              -63.503841,
              8.061462
            ],
            [
              -63.503689,
              8.061115
            ],
            [
              -63.503348,
              8.060265000000129
            ],
            [
              -63.503235,
              8.060088
            ],
            [
              -63.503134,
              8.05999
            ],
            [
              -63.503027,
              8.059896000000151
            ],
            [
              -63.502852,
              8.059796
            ],
            [
              -63.502684,
              8.059711000000107
            ],
            [
              -63.5025399999999,
              8.059672
            ],
            [
              -63.502302,
              8.059608
            ],
            [
              -63.502059,
              8.059573
            ],
            [
              -63.501691,
              8.059536
            ],
            [
              -63.501481,
              8.059528
            ],
            [
              -63.501098,
              8.059536
            ],
            [
              -63.500799,
              8.059566000000189
            ],
            [
              -63.500404,
              8.059642
            ],
            [
              -63.500215,
              8.059705000000122
            ],
            [
              -63.500138,
              8.059732
            ],
            [
              -63.499735,
              8.059912
            ],
            [
              -63.499409,
              8.060041
            ],
            [
              -63.499347,
              8.060056
            ],
            [
              -63.49920999999989,
              8.06008
            ],
            [
              -63.49911899999984,
              8.060092
            ],
            [
              -63.498997,
              8.060096000000158
            ],
            [
              -63.498874999999884,
              8.060096000000158
            ],
            [
              -63.498772,
              8.060094000000163
            ],
            [
              -63.49858499999988,
              8.0600740000001
            ],
            [
              -63.498258,
              8.060013
            ],
            [
              -63.49798,
              8.059949
            ],
            [
              -63.497335,
              8.059785
            ],
            [
              -63.49689,
              8.05968
            ],
            [
              -63.496739,
              8.059651
            ],
            [
              -63.49662899999987,
              8.059640000000115
            ],
            [
              -63.496496,
              8.059625
            ],
            [
              -63.496359,
              8.05962
            ],
            [
              -63.49619899999982,
              8.059615000000178
            ],
            [
              -63.49604499999987,
              8.059621000000107
            ],
            [
              -63.49562399999985,
              8.059664000000112
            ],
            [
              -63.495656,
              8.059305000000109
            ],
            [
              -63.494811,
              8.05796800000013
            ],
            [
              -63.494401,
              8.057313000000136
            ],
            [
              -63.493615,
              8.056028
            ],
            [
              -63.493574,
              8.055964
            ],
            [
              -63.493052,
              8.055118
            ],
            [
              -63.492303,
              8.053901
            ],
            [
              -63.491603,
              8.052761
            ],
            [
              -63.491491,
              8.052576
            ],
            [
              -63.491414,
              8.052568
            ],
            [
              -63.491315,
              8.052539
            ],
            [
              -63.491006,
              8.052429000000132
            ],
            [
              -63.490866,
              8.052376
            ],
            [
              -63.490613,
              8.05227200000013
            ],
            [
              -63.49037799999985,
              8.052147
            ],
            [
              -63.490073,
              8.05195700000013
            ],
            [
              -63.489861,
              8.051779000000181
            ],
            [
              -63.48712399999988,
              8.05121400000013
            ],
            [
              -63.486709999999846,
              8.05096
            ],
            [
              -63.48588299999989,
              8.050787000000184
            ],
            [
              -63.481197,
              8.050423
            ],
            [
              -63.480063,
              8.049809
            ],
            [
              -63.480767,
              8.048566
            ],
            [
              -63.48427,
              8.043924
            ],
            [
              -63.48659099999986,
              8.041785000000175
            ],
            [
              -63.487757,
              8.033088
            ],
            [
              -63.487864,
              8.026206
            ],
            [
              -63.487628999999856,
              8.01931900000011
            ],
            [
              -63.481035,
              8.009569
            ],
            [
              -63.472028,
              8.007806000000187
            ],
            [
              -63.468605,
              8.007287
            ],
            [
              -63.466562999999894,
              8.006219000000101
            ],
            [
              -63.462779,
              7.999615000000119
            ],
            [
              -63.40919,
              7.953333
            ],
            [
              -63.410828,
              7.957630000000108
            ],
            [
              -63.413323999999875,
              7.963681000000179
            ],
            [
              -63.412844,
              7.970123000000115
            ],
            [
              -63.412795,
              7.974720000000161
            ],
            [
              -63.414357,
              7.979636000000141
            ],
            [
              -63.419698,
              7.984264
            ],
            [
              -63.421134,
              7.988378000000125
            ],
            [
              -63.422004,
              7.993075
            ],
            [
              -63.424357,
              7.997175
            ],
            [
              -63.399973,
              8.001264000000106
            ],
            [
              -63.3985909999999,
              8.009039
            ],
            [
              -63.383229,
              8.018634
            ],
            [
              -63.38251,
              8.035024000000135
            ],
            [
              -63.383247,
              8.040861
            ],
            [
              -63.383831,
              8.045486000000153
            ],
            [
              -63.384269,
              8.04906700000015
            ],
            [
              -63.384842999999876,
              8.053763
            ],
            [
              -63.38733999999988,
              8.06218200000012
            ],
            [
              -63.389514,
              8.076444
            ],
            [
              -63.386663999999826,
              8.083047
            ],
            [
              -63.383266,
              8.0881490000001
            ],
            [
              -63.383224,
              8.09078600000015
            ],
            [
              -63.388953,
              8.097313
            ],
            [
              -63.390265,
              8.101121000000148
            ],
            [
              -63.392368,
              8.112744000000134
            ],
            [
              -63.3925,
              8.118826000000126
            ],
            [
              -63.396039,
              8.12646
            ],
            [
              -63.397259,
              8.12889
            ],
            [
              -63.397486,
              8.136236000000167
            ],
            [
              -63.397633,
              8.141401000000144
            ],
            [
              -63.4006,
              8.145267000000104
            ],
            [
              -63.401016,
              8.15167
            ],
            [
              -63.40198,
              8.155817
            ],
            [
              -63.402901,
              8.162601
            ],
            [
              -63.409938,
              8.173393
            ]
          ]
        ]
      }
    },
    {
      "type": "Feature",
      "properties": {
        "Pais": "Venezuela",
        "Estado": "Bolívar",
        "Municipio": "Angostura del Orinoco",
        "Parroquia": "Vista Hermosa"
      },
      "geometry": {
        "type": "Polygon",
        "coordinates": [
          [
            [
              -63.558822,
              8.129085
            ],
            [
              -63.559385,
              8.129239000000155
            ],
            [
              -63.56034899999986,
              8.129186
            ],
            [
              -63.560352,
              8.129141
            ],
            [
              -63.560351,
              8.129017
            ],
            [
              -63.56034099999982,
              8.128932000000134
            ],
            [
              -63.56029799999982,
              8.128661
            ],
            [
              -63.560277,
              8.128458
            ],
            [
              -63.56028,
              8.128366
            ],
            [
              -63.560287,
              8.128321
            ],
            [
              -63.560296,
              8.128285
            ],
            [
              -63.560345,
              8.128200000000163
            ],
            [
              -63.560455,
              8.128105000000119
            ],
            [
              -63.56053,
              8.128032000000132
            ],
            [
              -63.560611,
              8.127931000000103
            ],
            [
              -63.560709,
              8.127820000000156
            ],
            [
              -63.560783,
              8.12774700000017
            ],
            [
              -63.560829,
              8.127675
            ],
            [
              -63.560877,
              8.12756700000017
            ],
            [
              -63.560903,
              8.127499
            ],
            [
              -63.560913,
              8.12743300000011
            ],
            [
              -63.560909,
              8.127329
            ],
            [
              -63.560889,
              8.127218
            ],
            [
              -63.560852999999895,
              8.127136
            ],
            [
              -63.560827,
              8.127097
            ],
            [
              -63.560774,
              8.127038
            ],
            [
              -63.560715,
              8.126986
            ],
            [
              -63.560614,
              8.126957000000175
            ],
            [
              -63.560497,
              8.12694800000014
            ],
            [
              -63.560396,
              8.126932
            ],
            [
              -63.56032,
              8.126915
            ],
            [
              -63.56027099999989,
              8.126896000000102
            ],
            [
              -63.56022899999988,
              8.12687300000016
            ],
            [
              -63.5602,
              8.126844
            ],
            [
              -63.560173,
              8.126802000000112
            ],
            [
              -63.560147,
              8.12673
            ],
            [
              -63.56009099999983,
              8.126576
            ],
            [
              -63.560039,
              8.126492
            ],
            [
              -63.55994,
              8.126332000000161
            ],
            [
              -63.5598609999999,
              8.126224
            ],
            [
              -63.559803,
              8.126162
            ],
            [
              -63.559717,
              8.126094
            ],
            [
              -63.559655,
              8.126048
            ],
            [
              -63.559626,
              8.126035
            ],
            [
              -63.55959,
              8.126019
            ],
            [
              -63.55955399999988,
              8.125996
            ],
            [
              -63.559518,
              8.12597
            ],
            [
              -63.559489,
              8.125938
            ],
            [
              -63.559449,
              8.12590200000011
            ],
            [
              -63.559396999999876,
              8.12585300000012
            ],
            [
              -63.559315,
              8.125778000000139
            ],
            [
              -63.55918099999985,
              8.125733000000139
            ],
            [
              -63.559083,
              8.125713
            ],
            [
              -63.55896899999988,
              8.125691
            ],
            [
              -63.558893999999896,
              8.125724000000105
            ],
            [
              -63.558689,
              8.125809
            ],
            [
              -63.558566,
              8.125885
            ],
            [
              -63.558477999999866,
              8.125934
            ],
            [
              -63.558442,
              8.125977
            ],
            [
              -63.558331,
              8.126046
            ],
            [
              -63.558175,
              8.126121
            ],
            [
              -63.558051,
              8.126154000000156
            ],
            [
              -63.557933999999875,
              8.126171000000113
            ],
            [
              -63.55783,
              8.126171000000113
            ],
            [
              -63.557716,
              8.126158000000146
            ],
            [
              -63.557636999999886,
              8.12612600000017
            ],
            [
              -63.557588,
              8.126093
            ],
            [
              -63.557539,
              8.126058
            ],
            [
              -63.557493,
              8.126009
            ],
            [
              -63.55746,
              8.12595000000016
            ],
            [
              -63.557430999999895,
              8.12589800000012
            ],
            [
              -63.55739499999987,
              8.125823000000139
            ],
            [
              -63.55728,
              8.125624000000187
            ],
            [
              -63.5572269999999,
              8.125545
            ],
            [
              -63.557198,
              8.1255
            ],
            [
              -63.557162,
              8.125431
            ],
            [
              -63.557132,
              8.125340000000108
            ],
            [
              -63.557109,
              8.125242000000185
            ],
            [
              -63.557086,
              8.125137
            ],
            [
              -63.557063,
              8.125082
            ],
            [
              -63.556991,
              8.124961
            ],
            [
              -63.556882,
              8.124824
            ],
            [
              -63.55682,
              8.124749
            ],
            [
              -63.556745,
              8.124655000000132
            ],
            [
              -63.556691999999885,
              8.124563000000137
            ],
            [
              -63.556623,
              8.124430000000132
            ],
            [
              -63.556551,
              8.12427300000013
            ],
            [
              -63.55651499999988,
              8.124182
            ],
            [
              -63.55642,
              8.124113
            ],
            [
              -63.55639699999989,
              8.124077
            ],
            [
              -63.556292,
              8.123944000000108
            ],
            [
              -63.556246,
              8.123888
            ],
            [
              -63.55618399999986,
              8.123836
            ],
            [
              -63.556086,
              8.123755
            ],
            [
              -63.555965,
              8.12366
            ],
            [
              -63.55587,
              8.123592
            ],
            [
              -63.555733,
              8.123501
            ],
            [
              -63.555685,
              8.123443
            ],
            [
              -63.555676,
              8.12344000000013
            ],
            [
              -63.555666,
              8.123427000000106
            ],
            [
              -63.555659,
              8.123388
            ],
            [
              -63.555651999999895,
              8.123338
            ],
            [
              -63.5556509999999,
              8.1232940000001
            ],
            [
              -63.555666,
              8.122984
            ],
            [
              -63.555649,
              8.122827
            ],
            [
              -63.555619,
              8.122644
            ],
            [
              -63.555586,
              8.122530000000154
            ],
            [
              -63.555546,
              8.122353
            ],
            [
              -63.5555159999999,
              8.122285000000147
            ],
            [
              -63.55549,
              8.122229000000118
            ],
            [
              -63.555451,
              8.122164
            ],
            [
              -63.555402,
              8.122102
            ],
            [
              -63.555356,
              8.122066000000132
            ],
            [
              -63.55527099999989,
              8.122031
            ],
            [
              -63.55517999999984,
              8.12200200000018
            ],
            [
              -63.555075,
              8.121989000000156
            ],
            [
              -63.554987,
              8.121983
            ],
            [
              -63.554931999999894,
              8.12197
            ],
            [
              -63.5548629999999,
              8.12195000000014
            ],
            [
              -63.55480099999983,
              8.121914000000174
            ],
            [
              -63.554736,
              8.121872
            ],
            [
              -63.554611,
              8.121797
            ],
            [
              -63.554546,
              8.121758
            ],
            [
              -63.55444199999988,
              8.121690000000115
            ],
            [
              -63.554419,
              8.121661000000188
            ],
            [
              -63.554412,
              8.1216280000001
            ],
            [
              -63.55441,
              8.121597
            ],
            [
              -63.55443899999989,
              8.12156
            ],
            [
              -63.554586,
              8.12141
            ],
            [
              -63.554717,
              8.121264
            ],
            [
              -63.554769,
              8.121163
            ],
            [
              -63.554817,
              8.121026
            ],
            [
              -63.5548629999999,
              8.120921
            ],
            [
              -63.554898,
              8.12080600000013
            ],
            [
              -63.554914,
              8.12067900000011
            ],
            [
              -63.554907,
              8.120637
            ],
            [
              -63.55489399999988,
              8.12062
            ],
            [
              -63.554865,
              8.120591000000104
            ],
            [
              -63.554838,
              8.120575
            ],
            [
              -63.554783,
              8.120558
            ],
            [
              -63.554659,
              8.120552
            ],
            [
              -63.554385,
              8.120576000000142
            ],
            [
              -63.554177,
              8.120593
            ],
            [
              -63.553913,
              8.120630000000176
            ],
            [
              -63.55361,
              8.120689
            ],
            [
              -63.55347899999987,
              8.120686
            ],
            [
              -63.553146,
              8.120668
            ],
            [
              -63.552898,
              8.120646
            ],
            [
              -63.552627,
              8.120614
            ],
            [
              -63.55243099999984,
              8.120585000000176
            ],
            [
              -63.552267999999856,
              8.120553
            ],
            [
              -63.552131,
              8.120527000000152
            ],
            [
              -63.551994,
              8.120494
            ],
            [
              -63.551863,
              8.120443000000137
            ],
            [
              -63.551752,
              8.120371
            ],
            [
              -63.551686,
              8.120293000000174
            ],
            [
              -63.551618,
              8.120175000000188
            ],
            [
              -63.551581,
              8.1200970000001
            ],
            [
              -63.551539,
              8.120032
            ],
            [
              -63.5514859999999,
              8.119885000000124
            ],
            [
              -63.551456,
              8.119797000000176
            ],
            [
              -63.55144299999989,
              8.119745000000137
            ],
            [
              -63.55144,
              8.119663
            ],
            [
              -63.551456,
              8.119614000000126
            ],
            [
              -63.551485,
              8.11954800000018
            ],
            [
              -63.551628,
              8.119358
            ],
            [
              -63.55166,
              8.119319
            ],
            [
              -63.551774,
              8.119224
            ],
            [
              -63.551865,
              8.119168000000172
            ],
            [
              -63.551972,
              8.119112000000143
            ],
            [
              -63.552109,
              8.119024000000138
            ],
            [
              -63.552194,
              8.118968000000109
            ],
            [
              -63.55230399999988,
              8.118853
            ],
            [
              -63.55238799999984,
              8.118722
            ],
            [
              -63.552439999999876,
              8.118552
            ],
            [
              -63.552485,
              8.118399000000124
            ],
            [
              -63.55251,
              8.118212
            ],
            [
              -63.552533,
              8.118157000000167
            ],
            [
              -63.552562,
              8.118026000000157
            ],
            [
              -63.552587,
              8.117807
            ],
            [
              -63.552619,
              8.117539
            ],
            [
              -63.552601,
              8.11729
            ],
            [
              -63.552565,
              8.117101
            ],
            [
              -63.552506,
              8.116961000000174
            ],
            [
              -63.55243,
              8.116873000000169
            ],
            [
              -63.552322,
              8.116801
            ],
            [
              -63.552233999999885,
              8.116775
            ],
            [
              -63.55214599999988,
              8.11677200000014
            ],
            [
              -63.55202899999989,
              8.116792
            ],
            [
              -63.551912,
              8.116864000000135
            ],
            [
              -63.551782,
              8.116950000000145
            ],
            [
              -63.551697,
              8.116983
            ],
            [
              -63.551638,
              8.11698900000016
            ],
            [
              -63.551567,
              8.11697
            ],
            [
              -63.551520999999866,
              8.116954000000135
            ],
            [
              -63.55147899999986,
              8.116951
            ],
            [
              -63.551449,
              8.116964
            ],
            [
              -63.551423,
              8.117019
            ],
            [
              -63.551411,
              8.117127
            ],
            [
              -63.551375,
              8.117232
            ],
            [
              -63.551343,
              8.117258
            ],
            [
              -63.551209,
              8.117288
            ],
            [
              -63.551092,
              8.117282
            ],
            [
              -63.550984,
              8.117259000000104
            ],
            [
              -63.55087,
              8.117194
            ],
            [
              -63.550674,
              8.117084
            ],
            [
              -63.550653999999895,
              8.117071
            ],
            [
              -63.550618,
              8.117054
            ],
            [
              -63.550589,
              8.117025000000126
            ],
            [
              -63.550575,
              8.116996
            ],
            [
              -63.550562,
              8.116947
            ],
            [
              -63.550539,
              8.116849000000116
            ],
            [
              -63.550532,
              8.116725
            ],
            [
              -63.550535,
              8.116623
            ],
            [
              -63.550528,
              8.116548
            ],
            [
              -63.550515,
              8.116483
            ],
            [
              -63.550498,
              8.116398000000117
            ],
            [
              -63.550469,
              8.116342
            ],
            [
              -63.550416,
              8.116261000000122
            ],
            [
              -63.550282,
              8.116121000000135
            ],
            [
              -63.550079,
              8.115889
            ],
            [
              -63.549974,
              8.115762
            ],
            [
              -63.549745,
              8.115492000000131
            ],
            [
              -63.549679,
              8.11541700000015
            ],
            [
              -63.549581,
              8.115338000000179
            ],
            [
              -63.54949,
              8.115228000000116
            ],
            [
              -63.549411,
              8.115143
            ],
            [
              -63.549362,
              8.115071000000114
            ],
            [
              -63.549322,
              8.114973
            ],
            [
              -63.54930899999988,
              8.114895000000104
            ],
            [
              -63.549312,
              8.114869
            ],
            [
              -63.549312,
              8.114849
            ],
            [
              -63.549341,
              8.114588
            ],
            [
              -63.549408,
              8.114231
            ],
            [
              -63.549472,
              8.114038
            ],
            [
              -63.549517,
              8.113858000000107
            ],
            [
              -63.54962,
              8.113544
            ],
            [
              -63.5497299999999,
              8.113194
            ],
            [
              -63.549859,
              8.112929000000122
            ],
            [
              -63.549908,
              8.11287
            ],
            [
              -63.549973,
              8.112811
            ],
            [
              -63.5500669999999,
              8.11269700000014
            ],
            [
              -63.55018699999988,
              8.112527000000114
            ],
            [
              -63.550395,
              8.112291000000141
            ],
            [
              -63.550505,
              8.112166
            ],
            [
              -63.55073,
              8.111937000000125
            ],
            [
              -63.550986,
              8.111740000000168
            ],
            [
              -63.55106099999989,
              8.111681
            ],
            [
              -63.55110999999988,
              8.111635
            ],
            [
              -63.551168,
              8.111563000000103
            ],
            [
              -63.551191,
              8.111507
            ],
            [
              -63.551233,
              8.111377000000175
            ],
            [
              -63.551246,
              8.111318
            ],
            [
              -63.551255,
              8.11125200000015
            ],
            [
              -63.551258,
              8.111174
            ],
            [
              -63.5512379999999,
              8.11110200000013
            ],
            [
              -63.551206,
              8.1110240000001
            ],
            [
              -63.551148999999896,
              8.110943000000134
            ],
            [
              -63.551146,
              8.110942
            ],
            [
              -63.551045,
              8.110858
            ],
            [
              -63.550986,
              8.110812000000124
            ],
            [
              -63.55092999999988,
              8.110730000000103
            ],
            [
              -63.550921,
              8.110672
            ],
            [
              -63.550897,
              8.110610000000122
            ],
            [
              -63.55091,
              8.110557
            ],
            [
              -63.55092,
              8.110489
            ],
            [
              -63.550913,
              8.110391000000106
            ],
            [
              -63.550896,
              8.110289
            ],
            [
              -63.550824,
              8.110195
            ],
            [
              -63.550706,
              8.110074000000168
            ],
            [
              -63.550495,
              8.109910000000127
            ],
            [
              -63.550395,
              8.109831000000156
            ],
            [
              -63.550333,
              8.109765
            ],
            [
              -63.550252,
              8.109684
            ],
            [
              -63.550219,
              8.109648000000107
            ],
            [
              -63.550127,
              8.109527
            ],
            [
              -63.550065,
              8.109449000000154
            ],
            [
              -63.55003,
              8.10939100000013
            ],
            [
              -63.549986,
              8.109321
            ],
            [
              -63.54997,
              8.10930500000012
            ],
            [
              -63.54993,
              8.109214
            ],
            [
              -63.54989399999988,
              8.109149
            ],
            [
              -63.549878,
              8.109057
            ],
            [
              -63.549881,
              8.108992000000171
            ],
            [
              -63.54984799999988,
              8.108913
            ],
            [
              -63.549795,
              8.108838
            ],
            [
              -63.549681,
              8.108741
            ],
            [
              -63.549572999999896,
              8.108679
            ],
            [
              -63.549498,
              8.108653
            ],
            [
              -63.549387,
              8.108601
            ],
            [
              -63.549321,
              8.108559
            ],
            [
              -63.549256,
              8.10851700000012
            ],
            [
              -63.549197,
              8.108448000000124
            ],
            [
              -63.549086,
              8.108367000000158
            ],
            [
              -63.548991,
              8.108292000000176
            ],
            [
              -63.548959,
              8.108269
            ],
            [
              -63.548935,
              8.108217
            ],
            [
              -63.548877,
              8.108148
            ],
            [
              -63.548782,
              8.108051000000103
            ],
            [
              -63.548674,
              8.107979
            ],
            [
              -63.548585,
              8.10792000000015
            ],
            [
              -63.5482,
              8.107657
            ],
            [
              -63.54816,
              8.107618000000173
            ],
            [
              -63.548115,
              8.107562
            ],
            [
              -63.548078,
              8.107484000000113
            ],
            [
              -63.548036,
              8.107389
            ],
            [
              -63.54802199999989,
              8.107278000000122
            ],
            [
              -63.547999,
              8.107141000000126
            ],
            [
              -63.547978999999884,
              8.10705
            ],
            [
              -63.547959,
              8.106984000000125
            ],
            [
              -63.54793,
              8.106916000000183
            ],
            [
              -63.547923,
              8.10686
            ],
            [
              -63.547926,
              8.106808000000115
            ],
            [
              -63.547949,
              8.10672000000011
            ],
            [
              -63.547965,
              8.106674
            ],
            [
              -63.547958,
              8.106648
            ],
            [
              -63.547948,
              8.106615000000147
            ],
            [
              -63.547919,
              8.106583000000171
            ],
            [
              -63.54786,
              8.106534
            ],
            [
              -63.547816999999895,
              8.10650100000015
            ],
            [
              -63.547791,
              8.106446
            ],
            [
              -63.54777399999989,
              8.106338000000164
            ],
            [
              -63.54777699999988,
              8.106292
            ],
            [
              -63.547797,
              8.10621
            ],
            [
              -63.547851,
              8.106069000000105
            ],
            [
              -63.547843,
              8.105954000000168
            ],
            [
              -63.547829,
              8.105885000000171
            ],
            [
              -63.547799,
              8.105810000000133
            ],
            [
              -63.547768999999846,
              8.105761
            ],
            [
              -63.547703,
              8.105693
            ],
            [
              -63.54751899999985,
              8.105546000000174
            ],
            [
              -63.547282,
              8.105382
            ],
            [
              -63.54709899999983,
              8.105255
            ],
            [
              -63.546954,
              8.105162000000178
            ],
            [
              -63.546829,
              8.105071000000123
            ],
            [
              -63.546747,
              8.105006
            ],
            [
              -63.546642,
              8.104945
            ],
            [
              -63.546492,
              8.104881
            ],
            [
              -63.546377,
              8.10484600000018
            ],
            [
              -63.546237,
              8.104812
            ],
            [
              -63.546031,
              8.104798
            ],
            [
              -63.545894,
              8.10478
            ],
            [
              -63.545793,
              8.104781000000116
            ],
            [
              -63.545695,
              8.104792000000145
            ],
            [
              -63.54559499999982,
              8.104816
            ],
            [
              -63.545458,
              8.104854000000103
            ],
            [
              -63.5454,
              8.104871000000117
            ],
            [
              -63.545351,
              8.104879
            ],
            [
              -63.545315,
              8.10487600000016
            ],
            [
              -63.545289,
              8.104863000000137
            ],
            [
              -63.545266,
              8.10484
            ],
            [
              -63.545203,
              8.10474500000015
            ],
            [
              -63.54512,
              8.104595000000188
            ],
            [
              -63.545113,
              8.10456900000014
            ],
            [
              -63.54502599999989,
              8.104389
            ],
            [
              -63.544966,
              8.104232
            ],
            [
              -63.544915,
              8.10408800000016
            ],
            [
              -63.54490099999987,
              8.103992
            ],
            [
              -63.54489699999988,
              8.103880000000174
            ],
            [
              -63.544907,
              8.10370300000011
            ],
            [
              -63.544929,
              8.10361300000011
            ],
            [
              -63.544948,
              8.103544
            ],
            [
              -63.54502099999985,
              8.103382000000181
            ],
            [
              -63.545085,
              8.103289000000132
            ],
            [
              -63.545165,
              8.103183
            ],
            [
              -63.545249,
              8.10308300000014
            ],
            [
              -63.545396,
              8.102920000000154
            ],
            [
              -63.54547,
              8.102834000000144
            ],
            [
              -63.545548,
              8.102741
            ],
            [
              -63.545634,
              8.102625
            ],
            [
              -63.545695,
              8.102568000000133
            ],
            [
              -63.545756,
              8.10250800000017
            ],
            [
              -63.545847,
              8.102424000000156
            ],
            [
              -63.54590499999989,
              8.102371000000176
            ],
            [
              -63.545937,
              8.102318
            ],
            [
              -63.545974999999885,
              8.10224200000016
            ],
            [
              -63.546,
              8.102199000000155
            ],
            [
              -63.546057,
              8.102057000000116
            ],
            [
              -63.546092,
              8.101948
            ],
            [
              -63.546148,
              8.10172000000017
            ],
            [
              -63.54619699999989,
              8.101479
            ],
            [
              -63.546225999999876,
              8.101215
            ],
            [
              -63.546246,
              8.100975000000119
            ],
            [
              -63.546240999999895,
              8.100514
            ],
            [
              -63.546246,
              8.100426
            ],
            [
              -63.546264999999835,
              8.100340000000188
            ],
            [
              -63.546287,
              8.10027700000012
            ],
            [
              -63.546322,
              8.100221
            ],
            [
              -63.546386,
              8.100118000000123
            ],
            [
              -63.546521,
              8.099929
            ],
            [
              -63.546633,
              8.099766000000102
            ],
            [
              -63.54668699999985,
              8.09966
            ],
            [
              -63.54673799999989,
              8.099541000000158
            ],
            [
              -63.546781999999894,
              8.099428
            ],
            [
              -63.546791,
              8.099343
            ],
            [
              -63.546792,
              8.099195000000122
            ],
            [
              -63.546774,
              8.09909000000016
            ],
            [
              -63.546754,
              8.098981
            ],
            [
              -63.546723,
              8.0989
            ],
            [
              -63.54668,
              8.09882400000015
            ],
            [
              -63.54663,
              8.098743
            ],
            [
              -63.546577,
              8.098655
            ],
            [
              -63.546475,
              8.098521000000119
            ],
            [
              -63.546391,
              8.098390000000109
            ],
            [
              -63.546335,
              8.098305
            ],
            [
              -63.546037,
              8.097895
            ],
            [
              -63.545723,
              8.097557000000108
            ],
            [
              -63.545693,
              8.097495000000151
            ],
            [
              -63.54563999999988,
              8.097427
            ],
            [
              -63.545581,
              8.097399
            ],
            [
              -63.545516,
              8.097363
            ],
            [
              -63.54547,
              8.097347000000184
            ],
            [
              -63.545378,
              8.097332000000165
            ],
            [
              -63.545241,
              8.097308000000112
            ],
            [
              -63.545117,
              8.09729300000015
            ],
            [
              -63.54494399999987,
              8.097272
            ],
            [
              -63.544862,
              8.097246000000155
            ],
            [
              -63.544813,
              8.097227
            ],
            [
              -63.544764,
              8.097195
            ],
            [
              -63.544754,
              8.097176
            ],
            [
              -63.544619,
              8.097056
            ],
            [
              -63.544517,
              8.096972
            ],
            [
              -63.544454,
              8.096927
            ],
            [
              -63.544349,
              8.096875000000182
            ],
            [
              -63.544294,
              8.096853000000124
            ],
            [
              -63.544235,
              8.096844
            ],
            [
              -63.54414999999989,
              8.096835
            ],
            [
              -63.543951,
              8.096844
            ],
            [
              -63.543837,
              8.096839
            ],
            [
              -63.54377499999987,
              8.09683
            ],
            [
              -63.543689999999856,
              8.096814000000109
            ],
            [
              -63.543579,
              8.096767000000114
            ],
            [
              -63.54349,
              8.096705000000156
            ],
            [
              -63.543417,
              8.096637
            ],
            [
              -63.543374,
              8.096585000000175
            ],
            [
              -63.543287,
              8.096396
            ],
            [
              -63.543252,
              8.096213000000148
            ],
            [
              -63.543265,
              8.095891000000108
            ],
            [
              -63.54328,
              8.095767
            ],
            [
              -63.543304,
              8.095619
            ],
            [
              -63.54331599999989,
              8.095553
            ],
            [
              -63.54331499999989,
              8.095474
            ],
            [
              -63.543307,
              8.095356
            ],
            [
              -63.54329,
              8.095229
            ],
            [
              -63.543259,
              8.095131000000151
            ],
            [
              -63.543215,
              8.09500700000018
            ],
            [
              -63.543168,
              8.094909
            ],
            [
              -63.543082,
              8.094772
            ],
            [
              -63.543002,
              8.094665000000134
            ],
            [
              -63.542791,
              8.094447
            ],
            [
              -63.542653,
              8.094308
            ],
            [
              -63.542636,
              8.094279
            ],
            [
              -63.54255599999982,
              8.094168
            ],
            [
              -63.542503,
              8.094067
            ],
            [
              -63.542463,
              8.093972000000178
            ],
            [
              -63.542429,
              8.093917
            ],
            [
              -63.54226,
              8.093657
            ],
            [
              -63.54210099999983,
              8.093406
            ],
            [
              -63.541994,
              8.093227000000184
            ],
            [
              -63.541924,
              8.093097
            ],
            [
              -63.541884,
              8.092999000000134
            ],
            [
              -63.5418269999999,
              8.092875000000163
            ],
            [
              -63.541724,
              8.092689
            ],
            [
              -63.541671,
              8.092605
            ],
            [
              -63.541577,
              8.092448
            ],
            [
              -63.54151699999983,
              8.092321
            ],
            [
              -63.54145,
              8.092164000000139
            ],
            [
              -63.54141,
              8.092053
            ],
            [
              -63.541386,
              8.091988000000129
            ],
            [
              -63.541372,
              8.091919000000132
            ],
            [
              -63.541365,
              8.091864
            ],
            [
              -63.541359999999884,
              8.091742
            ],
            [
              -63.54135799999989,
              8.091579
            ],
            [
              -63.541359999999884,
              8.091434000000106
            ],
            [
              -63.541313999999886,
              8.090828000000101
            ],
            [
              -63.54126,
              8.090743000000145
            ],
            [
              -63.541247,
              8.09070400000013
            ],
            [
              -63.5411969999999,
              8.090619
            ],
            [
              -63.54115399999989,
              8.090561
            ],
            [
              -63.54112,
              8.09048300000012
            ],
            [
              -63.541093,
              8.090388
            ],
            [
              -63.541059,
              8.090211000000181
            ],
            [
              -63.54102399999988,
              8.090071
            ],
            [
              -63.541007,
              8.089962000000185
            ],
            [
              -63.54097599999983,
              8.089841000000149
            ],
            [
              -63.54094099999986,
              8.089694
            ],
            [
              -63.540917,
              8.089563
            ],
            [
              -63.540919,
              8.089478
            ],
            [
              -63.540944,
              8.089386000000161
            ],
            [
              -63.540989,
              8.089271
            ],
            [
              -63.541013,
              8.089155
            ],
            [
              -63.54102099999989,
              8.089008000000149
            ],
            [
              -63.541021999999884,
              8.088834000000134
            ],
            [
              -63.541034,
              8.088706
            ],
            [
              -63.541046,
              8.088654000000133
            ],
            [
              -63.541055,
              8.088548
            ],
            [
              -63.541054,
              8.088460000000111
            ],
            [
              -63.541046,
              8.088345000000174
            ],
            [
              -63.541029,
              8.088247
            ],
            [
              -63.541011,
              8.088165
            ],
            [
              -63.54097799999988,
              8.08807000000013
            ],
            [
              -63.54094099999986,
              8.087982000000125
            ],
            [
              -63.540894,
              8.087911000000133
            ],
            [
              -63.540844,
              8.087826
            ],
            [
              -63.540751,
              8.087689
            ],
            [
              -63.540675,
              8.087602000000174
            ],
            [
              -63.540611999999896,
              8.087504
            ],
            [
              -63.540543,
              8.087400000000116
            ],
            [
              -63.540488,
              8.087243000000115
            ],
            [
              -63.540428,
              8.087086000000113
            ],
            [
              -63.54036699999989,
              8.086903
            ],
            [
              -63.540293,
              8.086727
            ],
            [
              -63.540207,
              8.086594
            ],
            [
              -63.540137,
              8.08648
            ],
            [
              -63.540018,
              8.086334
            ],
            [
              -63.53994199999988,
              8.086269000000186
            ],
            [
              -63.53988,
              8.086247000000128
            ],
            [
              -63.539837,
              8.086237
            ],
            [
              -63.539759,
              8.086232000000109
            ],
            [
              -63.539586,
              8.086231
            ],
            [
              -63.53944299999989,
              8.086249000000123
            ],
            [
              -63.53935899999988,
              8.086266
            ],
            [
              -63.53924099999989,
              8.086268
            ],
            [
              -63.53914,
              8.086256000000162
            ],
            [
              -63.539055,
              8.086231
            ],
            [
              -63.538949999999886,
              8.086186
            ],
            [
              -63.538832,
              8.086108
            ],
            [
              -63.538694,
              8.086002000000121
            ],
            [
              -63.538542,
              8.085856
            ],
            [
              -63.538423,
              8.0857
            ],
            [
              -63.538333,
              8.085567
            ],
            [
              -63.53825,
              8.085436000000186
            ],
            [
              -63.53817,
              8.085283000000118
            ],
            [
              -63.538123,
              8.085163000000136
            ],
            [
              -63.53807299999988,
              8.085051000000135
            ],
            [
              -63.538039,
              8.084928
            ],
            [
              -63.538011,
              8.084767
            ],
            [
              -63.537996,
              8.084587000000113
            ],
            [
              -63.537991,
              8.084462
            ],
            [
              -63.538012,
              8.084272000000112
            ],
            [
              -63.53802199999984,
              8.084082
            ],
            [
              -63.53805,
              8.083934
            ],
            [
              -63.538081,
              8.083779
            ],
            [
              -63.538198,
              8.083463000000165
            ],
            [
              -63.538298,
              8.08314
            ],
            [
              -63.538339,
              8.082992000000104
            ],
            [
              -63.538379,
              8.082775
            ],
            [
              -63.538398999999856,
              8.082614
            ],
            [
              -63.53840799999989,
              8.082283
            ],
            [
              -63.538426,
              8.082122
            ],
            [
              -63.53843499999988,
              8.082086000000118
            ],
            [
              -63.538483,
              8.081977000000165
            ],
            [
              -63.53854,
              8.081852
            ],
            [
              -63.538574,
              8.08174
            ],
            [
              -63.53859,
              8.081658
            ],
            [
              -63.538595,
              8.081569000000115
            ],
            [
              -63.538591,
              8.081487
            ],
            [
              -63.538519999999835,
              8.081294000000128
            ],
            [
              -63.538437,
              8.081151
            ],
            [
              -63.538384,
              8.081069000000127
            ],
            [
              -63.538328,
              8.080991
            ],
            [
              -63.538298,
              8.08093
            ],
            [
              -63.538248,
              8.080848000000174
            ],
            [
              -63.538215,
              8.080809000000158
            ],
            [
              -63.538123,
              8.080735
            ],
            [
              -63.538004,
              8.080657
            ],
            [
              -63.537903,
              8.080602
            ],
            [
              -63.537820999999894,
              8.080587
            ],
            [
              -63.537743,
              8.080585
            ],
            [
              -63.537671,
              8.080596
            ],
            [
              -63.537606,
              8.080613
            ],
            [
              -63.537467,
              8.080680000000143
            ],
            [
              -63.537373,
              8.080718
            ],
            [
              -63.537305,
              8.080751000000134
            ],
            [
              -63.537233,
              8.080778
            ],
            [
              -63.53714599999984,
              8.080786
            ],
            [
              -63.537054,
              8.08079000000015
            ],
            [
              -63.536995,
              8.080771
            ],
            [
              -63.536966,
              8.080755000000124
            ],
            [
              -63.536952,
              8.080733
            ],
            [
              -63.536952,
              8.080706000000134
            ],
            [
              -63.536964,
              8.080650000000105
            ],
            [
              -63.537006,
              8.080561
            ],
            [
              -63.53703499999989,
              8.080518
            ],
            [
              -63.537101999999834,
              8.080438000000186
            ],
            [
              -63.5372339999999,
              8.080289000000107
            ],
            [
              -63.5372789999999,
              8.080242000000112
            ],
            [
              -63.53743699999984,
              8.080056000000184
            ],
            [
              -63.53752299999985,
              8.079944000000125
            ],
            [
              -63.537584,
              8.079835
            ],
            [
              -63.537654,
              8.079680000000167
            ],
            [
              -63.53769099999988,
              8.079548
            ],
            [
              -63.537716,
              8.07944
            ],
            [
              -63.537728,
              8.07934100000017
            ],
            [
              -63.537741,
              8.079108
            ],
            [
              -63.53773699999988,
              8.078947
            ],
            [
              -63.537199,
              8.072027
            ],
            [
              -63.536506,
              8.065413
            ],
            [
              -63.536473,
              8.064679000000126
            ],
            [
              -63.536418,
              8.06359
            ],
            [
              -63.536371,
              8.063463
            ],
            [
              -63.53636399999988,
              8.063307000000123
            ],
            [
              -63.536303,
              8.06288400000011
            ],
            [
              -63.53621,
              8.06224
            ],
            [
              -63.53611099999989,
              8.061558000000161
            ],
            [
              -63.535989,
              8.060719
            ],
            [
              -63.535881,
              8.059984000000156
            ],
            [
              -63.535844,
              8.05976500000014
            ],
            [
              -63.535779999999875,
              8.0594210000001
            ],
            [
              -63.535765,
              8.059216
            ],
            [
              -63.53557499999988,
              8.059177000000147
            ],
            [
              -63.533247,
              8.05954400000013
            ],
            [
              -63.53246,
              8.059524
            ],
            [
              -63.530337,
              8.05983
            ],
            [
              -63.530096,
              8.059852
            ],
            [
              -63.529643,
              8.059938
            ],
            [
              -63.529441,
              8.059968
            ],
            [
              -63.528392,
              8.060231000000158
            ],
            [
              -63.528268,
              8.060271
            ],
            [
              -63.528053,
              8.060323
            ],
            [
              -63.52744299999989,
              8.060514000000126
            ],
            [
              -63.52723499999985,
              8.060597
            ],
            [
              -63.52681799999988,
              8.060751
            ],
            [
              -63.525863,
              8.061202
            ],
            [
              -63.525313,
              8.061492
            ],
            [
              -63.524863,
              8.061755000000119
            ],
            [
              -63.523685,
              8.062541000000124
            ],
            [
              -63.522476,
              8.063439000000187
            ],
            [
              -63.521933,
              8.063834
            ],
            [
              -63.521047,
              8.064492
            ],
            [
              -63.52076,
              8.064692
            ],
            [
              -63.520523,
              8.064847000000157
            ],
            [
              -63.520086,
              8.06519900000012
            ],
            [
              -63.51919799999985,
              8.06584
            ],
            [
              -63.518878,
              8.066061
            ],
            [
              -63.517504,
              8.067087
            ],
            [
              -63.516918,
              8.06753700000013
            ],
            [
              -63.516339,
              8.067952
            ],
            [
              -63.51572,
              8.068402000000106
            ],
            [
              -63.515032999999846,
              8.068909000000133
            ],
            [
              -63.514258,
              8.069488
            ],
            [
              -63.513499,
              8.070034
            ],
            [
              -63.512489,
              8.070692
            ],
            [
              -63.512301,
              8.070805000000178
            ],
            [
              -63.511893,
              8.07105
            ],
            [
              -63.511322999999834,
              8.071346000000176
            ],
            [
              -63.511032999999884,
              8.071475
            ],
            [
              -63.51045599999986,
              8.071728000000178
            ],
            [
              -63.50978499999985,
              8.071981000000164
            ],
            [
              -63.509283,
              8.072143
            ],
            [
              -63.508635,
              8.072324
            ],
            [
              -63.50823,
              8.072410000000104
            ],
            [
              -63.50789,
              8.072471000000178
            ],
            [
              -63.507184,
              8.072578
            ],
            [
              -63.50618,
              8.07267700000017
            ],
            [
              -63.504647,
              8.072782000000132
            ],
            [
              -63.504556,
              8.078364
            ],
            [
              -63.504858,
              8.08742100000012
            ],
            [
              -63.505255,
              8.087818
            ],
            [
              -63.505356,
              8.087854
            ],
            [
              -63.505265,
              8.087949
            ],
            [
              -63.505265,
              8.087962000000118
            ],
            [
              -63.50531,
              8.087995000000149
            ],
            [
              -63.505353,
              8.088031000000115
            ],
            [
              -63.505366,
              8.088057000000163
            ],
            [
              -63.505369,
              8.088076000000115
            ],
            [
              -63.505366,
              8.088131
            ],
            [
              -63.505353,
              8.088177000000144
            ],
            [
              -63.505311,
              8.088314
            ],
            [
              -63.50523,
              8.08849
            ],
            [
              -63.505152,
              8.088676
            ],
            [
              -63.505083,
              8.088773
            ],
            [
              -63.504973,
              8.088953
            ],
            [
              -63.504885,
              8.089125
            ],
            [
              -63.504804,
              8.08931100000018
            ],
            [
              -63.50475199999988,
              8.089393
            ],
            [
              -63.504697,
              8.089471
            ],
            [
              -63.50462499999986,
              8.089565
            ],
            [
              -63.50455,
              8.089644
            ],
            [
              -63.504472,
              8.089738000000125
            ],
            [
              -63.504416999999876,
              8.089816
            ],
            [
              -63.50432299999983,
              8.089947
            ],
            [
              -63.504232,
              8.090094
            ],
            [
              -63.504117999999835,
              8.090286
            ],
            [
              -63.504014,
              8.09052
            ],
            [
              -63.503991,
              8.090595000000178
            ],
            [
              -63.503982,
              8.090664
            ],
            [
              -63.503972,
              8.090755
            ],
            [
              -63.50398899999982,
              8.090866
            ],
            [
              -63.504011,
              8.090999
            ],
            [
              -63.504033999999876,
              8.091081
            ],
            [
              -63.504067,
              8.091178
            ],
            [
              -63.50411,
              8.091263
            ],
            [
              -63.504155,
              8.091318000000115
            ],
            [
              -63.504224,
              8.091380000000129
            ],
            [
              -63.50428899999986,
              8.091409
            ],
            [
              -63.504397,
              8.091438
            ],
            [
              -63.5045429999999,
              8.09145800000016
            ],
            [
              -63.504612,
              8.091474
            ],
            [
              -63.504638,
              8.09149600000012
            ],
            [
              -63.504657,
              8.091539000000125
            ],
            [
              -63.504671,
              8.091610000000117
            ],
            [
              -63.504671,
              8.091705000000161
            ],
            [
              -63.504645,
              8.091832
            ],
            [
              -63.504583,
              8.092040000000168
            ],
            [
              -63.504543999999896,
              8.09221
            ],
            [
              -63.504532,
              8.092343
            ],
            [
              -63.504512,
              8.092529000000127
            ],
            [
              -63.504509,
              8.09261
            ],
            [
              -63.504519,
              8.092688000000123
            ],
            [
              -63.504532,
              8.09277
            ],
            [
              -63.504565,
              8.092844
            ],
            [
              -63.504619999999875,
              8.092942
            ],
            [
              -63.50470499999989,
              8.093069
            ],
            [
              -63.504806,
              8.093167000000165
            ],
            [
              -63.50490799999983,
              8.093241
            ],
            [
              -63.504966,
              8.093261000000155
            ],
            [
              -63.505067,
              8.093270000000189
            ],
            [
              -63.505152,
              8.093257000000165
            ],
            [
              -63.505211,
              8.093231000000117
            ],
            [
              -63.505273,
              8.093192000000101
            ],
            [
              -63.50529199999988,
              8.09316600000011
            ],
            [
              -63.505305,
              8.093104
            ],
            [
              -63.505315,
              8.092951
            ],
            [
              -63.505324,
              8.092876
            ],
            [
              -63.505344,
              8.092804000000172
            ],
            [
              -63.505366,
              8.092775
            ],
            [
              -63.505389,
              8.092745
            ],
            [
              -63.505438,
              8.092709000000127
            ],
            [
              -63.505487,
              8.092696000000103
            ],
            [
              -63.505529,
              8.092696000000103
            ],
            [
              -63.505565,
              8.092706
            ],
            [
              -63.505591,
              8.09272900000019
            ],
            [
              -63.50562699999989,
              8.092761000000166
            ],
            [
              -63.505666,
              8.092833
            ],
            [
              -63.505692,
              8.092924000000153
            ],
            [
              -63.505728,
              8.093015
            ],
            [
              -63.505771,
              8.093084
            ],
            [
              -63.505882,
              8.093253000000175
            ],
            [
              -63.505928,
              8.093321000000117
            ],
            [
              -63.50596,
              8.093392000000108
            ],
            [
              -63.505992999999876,
              8.093474000000185
            ],
            [
              -63.506013,
              8.093571
            ],
            [
              -63.506039,
              8.093734
            ],
            [
              -63.506049,
              8.093839000000173
            ],
            [
              -63.506059,
              8.09393
            ],
            [
              -63.506053,
              8.094021000000112
            ],
            [
              -63.506027,
              8.094112
            ],
            [
              -63.505971,
              8.094259
            ],
            [
              -63.505936,
              8.09439500000019
            ],
            [
              -63.50591299999985,
              8.094500000000153
            ],
            [
              -63.50590299999982,
              8.094588000000158
            ],
            [
              -63.505897,
              8.094695000000115
            ],
            [
              -63.505904,
              8.094799
            ],
            [
              -63.505894,
              8.0949
            ],
            [
              -63.50587799999988,
              8.094985000000122
            ],
            [
              -63.505849,
              8.095076
            ],
            [
              -63.50582899999989,
              8.095115
            ],
            [
              -63.505823,
              8.095154
            ],
            [
              -63.505823,
              8.095207
            ],
            [
              -63.505849,
              8.095327
            ],
            [
              -63.505856,
              8.095438000000115
            ],
            [
              -63.50591899999989,
              8.096050000000162
            ],
            [
              -63.505942,
              8.096307
            ],
            [
              -63.505952,
              8.096466
            ],
            [
              -63.505955999999856,
              8.096681000000103
            ],
            [
              -63.505982,
              8.097039000000109
            ],
            [
              -63.505973,
              8.097127
            ],
            [
              -63.50596,
              8.097173000000168
            ],
            [
              -63.50593,
              8.09724100000011
            ],
            [
              -63.5058719999999,
              8.097346
            ],
            [
              -63.50582999999989,
              8.097427
            ],
            [
              -63.50582,
              8.097476
            ],
            [
              -63.505807,
              8.097531000000117
            ],
            [
              -63.505804,
              8.097574000000122
            ],
            [
              -63.50582699999984,
              8.097616
            ],
            [
              -63.50587899999988,
              8.097662000000128
            ],
            [
              -63.505937,
              8.097687
            ],
            [
              -63.506009,
              8.097697
            ],
            [
              -63.506153,
              8.097694000000104
            ],
            [
              -63.506237,
              8.097690000000114
            ],
            [
              -63.506273,
              8.097703000000138
            ],
            [
              -63.506303,
              8.097739000000104
            ],
            [
              -63.506319,
              8.097762
            ],
            [
              -63.50632899999988,
              8.097781
            ],
            [
              -63.506335,
              8.097827000000109
            ],
            [
              -63.506339,
              8.097938
            ],
            [
              -63.50632599999989,
              8.098032
            ],
            [
              -63.50632899999988,
              8.098084
            ],
            [
              -63.506336,
              8.098149
            ],
            [
              -63.506349,
              8.098178000000189
            ],
            [
              -63.506391,
              8.098214000000155
            ],
            [
              -63.50643,
              8.098234
            ],
            [
              -63.506486,
              8.098250000000121
            ],
            [
              -63.506554,
              8.098250000000121
            ],
            [
              -63.50662299999988,
              8.098240000000146
            ],
            [
              -63.506759,
              8.098207000000116
            ],
            [
              -63.506840999999895,
              8.098197000000141
            ],
            [
              -63.506893,
              8.098204
            ],
            [
              -63.506960999999876,
              8.098226
            ],
            [
              -63.507027,
              8.098275
            ],
            [
              -63.507063,
              8.098308
            ],
            [
              -63.507092,
              8.098373000000151
            ],
            [
              -63.507112,
              8.098434
            ],
            [
              -63.507128,
              8.098522
            ],
            [
              -63.507135,
              8.098639000000105
            ],
            [
              -63.507122,
              8.098757000000148
            ],
            [
              -63.507106,
              8.098851
            ],
            [
              -63.507057,
              8.098988
            ],
            [
              -63.506937,
              8.099285000000123
            ],
            [
              -63.506879,
              8.099415
            ],
            [
              -63.506804,
              8.099591
            ],
            [
              -63.506762,
              8.099715000000174
            ],
            [
              -63.50673599999982,
              8.099803000000179
            ],
            [
              -63.50672,
              8.099861
            ],
            [
              -63.50672,
              8.099917000000175
            ],
            [
              -63.506733,
              8.099953000000141
            ],
            [
              -63.50678799999986,
              8.100004
            ],
            [
              -63.506857,
              8.100063
            ],
            [
              -63.506919,
              8.100112000000138
            ],
            [
              -63.506968,
              8.100134
            ],
            [
              -63.507075,
              8.100163000000123
            ],
            [
              -63.507186,
              8.100193000000104
            ],
            [
              -63.507238,
              8.100222
            ],
            [
              -63.507271,
              8.100254000000177
            ],
            [
              -63.507284,
              8.10027700000012
            ],
            [
              -63.507284,
              8.10031
            ],
            [
              -63.5072449999999,
              8.100372000000164
            ],
            [
              -63.507192,
              8.10044900000014
            ],
            [
              -63.507186,
              8.100462000000164
            ],
            [
              -63.507153,
              8.100485000000106
            ],
            [
              -63.50711399999983,
              8.100514
            ],
            [
              -63.507056,
              8.10054300000013
            ],
            [
              -63.507007,
              8.100569000000121
            ],
            [
              -63.506965,
              8.100592
            ],
            [
              -63.506949,
              8.100605
            ],
            [
              -63.506939,
              8.100624
            ],
            [
              -63.506949,
              8.100655000000131
            ],
            [
              -63.506973,
              8.10075600000016
            ],
            [
              -63.507049,
              8.100918
            ],
            [
              -63.507148,
              8.101092
            ],
            [
              -63.5072449999999,
              8.101254000000154
            ],
            [
              -63.50737299999986,
              8.101436
            ],
            [
              -63.50753,
              8.101644
            ],
            [
              -63.507626,
              8.101763000000176
            ],
            [
              -63.507739,
              8.101885
            ],
            [
              -63.507895,
              8.102044000000149
            ],
            [
              -63.508062,
              8.10220800000019
            ],
            [
              -63.508183,
              8.102341
            ],
            [
              -63.50831,
              8.102484000000118
            ],
            [
              -63.508441,
              8.102632
            ],
            [
              -63.508623999999884,
              8.102824
            ],
            [
              -63.508804,
              8.103001
            ],
            [
              -63.509008,
              8.103215
            ],
            [
              -63.509232,
              8.103462
            ],
            [
              -63.509369999999876,
              8.103631000000178
            ],
            [
              -63.50940699999984,
              8.103688
            ],
            [
              -63.509431,
              8.10374000000013
            ],
            [
              -63.509441,
              8.103792000000169
            ],
            [
              -63.509441,
              8.103842
            ],
            [
              -63.509428,
              8.103891
            ],
            [
              -63.50940999999989,
              8.103917
            ],
            [
              -63.509373999999866,
              8.103954
            ],
            [
              -63.509279999999876,
              8.104019000000108
            ],
            [
              -63.509201999999846,
              8.104076
            ],
            [
              -63.509113,
              8.104139
            ],
            [
              -63.509056,
              8.104183
            ],
            [
              -63.509012,
              8.10422
            ],
            [
              -63.50891499999989,
              8.104309000000114
            ],
            [
              -63.508856,
              8.104379
            ],
            [
              -63.508764,
              8.104502000000139
            ],
            [
              -63.508702,
              8.104604
            ],
            [
              -63.50864,
              8.104721
            ],
            [
              -63.508596,
              8.104820000000132
            ],
            [
              -63.508572,
              8.104903
            ],
            [
              -63.508539,
              8.105029
            ],
            [
              -63.508518,
              8.105125000000157
            ],
            [
              -63.508502,
              8.105208
            ],
            [
              -63.5085,
              8.105312
            ],
            [
              -63.5085,
              8.105448
            ],
            [
              -63.508513,
              8.105557
            ],
            [
              -63.508524,
              8.105669
            ],
            [
              -63.508545,
              8.105839
            ],
            [
              -63.508547,
              8.105938
            ],
            [
              -63.508554,
              8.106069000000105
            ],
            [
              -63.508562,
              8.106148
            ],
            [
              -63.508564,
              8.106286000000125
            ],
            [
              -63.50857999999988,
              8.106564
            ],
            [
              -63.508589,
              8.106893
            ],
            [
              -63.508601,
              8.107138
            ],
            [
              -63.508591,
              8.107298000000185
            ],
            [
              -63.508564,
              8.107383
            ],
            [
              -63.508548,
              8.107413000000122
            ],
            [
              -63.50853199999983,
              8.107452000000137
            ],
            [
              -63.50846299999989,
              8.107546
            ],
            [
              -63.508404,
              8.107615000000123
            ],
            [
              -63.508355,
              8.107663000000173
            ],
            [
              -63.508306,
              8.107699000000139
            ],
            [
              -63.508234,
              8.107732
            ],
            [
              -63.508156,
              8.107754
            ],
            [
              -63.5081,
              8.10777400000012
            ],
            [
              -63.508019,
              8.10782600000016
            ],
            [
              -63.507983,
              8.107849000000101
            ],
            [
              -63.507859,
              8.107982000000106
            ],
            [
              -63.507663,
              8.108237
            ],
            [
              -63.507636,
              8.108272000000113
            ],
            [
              -63.507583999999895,
              8.10837
            ],
            [
              -63.507534,
              8.108487000000139
            ],
            [
              -63.507508,
              8.108572
            ],
            [
              -63.507497999999885,
              8.108605000000125
            ],
            [
              -63.507497999999885,
              8.108641
            ],
            [
              -63.507524,
              8.108683
            ],
            [
              -63.507546,
              8.108707
            ],
            [
              -63.507563,
              8.108726
            ],
            [
              -63.507599,
              8.10874500000017
            ],
            [
              -63.507726,
              8.108801
            ],
            [
              -63.507895,
              8.108906000000161
            ],
            [
              -63.508143,
              8.109087
            ],
            [
              -63.508266,
              8.109260000000177
            ],
            [
              -63.508338,
              8.109345
            ],
            [
              -63.508383,
              8.109423000000163
            ],
            [
              -63.508432,
              8.109538
            ],
            [
              -63.50845399999986,
              8.109629000000155
            ],
            [
              -63.508467,
              8.109721
            ],
            [
              -63.50846399999989,
              8.109812
            ],
            [
              -63.508434,
              8.109989
            ],
            [
              -63.508416999999895,
              8.110077
            ],
            [
              -63.508391,
              8.110165
            ],
            [
              -63.508358,
              8.110299000000168
            ],
            [
              -63.50832499999984,
              8.110426000000189
            ],
            [
              -63.508314,
              8.110886
            ],
            [
              -63.508294,
              8.11097100000012
            ],
            [
              -63.508255,
              8.111085000000173
            ],
            [
              -63.508216,
              8.111157000000105
            ],
            [
              -63.50816999999989,
              8.111225
            ],
            [
              -63.508088,
              8.111307
            ],
            [
              -63.50801,
              8.111388
            ],
            [
              -63.507892,
              8.111489
            ],
            [
              -63.50782,
              8.111544000000151
            ],
            [
              -63.50774799999988,
              8.11159
            ],
            [
              -63.507663,
              8.111616
            ],
            [
              -63.507598,
              8.111648
            ],
            [
              -63.50745099999989,
              8.111756
            ],
            [
              -63.507386,
              8.111795
            ],
            [
              -63.507314,
              8.11184
            ],
            [
              -63.507121,
              8.111987
            ],
            [
              -63.50699,
              8.11208100000016
            ],
            [
              -63.506925,
              8.112139000000127
            ],
            [
              -63.50685,
              8.11225
            ],
            [
              -63.506774,
              8.112381
            ],
            [
              -63.506725,
              8.112472
            ],
            [
              -63.50671199999988,
              8.112537
            ],
            [
              -63.50671199999988,
              8.112567
            ],
            [
              -63.506718,
              8.112616000000173
            ],
            [
              -63.506738,
              8.112668
            ],
            [
              -63.50677999999982,
              8.11272
            ],
            [
              -63.506874999999866,
              8.11275
            ],
            [
              -63.507031,
              8.11275
            ],
            [
              -63.50716099999988,
              8.112761
            ],
            [
              -63.507269,
              8.112774000000115
            ],
            [
              -63.507422,
              8.112849
            ],
            [
              -63.507663,
              8.112938
            ],
            [
              -63.507888,
              8.11304
            ],
            [
              -63.507973,
              8.11308
            ],
            [
              -63.50806,
              8.113155
            ],
            [
              -63.50811899999985,
              8.11322
            ],
            [
              -63.508181,
              8.113305
            ],
            [
              -63.508216,
              8.113371000000143
            ],
            [
              -63.508248999999864,
              8.113472000000115
            ],
            [
              -63.508268,
              8.113567
            ],
            [
              -63.508268,
              8.113629000000174
            ],
            [
              -63.508303,
              8.113760000000184
            ],
            [
              -63.508339,
              8.113907
            ],
            [
              -63.508348,
              8.114044
            ],
            [
              -63.508358,
              8.114233
            ],
            [
              -63.508354,
              8.114387
            ],
            [
              -63.508330999999885,
              8.114596
            ],
            [
              -63.508307,
              8.114700000000141
            ],
            [
              -63.508255,
              8.114847
            ],
            [
              -63.508225,
              8.114899
            ],
            [
              -63.508162999999854,
              8.114981000000114
            ],
            [
              -63.508118,
              8.11501
            ],
            [
              -63.50808199999989,
              8.115016
            ],
            [
              -63.508052,
              8.115016
            ],
            [
              -63.507996999999875,
              8.115
            ],
            [
              -63.507912,
              8.114931
            ],
            [
              -63.50783399999989,
              8.114911000000177
            ],
            [
              -63.507808,
              8.114911000000177
            ],
            [
              -63.50774,
              8.114937
            ],
            [
              -63.507645,
              8.114979000000119
            ],
            [
              -63.507547,
              8.11506
            ],
            [
              -63.50745199999989,
              8.115165
            ],
            [
              -63.507377,
              8.115262
            ],
            [
              -63.50735,
              8.115367
            ],
            [
              -63.50733699999989,
              8.115465
            ],
            [
              -63.507329999999854,
              8.115533000000141
            ],
            [
              -63.507288,
              8.115657000000112
            ],
            [
              -63.507265,
              8.115763000000129
            ],
            [
              -63.507254,
              8.115913000000148
            ],
            [
              -63.507254,
              8.116021
            ],
            [
              -63.507267,
              8.116066
            ],
            [
              -63.507283,
              8.116135
            ],
            [
              -63.507322,
              8.116256
            ],
            [
              -63.5074,
              8.116400000000112
            ],
            [
              -63.50749999999988,
              8.116583000000162
            ],
            [
              -63.507552,
              8.116681
            ],
            [
              -63.507562,
              8.116812
            ],
            [
              -63.507552,
              8.116920000000164
            ],
            [
              -63.510147,
              8.118242000000123
            ],
            [
              -63.514304,
              8.120117000000164
            ],
            [
              -63.518775,
              8.122134
            ],
            [
              -63.523096,
              8.124045
            ],
            [
              -63.526505,
              8.125578
            ],
            [
              -63.527346,
              8.125920000000178
            ],
            [
              -63.528222,
              8.126344
            ],
            [
              -63.530721,
              8.127464
            ],
            [
              -63.531317999999885,
              8.127629000000184
            ],
            [
              -63.531705,
              8.127652000000126
            ],
            [
              -63.532728,
              8.127533
            ],
            [
              -63.535832,
              8.12708
            ],
            [
              -63.537173,
              8.126889
            ],
            [
              -63.53818499999983,
              8.126616000000183
            ],
            [
              -63.539707,
              8.126023000000146
            ],
            [
              -63.541254,
              8.125252000000103
            ],
            [
              -63.542046,
              8.12479
            ],
            [
              -63.543908,
              8.123180000000104
            ],
            [
              -63.544453,
              8.12274200000013
            ],
            [
              -63.544805999999824,
              8.122706000000164
            ],
            [
              -63.545004,
              8.122765
            ],
            [
              -63.5455649999999,
              8.123012
            ],
            [
              -63.548763999999835,
              8.124439
            ],
            [
              -63.549815,
              8.124946
            ],
            [
              -63.558822,
              8.129085
            ]
          ]
        ]
      }
    },
    {
      "type": "Feature",
      "properties": {
        "Pais": "Venezuela",
        "Estado": "Bolívar",
        "Municipio": "Angostura del Orinoco",
        "Parroquia": "Orinoco"
      },
      "geometry": {
        "type": "Polygon",
        "coordinates": [
          [
            [
              -63.66306763399996,
              8.164977742000076
            ],
            [
              -63.66677467899996,
              8.16648930000008
            ],
            [
              -63.671786916999906,
              8.167951313000174
            ],
            [
              -63.677608183999894,
              8.16885231700013
            ],
            [
              -63.68381645399995,
              8.166892235000148
            ],
            [
              -63.687528605999944,
              8.163514132000103
            ],
            [
              -63.69665099199989,
              8.15793195800012
            ],
            [
              -63.70534636099984,
              8.150277720000076
            ],
            [
              -63.7118096289999,
              8.14648659500017
            ],
            [
              -63.71973798099998,
              8.144210509000175
            ],
            [
              -63.72419918999998,
              8.144285487000161
            ],
            [
              -63.73856781499995,
              8.139708312000039
            ],
            [
              -63.74522311499993,
              8.138328247000175
            ],
            [
              -63.7592537619999,
              8.14108626300009
            ],
            [
              -63.77264835699998,
              8.140392180000163
            ],
            [
              -63.78500292299992,
              8.140483135000125
            ],
            [
              -63.79806150599984,
              8.139323054000158
            ],
            [
              -63.80402177499997,
              8.13850400800004
            ],
            [
              -63.809766022999895,
              8.136878938000052
            ],
            [
              -63.824219668999945,
              8.134249817000068
            ],
            [
              -63.827557768999895,
              8.122690509
            ],
            [
              -63.83385301299995,
              8.11464927500009
            ],
            [
              -63.83990626199994,
              8.107522068000037
            ],
            [
              -63.843730020999885,
              8.103538449000041
            ],
            [
              -63.84478446499992,
              8.10243992200003
            ],
            [
              -63.84551997799991,
              8.101214324000068
            ],
            [
              -63.847715568999945,
              8.097555776000036
            ],
            [
              -63.848452592999934,
              8.094126695000057
            ],
            [
              -63.85198272399998,
              8.087416506000068
            ],
            [
              -63.85205858499995,
              8.085505204000015
            ],
            [
              -63.85207371699994,
              8.085123946000124
            ],
            [
              -63.85216471199993,
              8.082831386000123
            ],
            [
              -63.85592385599995,
              8.076010204000113
            ],
            [
              -63.856412874999876,
              8.075370181000153
            ],
            [
              -63.8643201779999,
              8.065020891000074
            ],
            [
              -63.87030573699991,
              8.060294994000117
            ],
            [
              -63.87855278099988,
              8.053783542000133
            ],
            [
              -63.88052071999982,
              8.041439284000148
            ],
            [
              -63.88066182099993,
              8.040554200000088
            ],
            [
              -63.882451344999936,
              8.037875565999968
            ],
            [
              -63.89036519399997,
              8.026029791000155
            ],
            [
              -63.89614644399995,
              8.021650656000077
            ],
            [
              -63.902074676999916,
              8.015093466000053
            ],
            [
              -63.90522780699996,
              8.01055733800007
            ],
            [
              -63.91078703099993,
              8.005715195999983
            ],
            [
              -63.916354258999945,
              8.000299031000111
            ],
            [
              -63.92121146499994,
              7.996592926000176
            ],
            [
              -63.92401257499989,
              7.992623811000158
            ],
            [
              -63.92618166099987,
              7.98955472200015
            ],
            [
              -63.925902635999876,
              7.986342640000089
            ],
            [
              -63.92700067199996,
              7.983220555000173
            ],
            [
              -63.92800370599997,
              7.981365504000053
            ],
            [
              -63.925892,
              7.976746000000105
            ],
            [
              -63.93947599999984,
              7.930002000000172
            ],
            [
              -63.94082,
              7.92791
            ],
            [
              -63.93930499999988,
              7.926327000000185
            ],
            [
              -63.93698499999988,
              7.924643000000117
            ],
            [
              -63.933265,
              7.921374000000185
            ],
            [
              -63.930006,
              7.918211000000156
            ],
            [
              -63.926906,
              7.910565
            ],
            [
              -63.922458,
              7.897309000000178
            ],
            [
              -63.916424,
              7.88523
            ],
            [
              -63.915086,
              7.880311
            ],
            [
              -63.91251,
              7.876793000000134
            ],
            [
              -63.91041299999989,
              7.874645
            ],
            [
              -63.908287,
              7.870659000000103
            ],
            [
              -63.90631799999983,
              7.861958000000129
            ],
            [
              -63.90366299999988,
              7.853383000000122
            ],
            [
              -63.900944,
              7.848028
            ],
            [
              -63.898857,
              7.839100000000144
            ],
            [
              -63.89770499999986,
              7.831305
            ],
            [
              -63.899513,
              7.822197000000131
            ],
            [
              -63.90199699999988,
              7.819741000000136
            ],
            [
              -63.903292,
              7.814547
            ],
            [
              -63.902165,
              7.808361
            ],
            [
              -63.90115,
              7.802058
            ],
            [
              -63.899665,
              7.802313
            ],
            [
              -63.893317,
              7.799547000000132
            ],
            [
              -63.88283299999989,
              7.796161
            ],
            [
              -63.877296999999885,
              7.793956
            ],
            [
              -63.871317,
              7.79267700000014
            ],
            [
              -63.868527,
              7.790196
            ],
            [
              -63.86004899999983,
              7.790453000000127
            ],
            [
              -63.856791,
              7.78729
            ],
            [
              -63.853866,
              7.783432
            ],
            [
              -63.849817,
              7.780972000000133
            ],
            [
              -63.827379,
              7.752962
            ],
            [
              -63.826308,
              7.74286700000016
            ],
            [
              -63.825267,
              7.727256
            ],
            [
              -63.820791,
              7.711816000000113
            ],
            [
              -63.815972,
              7.703967000000148
            ],
            [
              -63.810099,
              7.702111
            ],
            [
              -63.804832,
              7.702429
            ],
            [
              -63.800556,
              7.700087
            ],
            [
              -63.797715,
              7.69415800000013
            ],
            [
              -63.794024,
              7.692611
            ],
            [
              -63.79254,
              7.685396
            ],
            [
              -63.792261,
              7.682182
            ],
            [
              -63.774564,
              7.615763
            ],
            [
              -63.753917,
              7.599444
            ],
            [
              -63.73365199999989,
              7.569225000000131
            ],
            [
              -63.68564,
              7.564262000000156
            ],
            [
              -63.65534499999984,
              7.579433
            ],
            [
              -63.622851,
              7.592221000000166
            ],
            [
              -63.597253,
              7.594646
            ],
            [
              -63.559335,
              7.582090000000164
            ],
            [
              -63.506263,
              7.572072000000105
            ],
            [
              -63.525897,
              7.586100000000158
            ],
            [
              -63.534814,
              7.592507000000182
            ],
            [
              -63.545697,
              7.59766900000011
            ],
            [
              -63.5464429999999,
              7.597303000000181
            ],
            [
              -63.559583,
              7.601647
            ],
            [
              -63.562632,
              7.606424
            ],
            [
              -63.56656,
              7.608659000000102
            ],
            [
              -63.57109899999989,
              7.613412
            ],
            [
              -63.574894,
              7.614385
            ],
            [
              -63.57958999999988,
              7.614194000000111
            ],
            [
              -63.583165,
              7.615745000000175
            ],
            [
              -63.589765,
              7.62816400000014
            ],
            [
              -63.591866,
              7.630774
            ],
            [
              -63.59320599999984,
              7.636153000000149
            ],
            [
              -63.596614,
              7.641844000000106
            ],
            [
              -63.599279,
              7.643869000000166
            ],
            [
              -63.602402,
              7.645772
            ],
            [
              -63.606264,
              7.651226000000122
            ],
            [
              -63.609292,
              7.65451
            ],
            [
              -63.615011,
              7.661542000000111
            ],
            [
              -63.616978,
              7.670474000000183
            ],
            [
              -63.620136,
              7.674789
            ],
            [
              -63.625934,
              7.679406
            ],
            [
              -63.62907699999988,
              7.682688
            ],
            [
              -63.63315299999988,
              7.687103
            ],
            [
              -63.635704,
              7.696716
            ],
            [
              -63.63773199999986,
              7.702084000000127
            ],
            [
              -63.639596,
              7.704122000000154
            ],
            [
              -63.641985,
              7.710633
            ],
            [
              -63.6458209999999,
              7.721948000000168
            ],
            [
              -63.653109,
              7.72654000000017
            ],
            [
              -63.656639,
              7.732573000000173
            ],
            [
              -63.660269,
              7.737801
            ],
            [
              -63.660872,
              7.739745
            ],
            [
              -63.66230199999984,
              7.743398
            ],
            [
              -63.663266,
              7.746600000000115
            ],
            [
              -63.663735,
              7.754982000000155
            ],
            [
              -63.664117,
              7.757504
            ],
            [
              -63.669905,
              7.761316
            ],
            [
              -63.673419,
              7.766315
            ],
            [
              -63.676344,
              7.770289000000105
            ],
            [
              -63.682932,
              7.773973000000126
            ],
            [
              -63.68504099999984,
              7.777041000000111
            ],
            [
              -63.688362,
              7.784457000000145
            ],
            [
              -63.693948,
              7.789996000000144
            ],
            [
              -63.699526,
              7.795076
            ],
            [
              -63.698552,
              7.798884000000157
            ],
            [
              -63.695639,
              7.803414000000146
            ],
            [
              -63.693819,
              7.804363000000137
            ],
            [
              -63.693107,
              7.81035
            ],
            [
              -63.692237,
              7.813467
            ],
            [
              -63.69056,
              7.816368000000125
            ],
            [
              -63.692931,
              7.821500000000185
            ],
            [
              -63.694916,
              7.823996000000136
            ],
            [
              -63.69974,
              7.824606000000131
            ],
            [
              -63.701014,
              7.825505
            ],
            [
              -63.704683,
              7.833144000000118
            ],
            [
              -63.706971,
              7.840461000000118
            ],
            [
              -63.708342,
              7.847793
            ],
            [
              -63.711514,
              7.852797000000123
            ],
            [
              -63.713856,
              7.863675000000114
            ],
            [
              -63.716189,
              7.866394000000184
            ],
            [
              -63.715831,
              7.873066000000165
            ],
            [
              -63.718378,
              7.882332000000133
            ],
            [
              -63.716511,
              7.887764000000175
            ],
            [
              -63.724277999999856,
              7.908665
            ],
            [
              -63.73545,
              7.918849
            ],
            [
              -63.736187,
              7.918926000000113
            ],
            [
              -63.73677299999986,
              7.919514000000106
            ],
            [
              -63.73698899999988,
              7.920318
            ],
            [
              -63.737428,
              7.920905000000118
            ],
            [
              -63.738164,
              7.920910000000163
            ],
            [
              -63.738825,
              7.921352000000127
            ],
            [
              -63.738968,
              7.922083
            ],
            [
              -63.738596,
              7.922738
            ],
            [
              -63.737857,
              7.923026000000107
            ],
            [
              -63.737119,
              7.92324
            ],
            [
              -63.736526,
              7.923821000000146
            ],
            [
              -63.73608,
              7.924549000000184
            ],
            [
              -63.736002,
              7.92527900000016
            ],
            [
              -63.735997,
              7.926009
            ],
            [
              -63.7359909999999,
              7.92703100000017
            ],
            [
              -63.735766,
              7.92776
            ],
            [
              -63.735099999999875,
              7.928195
            ],
            [
              -63.734216,
              7.928189
            ],
            [
              -63.733259,
              7.928038000000186
            ],
            [
              -63.73274,
              7.92861900000014
            ],
            [
              -63.732294,
              7.929274000000134
            ],
            [
              -63.732142,
              7.930003
            ],
            [
              -63.731549,
              7.930584000000181
            ],
            [
              -63.730956,
              7.931165
            ],
            [
              -63.731320999999866,
              7.931824
            ],
            [
              -63.73153599999989,
              7.932702
            ],
            [
              -63.730796,
              7.933209
            ],
            [
              -63.730718,
              7.934011
            ],
            [
              -63.730713,
              7.934815000000128
            ],
            [
              -63.73122599999982,
              7.935402000000181
            ],
            [
              -63.730483999999876,
              7.936201
            ],
            [
              -63.729746,
              7.936343
            ],
            [
              -63.72944699999988,
              7.937071
            ],
            [
              -63.729811,
              7.937804
            ],
            [
              -63.730175,
              7.93853600000017
            ],
            [
              -63.730097,
              7.939339000000132
            ],
            [
              -63.729650999999876,
              7.939994000000183
            ],
            [
              -63.728839,
              7.940281000000141
            ],
            [
              -63.72802799999988,
              7.940276
            ],
            [
              -63.72729,
              7.940491
            ],
            [
              -63.72758,
              7.941223
            ],
            [
              -63.726986999999895,
              7.941877
            ],
            [
              -63.72757399999989,
              7.942318
            ],
            [
              -63.727496,
              7.943048
            ],
            [
              -63.72690299999988,
              7.943629
            ],
            [
              -63.726678,
              7.944358000000136
            ],
            [
              -63.726525,
              7.945161
            ],
            [
              -63.7261529999999,
              7.94581600000015
            ],
            [
              -63.725337,
              7.94676
            ],
            [
              -63.724964,
              7.947488
            ],
            [
              -63.724811,
              7.948437000000126
            ],
            [
              -63.724145,
              7.948944000000154
            ],
            [
              -63.72340799999989,
              7.948940000000164
            ],
            [
              -63.722599,
              7.948716000000104
            ],
            [
              -63.72185999999988,
              7.949004000000116
            ],
            [
              -63.72185599999983,
              7.949734000000149
            ],
            [
              -63.722219,
              7.950686
            ],
            [
              -63.722137,
              7.952073
            ],
            [
              -63.721911,
              7.952802000000133
            ],
            [
              -63.721022,
              7.953746
            ],
            [
              -63.720944,
              7.954476000000113
            ],
            [
              -63.720421,
              7.955568
            ],
            [
              -63.719755,
              7.956148
            ],
            [
              -63.71857299999988,
              7.95658
            ],
            [
              -63.717835,
              7.956794
            ],
            [
              -63.717019,
              7.957739
            ],
            [
              -63.716794,
              7.958468000000153
            ],
            [
              -63.71642,
              7.959269000000177
            ],
            [
              -63.71634,
              7.960364
            ],
            [
              -63.715673,
              7.961091000000124
            ],
            [
              -63.714557,
              7.962837
            ],
            [
              -63.714037,
              7.963491
            ],
            [
              -63.71366399999988,
              7.9643650000001
            ],
            [
              -63.712925,
              7.964726000000155
            ],
            [
              -63.712773,
              7.965455
            ],
            [
              -63.712769,
              7.966186000000164
            ],
            [
              -63.712911,
              7.96699
            ],
            [
              -63.712757,
              7.968084
            ],
            [
              -63.711282,
              7.968368
            ],
            [
              -63.710545,
              7.968363000000181
            ],
            [
              -63.709734,
              7.968505
            ],
            [
              -63.709358,
              7.969671
            ],
            [
              -63.708985,
              7.970472
            ],
            [
              -63.708613,
              7.971127
            ],
            [
              -63.707948,
              7.97148900000019
            ],
            [
              -63.706987,
              7.971921
            ],
            [
              -63.706099,
              7.972573000000125
            ],
            [
              -63.705727,
              7.973228000000177
            ],
            [
              -63.703796999999895,
              7.975627
            ],
            [
              -63.703131,
              7.976061
            ],
            [
              -63.702392,
              7.976495000000114
            ],
            [
              -63.701792999999896,
              7.978098
            ],
            [
              -63.701641,
              7.978828
            ],
            [
              -63.70141499999988,
              7.97955700000017
            ],
            [
              -63.701337,
              7.980359
            ],
            [
              -63.700965,
              7.981014
            ],
            [
              -63.700813,
              7.981744000000106
            ],
            [
              -63.700441,
              7.9823990000001
            ],
            [
              -63.700142,
              7.983128
            ],
            [
              -63.699769,
              7.983856
            ],
            [
              -63.69947,
              7.984584
            ],
            [
              -63.699171,
              7.98531300000019
            ],
            [
              -63.69887199999988,
              7.986041
            ],
            [
              -63.698426,
              7.986623
            ],
            [
              -63.69776,
              7.98713
            ],
            [
              -63.69716799999986,
              7.987565000000188
            ],
            [
              -63.69643,
              7.98778
            ],
            [
              -63.695618,
              7.987921000000142
            ],
            [
              -63.694880999999896,
              7.98799
            ],
            [
              -63.694216,
              7.988351
            ],
            [
              -63.69421099999988,
              7.989081
            ],
            [
              -63.694428,
              7.989886000000183
            ],
            [
              -63.694423,
              7.990616
            ],
            [
              -63.694345,
              7.991346
            ],
            [
              -63.693973,
              7.992074
            ],
            [
              -63.693672999999876,
              7.992803000000151
            ],
            [
              -63.693008,
              7.993164000000149
            ],
            [
              -63.69227,
              7.993379000000175
            ],
            [
              -63.691531,
              7.993666000000132
            ],
            [
              -63.691012,
              7.994248000000141
            ],
            [
              -63.690713,
              7.994976000000179
            ],
            [
              -63.690193,
              7.995703000000105
            ],
            [
              -63.68938,
              7.996137
            ],
            [
              -63.688641,
              7.996571000000131
            ],
            [
              -63.68850199999986,
              7.997851
            ],
            [
              -63.68820099999982,
              7.998580000000118
            ],
            [
              -63.687681,
              7.999162000000126
            ],
            [
              -63.686868,
              7.999523000000124
            ],
            [
              -63.686275,
              8.000032000000147
            ],
            [
              -63.685682,
              8.000540000000115
            ],
            [
              -63.68516099999982,
              8.001122000000123
            ],
            [
              -63.684861,
              8.001852
            ],
            [
              -63.684856,
              8.002583000000186
            ],
            [
              -63.684777,
              8.003314000000103
            ],
            [
              -63.684918,
              8.004119000000117
            ],
            [
              -63.68513399999989,
              8.004852
            ],
            [
              -63.68512799999985,
              8.005657000000156
            ],
            [
              -63.684753999999884,
              8.006386
            ],
            [
              -63.684013,
              8.006893000000105
            ],
            [
              -63.683274,
              8.007255
            ],
            [
              -63.682460999999876,
              8.007542000000171
            ],
            [
              -63.68208799999985,
              8.008198000000107
            ],
            [
              -63.68200799999988,
              8.009003
            ],
            [
              -63.68215,
              8.009735
            ],
            [
              -63.68288399999989,
              8.010105000000124
            ],
            [
              -63.683693,
              8.010256
            ],
            [
              -63.684722,
              8.010628
            ],
            [
              -63.685379999999896,
              8.011290000000145
            ],
            [
              -63.685375,
              8.012021
            ],
            [
              -63.6849289999999,
              8.012604000000124
            ],
            [
              -63.684191,
              8.012672
            ],
            [
              -63.682863,
              8.012957
            ],
            [
              -63.682783,
              8.013761000000102
            ],
            [
              -63.682115,
              8.01448900000014
            ],
            [
              -63.6813,
              8.014996000000167
            ],
            [
              -63.681664,
              8.015656
            ],
            [
              -63.681953,
              8.016389000000117
            ],
            [
              -63.681579999999826,
              8.017045
            ],
            [
              -63.680617,
              8.01769800000011
            ],
            [
              -63.68098,
              8.018358000000148
            ],
            [
              -63.68200999999988,
              8.018657
            ],
            [
              -63.68296299999986,
              8.019321000000105
            ],
            [
              -63.683252,
              8.02005400000013
            ],
            [
              -63.68332,
              8.020786000000157
            ],
            [
              -63.6837579999999,
              8.021373
            ],
            [
              -63.683605,
              8.022104000000127
            ],
            [
              -63.683525,
              8.022908
            ],
            [
              -63.68396299999989,
              8.023569
            ],
            [
              -63.68388199999987,
              8.024446000000125
            ],
            [
              -63.683068,
              8.025026000000139
            ],
            [
              -63.683872999999835,
              8.0257620000001
            ],
            [
              -63.68475299999989,
              8.026280000000156
            ],
            [
              -63.685116,
              8.027013
            ],
            [
              -63.685478,
              8.027893
            ],
            [
              -63.685916,
              8.028481
            ],
            [
              -63.685612,
              8.029722
            ],
            [
              -63.68428,
              8.030446
            ],
            [
              -63.683613,
              8.030954000000179
            ],
            [
              -63.683091999999874,
              8.031609000000174
            ],
            [
              -63.682499999999834,
              8.032044
            ],
            [
              -63.681764,
              8.03182
            ],
            [
              -63.680442,
              8.031301
            ],
            [
              -63.679703,
              8.03158900000011
            ],
            [
              -63.679329,
              8.032318
            ],
            [
              -63.67925,
              8.03304900000012
            ],
            [
              -63.678876999999886,
              8.033705
            ],
            [
              -63.67842599999989,
              8.034873
            ],
            [
              -63.678419999999846,
              8.035677
            ],
            [
              -63.678414,
              8.036408
            ],
            [
              -63.67804,
              8.037211
            ],
            [
              -63.677374,
              8.037572
            ],
            [
              -63.676564,
              8.037568000000135
            ],
            [
              -63.675897,
              8.038003
            ],
            [
              -63.675891,
              8.03888000000012
            ],
            [
              -63.675517,
              8.039609
            ],
            [
              -63.67507,
              8.040265000000147
            ],
            [
              -63.675875,
              8.040928000000122
            ],
            [
              -63.676899,
              8.042031
            ],
            [
              -63.677114,
              8.042764000000147
            ],
            [
              -63.676521,
              8.043345000000102
            ],
            [
              -63.675708,
              8.043633000000113
            ],
            [
              -63.674897,
              8.043628
            ],
            [
              -63.674238,
              8.043186000000105
            ],
            [
              -63.67342699999989,
              8.043181
            ],
            [
              -63.672618,
              8.043030000000158
            ],
            [
              -63.67187799999988,
              8.043391000000156
            ],
            [
              -63.672314,
              8.044198000000165
            ],
            [
              -63.6729,
              8.044640000000129
            ],
            [
              -63.673042,
              8.045446
            ],
            [
              -63.672888999999884,
              8.046176
            ],
            [
              -63.672220999999865,
              8.046757000000127
            ],
            [
              -63.671995,
              8.047488
            ],
            [
              -63.671768,
              8.048218
            ],
            [
              -63.67117499999989,
              8.048799
            ],
            [
              -63.670436,
              8.049014
            ],
            [
              -63.6698439999999,
              8.04945
            ],
            [
              -63.669106,
              8.049518000000148
            ],
            [
              -63.66792699999985,
              8.049511000000109
            ],
            [
              -63.66725899999989,
              8.050166000000104
            ],
            [
              -63.667106,
              8.050896000000137
            ],
            [
              -63.666805999999895,
              8.051626000000113
            ],
            [
              -63.666652,
              8.052503
            ],
            [
              -63.666352,
              8.05323200000015
            ],
            [
              -63.665905,
              8.053888
            ],
            [
              -63.665604,
              8.054764
            ],
            [
              -63.665524,
              8.055568000000164
            ],
            [
              -63.665445,
              8.056372
            ],
            [
              -63.665439,
              8.05717600000014
            ],
            [
              -63.66558,
              8.057982
            ],
            [
              -63.66609099999988,
              8.05857
            ],
            [
              -63.666827,
              8.058793
            ],
            [
              -63.66771099999983,
              8.058799000000135
            ],
            [
              -63.668669,
              8.058804
            ],
            [
              -63.669404,
              8.059028
            ],
            [
              -63.670064,
              8.059398000000158
            ],
            [
              -63.670206,
              8.060203000000115
            ],
            [
              -63.6702,
              8.060934
            ],
            [
              -63.669898,
              8.061874
            ],
            [
              -63.66989299999989,
              8.062605
            ],
            [
              -63.67025599999988,
              8.063265000000172
            ],
            [
              -63.67062,
              8.063924000000156
            ],
            [
              -63.671206,
              8.064367
            ],
            [
              -63.671941,
              8.064592
            ],
            [
              -63.672678,
              8.064597
            ],
            [
              -63.673415,
              8.06460200000015
            ],
            [
              -63.674225,
              8.064608
            ],
            [
              -63.674891999999886,
              8.064175000000148
            ],
            [
              -63.675630999999896,
              8.063889000000131
            ],
            [
              -63.676224,
              8.063309
            ],
            [
              -63.67696199999989,
              8.063241000000119
            ],
            [
              -63.67754699999989,
              8.063757
            ],
            [
              -63.677762,
              8.064635
            ],
            [
              -63.677757,
              8.065365
            ],
            [
              -63.677456,
              8.066093
            ],
            [
              -63.677156,
              8.066894
            ],
            [
              -63.677075,
              8.06777
            ],
            [
              -63.676995,
              8.068719
            ],
            [
              -63.676989,
              8.069522
            ],
            [
              -63.676981,
              8.070471
            ],
            [
              -63.67734499999989,
              8.07113100000015
            ],
            [
              -63.677118,
              8.07186
            ],
            [
              -63.676306999999895,
              8.07192700000013
            ],
            [
              -63.676006,
              8.072874000000127
            ],
            [
              -63.675411,
              8.073527000000183
            ],
            [
              -63.67467599999986,
              8.073375
            ],
            [
              -63.67401499999988,
              8.073005000000137
            ],
            [
              -63.673428999999885,
              8.072563000000173
            ],
            [
              -63.672545,
              8.072556000000134
            ],
            [
              -63.671952,
              8.073063000000161
            ],
            [
              -63.671651,
              8.073864000000128
            ],
            [
              -63.671572,
              8.074594000000161
            ],
            [
              -63.671419,
              8.075323
            ],
            [
              -63.67045899999982,
              8.075608
            ],
            [
              -63.669652,
              8.075164
            ],
            [
              -63.668764999999894,
              8.075449
            ],
            [
              -63.668465,
              8.076251000000127
            ],
            [
              -63.668459,
              8.076981000000103
            ],
            [
              -63.668453,
              8.077784000000122
            ],
            [
              -63.668445,
              8.078879000000143
            ],
            [
              -63.66903,
              8.07946800000019
            ],
            [
              -63.66976399999987,
              8.079912
            ],
            [
              -63.669317,
              8.080493000000104
            ],
            [
              -63.668651,
              8.080926
            ],
            [
              -63.668643,
              8.081948
            ],
            [
              -63.66849,
              8.082750000000146
            ],
            [
              -63.66796899999986,
              8.083404
            ],
            [
              -63.66759599999989,
              8.084058
            ],
            [
              -63.666708,
              8.08449
            ],
            [
              -63.665824,
              8.084483
            ],
            [
              -63.665089,
              8.084186000000102
            ],
            [
              -63.66435299999989,
              8.084180000000174
            ],
            [
              -63.663615,
              8.084321000000102
            ],
            [
              -63.663534,
              8.085197000000107
            ],
            [
              -63.66301399999986,
              8.085777000000121
            ],
            [
              -63.662273,
              8.086429
            ],
            [
              -63.661826,
              8.08701
            ],
            [
              -63.661302,
              8.088101
            ],
            [
              -63.661444,
              8.088906
            ],
            [
              -63.661586,
              8.089637000000153
            ],
            [
              -63.66158,
              8.090367000000128
            ],
            [
              -63.661132,
              8.091167
            ],
            [
              -63.660319,
              8.091453000000115
            ],
            [
              -63.659508,
              8.091520000000116
            ],
            [
              -63.658848,
              8.09115
            ],
            [
              -63.65789299999989,
              8.090778
            ],
            [
              -63.65708,
              8.091137
            ],
            [
              -63.657074,
              8.091941000000133
            ],
            [
              -63.657584,
              8.092602000000113
            ],
            [
              -63.658539,
              8.092974
            ],
            [
              -63.658607,
              8.0937780000001
            ],
            [
              -63.658306,
              8.094579000000124
            ],
            [
              -63.6576409999999,
              8.094939
            ],
            [
              -63.656823,
              8.095882
            ],
            [
              -63.65579,
              8.096094
            ],
            [
              -63.654979,
              8.096088
            ],
            [
              -63.653875,
              8.095934000000113
            ],
            [
              -63.652699,
              8.095633
            ],
            [
              -63.652031,
              8.096212
            ],
            [
              -63.652025,
              8.097015
            ],
            [
              -63.652606999999875,
              8.097969
            ],
            [
              -63.653415,
              8.09834
            ],
            [
              -63.654075,
              8.09878300000014
            ],
            [
              -63.654805999999894,
              8.099592
            ],
            [
              -63.653687999999875,
              8.101263000000188
            ],
            [
              -63.652878,
              8.101257
            ],
            [
              -63.652141,
              8.101252000000159
            ],
            [
              -63.651545,
              8.102051000000188
            ],
            [
              -63.651614,
              8.102782000000104
            ],
            [
              -63.651605,
              8.103877
            ],
            [
              -63.651745,
              8.1049
            ],
            [
              -63.651152,
              8.105334
            ],
            [
              -63.650341,
              8.105474
            ],
            [
              -63.649603,
              8.105615
            ],
            [
              -63.64872,
              8.105389000000116
            ],
            [
              -63.647983999999894,
              8.105384
            ],
            [
              -63.647243,
              8.105889000000104
            ],
            [
              -63.647237,
              8.10662
            ],
            [
              -63.647821,
              8.107427
            ],
            [
              -63.648631,
              8.107433000000128
            ],
            [
              -63.649585,
              8.107952000000125
            ],
            [
              -63.650094,
              8.108978
            ],
            [
              -63.650087,
              8.109854
            ],
            [
              -63.649851999999896,
              8.111678
            ],
            [
              -63.648807,
              8.113569000000155
            ],
            [
              -63.64858,
              8.114298
            ],
            [
              -63.648575,
              8.115028000000109
            ],
            [
              -63.648568999999895,
              8.115758
            ],
            [
              -63.648707,
              8.117001
            ],
            [
              -63.649144,
              8.117661000000169
            ],
            [
              -63.649876,
              8.118324000000143
            ],
            [
              -63.650536,
              8.118767
            ],
            [
              -63.65149,
              8.119358
            ],
            [
              -63.65222199999988,
              8.120021
            ],
            [
              -63.652585,
              8.120681000000104
            ],
            [
              -63.653321,
              8.120833
            ],
            [
              -63.654202,
              8.121277
            ],
            [
              -63.65501099999983,
              8.121429
            ],
            [
              -63.657122,
              8.122212000000104
            ],
            [
              -63.66053851199996,
              8.144423618000133
            ],
            [
              -63.661106,
              8.148113
            ],
            [
              -63.66306763399996,
              8.164977742000076
            ]
          ]
        ]
      }
    },
    {
      "type": "Feature",
      "properties": {
        "Pais": "Venezuela",
        "Estado": "Bolívar",
        "Municipio": "Angostura del Orinoco",
        "Parroquia": "Panapana"
      },
      "geometry": {
        "type": "Polygon",
        "coordinates": [
          [
            [
              -63.001644,
              8.311625000000163
            ],
            [
              -63.00083366699988,
              8.31907476300006
            ],
            [
              -63.01201355999996,
              8.319714003
            ],
            [
              -63.030978438999966,
              8.321323974999984
            ],
            [
              -63.05157136199995,
              8.317028769000046
            ],
            [
              -63.06791294899989,
              8.316851062000183
            ],
            [
              -63.10088160299995,
              8.316492543000095
            ],
            [
              -63.12079995799991,
              8.31636344400016
            ],
            [
              -63.15061061799997,
              8.316170227999976
            ],
            [
              -63.17095395799993,
              8.316038374000073
            ],
            [
              -63.18378937999995,
              8.315955182000152
            ],
            [
              -63.23039145599995,
              8.305754720000095
            ],
            [
              -63.23948348599987,
              8.300876349000134
            ],
            [
              -63.256404584999984,
              8.291797256000052
            ],
            [
              -63.2639888679999,
              8.276765836000152
            ],
            [
              -63.26818703399982,
              8.272022686000128
            ],
            [
              -63.271211154999946,
              8.26898060100001
            ],
            [
              -63.274934315999985,
              8.265261490000057
            ],
            [
              -63.27750441799998,
              8.261981387000162
            ],
            [
              -63.280284534999964,
              8.259966330000168
            ],
            [
              -63.28405771099989,
              8.26014831800012
            ],
            [
              -63.28586779299991,
              8.261443347000068
            ],
            [
              -63.289631511999914,
              8.261861681000028
            ],
            [
              -63.2907800189999,
              8.261989336000056
            ],
            [
              -63.29288010699986,
              8.259504262000121
            ],
            [
              -63.30324855799995,
              8.25521510800013
            ],
            [
              -63.30880879099993,
              8.251070976000108
            ],
            [
              -63.31206392399997,
              8.247916880000048
            ],
            [
              -63.31324096999998,
              8.245872823000127
            ],
            [
              -63.315790075999985,
              8.243967767000072
            ],
            [
              -63.31980025699994,
              8.243580732000112
            ],
            [
              -63.32220337299992,
              8.243623730000138
            ],
            [
              -63.32661355099998,
              8.239801606000071
            ],
            [
              -63.32963768299999,
              8.23675851600018
            ],
            [
              -63.33355985199995,
              8.234763451000049
            ],
            [
              -63.336854004999964,
              8.236313475000031
            ],
            [
              -63.34449636199997,
              8.23782648000008
            ],
            [
              -63.35720093099991,
              8.234891361000166
            ],
            [
              -63.362708175999956,
              8.233956311000043
            ],
            [
              -63.37153357299991,
              8.233080243000018
            ],
            [
              -63.386046206999936,
              8.227142032000131
            ],
            [
              -63.391259883999965,
              8.222539423000057
            ],
            [
              -63.391268416999935,
              8.222531890000084
            ],
            [
              -63.39240096299994,
              8.220166327000186
            ],
            [
              -63.39353350899995,
              8.217800764000117
            ],
            [
              -63.39470054899988,
              8.21536469800003
            ],
            [
              -63.39835568799998,
              8.208546506000062
            ],
            [
              -63.40379091699998,
              8.204971385000078
            ],
            [
              -63.40497895799996,
              8.20223930800006
            ],
            [
              -63.40836169099998,
              8.200950164000176
            ],
            [
              -63.406755,
              8.198192
            ],
            [
              -63.404394,
              8.191077
            ],
            [
              -63.406849,
              8.187794000000167
            ],
            [
              -63.410873999999865,
              8.18648800000011
            ],
            [
              -63.413109,
              8.182627
            ],
            [
              -63.409938,
              8.173393
            ],
            [
              -63.402901,
              8.162601
            ],
            [
              -63.40198,
              8.155817
            ],
            [
              -63.401016,
              8.15167
            ],
            [
              -63.4006,
              8.145267000000104
            ],
            [
              -63.397633,
              8.141401000000144
            ],
            [
              -63.397486,
              8.136236000000167
            ],
            [
              -63.397259,
              8.12889
            ],
            [
              -63.396039,
              8.12646
            ],
            [
              -63.3925,
              8.118826000000126
            ],
            [
              -63.392368,
              8.112744000000134
            ],
            [
              -63.390265,
              8.101121000000148
            ],
            [
              -63.388953,
              8.097313
            ],
            [
              -63.383224,
              8.09078600000015
            ],
            [
              -63.383266,
              8.0881490000001
            ],
            [
              -63.386663999999826,
              8.083047
            ],
            [
              -63.389514,
              8.076444
            ],
            [
              -63.38733999999988,
              8.06218200000012
            ],
            [
              -63.384842999999876,
              8.053763
            ],
            [
              -63.384269,
              8.04906700000015
            ],
            [
              -63.383831,
              8.045486000000153
            ],
            [
              -63.383247,
              8.040861
            ],
            [
              -63.38251,
              8.035024000000135
            ],
            [
              -63.383229,
              8.018634
            ],
            [
              -63.3985909999999,
              8.009039
            ],
            [
              -63.399973,
              8.001264000000106
            ],
            [
              -63.424357,
              7.997175
            ],
            [
              -63.422004,
              7.993075
            ],
            [
              -63.421134,
              7.988378000000125
            ],
            [
              -63.419698,
              7.984264
            ],
            [
              -63.414357,
              7.979636000000141
            ],
            [
              -63.412795,
              7.974720000000161
            ],
            [
              -63.412844,
              7.970123000000115
            ],
            [
              -63.413323999999875,
              7.963681000000179
            ],
            [
              -63.410828,
              7.957630000000108
            ],
            [
              -63.40919,
              7.953333
            ],
            [
              -63.4068759999999,
              7.945972
            ],
            [
              -63.404232,
              7.937509
            ],
            [
              -63.39994,
              7.926086000000168
            ],
            [
              -63.394413,
              7.924450000000149
            ],
            [
              -63.391703,
              7.919436
            ],
            [
              -63.391408,
              7.914845000000184
            ],
            [
              -63.391631,
              7.90645300000017
            ],
            [
              -63.386309,
              7.903089
            ],
            [
              -63.383499,
              7.898997
            ],
            [
              -63.378768,
              7.89688800000016
            ],
            [
              -63.378125,
              7.892071
            ],
            [
              -63.37637599999982,
              7.89003
            ],
            [
              -63.373578,
              7.886857
            ],
            [
              -63.372586,
              7.881587000000138
            ],
            [
              -63.373971,
              7.874210000000119
            ],
            [
              -63.374656,
              7.866041000000109
            ],
            [
              -63.375145,
              7.860173
            ],
            [
              -63.374835,
              7.854547
            ],
            [
              -63.371113,
              7.850812
            ],
            [
              -63.365678999999886,
              7.847565000000145
            ],
            [
              -63.365840999999875,
              7.842851
            ],
            [
              -63.364855,
              7.83804
            ],
            [
              -63.363671,
              7.83541600000018
            ],
            [
              -63.363715,
              7.830474
            ],
            [
              -63.364322,
              7.82483400000018
            ],
            [
              -63.362896,
              7.821294
            ],
            [
              -63.361144,
              7.819023
            ],
            [
              -63.35926399999988,
              7.814226000000133
            ],
            [
              -63.299291,
              7.877332000000138
            ],
            [
              -63.251262,
              7.900054
            ],
            [
              -63.236099,
              7.915188000000114
            ],
            [
              -63.218421,
              7.958059
            ],
            [
              -63.203262,
              7.988322
            ],
            [
              -63.150148999999885,
              7.993386
            ],
            [
              -63.023312,
              7.995268000000181
            ],
            [
              -62.999164999999834,
              7.996465
            ],
            [
              -62.999354,
              7.999041
            ],
            [
              -63.000403,
              8.000408
            ],
            [
              -62.999887999999885,
              8.001271
            ],
            [
              -62.999901,
              8.003505
            ],
            [
              -63.00008,
              8.004363
            ],
            [
              -63.001653,
              8.00641300000018
            ],
            [
              -63.001659,
              8.007444
            ],
            [
              -63.003046,
              8.007433
            ],
            [
              -63.003397,
              8.008118
            ],
            [
              -63.003744,
              8.008115000000146
            ],
            [
              -63.005984,
              8.005863000000147
            ],
            [
              -63.007018,
              8.004823000000101
            ],
            [
              -63.007699,
              8.002755
            ],
            [
              -63.00699799999984,
              8.001386
            ],
            [
              -63.008206,
              8.000517000000116
            ],
            [
              -63.009594,
              8.000678000000164
            ],
            [
              -63.009944,
              8.00119100000012
            ],
            [
              -63.010997,
              8.003245000000106
            ],
            [
              -63.011181,
              8.004962
            ],
            [
              -63.011018,
              8.006682
            ],
            [
              -63.009641,
              8.008411000000137
            ],
            [
              -63.00792499999989,
              8.011347
            ],
            [
              -63.004817,
              8.013606
            ],
            [
              -63.00308299999989,
              8.013620000000174
            ],
            [
              -63.001851,
              8.013629
            ],
            [
              -63.001851,
              8.013629477000165
            ],
            [
              -63.001644,
              8.311625000000163
            ]
          ]
        ]
      }
    },
    {
      "type": "Feature",
      "properties": {
        "Pais": "Venezuela",
        "Estado": "Bolívar",
        "Municipio": "Angostura del Orinoco",
        "Parroquia": "Zea"
      },
      "geometry": {
        "type": "Polygon",
        "coordinates": [
          [
            [
              -64.1415,
              7.98941
            ],
            [
              -64.151405,
              7.984110000000101
            ],
            [
              -64.154059,
              7.9836
            ],
            [
              -64.155611,
              7.983928000000162
            ],
            [
              -64.15697199999988,
              7.984083
            ],
            [
              -64.160325,
              7.984149000000116
            ],
            [
              -64.161319,
              7.984094
            ],
            [
              -64.1622569999999,
              7.983602000000189
            ],
            [
              -64.163306,
              7.982508
            ],
            [
              -64.165294,
              7.980923
            ],
            [
              -64.16766799999988,
              7.979829000000109
            ],
            [
              -64.16937899999988,
              7.979228
            ],
            [
              -64.171533,
              7.978954
            ],
            [
              -64.173851,
              7.978900000000181
            ],
            [
              -64.17534199999989,
              7.978681000000165
            ],
            [
              -64.176446,
              7.978243
            ],
            [
              -64.177716,
              7.977259000000117
            ],
            [
              -64.179262,
              7.975345000000175
            ],
            [
              -64.180421,
              7.974252000000149
            ],
            [
              -64.183237,
              7.972830000000101
            ],
            [
              -64.184452,
              7.972393000000181
            ],
            [
              -64.18770899999987,
              7.972447
            ],
            [
              -64.189918,
              7.972283000000118
            ],
            [
              -64.19047,
              7.972229
            ],
            [
              -64.190801,
              7.972010000000125
            ],
            [
              -64.1910769999999,
              7.971409000000108
            ],
            [
              -64.191243,
              7.970479
            ],
            [
              -64.191243,
              7.969878000000108
            ],
            [
              -64.191022,
              7.969331000000125
            ],
            [
              -64.19074599999988,
              7.968893000000151
            ],
            [
              -64.189807,
              7.968565000000183
            ],
            [
              -64.189089,
              7.968565000000183
            ],
            [
              -64.187764,
              7.968893000000151
            ],
            [
              -64.186439,
              7.969221000000118
            ],
            [
              -64.185446,
              7.969385000000159
            ],
            [
              -64.183513,
              7.969604000000174
            ],
            [
              -64.18180199999989,
              7.969495
            ],
            [
              -64.180808,
              7.969385000000159
            ],
            [
              -64.179483,
              7.969167
            ],
            [
              -64.178489,
              7.969057
            ],
            [
              -64.17716399999983,
              7.968839000000116
            ],
            [
              -64.176115,
              7.968128
            ],
            [
              -64.175014,
              7.966985
            ],
            [
              -64.174201,
              7.96618100000012
            ],
            [
              -64.172729,
              7.964381
            ],
            [
              -64.171528,
              7.962811000000158
            ],
            [
              -64.170133,
              7.960513000000105
            ],
            [
              -64.168623,
              7.958981000000165
            ],
            [
              -64.168158,
              7.958139000000131
            ],
            [
              -64.167925,
              7.957334000000117
            ],
            [
              -64.16792399999986,
              7.955993
            ],
            [
              -64.168156,
              7.955457
            ],
            [
              -64.168349,
              7.95492
            ],
            [
              -64.1684259999999,
              7.95446
            ],
            [
              -64.168851,
              7.953617
            ],
            [
              -64.169663,
              7.952774000000147
            ],
            [
              -64.171326,
              7.951776000000166
            ],
            [
              -64.172602,
              7.950971000000152
            ],
            [
              -64.174072,
              7.950395000000128
            ],
            [
              -64.17538699999989,
              7.949858
            ],
            [
              -64.176935,
              7.949589
            ],
            [
              -64.178173,
              7.949358000000132
            ],
            [
              -64.179991,
              7.948705
            ],
            [
              -64.180958,
              7.948283000000174
            ],
            [
              -64.18177,
              7.948168
            ],
            [
              -64.183163,
              7.94809
            ],
            [
              -64.184557,
              7.948281000000179
            ],
            [
              -64.185911,
              7.948702
            ],
            [
              -64.187576,
              7.949122000000102
            ],
            [
              -64.18982,
              7.949695
            ],
            [
              -64.192685,
              7.950690000000179
            ],
            [
              -64.194155,
              7.951110000000142
            ],
            [
              -64.19562599999989,
              7.951492
            ],
            [
              -64.197213,
              7.951721
            ],
            [
              -64.200192,
              7.951834000000133
            ],
            [
              -64.202978,
              7.951679000000127
            ],
            [
              -64.206886,
              7.951217
            ],
            [
              -64.208434,
              7.950833000000102
            ],
            [
              -64.20936199999989,
              7.950487
            ],
            [
              -64.210368,
              7.94995
            ],
            [
              -64.21145,
              7.948762
            ],
            [
              -64.213421,
              7.945274
            ],
            [
              -64.215315,
              7.94220700000011
            ],
            [
              -64.217054,
              7.939907
            ],
            [
              -64.218832,
              7.937952000000166
            ],
            [
              -64.220302,
              7.936457
            ],
            [
              -64.221075,
              7.93592
            ],
            [
              -64.221539,
              7.935728000000154
            ],
            [
              -64.221926,
              7.935651000000178
            ],
            [
              -64.222158,
              7.935498000000166
            ],
            [
              -64.22239,
              7.935191000000145
            ],
            [
              -64.223086,
              7.934922
            ],
            [
              -64.223705,
              7.934654000000137
            ],
            [
              -64.224092,
              7.934423
            ],
            [
              -64.224672,
              7.934155
            ],
            [
              -64.22502,
              7.93404
            ],
            [
              -64.2255239999999,
              7.934116000000188
            ],
            [
              -64.225872,
              7.934384
            ],
            [
              -64.226453,
              7.934767
            ],
            [
              -64.227034,
              7.935303
            ],
            [
              -64.228622,
              7.937294
            ],
            [
              -64.2298229999999,
              7.939478000000122
            ],
            [
              -64.230366,
              7.940473
            ],
            [
              -64.230985,
              7.940818000000149
            ],
            [
              -64.231875,
              7.941277000000127
            ],
            [
              -64.2327269999999,
              7.941545
            ],
            [
              -64.233462,
              7.941506
            ],
            [
              -64.234081,
              7.941352000000109
            ],
            [
              -64.234866,
              7.940926
            ],
            [
              -64.237735,
              7.939599
            ],
            [
              -64.23952,
              7.939093
            ],
            [
              -64.241496,
              7.938967000000105
            ],
            [
              -64.243663,
              7.939030000000173
            ],
            [
              -64.245193,
              7.939219
            ],
            [
              -64.247106,
              7.939915
            ],
            [
              -64.248253,
              7.940547
            ],
            [
              -64.249337,
              7.942
            ],
            [
              -64.250484,
              7.944655000000182
            ],
            [
              -64.252397,
              7.9471190000001
            ],
            [
              -64.253863,
              7.949016
            ],
            [
              -64.2552649999999,
              7.950659
            ],
            [
              -64.25654,
              7.951860000000181
            ],
            [
              -64.257688,
              7.952366
            ],
            [
              -64.258453,
              7.952366
            ],
            [
              -64.259409,
              7.952303
            ],
            [
              -64.260238,
              7.952113000000168
            ],
            [
              -64.260939,
              7.951355000000149
            ],
            [
              -64.261768,
              7.950533000000178
            ],
            [
              -64.262277,
              7.949711
            ],
            [
              -64.263871,
              7.948637000000133
            ],
            [
              -64.264891,
              7.947626000000128
            ],
            [
              -64.267186,
              7.945224
            ],
            [
              -64.26954499999988,
              7.942885000000103
            ],
            [
              -64.270947,
              7.941495
            ],
            [
              -64.271393,
              7.940926
            ],
            [
              -64.271648,
              7.940231
            ],
            [
              -64.271648,
              7.939157
            ],
            [
              -64.272222,
              7.938272000000154
            ],
            [
              -64.272987,
              7.937893
            ],
            [
              -64.273242,
              7.937766
            ],
            [
              -64.274071,
              7.937577
            ],
            [
              -64.274899,
              7.936881
            ],
            [
              -64.27566399999984,
              7.935680000000104
            ],
            [
              -64.276557,
              7.933279
            ],
            [
              -64.277386,
              7.930561
            ],
            [
              -64.277768,
              7.929487000000165
            ],
            [
              -64.27821399999988,
              7.92797
            ],
            [
              -64.278533,
              7.926200000000165
            ],
            [
              -64.278469,
              7.924620000000175
            ],
            [
              -64.277513,
              7.922851
            ],
            [
              -64.2757969999999,
              7.920411
            ],
            [
              -64.274841,
              7.919084
            ],
            [
              -64.274267,
              7.91801
            ],
            [
              -64.274076,
              7.917062000000101
            ],
            [
              -64.27413399999989,
              7.916278
            ],
            [
              -64.276811,
              7.912549
            ],
            [
              -64.277514,
              7.911657000000162
            ],
            [
              -64.278405,
              7.910526
            ],
            [
              -64.279298,
              7.908693
            ],
            [
              -64.279567,
              7.907855
            ],
            [
              -64.279974,
              7.906968000000177
            ],
            [
              -64.280448,
              7.906560000000127
            ],
            [
              -64.281041,
              7.90613900000011
            ],
            [
              -64.28112599999986,
              7.905719
            ],
            [
              -64.28087099999988,
              7.905047
            ],
            [
              -64.279767,
              7.903620000000103
            ],
            [
              -64.2787479999999,
              7.902529
            ],
            [
              -64.278408,
              7.901689
            ],
            [
              -64.278068,
              7.900681
            ],
            [
              -64.278067,
              7.899841
            ],
            [
              -64.278321,
              7.899169
            ],
            [
              -64.27899899999989,
              7.898245000000145
            ],
            [
              -64.280186,
              7.897740000000113
            ],
            [
              -64.28137399999986,
              7.897403000000111
            ],
            [
              -64.28307,
              7.897738000000118
            ],
            [
              -64.28561599999983,
              7.897988
            ],
            [
              -64.286549,
              7.897988
            ],
            [
              -64.287397,
              7.897987000000114
            ],
            [
              -64.288415,
              7.897566
            ],
            [
              -64.289178,
              7.89681
            ],
            [
              -64.291889,
              7.893196
            ],
            [
              -64.293076,
              7.8916
            ],
            [
              -64.29341399999987,
              7.890507000000127
            ],
            [
              -64.29332799999986,
              7.889583
            ],
            [
              -64.292648,
              7.887988
            ],
            [
              -64.292138,
              7.886728
            ],
            [
              -64.29044,
              7.884965
            ],
            [
              -64.288403,
              7.883539
            ],
            [
              -64.286366,
              7.882448000000124
            ],
            [
              -64.282802,
              7.880266
            ],
            [
              -64.279662,
              7.878672000000165
            ],
            [
              -64.278559,
              7.878421
            ],
            [
              -64.27771,
              7.878169000000128
            ],
            [
              -64.27728599999983,
              7.877750000000106
            ],
            [
              -64.276861,
              7.877498
            ],
            [
              -64.276182,
              7.876994
            ],
            [
              -64.275503,
              7.876743
            ],
            [
              -64.27474,
              7.876323000000127
            ],
            [
              -64.274315,
              7.87582
            ],
            [
              -64.27406,
              7.875232
            ],
            [
              -64.273974,
              7.87372
            ],
            [
              -64.273633,
              7.871536
            ],
            [
              -64.274055,
              7.869184000000132
            ],
            [
              -64.274986,
              7.866327000000126
            ],
            [
              -64.277273,
              7.862294
            ],
            [
              -64.279731,
              7.859100000000126
            ],
            [
              -64.280917,
              7.857588
            ],
            [
              -64.28179399999988,
              7.85569
            ],
            [
              -64.28179399999988,
              7.854704
            ],
            [
              -64.281707,
              7.853332
            ],
            [
              -64.281534,
              7.852132
            ],
            [
              -64.281014,
              7.850761
            ],
            [
              -64.279889,
              7.849132000000111
            ],
            [
              -64.27872,
              7.847889000000123
            ],
            [
              -64.27781,
              7.84677500000015
            ],
            [
              -64.276944,
              7.845575000000167
            ],
            [
              -64.2763379999999,
              7.844503
            ],
            [
              -64.275386,
              7.842832
            ],
            [
              -64.274909,
              7.841675
            ],
            [
              -64.274649,
              7.841032000000155
            ],
            [
              -64.274476,
              7.840303
            ],
            [
              -64.274433,
              7.839275
            ],
            [
              -64.27452,
              7.838546000000122
            ],
            [
              -64.274909,
              7.836403000000132
            ],
            [
              -64.276122,
              7.832503
            ],
            [
              -64.2774639999999,
              7.826717
            ],
            [
              -64.278113,
              7.823546
            ],
            [
              -64.27850299999989,
              7.820931
            ],
            [
              -64.27850299999989,
              7.818017000000111
            ],
            [
              -64.27845999999988,
              7.815831
            ],
            [
              -64.278243,
              7.813817
            ],
            [
              -64.278027,
              7.81206
            ],
            [
              -64.277594,
              7.810345
            ],
            [
              -64.276901,
              7.807988
            ],
            [
              -64.276381,
              7.806188000000134
            ],
            [
              -64.275342,
              7.804516
            ],
            [
              -64.27391299999988,
              7.802287000000149
            ],
            [
              -64.27166199999982,
              7.79963
            ],
            [
              -64.270016,
              7.797659
            ],
            [
              -64.26754799999986,
              7.795387000000176
            ],
            [
              -64.264777,
              7.792859
            ],
            [
              -64.262872,
              7.791359000000114
            ],
            [
              -64.261659,
              7.79063
            ],
            [
              -64.260361,
              7.789773
            ],
            [
              -64.259538,
              7.788958
            ],
            [
              -64.258975,
              7.78793
            ],
            [
              -64.258499,
              7.786901
            ],
            [
              -64.258066,
              7.785744
            ],
            [
              -64.25733,
              7.783001000000127
            ],
            [
              -64.256247,
              7.779101
            ],
            [
              -64.255728,
              7.777301000000136
            ],
            [
              -64.254602,
              7.774986
            ],
            [
              -64.253692,
              7.773572000000115
            ],
            [
              -64.25321599999984,
              7.772801000000129
            ],
            [
              -64.252307,
              7.770100000000127
            ],
            [
              -64.251311,
              7.767529
            ],
            [
              -64.249925,
              7.764657
            ],
            [
              -64.248843,
              7.762943000000178
            ],
            [
              -64.247284,
              7.761614000000179
            ],
            [
              -64.246721,
              7.761229000000128
            ],
            [
              -64.246505,
              7.760971
            ],
            [
              -64.246158,
              7.759814
            ],
            [
              -64.245466,
              7.758657
            ],
            [
              -64.244989,
              7.757585
            ],
            [
              -64.24464299999988,
              7.75681400000019
            ],
            [
              -64.244253,
              7.753514
            ],
            [
              -64.244036,
              7.752014
            ],
            [
              -64.243733,
              7.750043
            ],
            [
              -64.243214,
              7.747728000000166
            ],
            [
              -64.2425209999999,
              7.746014000000116
            ],
            [
              -64.241871,
              7.744814000000133
            ],
            [
              -64.241005,
              7.743828
            ],
            [
              -64.239577,
              7.742928
            ],
            [
              -64.237325,
              7.741943
            ],
            [
              -64.236026,
              7.741085000000112
            ],
            [
              -64.234078,
              7.740057
            ],
            [
              -64.233385,
              7.7398
            ],
            [
              -64.232865,
              7.739714
            ],
            [
              -64.232303,
              7.739843
            ],
            [
              -64.231826,
              7.739971
            ],
            [
              -64.231263,
              7.740357000000131
            ],
            [
              -64.230744,
              7.740657
            ],
            [
              -64.230008,
              7.740785000000187
            ],
            [
              -64.229228,
              7.740914
            ],
            [
              -64.228795,
              7.741214000000127
            ],
            [
              -64.228146,
              7.741685
            ],
            [
              -64.22767,
              7.7422
            ],
            [
              -64.227064,
              7.742628
            ],
            [
              -64.226414,
              7.742800000000102
            ],
            [
              -64.225851,
              7.742843000000107
            ],
            [
              -64.225202,
              7.742757
            ],
            [
              -64.2236,
              7.742243
            ],
            [
              -64.221045,
              7.741600000000119
            ],
            [
              -64.21922699999988,
              7.741
            ],
            [
              -64.217581,
              7.740485
            ],
            [
              -64.216715,
              7.74018500000011
            ],
            [
              -64.21606599999984,
              7.739971
            ],
            [
              -64.21546,
              7.740014
            ],
            [
              -64.214767,
              7.740057
            ],
            [
              -64.214377,
              7.740014
            ],
            [
              -64.213641,
              7.7398
            ],
            [
              -64.21303499999988,
              7.739457
            ],
            [
              -64.212515,
              7.738985000000127
            ],
            [
              -64.21186499999988,
              7.738385
            ],
            [
              -64.211389,
              7.73782800000015
            ],
            [
              -64.211129,
              7.737442000000158
            ],
            [
              -64.21078299999988,
              7.73637100000019
            ],
            [
              -64.210436,
              7.735171
            ],
            [
              -64.20978699999989,
              7.733756
            ],
            [
              -64.20931,
              7.733071000000166
            ],
            [
              -64.20866099999989,
              7.732428
            ],
            [
              -64.208011,
              7.731571
            ],
            [
              -64.207795,
              7.730842000000109
            ],
            [
              -64.207795,
              7.730413000000169
            ],
            [
              -64.207016,
              7.728828000000135
            ],
            [
              -64.20627999999988,
              7.727199000000155
            ],
            [
              -64.205543,
              7.725484
            ],
            [
              -64.204851,
              7.723384000000181
            ],
            [
              -64.20411499999989,
              7.722099
            ],
            [
              -64.203465,
              7.720898
            ],
            [
              -64.20294499999989,
              7.720213000000172
            ],
            [
              -64.202253,
              7.71974100000017
            ],
            [
              -64.201473,
              7.719613
            ],
            [
              -64.200131,
              7.719527
            ],
            [
              -64.198789,
              7.719527
            ],
            [
              -64.197836,
              7.719441
            ],
            [
              -64.19649399999986,
              7.719398
            ],
            [
              -64.195974,
              7.719527
            ],
            [
              -64.195758,
              7.71974100000017
            ],
            [
              -64.19562799999989,
              7.720298
            ],
            [
              -64.19562799999989,
              7.720684
            ],
            [
              -64.195758,
              7.720898
            ],
            [
              -64.196018,
              7.721199
            ],
            [
              -64.195974,
              7.72167
            ],
            [
              -64.195715,
              7.722056
            ],
            [
              -64.19554099999988,
              7.722484000000122
            ],
            [
              -64.195411,
              7.72287
            ],
            [
              -64.195368,
              7.723427000000186
            ],
            [
              -64.195411,
              7.723770000000115
            ],
            [
              -64.19554099999988,
              7.72407
            ],
            [
              -64.19554099999988,
              7.724499
            ],
            [
              -64.19545499999987,
              7.724713000000179
            ],
            [
              -64.195195,
              7.725013000000104
            ],
            [
              -64.194849,
              7.72527
            ],
            [
              -64.1945889999999,
              7.725313
            ],
            [
              -64.194286,
              7.725484
            ],
            [
              -64.194062,
              7.725818000000118
            ],
            [
              -64.193687,
              7.726024000000109
            ],
            [
              -64.193147,
              7.726066
            ],
            [
              -64.192398,
              7.725901
            ],
            [
              -64.191649,
              7.725612000000126
            ],
            [
              -64.190276,
              7.724745000000155
            ],
            [
              -64.188654,
              7.723423
            ],
            [
              -64.186866,
              7.72210200000012
            ],
            [
              -64.18495199999984,
              7.720905
            ],
            [
              -64.182623,
              7.719832
            ],
            [
              -64.180751,
              7.718882000000178
            ],
            [
              -64.1792119999999,
              7.718139000000122
            ],
            [
              -64.17808899999989,
              7.717396000000122
            ],
            [
              -64.176633,
              7.716446
            ],
            [
              -64.175177,
              7.715497
            ],
            [
              -64.173554,
              7.714382000000171
            ],
            [
              -64.171683,
              7.712813
            ],
            [
              -64.170019,
              7.71174
            ],
            [
              -64.169187,
              7.711286000000143
            ],
            [
              -64.168438,
              7.710873
            ],
            [
              -64.167523,
              7.710419000000172
            ],
            [
              -64.166982,
              7.709923000000174
            ],
            [
              -64.166566,
              7.709469
            ],
            [
              -64.166109,
              7.708602
            ],
            [
              -64.165443,
              7.707735000000127
            ],
            [
              -64.164528,
              7.706951000000117
            ],
            [
              -64.163987,
              7.706538
            ],
            [
              -64.163655,
              7.706249000000128
            ],
            [
              -64.16328,
              7.705424
            ],
            [
              -64.163114,
              7.7046390000001
            ],
            [
              -64.163155,
              7.7031530000001
            ],
            [
              -64.163655,
              7.700924
            ],
            [
              -64.16407,
              7.699272000000121
            ],
            [
              -64.164986,
              7.697249000000113
            ],
            [
              -64.165693,
              7.695846000000188
            ],
            [
              -64.1664,
              7.694359
            ],
            [
              -64.166566,
              7.693162000000143
            ],
            [
              -64.166857,
              7.692336
            ],
            [
              -64.167273,
              7.691593000000182
            ],
            [
              -64.16798,
              7.691015000000164
            ],
            [
              -64.168729,
              7.69052
            ],
            [
              -64.169228,
              7.690024
            ],
            [
              -64.169727,
              7.689611000000127
            ],
            [
              -64.170143,
              7.689405
            ],
            [
              -64.170309,
              7.689116
            ],
            [
              -64.170434,
              7.688497
            ],
            [
              -64.171183,
              7.687465
            ],
            [
              -64.171973,
              7.686639
            ],
            [
              -64.1729299999999,
              7.686226
            ],
            [
              -64.173512,
              7.686144000000183
            ],
            [
              -64.173887,
              7.686061
            ],
            [
              -64.174635,
              7.685442
            ],
            [
              -64.17563399999989,
              7.684699
            ],
            [
              -64.176549,
              7.683873
            ],
            [
              -64.17725599999989,
              7.683048000000156
            ],
            [
              -64.17771399999987,
              7.682222
            ],
            [
              -64.17829599999988,
              7.681314
            ],
            [
              -64.178421,
              7.680777
            ],
            [
              -64.178421,
              7.68024
            ],
            [
              -64.1783789999999,
              7.679828
            ],
            [
              -64.1781299999999,
              7.67941500000012
            ],
            [
              -64.17771399999987,
              7.679208
            ],
            [
              -64.17717299999987,
              7.679084000000103
            ],
            [
              -64.17659,
              7.678837000000101
            ],
            [
              -64.1762159999999,
              7.678383000000167
            ],
            [
              -64.175967,
              7.677928000000179
            ],
            [
              -64.175717,
              7.677722000000188
            ],
            [
              -64.175426,
              7.677474000000132
            ],
            [
              -64.17534299999988,
              7.677227
            ],
            [
              -64.1753839999999,
              7.676896
            ],
            [
              -64.17559199999988,
              7.676442000000179
            ],
            [
              -64.1756749999999,
              7.675947
            ],
            [
              -64.17559199999988,
              7.675534
            ],
            [
              -64.17534299999988,
              7.674915000000112
            ],
            [
              -64.17501,
              7.674171
            ],
            [
              -64.174594,
              7.673428000000172
            ],
            [
              -64.173887,
              7.672850000000153
            ],
            [
              -64.172847,
              7.672396
            ],
            [
              -64.171724,
              7.671694
            ],
            [
              -64.170642,
              7.670786
            ],
            [
              -64.169935,
              7.670126
            ],
            [
              -64.169145,
              7.669382
            ],
            [
              -64.168105,
              7.668598
            ],
            [
              -64.16719,
              7.667937
            ],
            [
              -64.165942,
              7.667277000000183
            ],
            [
              -64.165027,
              7.666492
            ],
            [
              -64.164029,
              7.66546000000011
            ],
            [
              -64.162823,
              7.663850000000139
            ],
            [
              -64.160784,
              7.661373
            ],
            [
              -64.15858,
              7.658153
            ],
            [
              -64.15754,
              7.656667
            ],
            [
              -64.156666,
              7.65518
            ],
            [
              -64.156126,
              7.65419
            ],
            [
              -64.155918,
              7.653240000000153
            ],
            [
              -64.155418,
              7.652579000000173
            ],
            [
              -64.15512699999982,
              7.65229
            ],
            [
              -64.154753,
              7.652125
            ],
            [
              -64.154212,
              7.65196
            ],
            [
              -64.153921,
              7.651713
            ],
            [
              -64.15363,
              7.651506
            ],
            [
              -64.153297,
              7.651506
            ],
            [
              -64.152923,
              7.651589000000115
            ],
            [
              -64.152548,
              7.651878
            ],
            [
              -64.15221599999984,
              7.652332000000115
            ],
            [
              -64.152091,
              7.652703
            ],
            [
              -64.15192399999984,
              7.653116000000182
            ],
            [
              -64.1518,
              7.653488
            ],
            [
              -64.151758,
              7.653983000000153
            ],
            [
              -64.151966,
              7.654520000000161
            ],
            [
              -64.152049,
              7.654850000000124
            ],
            [
              -64.151966,
              7.655387000000133
            ],
            [
              -64.151758,
              7.6558
            ],
            [
              -64.151467,
              7.656089000000122
            ],
            [
              -64.15105099999988,
              7.656295000000114
            ],
            [
              -64.15050999999988,
              7.656378
            ],
            [
              -64.15005299999984,
              7.656295000000114
            ],
            [
              -64.14951199999985,
              7.656501000000105
            ],
            [
              -64.14901299999985,
              7.65646
            ],
            [
              -64.1478479999999,
              7.656047
            ],
            [
              -64.146808,
              7.655387000000133
            ],
            [
              -64.14580999999987,
              7.654520000000161
            ],
            [
              -64.1445619999999,
              7.653386000000125
            ],
            [
              -64.1434799999999,
              7.652231000000143
            ],
            [
              -64.142274,
              7.651241
            ],
            [
              -64.141484,
              7.650416
            ],
            [
              -64.14073499999989,
              7.649673
            ],
            [
              -64.140153,
              7.648972000000128
            ],
            [
              -64.139487,
              7.648229000000129
            ],
            [
              -64.1391129999999,
              7.647404
            ],
            [
              -64.138489,
              7.646745
            ],
            [
              -64.13799,
              7.646043
            ],
            [
              -64.137241,
              7.645095
            ],
            [
              -64.13695,
              7.6446
            ],
            [
              -64.136867,
              7.644063
            ],
            [
              -64.136617,
              7.64356800000013
            ],
            [
              -64.136243,
              7.643403000000148
            ],
            [
              -64.135785,
              7.643032000000176
            ],
            [
              -64.135494,
              7.642661
            ],
            [
              -64.135411,
              7.642207
            ],
            [
              -64.135328,
              7.641794
            ],
            [
              -64.135203,
              7.641464
            ],
            [
              -64.135036,
              7.641217
            ],
            [
              -64.134579,
              7.640928
            ],
            [
              -64.134121,
              7.640392
            ],
            [
              -64.133955,
              7.639897000000133
            ],
            [
              -64.133788,
              7.639402
            ],
            [
              -64.133497,
              7.638659000000189
            ],
            [
              -64.132749,
              7.638123
            ],
            [
              -64.132582,
              7.638
            ],
            [
              -64.132499,
              7.63767
            ],
            [
              -64.132333,
              7.637051
            ],
            [
              -64.131709,
              7.636020000000144
            ],
            [
              -64.131501,
              7.635566
            ],
            [
              -64.131376,
              7.634782
            ],
            [
              -64.131376,
              7.63399800000019
            ],
            [
              -64.131293,
              7.633462
            ],
            [
              -64.131043,
              7.633132000000103
            ],
            [
              -64.13071,
              7.632884
            ],
            [
              -64.129962,
              7.632307
            ],
            [
              -64.129421,
              7.631812000000139
            ],
            [
              -64.12913,
              7.631317
            ],
            [
              -64.128922,
              7.630863000000147
            ],
            [
              -64.128672,
              7.630451000000164
            ],
            [
              -64.128215,
              7.629873000000146
            ],
            [
              -64.127923,
              7.62909000000019
            ],
            [
              -64.127799,
              7.628347000000133
            ],
            [
              -64.127799,
              7.626986000000159
            ],
            [
              -64.127882,
              7.626202000000148
            ],
            [
              -64.128048,
              7.625955000000147
            ],
            [
              -64.128423,
              7.625790000000165
            ],
            [
              -64.128838,
              7.625501
            ],
            [
              -64.129005,
              7.625253000000157
            ],
            [
              -64.129088,
              7.624717
            ],
            [
              -64.129046,
              7.624263
            ],
            [
              -64.12888,
              7.623727
            ],
            [
              -64.128672,
              7.623356
            ],
            [
              -64.128631,
              7.622778000000153
            ],
            [
              -64.128797,
              7.62228400000015
            ],
            [
              -64.129005,
              7.621789
            ],
            [
              -64.129088,
              7.621335000000158
            ],
            [
              -64.128922,
              7.620469
            ],
            [
              -64.128838,
              7.619314
            ],
            [
              -64.12888,
              7.618365
            ],
            [
              -64.128963,
              7.617086000000143
            ],
            [
              -64.12913,
              7.616344
            ],
            [
              -64.129379,
              7.615725000000111
            ],
            [
              -64.129587,
              7.615354
            ],
            [
              -64.130336,
              7.614529000000118
            ],
            [
              -64.131126,
              7.613828
            ],
            [
              -64.131917,
              7.613415000000145
            ],
            [
              -64.133081,
              7.613126
            ],
            [
              -64.133705,
              7.612961
            ],
            [
              -64.13408,
              7.612796
            ],
            [
              -64.134246,
              7.612466000000154
            ],
            [
              -64.134246,
              7.612136
            ],
            [
              -64.133955,
              7.6116
            ],
            [
              -64.133456,
              7.611146000000133
            ],
            [
              -64.132873,
              7.610693
            ],
            [
              -64.131917,
              7.609951
            ],
            [
              -64.130461,
              7.608507000000145
            ],
            [
              -64.129878,
              7.607888
            ],
            [
              -64.129171,
              7.607393000000116
            ],
            [
              -64.12809,
              7.606898
            ],
            [
              -64.127175,
              7.606403000000114
            ],
            [
              -64.126509,
              7.605867
            ],
            [
              -64.12601,
              7.605413000000112
            ],
            [
              -64.125677,
              7.605001000000129
            ],
            [
              -64.125511,
              7.604464
            ],
            [
              -64.125511,
              7.603846
            ],
            [
              -64.12576,
              7.602072
            ],
            [
              -64.125968,
              7.600917
            ],
            [
              -64.126218,
              7.60025700000017
            ],
            [
              -64.126675,
              7.59968
            ],
            [
              -64.1268,
              7.599102000000187
            ],
            [
              -64.126967,
              7.598483000000101
            ],
            [
              -64.127091,
              7.597823
            ],
            [
              -64.126925,
              7.597246
            ],
            [
              -64.126717,
              7.596875000000125
            ],
            [
              -64.126301,
              7.596586000000173
            ],
            [
              -64.12576,
              7.596297
            ],
            [
              -64.125178,
              7.596091
            ],
            [
              -64.12497,
              7.595926000000134
            ],
            [
              -64.124887,
              7.595596000000171
            ],
            [
              -64.125012,
              7.595307
            ],
            [
              -64.125469,
              7.594359000000111
            ],
            [
              -64.12576,
              7.59345100000013
            ],
            [
              -64.126135,
              7.592832000000101
            ],
            [
              -64.126883,
              7.592214000000126
            ],
            [
              -64.12809,
              7.591719000000182
            ],
            [
              -64.128672,
              7.591265
            ],
            [
              -64.129005,
              7.590894000000162
            ],
            [
              -64.129088,
              7.59044
            ],
            [
              -64.129088,
              7.589945000000114
            ],
            [
              -64.12888,
              7.589615
            ],
            [
              -64.128464,
              7.589326
            ],
            [
              -64.127674,
              7.588996000000122
            ],
            [
              -64.126551,
              7.58846
            ],
            [
              -64.125844,
              7.588048
            ],
            [
              -64.125428,
              7.587635000000148
            ],
            [
              -64.124637,
              7.586274000000174
            ],
            [
              -64.124304,
              7.585366
            ],
            [
              -64.123889,
              7.584789
            ],
            [
              -64.12314,
              7.584335000000124
            ],
            [
              -64.122599,
              7.584165
            ],
            [
              -64.121268,
              7.583463000000108
            ],
            [
              -64.120145,
              7.582843000000139
            ],
            [
              -64.119604,
              7.582265
            ],
            [
              -64.119313,
              7.581729000000166
            ],
            [
              -64.11918799999984,
              7.58111
            ],
            [
              -64.11910499999988,
              7.580368
            ],
            [
              -64.11923,
              7.579501
            ],
            [
              -64.119895,
              7.577275
            ],
            [
              -64.120436,
              7.575625000000116
            ],
            [
              -64.120727,
              7.575213000000133
            ],
            [
              -64.121434,
              7.574966000000131
            ],
            [
              -64.122225,
              7.57484200000016
            ],
            [
              -64.122807,
              7.57476000000014
            ],
            [
              -64.123265,
              7.574389000000167
            ],
            [
              -64.123597,
              7.574060000000145
            ],
            [
              -64.124013,
              7.573771
            ],
            [
              -64.124512,
              7.573648000000162
            ],
            [
              -64.125012,
              7.573524
            ],
            [
              -64.125428,
              7.573359
            ],
            [
              -64.125719,
              7.573030000000188
            ],
            [
              -64.125927,
              7.572741
            ],
            [
              -64.126426,
              7.572040000000129
            ],
            [
              -64.1268,
              7.571669
            ],
            [
              -64.127507,
              7.571381000000144
            ],
            [
              -64.128547,
              7.571093000000133
            ],
            [
              -64.128963,
              7.570969000000161
            ],
            [
              -64.129171,
              7.57068100000015
            ],
            [
              -64.129254,
              7.570103000000131
            ],
            [
              -64.12913,
              7.569072
            ],
            [
              -64.128797,
              7.568247
            ],
            [
              -64.128381,
              7.56771
            ],
            [
              -64.127923,
              7.567421
            ],
            [
              -64.126967,
              7.567049
            ],
            [
              -64.125511,
              7.56663600000013
            ],
            [
              -64.124512,
              7.56647
            ],
            [
              -64.123556,
              7.566552000000115
            ],
            [
              -64.122183,
              7.566758000000107
            ],
            [
              -64.121476,
              7.566716
            ],
            [
              -64.120644,
              7.56650900000011
            ],
            [
              -64.119313,
              7.566013000000112
            ],
            [
              -64.11752399999989,
              7.564981000000159
            ],
            [
              -64.11615199999989,
              7.56399
            ],
            [
              -64.11452899999989,
              7.562875000000133
            ],
            [
              -64.11357299999986,
              7.562421
            ],
            [
              -64.112741,
              7.562132000000133
            ],
            [
              -64.11224199999987,
              7.562049
            ],
            [
              -64.11170099999987,
              7.56209
            ],
            [
              -64.11090999999988,
              7.562378
            ],
            [
              -64.110037,
              7.562872
            ],
            [
              -64.1088309999999,
              7.563119
            ],
            [
              -64.10716699999989,
              7.563324
            ],
            [
              -64.106335,
              7.563324
            ],
            [
              -64.105586,
              7.563117
            ],
            [
              -64.105087,
              7.562746000000118
            ],
            [
              -64.104588,
              7.562209000000109
            ],
            [
              -64.104005,
              7.561466000000109
            ],
            [
              -64.103465,
              7.560558000000128
            ],
            [
              -64.103215,
              7.559898
            ],
            [
              -64.10309,
              7.559238000000164
            ],
            [
              -64.103215,
              7.558413
            ],
            [
              -64.103465,
              7.557712
            ],
            [
              -64.103423,
              7.556763
            ],
            [
              -64.10309,
              7.556062000000111
            ],
            [
              -64.10255,
              7.555525
            ],
            [
              -64.101385,
              7.5547
            ],
            [
              -64.100095,
              7.553998
            ],
            [
              -64.098681,
              7.553172
            ],
            [
              -64.097225,
              7.552305000000104
            ],
            [
              -64.094355,
              7.551148000000126
            ],
            [
              -64.091693,
              7.550156
            ],
            [
              -64.090195,
              7.549701
            ],
            [
              -64.08928,
              7.549247
            ],
            [
              -64.08824,
              7.54871
            ],
            [
              -64.08695099999983,
              7.547719
            ],
            [
              -64.08557799999988,
              7.546275000000151
            ],
            [
              -64.084372,
              7.54516
            ],
            [
              -64.08287499999989,
              7.544334000000106
            ],
            [
              -64.080795,
              7.543384
            ],
            [
              -64.07875699999988,
              7.542599000000109
            ],
            [
              -64.076889,
              7.54218
            ],
            [
              -64.075974,
              7.541973
            ],
            [
              -64.074643,
              7.54184800000013
            ],
            [
              -64.073603,
              7.541724
            ],
            [
              -64.072854,
              7.541599000000133
            ],
            [
              -64.072313,
              7.54164
            ],
            [
              -64.071856,
              7.541805000000124
            ],
            [
              -64.071481,
              7.542177
            ],
            [
              -64.071231,
              7.542589
            ],
            [
              -64.070856,
              7.543415
            ],
            [
              -64.070439,
              7.544365
            ],
            [
              -64.07019,
              7.544695000000161
            ],
            [
              -64.069732,
              7.545066000000133
            ],
            [
              -64.068941,
              7.545355
            ],
            [
              -64.067735,
              7.545602
            ],
            [
              -64.066445,
              7.545725000000118
            ],
            [
              -64.065572,
              7.545683
            ],
            [
              -64.064573,
              7.545435000000111
            ],
            [
              -64.064033,
              7.545393
            ],
            [
              -64.063534,
              7.545434
            ],
            [
              -64.062993,
              7.545599
            ],
            [
              -64.062535,
              7.545805
            ],
            [
              -64.061869,
              7.546011
            ],
            [
              -64.061162,
              7.546093
            ],
            [
              -64.060621,
              7.54601
            ],
            [
              -64.060206,
              7.545845
            ],
            [
              -64.059624,
              7.545390000000111
            ],
            [
              -64.059,
              7.544935000000123
            ],
            [
              -64.058543,
              7.54444
            ],
            [
              -64.058335,
              7.543903000000171
            ],
            [
              -64.058169,
              7.543448000000183
            ],
            [
              -64.05779599999983,
              7.542581
            ],
            [
              -64.057422,
              7.541961
            ],
            [
              -64.056674,
              7.5413
            ],
            [
              -64.05534399999988,
              7.539895
            ],
            [
              -64.054637,
              7.539193
            ],
            [
              -64.05347299999988,
              7.53799400000014
            ],
            [
              -64.051686,
              7.536424
            ],
            [
              -64.050397,
              7.535184000000129
            ],
            [
              -64.0494829999999,
              7.534275
            ],
            [
              -64.048444,
              7.533490000000143
            ],
            [
              -64.047779,
              7.533035000000154
            ],
            [
              -64.046989,
              7.532622
            ],
            [
              -64.046157,
              7.532291
            ],
            [
              -64.045533,
              7.53196
            ],
            [
              -64.045076,
              7.531671
            ],
            [
              -64.044702,
              7.531216
            ],
            [
              -64.044494,
              7.530762
            ],
            [
              -64.044412,
              7.53006
            ],
            [
              -64.044454,
              7.529027000000156
            ],
            [
              -64.044621,
              7.527995
            ],
            [
              -64.044788,
              7.527293
            ],
            [
              -64.04483,
              7.526839000000166
            ],
            [
              -64.044706,
              7.526343000000111
            ],
            [
              -64.044374,
              7.525022
            ],
            [
              -64.044209,
              7.524113
            ],
            [
              -64.043918,
              7.523493
            ],
            [
              -64.04371,
              7.522956
            ],
            [
              -64.043628,
              7.52242
            ],
            [
              -64.043421,
              7.521263
            ],
            [
              -64.043213,
              7.520396000000119
            ],
            [
              -64.042923,
              7.519735000000139
            ],
            [
              -64.042799,
              7.518579
            ],
            [
              -64.042634,
              7.51672
            ],
            [
              -64.04255199999983,
              7.5148200000001
            ],
            [
              -64.04218,
              7.511682000000178
            ],
            [
              -64.04205699999989,
              7.510154
            ],
            [
              -64.04205699999989,
              7.509410000000116
            ],
            [
              -64.04218299999985,
              7.508708000000127
            ],
            [
              -64.04264099999989,
              7.507511
            ],
            [
              -64.043058,
              7.506438
            ],
            [
              -64.04318399999988,
              7.505488000000128
            ],
            [
              -64.04318399999988,
              7.504621000000157
            ],
            [
              -64.04293599999988,
              7.503175
            ],
            [
              -64.04260399999987,
              7.501812
            ],
            [
              -64.0424799999999,
              7.501152
            ],
            [
              -64.0424809999999,
              7.500652
            ],
            [
              -64.04273099999989,
              7.499704000000122
            ],
            [
              -64.04322999999988,
              7.498344
            ],
            [
              -64.044187,
              7.497026
            ],
            [
              -64.04505999999986,
              7.496244
            ],
            [
              -64.045892,
              7.495627000000127
            ],
            [
              -64.04635,
              7.495174000000134
            ],
            [
              -64.046599,
              7.494515000000149
            ],
            [
              -64.04664099999985,
              7.493608
            ],
            [
              -64.04639099999986,
              7.492206
            ],
            [
              -64.04626599999989,
              7.491093000000149
            ],
            [
              -64.046433,
              7.490145
            ],
            [
              -64.04680699999989,
              7.489239
            ],
            [
              -64.0476809999999,
              7.488292
            ],
            [
              -64.04880399999985,
              7.487551000000167
            ],
            [
              -64.05209,
              7.485948
            ],
            [
              -64.053629,
              7.485331
            ],
            [
              -64.054294,
              7.484961000000112
            ],
            [
              -64.054835,
              7.484426
            ],
            [
              -64.05521,
              7.483767
            ],
            [
              -64.055334,
              7.48327200000017
            ],
            [
              -64.055251,
              7.482613000000185
            ],
            [
              -64.055002,
              7.482159
            ],
            [
              -64.054502,
              7.481746
            ],
            [
              -64.053712,
              7.481539000000112
            ],
            [
              -64.052963,
              7.481497
            ],
            [
              -64.052423,
              7.481579
            ],
            [
              -64.05171499999983,
              7.48199000000011
            ],
            [
              -64.051008,
              7.482278000000179
            ],
            [
              -64.05009299999983,
              7.4824
            ],
            [
              -64.048929,
              7.482357
            ],
            [
              -64.04797199999985,
              7.482397
            ],
            [
              -64.04730599999988,
              7.482355000000155
            ],
            [
              -64.046724,
              7.482066
            ],
            [
              -64.04626599999989,
              7.481694000000175
            ],
            [
              -64.04601699999989,
              7.481447000000117
            ],
            [
              -64.04539299999988,
              7.481281
            ],
            [
              -64.04435299999989,
              7.481321
            ],
            [
              -64.04368699999986,
              7.481526
            ],
            [
              -64.042065,
              7.481854
            ],
            [
              -64.04081699999989,
              7.482182
            ],
            [
              -64.039528,
              7.482428000000141
            ],
            [
              -64.038862,
              7.482386
            ],
            [
              -64.0381139999999,
              7.482179000000144
            ],
            [
              -64.037074,
              7.481765000000166
            ],
            [
              -64.036075,
              7.481187000000148
            ],
            [
              -64.03516,
              7.48065
            ],
            [
              -64.034827,
              7.480319
            ],
            [
              -64.03359499999982,
              7.480506000000105
            ],
            [
              -64.032748,
              7.480771000000175
            ],
            [
              -64.032271,
              7.481275
            ],
            [
              -64.031932,
              7.48192
            ],
            [
              -64.03181799999987,
              7.483032
            ],
            [
              -64.031807,
              7.483682000000158
            ],
            [
              -64.031605,
              7.484515000000158
            ],
            [
              -64.031175,
              7.484973
            ],
            [
              -64.029537,
              7.48504
            ],
            [
              -64.02795,
              7.484831
            ],
            [
              -64.025916,
              7.483453
            ],
            [
              -64.022057,
              7.479448000000104
            ],
            [
              -64.02026699999982,
              7.477563000000146
            ],
            [
              -64.019064,
              7.476802
            ],
            [
              -64.016788,
              7.475839000000121
            ],
            [
              -64.016007,
              7.475084
            ],
            [
              -64.015882,
              7.4742
            ],
            [
              -64.01595,
              7.47304
            ],
            [
              -64.0158249999999,
              7.472156
            ],
            [
              -64.015049,
              7.471077
            ],
            [
              -64.013792,
              7.470733
            ],
            [
              -64.012624,
              7.470622000000105
            ],
            [
              -64.011272,
              7.470369000000119
            ],
            [
              -64.010675,
              7.469756
            ],
            [
              -64.009717,
              7.465795
            ],
            [
              -64.008923,
              7.46309
            ],
            [
              -64.00857199999984,
              7.459185000000105
            ],
            [
              -64.008454,
              7.457930000000147
            ],
            [
              -64.008471,
              7.454355000000135
            ],
            [
              -64.0080779999999,
              7.4527700000001
            ],
            [
              -64.00724999999989,
              7.452015000000131
            ],
            [
              -64.00561699999986,
              7.451758
            ],
            [
              -64.00444,
              7.452158
            ],
            [
              -64.002085,
              7.453050000000133
            ],
            [
              -63.99997,
              7.453575
            ],
            [
              -63.998655,
              7.453834
            ],
            [
              -63.993358,
              7.454403000000184
            ],
            [
              -63.991908,
              7.454428000000121
            ],
            [
              -63.989298,
              7.453831
            ],
            [
              -63.987441,
              7.453060000000107
            ],
            [
              -63.985996999999884,
              7.452666
            ],
            [
              -63.984359,
              7.452734000000135
            ],
            [
              -63.983188,
              7.452763
            ],
            [
              -63.982632,
              7.452499
            ],
            [
              -63.982134,
              7.451563
            ],
            [
              -63.98096199999986,
              7.449084
            ],
            [
              -63.980424,
              7.448382
            ],
            [
              -63.979543,
              7.44786
            ],
            [
              -63.97688399999987,
              7.447403000000122
            ],
            [
              -63.971745,
              7.447001
            ],
            [
              -63.967916,
              7.446527000000117
            ],
            [
              -63.963068,
              7.445436
            ],
            [
              -63.961575,
              7.4452280000001
            ],
            [
              -63.959938,
              7.445157
            ],
            [
              -63.957456,
              7.445304
            ],
            [
              -63.956664,
              7.445153000000118
            ],
            [
              -63.954596,
              7.445677000000103
            ],
            [
              -63.95375,
              7.445942000000173
            ],
            [
              -63.952817,
              7.445742000000166
            ],
            [
              -63.951188999999886,
              7.445163
            ],
            [
              -63.95034799999985,
              7.44515
            ],
            [
              -63.949551,
              7.44523
            ],
            [
              -63.94864799999988,
              7.44604900000013
            ],
            [
              -63.948008,
              7.447982
            ],
            [
              -63.947204,
              7.448479000000134
            ],
            [
              -63.94659499999983,
              7.448562
            ],
            [
              -63.945476,
              7.448314000000153
            ],
            [
              -63.943948,
              7.447365000000161
            ],
            [
              -63.940873,
              7.443757
            ],
            [
              -63.939715,
              7.443046
            ],
            [
              -63.938834,
              7.44257
            ],
            [
              -63.937624,
              7.442228
            ],
            [
              -63.936363,
              7.442070000000115
            ],
            [
              -63.93556699999988,
              7.442104
            ],
            [
              -63.934339,
              7.442779000000144
            ],
            [
              -63.933201,
              7.443733
            ],
            [
              -63.93214,
              7.445613000000151
            ],
            [
              -63.93094799999989,
              7.446983000000159
            ],
            [
              -63.929761,
              7.44802900000019
            ],
            [
              -63.929097,
              7.448527000000183
            ],
            [
              -63.92810999999989,
              7.448836
            ],
            [
              -63.927312,
              7.449009000000103
            ],
            [
              -63.92657,
              7.448581
            ],
            [
              -63.926013,
              7.448342
            ],
            [
              -63.9254949999999,
              7.448519
            ],
            [
              -63.924598,
              7.449014
            ],
            [
              -63.923464,
              7.449691
            ],
            [
              -63.922622,
              7.449678
            ],
            [
              -63.921128,
              7.44947
            ],
            [
              -63.918852,
              7.44851
            ],
            [
              -63.917921,
              7.448219000000108
            ],
            [
              -63.91707699999989,
              7.448345
            ],
            [
              -63.916557,
              7.448661
            ],
            [
              -63.915841,
              7.44948200000016
            ],
            [
              -63.915598,
              7.450034000000187
            ],
            [
              -63.915592,
              7.450403000000165
            ],
            [
              -63.915446,
              7.450725000000148
            ],
            [
              -63.914975,
              7.450903000000153
            ],
            [
              -63.913761,
              7.450792
            ],
            [
              -63.912317,
              7.450400000000116
            ],
            [
              -63.91190099999983,
              7.450070000000153
            ],
            [
              -63.910424,
              7.448891000000117
            ],
            [
              -63.909544,
              7.448369
            ],
            [
              -63.9091269999999,
              7.448131000000103
            ],
            [
              -63.906235,
              7.446827
            ],
            [
              -63.905018,
              7.446639000000118
            ],
            [
              -63.90441,
              7.446685
            ],
            [
              -63.90370899999988,
              7.44687
            ],
            [
              -63.903148,
              7.446962
            ],
            [
              -63.902258,
              7.446775000000173
            ],
            [
              -63.901132,
              7.446124000000168
            ],
            [
              -63.900429,
              7.445798
            ],
            [
              -63.899585999999886,
              7.445565000000101
            ],
            [
              -63.898178,
              7.444681000000116
            ],
            [
              -63.896021,
              7.44375
            ],
            [
              -63.89499,
              7.443423000000109
            ],
            [
              -63.893259,
              7.443421000000114
            ],
            [
              -63.891624,
              7.443744
            ],
            [
              -63.889759,
              7.444949
            ],
            [
              -63.887559,
              7.444807
            ],
            [
              -63.884096,
              7.444570000000169
            ],
            [
              -63.880259,
              7.44438
            ],
            [
              -63.878294,
              7.444331
            ],
            [
              -63.877406,
              7.444469
            ],
            [
              -63.876662,
              7.445257
            ],
            [
              -63.875035,
              7.447251000000108
            ],
            [
              -63.874521,
              7.447529
            ],
            [
              -63.873913,
              7.447529
            ],
            [
              -63.873303,
              7.44711000000018
            ],
            [
              -63.87250399999988,
              7.446366
            ],
            [
              -63.871331,
              7.445668
            ],
            [
              -63.869646,
              7.445434
            ],
            [
              -63.868242,
              7.445339
            ],
            [
              -63.867258999999876,
              7.445292
            ],
            [
              -63.865949,
              7.44529
            ],
            [
              -63.861549,
              7.44482
            ],
            [
              -63.858603,
              7.444956000000161
            ],
            [
              -63.856686,
              7.445046000000104
            ],
            [
              -63.853409,
              7.444624
            ],
            [
              -63.850648,
              7.444574000000159
            ],
            [
              -63.848779,
              7.444851000000142
            ],
            [
              -63.84672299999988,
              7.445312000000115
            ],
            [
              -63.845464,
              7.446193000000164
            ],
            [
              -63.844391,
              7.446444000000156
            ],
            [
              -63.843362,
              7.446421
            ],
            [
              -63.841327,
              7.446003
            ],
            [
              -63.836602,
              7.44530600000013
            ],
            [
              -63.834825,
              7.445098
            ],
            [
              -63.833749,
              7.445051
            ],
            [
              -63.832602999999835,
              7.445469000000116
            ],
            [
              -63.82843899999989,
              7.44767400000012
            ],
            [
              -63.827457,
              7.448115
            ],
            [
              -63.826802,
              7.448115
            ],
            [
              -63.825937,
              7.447442000000137
            ],
            [
              -63.825048,
              7.44604900000013
            ],
            [
              -63.824767,
              7.445237000000134
            ],
            [
              -63.82458,
              7.444912
            ],
            [
              -63.824393,
              7.444819000000166
            ],
            [
              -63.824182,
              7.444842000000108
            ],
            [
              -63.823948,
              7.444912
            ],
            [
              -63.82306,
              7.445423
            ],
            [
              -63.822264,
              7.445817000000147
            ],
            [
              -63.82074399999988,
              7.446351000000107
            ],
            [
              -63.8203,
              7.446513
            ],
            [
              -63.819551,
              7.446513
            ],
            [
              -63.817844,
              7.445794
            ],
            [
              -63.815575,
              7.444169
            ],
            [
              -63.815294,
              7.444053
            ],
            [
              -63.81498999999985,
              7.444053
            ],
            [
              -63.813018,
              7.457846000000131
            ],
            [
              -63.812851,
              7.461871
            ],
            [
              -63.818148999999835,
              7.471321
            ],
            [
              -63.818483,
              7.478212
            ],
            [
              -63.81436699999989,
              7.486211000000139
            ],
            [
              -63.816263,
              7.490316000000178
            ],
            [
              -63.816334,
              7.495027
            ],
            [
              -63.815927,
              7.498367
            ],
            [
              -63.814173,
              7.511038000000156
            ],
            [
              -63.81290399999989,
              7.517955000000143
            ],
            [
              -63.817558,
              7.537644000000114
            ],
            [
              -63.818839,
              7.539002
            ],
            [
              -63.823685,
              7.548804000000132
            ],
            [
              -63.827874,
              7.552987
            ],
            [
              -63.830643999999836,
              7.554319000000135
            ],
            [
              -63.834462,
              7.556784000000164
            ],
            [
              -63.835765,
              7.559521000000132
            ],
            [
              -63.837566999999865,
              7.565007
            ],
            [
              -63.83465399999989,
              7.569308
            ],
            [
              -63.828745,
              7.587450000000104
            ],
            [
              -63.82661599999989,
              7.590589000000136
            ],
            [
              -63.81914499999982,
              7.596575
            ],
            [
              -63.816848,
              7.59626800000018
            ],
            [
              -63.812526999999875,
              7.598410000000115
            ],
            [
              -63.809938,
              7.601441
            ],
            [
              -63.806928,
              7.606893000000184
            ],
            [
              -63.802843,
              7.609489
            ],
            [
              -63.795066,
              7.610538000000133
            ],
            [
              -63.7924579999999,
              7.612305000000106
            ],
            [
              -63.789491999999825,
              7.61315900000011
            ],
            [
              -63.7842169999999,
              7.612902000000133
            ],
            [
              -63.778954999999826,
              7.613449000000116
            ],
            [
              -63.774564,
              7.615763
            ],
            [
              -63.792261,
              7.682182
            ],
            [
              -63.79254,
              7.685396
            ],
            [
              -63.794024,
              7.692611
            ],
            [
              -63.797715,
              7.69415800000013
            ],
            [
              -63.800556,
              7.700087
            ],
            [
              -63.804832,
              7.702429
            ],
            [
              -63.810099,
              7.702111
            ],
            [
              -63.815972,
              7.703967000000148
            ],
            [
              -63.820791,
              7.711816000000113
            ],
            [
              -63.825267,
              7.727256
            ],
            [
              -63.826308,
              7.74286700000016
            ],
            [
              -63.827379,
              7.752962
            ],
            [
              -63.849817,
              7.780972000000133
            ],
            [
              -63.853866,
              7.783432
            ],
            [
              -63.856791,
              7.78729
            ],
            [
              -63.86004899999983,
              7.790453000000127
            ],
            [
              -63.868527,
              7.790196
            ],
            [
              -63.871317,
              7.79267700000014
            ],
            [
              -63.877296999999885,
              7.793956
            ],
            [
              -63.88283299999989,
              7.796161
            ],
            [
              -63.893317,
              7.799547000000132
            ],
            [
              -63.899665,
              7.802313
            ],
            [
              -63.90115,
              7.802058
            ],
            [
              -63.902165,
              7.808361
            ],
            [
              -63.903292,
              7.814547
            ],
            [
              -63.90199699999988,
              7.819741000000136
            ],
            [
              -63.899513,
              7.822197000000131
            ],
            [
              -63.89770499999986,
              7.831305
            ],
            [
              -63.898857,
              7.839100000000144
            ],
            [
              -63.900944,
              7.848028
            ],
            [
              -63.90366299999988,
              7.853383000000122
            ],
            [
              -63.90631799999983,
              7.861958000000129
            ],
            [
              -63.908287,
              7.870659000000103
            ],
            [
              -63.91041299999989,
              7.874645
            ],
            [
              -63.91251,
              7.876793000000134
            ],
            [
              -63.915086,
              7.880311
            ],
            [
              -63.916424,
              7.88523
            ],
            [
              -63.922458,
              7.897309000000178
            ],
            [
              -63.926906,
              7.910565
            ],
            [
              -63.930006,
              7.918211000000156
            ],
            [
              -63.933265,
              7.921374000000185
            ],
            [
              -63.93698499999988,
              7.924643000000117
            ],
            [
              -63.93930499999988,
              7.926327000000185
            ],
            [
              -63.94082,
              7.92791
            ],
            [
              -63.93947599999984,
              7.930002000000172
            ],
            [
              -63.925892,
              7.976746000000105
            ],
            [
              -63.92800370599997,
              7.981365504000053
            ],
            [
              -63.92995503699996,
              7.978607431
            ],
            [
              -63.931706850999944,
              7.976131362000046
            ],
            [
              -63.9369390839999,
              7.973399270000129
            ],
            [
              -63.942180306999944,
              7.971242195000059
            ],
            [
              -63.95451785299997,
              7.968160068000088
            ],
            [
              -63.96302921999995,
              7.96432293600003
            ],
            [
              -63.97076355399997,
              7.960284800000011
            ],
            [
              -63.97716583599998,
              7.959026739000137
            ],
            [
              -63.983806131999984,
              7.958338703000038
            ],
            [
              -63.987861289999955,
              7.953673570000149
            ],
            [
              -64.00054282299993,
              7.94334424699997
            ],
            [
              -64.01125730499996,
              7.943922224000119
            ],
            [
              -64.01834961899988,
              7.942882171000122
            ],
            [
              -64.02571671699997,
              7.942522079000184
            ],
            [
              -64.03186663499997,
              7.943825072000095
            ],
            [
              -64.03420935299994,
              7.94513816
            ],
            [
              -64.03984260499993,
              7.946076155000071
            ],
            [
              -64.04529066499992,
              7.947179549000055
            ],
            [
              -64.0502582609999,
              7.948960560999978
            ],
            [
              -64.05406526599995,
              7.950364210000032
            ],
            [
              -64.05883149499988,
              7.954534288000104
            ],
            [
              -64.06305671399997,
              7.960667427000146
            ],
            [
              -64.07093808899998,
              7.965932527000064
            ],
            [
              -64.08170256999989,
              7.963785433000055
            ],
            [
              -64.08762784599998,
              7.968624523000017
            ],
            [
              -64.08856890499993,
              7.970102563000125
            ],
            [
              -64.09131705899995,
              7.97706472100009
            ],
            [
              -64.09484323199985,
              7.982519847999981
            ],
            [
              -64.09901843899996,
              7.985434897000061
            ],
            [
              -64.10554675199995,
              7.991620034000107
            ],
            [
              -64.11279210299989,
              7.996895129000052
            ],
            [
              -64.11453217499991,
              7.995087080000133
            ],
            [
              -64.11864335999996,
              7.995496077000098
            ],
            [
              -64.13047091699991,
              8.000827157000117
            ],
            [
              -64.13594917099994,
              8.001601159000074
            ],
            [
              -64.13598240299996,
              8.001590531000033
            ],
            [
              -64.1415,
              7.98941
            ]
          ]
        ]
      }
    }
  ]
}