{"type": "FeatureCollection", "features": [{"type": "Feature", "properties": {"Pais": "Venezuela", "Estado": "Amazonas", "Municipio": "Aut\u00f3nomo Rio Negro", "Parroquia": "Solano"}, "geometry": {"type": "Polygon", "coordinates": [[[-65.811561, 2.805684000000156], [-65.8115949999999, 2.80616300000014], [-65.81178, 2.806732000000181], [-65.811994, 2.807030000000111], [-65.812358, 2.807328], [-65.8127199999999, 2.807446], [-65.81293299999987, 2.807624], [-65.813356, 2.807772], [-65.813597, 2.80777], [-65.813777, 2.807679000000178], [-65.813986, 2.807498000000123], [-65.813984, 2.807169000000101], [-65.81389, 2.806719000000157], [-65.813615, 2.80630100000019], [-65.81343199999986, 2.80603200000013], [-65.813401, 2.805853], [-65.813489, 2.805552], [-65.813699, 2.805431000000169], [-65.814061, 2.805429000000174], [-65.814485, 2.805696], [-65.814879, 2.805964], [-65.815271, 2.806022], [-65.815752, 2.805869], [-65.816113, 2.805747], [-65.816473, 2.805625], [-65.816715, 2.805683], [-65.816836, 2.805773], [-65.81699, 2.806191000000183], [-65.817024, 2.806611], [-65.816815, 2.806972000000144], [-65.852562, 2.78589600000015], [-65.852595, 2.785879000000136], [-65.853195, 2.785327000000109], [-65.853405, 2.784288000000117], [-65.853567, 2.783958], [-65.85384, 2.783792000000119], [-65.854224, 2.783680000000118], [-65.854609, 2.783676000000128], [-65.855271, 2.783834], [-65.856483, 2.784042], [-65.85736499999985, 2.784307000000126], [-65.857808, 2.784631000000104], [-65.8580879999999, 2.785229000000186], [-65.85812099999987, 2.785497], [-65.859335, 2.78541], [-65.859355, 2.785382], [-65.85957199999984, 2.785107], [-65.859848, 2.785214], [-65.860034, 2.78536], [-65.861364, 2.785265000000152], [-65.86581799999988, 2.777872], [-65.86943999999983, 2.775875], [-65.872435, 2.775287], [-65.874926, 2.776736], [-65.88589799999988, 2.778145], [-65.894129, 2.778292], [-65.897999, 2.776985], [-65.899816, 2.77404300000012], [-65.90318999999988, 2.771544000000119], [-65.90456399999988, 2.770513000000108], [-65.908201, 2.762997], [-65.907784, 2.755597], [-65.910724, 2.751968], [-65.914968, 2.750787], [-65.917965, 2.749353], [-65.92208999999986, 2.745727000000102], [-65.92558599999984, 2.744168], [-65.92907999999983, 2.743707000000143], [-65.933638, 2.74152400000014], [-65.937197, 2.739714000000163], [-65.94050199999987, 2.740099], [-65.942805, 2.741673], [-65.94292399999989, 2.744056], [-65.943721, 2.749263], [-65.94558599999988, 2.751588], [-65.948701, 2.753038000000174], [-65.954383, 2.750231], [-65.957817, 2.74886000000015], [-65.959935, 2.749493000000143], [-65.961983, 2.753762], [-65.966093, 2.755968000000109], [-65.974316, 2.759689000000151], [-65.977561, 2.759007], [-65.979806, 2.759013], [-65.98685199999989, 2.759501], [-65.98872, 2.760886], [-65.990838, 2.761957], [-65.994764, 2.763159], [-66.000873, 2.764052], [-66.005733, 2.766197], [-66.008974, 2.766895], [-66.0108489999999, 2.76526900000016], [-66.01236, 2.759911], [-66.01312, 2.755021000000113], [-66.017755, 2.747257], [-66.02263499999987, 2.741248], [-66.030388, 2.7330520000001], [-66.034147, 2.726289000000122], [-66.03708499999988, 2.723599], [-66.04239, 2.722264000000166], [-66.045885, 2.721144], [-66.050136, 2.717015000000174], [-66.053515, 2.712508000000128], [-66.057649, 2.705369], [-66.063521, 2.701369], [-66.067765, 2.700125000000128], [-66.072879, 2.700138000000152], [-66.07798799999989, 2.702282], [-66.082975, 2.703549000000123], [-66.090834, 2.703442000000109], [-66.0999379999999, 2.70396600000015], [-66.10530799999987, 2.701721], [-66.10831, 2.697965000000124], [-66.11108899999988, 2.68361], [-66.114478, 2.674335], [-66.1143019999999, 2.669882], [-66.112438, 2.666804], [-66.110699, 2.663413000000162], [-66.108333, 2.661652000000117], [-66.090915, 2.655746], [-66.089798, 2.653455], [-66.090177, 2.651668], [-66.091019, 2.651607000000126], [-66.092578, 2.651721000000123], [-66.095944, 2.652481000000137], [-66.100124, 2.651739], [-66.10337, 2.650367000000188], [-66.10793499999988, 2.645109], [-66.108444, 2.640845000000184], [-66.106143, 2.637892], [-66.105834, 2.636951], [-66.10422499999987, 2.631459000000177], [-66.10455899999988, 2.621676], [-66.103516, 2.614273], [-66.101156, 2.6101910000001], [-66.097611, 2.605918], [-66.095624, 2.601837000000103], [-66.09451199999984, 2.597256000000129], [-66.09713999999985, 2.593624], [-66.101258, 2.592944], [-66.103561, 2.594705], [-66.10685199999989, 2.601047000000108], [-66.110401, 2.603501000000108], [-66.113521, 2.603007000000105], [-66.115144, 2.60225800000012], [-66.115279, 2.597492000000102], [-66.117537, 2.592103], [-66.121656, 2.590733], [-66.1248379999999, 2.59023800000017], [-66.126457, 2.59149600000012], [-66.129131, 2.594764000000168], [-66.130934, 2.597089000000153], [-66.13229899999988, 2.600479000000178], [-66.1317949999999, 2.602641000000176], [-66.133028, 2.60879100000011], [-66.135824, 2.613689], [-66.13787799999989, 2.615325], [-66.142862, 2.617719], [-66.152028, 2.618744000000106], [-66.154088, 2.618121], [-66.159024, 2.613868], [-66.16003399999988, 2.608727000000158], [-66.160108, 2.603302000000156], [-66.158053, 2.60198], [-66.15649599999989, 2.600910000000113], [-66.15462699999989, 2.599965000000111], [-66.155008, 2.597018000000162], [-66.15732, 2.59514200000018], [-66.161881, 2.591640000000154], [-66.169437, 2.587454], [-66.175424, 2.58728], [-66.179473, 2.589641000000142], [-66.182651, 2.590902], [-66.18602, 2.590534000000105], [-66.189894, 2.587093000000152], [-66.19851699999987, 2.579899000000182], [-66.201699, 2.579279], [-66.204755, 2.579536000000189], [-66.205376, 2.580604], [-66.206181, 2.58342800000014], [-66.205735, 2.587755], [-66.20585099999988, 2.591581], [-66.20734499999986, 2.592777], [-66.20928, 2.592310000000168], [-66.211657, 2.588929], [-66.215408, 2.585048], [-66.219034, 2.582810000000165], [-66.224898, 2.580678000000148], [-66.23027, 2.576801], [-66.236517, 2.572173], [-66.243642, 2.565665], [-66.25000099999988, 2.566808], [-66.25349499999987, 2.566565], [-66.26123599999988, 2.563006], [-66.266039, 2.562766000000124], [-66.271465, 2.563154], [-66.273765, 2.566922], [-66.276879, 2.568874000000108], [-66.281371, 2.568632], [-66.287676, 2.565948000000162], [-66.297285, 2.564307], [-66.305646, 2.56294400000013], [-66.31588499999987, 2.558136], [-66.33336999999989, 2.548387], [-66.34236, 2.544642000000124], [-66.353352, 2.537827000000107], [-66.361032, 2.533828000000142], [-66.36602099999988, 2.534528000000137], [-66.371136, 2.534476], [-66.37457199999989, 2.531566], [-66.38002199999988, 2.527888000000189], [-66.385045, 2.517938], [-66.386177, 2.512796], [-66.385624, 2.508654], [-66.38363, 2.507709000000148], [-66.393006, 2.496813000000145], [-66.38714499999986, 2.495797], [-66.385533, 2.490587000000119], [-66.393701, 2.486523000000147], [-66.383628, 2.469816000000151], [-66.380953, 2.466549], [-66.377836, 2.465351], [-66.37565199999989, 2.465849], [-66.373906, 2.465783], [-66.37085399999984, 2.463330000000155], [-66.367307, 2.459308], [-66.365063, 2.458677], [-66.363689, 2.459270000000117], [-66.362064, 2.461023], [-66.359319, 2.461645000000146], [-66.35670199999987, 2.460260000000119], [-66.35571, 2.456871], [-66.358093, 2.450477], [-66.359481, 2.442324], [-66.357744, 2.437302], [-66.35613, 2.433284000000128], [-66.357013, 2.428016000000184], [-66.361328, 2.421688], [-66.361833, 2.418804], [-66.361025, 2.417234000000121], [-66.357972, 2.415660000000116], [-66.339059, 2.423182], [-66.338694, 2.417912000000115], [-66.34070199999985, 2.411517000000174], [-66.344952, 2.406694], [-66.349639, 2.402061], [-66.351526, 2.393596000000116], [-66.354274, 2.391217], [-66.358331, 2.389468000000136], [-66.36307399999987, 2.387971000000107], [-66.369433, 2.389489], [-66.372548, 2.391126], [-66.378529, 2.39512], [-66.3843169999999, 2.401593000000105], [-66.38655299999988, 2.406929000000162], [-66.3887299999999, 2.409945000000107], [-66.391849, 2.40995], [-66.393536, 2.407946], [-66.39697199999989, 2.405349000000172], [-66.403219, 2.399840000000154], [-66.41233999999986, 2.391387000000122], [-66.413718, 2.388378], [-66.413286, 2.385868000000187], [-66.410857, 2.383919], [-66.406868, 2.382343], [-66.405812, 2.379769], [-66.40800499999989, 2.374347000000114], [-66.410077, 2.366571000000135], [-66.412345, 2.362394], [-66.414416, 2.354995000000145], [-66.417104, 2.351675], [-66.422596, 2.350054], [-66.42970799999989, 2.348812000000123], [-66.43376, 2.350199000000146], [-66.43513, 2.351331000000187], [-66.435562, 2.353841], [-66.435186, 2.354782000000114], [-66.432815, 2.355467], [-66.43074899999988, 2.359479], [-66.43099499999988, 2.361801000000128], [-66.4333, 2.363310000000126], [-66.43935, 2.362945000000138], [-66.44103599999988, 2.362258000000111], [-66.44465699999989, 2.359974], [-66.45034, 2.35622], [-66.454521, 2.354910000000189], [-66.457387, 2.356609000000105], [-66.46025, 2.360127], [-66.462552, 2.363268], [-66.466166, 2.365471], [-66.470221, 2.364788], [-66.47059899999982, 2.362593000000118], [-66.469479, 2.361085], [-66.467547, 2.360203], [-66.46723899999989, 2.357944], [-66.469674, 2.357007000000181], [-66.472856, 2.35626], [-66.475665, 2.354947], [-66.47898099999986, 2.349244000000169], [-66.48235299999988, 2.346458], [-66.483668, 2.343888], [-66.484301, 2.338368], [-66.48163, 2.332152000000121], [-66.478704, 2.328885000000184], [-66.47652499999987, 2.326528], [-66.47818099999984, 2.306454], [-66.478258, 2.297671], [-66.477207, 2.291960000000131], [-66.474845, 2.287564], [-66.4713579999999, 2.284045], [-66.462759, 2.279388], [-66.471445, 2.255288], [-66.459422, 2.262908000000152], [-66.454436, 2.260892000000126], [-66.443843, 2.255604000000119], [-66.438365, 2.249948], [-66.433138, 2.242787000000135], [-66.430024, 2.240649000000133], [-66.425906, 2.241771], [-66.417427, 2.240502], [-66.416059, 2.237614], [-66.41370499999982, 2.228701000000115], [-66.409846, 2.224429000000157], [-66.407609, 2.219281], [-66.40674899999982, 2.212002], [-66.403527, 2.199575], [-66.403908, 2.195184000000154], [-66.403176, 2.185334000000125], [-66.402496, 2.18207], [-66.399445, 2.179148000000112], [-66.39684299999988, 2.168730000000153], [-66.39922, 2.16484400000013], [-66.40179, 2.15638], [-66.400488, 2.151798], [-66.398746, 2.14931700000011], [-66.3997619999999, 2.138403], [-66.40300799999989, 2.12695], [-66.403834, 2.11828], [-66.413829, 2.099553], [-66.418812, 2.094223000000113], [-66.419691, 2.086705000000109], [-66.417546, 2.072316000000114], [-66.421903, 2.056847], [-66.426322, 2.042136], [-66.428311, 2.02557000000013], [-66.433615, 2.008342], [-66.4488649999999, 1.985150000000147], [-66.46543999999989, 1.969247], [-66.484668, 1.955331], [-66.507874, 1.939428], [-66.535058, 1.922862000000123], [-66.55097, 1.911597000000143], [-66.56290499999989, 1.891056], [-66.578817, 1.873827000000176], [-66.586454, 1.853284], [-66.59167599999984, 1.838144], [-66.608375, 1.825962], [-66.617691, 1.826193000000103], [-66.62353499999983, 1.830125], [-66.643595, 1.851161000000104], [-66.6479169999999, 1.858579000000134], [-66.66748499999989, 1.867616000000169], [-66.673329, 1.871548], [-66.67635499999989, 1.876565], [-66.68067699999983, 1.883983000000114], [-66.6928, 1.890975], [-66.724198, 1.903226000000132], [-66.7389189999999, 1.91196600000012], [-66.7454039999999, 1.922874], [-66.746044, 1.929633000000138], [-66.746901, 1.93661], [-66.760095, 1.953632], [-66.75928099999987, 1.951675], [-66.765348, 1.951792000000182], [-66.769795, 1.947983], [-66.785076, 1.939841], [-66.810353, 1.94289700000013], [-66.83199, 1.943541000000153], [-66.842392, 1.943337000000156], [-66.846727, 1.942034000000149], [-66.854973, 1.932888000000162], [-66.867549, 1.926800000000185], [-66.880328, 1.932266], [-66.89267499999988, 1.93577], [-66.906742, 1.951268], [-66.914695, 1.992472], [-66.921779, 1.989042], [-66.934558, 1.99450800000011], [-66.946905, 1.998012000000131], [-66.960972, 2.01351000000011], [-66.976126, 2.025412], [-66.98196999999988, 2.031742000000122], [-66.98261, 2.039374000000123], [-66.98671899999988, 2.046574], [-66.99343099999987, 2.05116100000015], [-66.998418, 2.048987], [-67.00623, 2.040712000000156], [-67.012733, 2.039630000000159], [-67.020971, 2.037242000000106], [-67.0300749999999, 2.035727000000179], [-67.035495, 2.033989], [-67.04340999999988, 2.027805000000171], [-67.06221940299992, 2.023237348000066], [-67.062855, 2.023083], [-67.06676565999993, 2.023302374000139], [-67.07148299999989, 2.023567000000185], [-67.07972099999989, 2.021396], [-67.088944, 2.018816000000186], [-67.093384, 2.013126000000113], [-67.104663, 2.005072], [-67.116661, 2.000445000000184], [-67.1182935459999, 2.000734033000185], [-67.11928455299994, 1.998878448000028], [-67.11945000099996, 1.998568659999989], [-67.1198916319999, 1.998124837000148], [-67.12051057899987, 1.9975028180001], [-67.12098249999991, 1.996140389000061], [-67.12098485099995, 1.99611687800018], [-67.12116018699999, 1.994363045000114], [-67.12163269199988, 1.991934146000119], [-67.1221641979999, 1.989327532000118], [-67.1223423699999, 1.986720707000131], [-67.12249611699991, 1.984230444000104], [-67.12267100999992, 1.98223224100002], [-67.12281661699996, 1.981210899000075], [-67.12317089499999, 1.979611406000174], [-67.12317179299998, 1.978011702000174], [-67.1230799459999, 1.977424204000044], [-67.12299578599988, 1.976885881000157], [-67.12288008399997, 1.976769332], [-67.12246611199993, 1.976352329000065], [-67.1215242749999, 1.975700071000119], [-67.12046434999996, 1.975580946000093], [-67.11840334499993, 1.975520497000161], [-67.1153412349999, 1.975518702000102], [-67.11386694799995, 1.974938360000067], [-67.11321712199992, 1.974192309000045], [-67.11185254499998, 1.972298448000117], [-67.11046285999993, 1.970460935000062], [-67.10944861699994, 1.969440132000045], [-67.10871530399993, 1.967957060000117], [-67.1070200499999, 1.96591707400006], [-67.1060539639999, 1.96396132600006], [-67.10511059899994, 1.961687654000059], [-67.1035677509999, 1.958302355000171], [-67.10285010399997, 1.957669757000076], [-67.10045086299993, 1.95555486000012], [-67.09842174799991, 1.954569577000029], [-67.09548919599985, 1.953842439000084], [-67.09491201599997, 1.953520646000015], [-67.09356915399997, 1.952771972999983], [-67.09155438399995, 1.951186999000129], [-67.09127861999997, 1.95097006200001], [-67.09117038799991, 1.95080018900012], [-67.08905688499993, 1.947482993000108], [-67.08905431099998, 1.947478955000122], [-67.08903147899997, 1.947413853000057], [-67.08803239599996, 1.944565081000064], [-67.08690853799988, 1.943211648999977], [-67.08604549399996, 1.942172310000046], [-67.08419844699984, 1.940466024000102], [-67.08105638899991, 1.940376703000084], [-67.08072051099992, 1.940367150999975], [-67.07649782299995, 1.939058325000076], [-67.07379062399997, 1.936509060999981], [-67.07155450099992, 1.933960083000102], [-67.06996651399999, 1.930759771000169], [-67.0699675379999, 1.929041600000062], [-67.07014504499995, 1.927560520000043], [-67.06920382599998, 1.926019526000118], [-67.06790927299994, 1.92447832900001], [-67.06655599699997, 1.922640842000135], [-67.0653206689999, 1.920566453], [-67.06479212799997, 1.918196249], [-67.06449871999996, 1.916477897000107], [-67.06361648399997, 1.914699951000102], [-67.06279321399995, 1.912862807000124], [-67.0618521209999, 1.911084818], [-67.06138161999996, 1.910136581000188], [-67.06061727899987, 1.908180968000124], [-67.06020641699996, 1.905929331000038], [-67.05985516699997, 1.902433540000118], [-67.05979692899996, 1.901367048000111], [-67.05956243299988, 1.899589499000058], [-67.05926914299988, 1.897693408000123], [-67.05903485199985, 1.895560375000116], [-67.05856516899996, 1.89319020500011], [-67.05780105199989, 1.890879111], [-67.05668412299997, 1.88773835000012], [-67.05606084699997, 1.886307606000059], [-67.05562564699994, 1.885308593000104], [-67.05462579499982, 1.883352844000171], [-67.05350861399995, 1.88062681700012], [-67.05250905899999, 1.878137837000054], [-67.0516232299999, 1.875458567000067], [-67.05145107699997, 1.874937876000047], [-67.0506872489999, 1.872093570000118], [-67.04992338399995, 1.869367748000172], [-67.04910048199997, 1.86687888400013], [-67.0483952599999, 1.86456784100011], [-67.04739612599991, 1.861367907000044], [-67.04686716199996, 1.859708683000065], [-67.04581311299995, 1.857637532000012], [-67.04569088199997, 1.857397354000057], [-67.04369049499991, 1.854670816000066], [-67.04192512599997, 1.85283312200005], [-67.04016441599993, 1.851000279], [-67.0401597479999, 1.850995420000061], [-67.03821784299998, 1.848979880000115], [-67.03668786699996, 1.847379316000172], [-67.0353936009999, 1.845482650000122], [-67.03504144399989, 1.843527295000058], [-67.03474829599998, 1.841394234000063], [-67.03486713499996, 1.839498413000115], [-67.03510348099996, 1.838135878000116], [-67.03598859099992, 1.834877821000077], [-67.03652112199984, 1.830375383000046], [-67.03687749199992, 1.825043381000114], [-67.03723264199982, 1.821785010000099], [-67.0374098879999, 1.820777917000157], [-67.03764693499988, 1.818111951000049], [-67.03782569099997, 1.814438752000115], [-67.03776812699988, 1.812128093000183], [-67.0376568289999, 1.809114062000106], [-67.03765217199998, 1.808987946000116], [-67.0371242949999, 1.805432827000061], [-67.03653626699992, 1.804069809999987], [-67.03583124199997, 1.80140329600016], [-67.03577332799995, 1.799685108000119], [-67.03536242999996, 1.797492740999985], [-67.03465787199997, 1.793996767000124], [-67.03430599299998, 1.79150820000018], [-67.03360113999997, 1.788545457000055], [-67.03350111299989, 1.788141876000168], [-67.03307243499995, 1.786412273000167], [-67.03242571099997, 1.784693742000172], [-67.0315435839999, 1.782856589000119], [-67.03116539299998, 1.782170669000038], [-67.03066131299994, 1.781256423000059], [-67.02936698399998, 1.77947827700018], [-67.02848434399993, 1.778529817000049], [-67.02671896599998, 1.776810657999988], [-67.02348208399985, 1.774261185000171], [-67.02130508899995, 1.771593838], [-67.01983449299996, 1.769223130000171], [-67.01842287099993, 1.766674717000058], [-67.01730533199992, 1.76465969800006], [-67.01662248299994, 1.762939040000163], [-67.0165998039999, 1.762881893000099], [-67.01571741499998, 1.761459464000097], [-67.01448251299996, 1.758792663000179], [-67.01383618299997, 1.756481684], [-67.01359534699992, 1.75530695599997], [-67.01313160899991, 1.753044993000117], [-67.01295608599997, 1.751030511000067], [-67.01295798099994, 1.747712717000184], [-67.01319476799989, 1.745461486000181], [-67.01334587299988, 1.74305074800003], [-67.01337301299998, 1.742617762000066], [-67.01329859099997, 1.742306742000096], [-67.01299909399995, 1.741055095000036], [-67.01296183499989, 1.74089938200018], [-67.01290143299997, 1.740777646000083], [-67.01202088599996, 1.739002959000061], [-67.01027926199998, 1.736546504000103], [-67.01025593899993, 1.736513608000052], [-67.00772598699996, 1.733431354000118], [-67.00545692899988, 1.73126270299997], [-67.00543100699997, 1.731237928000155], [-67.00348937899997, 1.728926214000182], [-67.00272482299994, 1.727444622000178], [-67.00172536599996, 1.724896462], [-67.00102018899986, 1.722526211000115], [-66.99996164999993, 1.720274253000127], [-66.99911087399988, 1.718458623000174], [-66.99855824899998, 1.71738245], [-66.99794155599994, 1.716087393000066], [-66.99750986899994, 1.714792337000063], [-66.99713985299996, 1.713682289000019], [-66.99689317599996, 1.712387240000055], [-66.9966464989999, 1.710783837], [-66.99652315999992, 1.709920468000064], [-66.99615314399995, 1.708933757000068], [-66.9958447969999, 1.707947047000118], [-66.99467307999998, 1.706096967000178], [-66.99431580199996, 1.705532238999979], [-66.99361078699991, 1.70441786400005], [-66.99276133099988, 1.703075178000176], [-66.99242678299998, 1.70262911500015], [-66.9923913149999, 1.702581823000116], [-66.99214894899984, 1.702003919999981], [-66.99214888199992, 1.70200367200016], [-66.99214561299993, 1.70199153700014], [-66.99141959899998, 1.699296817000118], [-66.99128070899997, 1.698094672000025], [-66.99090957399994, 1.694882375000077], [-66.98959407799993, 1.690636429000108], [-66.98544530899994, 1.686683298000162], [-66.98274960099991, 1.68632631700001], [-66.98168001899995, 1.685895088000109], [-66.97882792699988, 1.684529829000041], [-66.97476354099996, 1.682876798000166], [-66.97233926799998, 1.681727091000141], [-66.97055692899988, 1.680505978000099], [-66.96891739599994, 1.678997865000099], [-66.96713566899996, 1.676700198000162], [-66.96571030699988, 1.674833357000125], [-66.96431705599997, 1.672587268000029], [-66.9642851889999, 1.672535895000124], [-66.96314519299983, 1.67052567800016], [-66.96243308099997, 1.668587476000027], [-66.96222017099996, 1.666721330000144], [-66.96250633799997, 1.665142548000063], [-66.96293506699993, 1.663707387999978], [-66.96307867399992, 1.661984985000061], [-66.96293691799991, 1.660405959000116], [-66.96293788299988, 1.658683475000089], [-66.96315276599984, 1.657032881000134], [-66.96336776799996, 1.655166977000079], [-66.96341110399999, 1.653964837000103], [-66.96344020899988, 1.653157452000187], [-66.96434493899989, 1.644899541000029], [-66.96437566499992, 1.64461905800016], [-66.96277826599993, 1.63995995700003], [-66.96257292099989, 1.639361027000064], [-66.96061993899997, 1.634103009000057], [-66.95911765099999, 1.628844990000118], [-66.95911765099999, 1.626741782000181], [-66.9588470189999, 1.6243962960001], [-66.95866696599995, 1.622835825000038], [-66.9592678759999, 1.618629402000067], [-66.95956833499997, 1.616075508000108], [-66.9592678759999, 1.613371384], [-66.9597185699999, 1.609014741000067], [-66.96107063299996, 1.602404659000115], [-66.9611194659999, 1.602317845000186], [-66.9624226869999, 1.600000992000048], [-66.96347429099995, 1.597747561000062], [-66.96347429099995, 1.59444251300016], [-66.9628733809999, 1.592789992000121], [-66.9628733809999, 1.590551699000116], [-66.95920992499998, 1.58646239400008], [-66.95854809499997, 1.584480296000038], [-66.9564135249999, 1.58347579500014], [-66.95250757099996, 1.58302509900011], [-66.95228494399998, 1.582934401999978], [-66.94845138099998, 1.5813725860001], [-66.94529657599998, 1.578668456000173], [-66.94422200699995, 1.577432699000155], [-66.94229199899996, 1.575213185], [-66.94124039499991, 1.572358833000123], [-66.93973809699997, 1.569504483000173], [-66.93778512599994, 1.566650132000177], [-66.93496982299996, 1.561645153000029], [-66.93372893399999, 1.559439134000058], [-66.93327825399996, 1.555382936000171], [-66.93087458299988, 1.549674234000179], [-66.92741931299997, 1.545017137], [-66.92634516499999, 1.54347596600013], [-66.9239640429999, 1.540059568000061], [-66.92216130299994, 1.535252243000116], [-66.92080923099991, 1.531045828000174], [-66.92035855499984, 1.527891017000172], [-66.91990786999992, 1.525036655000065], [-66.91915855499991, 1.520540805000053], [-66.91900648799998, 1.519628410000166], [-66.91870603499996, 1.514971307000053], [-66.91750420299991, 1.511666263000109], [-66.91540099599996, 1.506558471000119], [-66.91299732799996, 1.500699542], [-66.91029319999996, 1.496342895000055], [-66.90985208999996, 1.492152322000152], [-66.90969679099999, 1.49067697400011], [-66.903563, 1.489204], [-66.90188099999989, 1.488915], [-66.901192, 1.48861600000015], [-66.900809, 1.488467], [-66.900123, 1.48855], [-66.89936, 1.488557], [-66.89813399999986, 1.488111000000117], [-66.897294, 1.487966], [-66.89683362699998, 1.488047203000065], [-66.895922, 1.4882080000001], [-66.89500699999985, 1.488293], [-66.894168, 1.488301], [-66.893478, 1.488002000000108], [-66.892944, 1.488007], [-66.892564, 1.488163000000156], [-66.891647, 1.488019000000122], [-66.891262, 1.48764100000011], [-66.89072299999987, 1.487112], [-66.889578, 1.487123], [-66.88889399999988, 1.487359], [-66.888747, 1.487970000000132], [-66.88875499999983, 1.48881], [-66.889378, 1.490178], [-66.890072, 1.490934], [-66.89076299999988, 1.491309], [-66.891225, 1.491839], [-66.89130599999987, 1.492296000000124], [-66.89131, 1.492677], [-66.89100699999989, 1.492986], [-66.89047099999988, 1.492762], [-66.89008699999982, 1.492536], [-66.888942, 1.492471], [-66.8872659999999, 1.492792000000179], [-66.885051, 1.492584], [-66.884214, 1.492821], [-66.882849, 1.493673], [-66.882086, 1.493757], [-66.881168, 1.493536], [-66.879956, 1.494464000000107], [-66.879354, 1.495309], [-66.878902, 1.496], [-66.878375, 1.496692], [-66.876702, 1.497318000000178], [-66.87579659299996, 1.497539804000041], [-66.875408, 1.497635000000116], [-66.8745679999999, 1.497567000000174], [-66.87463999999989, 1.497109000000137], [-66.8750189999999, 1.496876], [-66.874712, 1.496650000000159], [-66.87409699999984, 1.496198], [-66.873482, 1.495746000000167], [-66.873026, 1.495979], [-66.873034, 1.496742000000154], [-66.87235, 1.49713], [-66.87135799999987, 1.49714], [-66.87051799999989, 1.497071000000176], [-66.869822, 1.496009], [-66.869362, 1.495785000000183], [-66.868833, 1.496324000000186], [-66.868683, 1.496631], [-66.869071, 1.497314], [-66.868768, 1.497622], [-66.868005, 1.497629000000131], [-66.865783, 1.496582], [-66.865399, 1.496356000000162], [-66.865396, 1.496051], [-66.86569899999989, 1.495819000000154], [-66.86576999999988, 1.495285], [-66.865081, 1.494986000000154], [-66.86438532699998, 1.494962230000112], [-66.86368084699996, 1.494938159000185], [-66.863325, 1.494926], [-66.86301799999984, 1.4947], [-66.862783, 1.494092], [-66.862397, 1.493638], [-66.862018, 1.493947000000162], [-66.861643, 1.494561000000147], [-66.86134, 1.494792], [-66.86120147299982, 1.494779489], [-66.860576, 1.494723], [-66.86056999999988, 1.494113], [-66.860718, 1.493654], [-66.86018399999983, 1.49365900000015], [-66.85965, 1.493664], [-66.85858, 1.493445000000179], [-66.85819199999986, 1.492838], [-66.858342, 1.492531], [-66.858955, 1.492755000000102], [-66.85941, 1.492521000000124], [-66.859331, 1.492217], [-66.859479, 1.491681], [-66.860011, 1.491447], [-66.86006832899994, 1.491424936000044], [-66.860619, 1.491213], [-66.86061299999989, 1.490602000000138], [-66.86052799999987, 1.489611], [-66.86052099999989, 1.488924], [-66.860513, 1.488085], [-66.859673, 1.488016], [-66.859525, 1.488476000000105], [-66.859527, 1.488705], [-66.85906139799994, 1.488444020000088], [-66.85898999999989, 1.488404000000173], [-66.858372, 1.487571000000173], [-66.85738, 1.48758], [-66.856617, 1.487588000000187], [-66.85577399999988, 1.487214000000108], [-66.8557420439999, 1.487451450000037], [-66.8557019999999, 1.487749000000179], [-66.856167, 1.488431000000105], [-66.8563999999999, 1.488887], [-66.856252, 1.489346000000126], [-66.855715, 1.489046], [-66.855255, 1.488821], [-66.854641, 1.488446000000124], [-66.853419, 1.488381], [-66.85203599999988, 1.487402], [-66.851348, 1.487256], [-66.85119, 1.486647000000119], [-66.8508, 1.485811], [-66.849728, 1.48536300000012], [-66.849265, 1.484834], [-66.84865799999989, 1.485221], [-66.848207, 1.485912], [-66.847671, 1.485764], [-66.84728299999989, 1.485081], [-66.84727699999985, 1.484471], [-66.847806, 1.483855], [-66.848263, 1.483775000000151], [-66.847873, 1.482939000000101], [-66.84710499999983, 1.482412000000181], [-66.846562, 1.481501], [-66.845876, 1.481584], [-66.845417, 1.481436], [-66.844273, 1.481447000000117], [-66.843813, 1.481299], [-66.843425, 1.480615000000171], [-66.843188, 1.479702000000145], [-66.842501, 1.479708], [-66.84219, 1.479101000000128], [-66.8410439999999, 1.478959], [-66.840428, 1.478431000000114], [-66.840952, 1.477357], [-66.840719, 1.476825000000133], [-66.839881, 1.477062], [-66.839813, 1.477902], [-66.839819, 1.478513], [-66.839826, 1.479276], [-66.839758, 1.480192000000159], [-66.83953799999989, 1.481110000000115], [-66.838475, 1.481654000000162], [-66.837566, 1.48235], [-66.8370369999999, 1.482965], [-66.835584, 1.482597], [-66.834669, 1.482682000000125], [-66.833977, 1.482155], [-66.833592, 1.481777], [-66.83283099999989, 1.482013], [-66.8323, 1.482323000000122], [-66.831762, 1.481947], [-66.831682, 1.481566000000157], [-66.83015399999982, 1.481351000000132], [-66.829771, 1.481202], [-66.829232, 1.480673], [-66.82862099999988, 1.480603], [-66.828398, 1.481215], [-66.82771, 1.481146], [-66.827549, 1.480231], [-66.82754099999988, 1.479392], [-66.8267, 1.479247000000157], [-66.826244, 1.479404000000159], [-66.825255, 1.479719000000102], [-66.824568, 1.479725], [-66.82449999999989, 1.480565000000126], [-66.824277, 1.481254], [-66.82367099999988, 1.481642], [-66.822371, 1.481425], [-66.821379, 1.481358], [-66.820454, 1.48045100000013], [-66.8202179999999, 1.47969], [-66.8196769999999, 1.478932], [-66.819066, 1.478938000000142], [-66.818612, 1.479324000000133], [-66.81808799999988, 1.480397], [-66.81779199999988, 1.481316000000106], [-66.817113, 1.48216100000019], [-66.81666, 1.4827], [-66.815819, 1.482555000000104], [-66.8155119999999, 1.482329], [-66.814057, 1.481809], [-66.813595, 1.481949], [-66.81329199999988, 1.482218000000103], [-66.81329599999987, 1.482714000000101], [-66.813415, 1.483245000000181], [-66.813303, 1.48351300000013], [-66.813268, 1.483818000000156], [-66.813614, 1.484157000000152], [-66.81392399999987, 1.484611], [-66.814041, 1.484915000000171], [-66.8140049999999, 1.485182], [-66.813738, 1.485223], [-66.81355, 1.485529000000156], [-66.813782, 1.485908], [-66.813824, 1.486326], [-66.814057, 1.486743], [-66.814059, 1.486971], [-66.813792, 1.486936], [-66.813485, 1.486787000000163], [-66.81295, 1.486678], [-66.812569, 1.486720000000105], [-66.812265, 1.486914000000183], [-66.8120009999999, 1.487298000000123], [-66.811781, 1.488214], [-66.811786, 1.488786000000175], [-66.811448, 1.489399000000105], [-66.811143, 1.489478], [-66.810913, 1.489328], [-66.8103809999999, 1.4896], [-66.810346, 1.489982000000168], [-66.810656, 1.490512], [-66.810773, 1.490701000000172], [-66.81054799999987, 1.491198], [-66.810017, 1.491547], [-66.809296, 1.49205], [-66.808728, 1.492513], [-66.808618, 1.493009], [-66.808315, 1.493279000000143], [-66.808282, 1.493812000000162], [-66.808707, 1.494455], [-66.80867199999989, 1.494722000000138], [-66.808904, 1.495101], [-66.8090969999999, 1.495365], [-66.809063, 1.495823000000144], [-66.80887699999988, 1.496358000000157], [-66.80808, 1.496823], [-66.80770799999988, 1.497932], [-66.807675, 1.498542], [-66.808023, 1.498995], [-66.808331, 1.499373], [-66.808032, 1.500023000000169], [-66.808035, 1.500366000000156], [-66.8084199999999, 1.500781000000188], [-66.80846099999985, 1.501123], [-66.808429, 1.501733], [-66.808239, 1.501926], [-66.807931, 1.501548], [-66.807775, 1.501131], [-66.807507, 1.501134], [-66.807324, 1.501935000000117], [-66.807175, 1.502356000000134], [-66.807179, 1.502775000000156], [-66.807603, 1.503304], [-66.808104, 1.503831000000105], [-66.808223, 1.504325000000165], [-66.808078, 1.505203000000108], [-66.80800699999986, 1.505775], [-66.807477, 1.506314], [-66.806947, 1.506815000000131], [-66.806456, 1.507277000000158], [-66.805888, 1.507778], [-66.805666, 1.508580000000109], [-66.805485, 1.509649000000138], [-66.805111, 1.510529], [-66.804812, 1.511294], [-66.804818, 1.511903], [-66.804629, 1.512134], [-66.804785, 1.512513000000126], [-66.80505299999987, 1.512662], [-66.805322, 1.512850000000128], [-66.80521, 1.513118], [-66.803239, 1.514624], [-66.802291, 1.515205], [-66.801034, 1.515447], [-66.80042399999985, 1.515492], [-66.79951099999988, 1.515844], [-66.798936, 1.515546], [-66.798476, 1.515284], [-66.797942, 1.515328000000125], [-66.796042, 1.516262000000154], [-66.79505399999988, 1.516654], [-66.793649, 1.517430000000161], [-66.792895, 1.518467000000157], [-66.792366, 1.519044000000122], [-66.79191, 1.519277], [-66.79115, 1.51959], [-66.790621, 1.520205], [-66.790361, 1.520931000000132], [-66.79005899999987, 1.521353], [-66.78911, 1.521897], [-66.787783, 1.522787], [-66.78713799999986, 1.523289], [-66.786187, 1.523604000000148], [-66.785734, 1.524142], [-66.785741, 1.524865], [-66.785631, 1.5254], [-66.785177, 1.525824000000114], [-66.784613, 1.526744], [-66.784235, 1.527243000000112], [-66.551882, 1.472909000000129], [-66.53638099999989, 1.461959], [-66.529808, 1.461231], [-66.5227, 1.460121], [-66.519907, 1.455769], [-66.520534, 1.45420700000011], [-66.523893, 1.453039000000103], [-66.52577, 1.450619], [-66.525571, 1.447689], [-66.52553399999982, 1.446244], [-66.525888, 1.444759000000147], [-66.525616, 1.443626000000165], [-66.52362699999986, 1.442686], [-66.519928, 1.441469], [-66.517121, 1.439277], [-66.5163419999999, 1.437947000000122], [-66.51572, 1.436149], [-66.514862, 1.435523000000103], [-66.513457, 1.43528700000013], [-66.512314, 1.436693000000105], [-66.51141599999983, 1.436926], [-66.510753, 1.436457000000132], [-66.510561, 1.434464000000105], [-66.509868, 1.433797000000141], [-66.508151, 1.433326], [-66.506277, 1.433558], [-66.505494, 1.43441700000011], [-66.506116, 1.436137000000144], [-66.505959, 1.437153], [-66.50549, 1.437308], [-66.50470999999987, 1.436604], [-66.50315, 1.435664], [-66.501823, 1.435663], [-66.50018199999988, 1.436754], [-66.499945, 1.438473000000158], [-66.50080099999985, 1.440428], [-66.500565, 1.441756000000169], [-66.499855, 1.441844000000174], [-66.499472, 1.441364], [-66.498927, 1.440191], [-66.497834, 1.440268000000174], [-66.496427, 1.441204000000141], [-66.495209, 1.44257], [-66.49462, 1.444875000000138], [-66.494228, 1.445851], [-66.493609, 1.445967], [-66.49297899999988, 1.445835000000159], [-66.492668, 1.444781], [-66.492519, 1.443856], [-66.492287, 1.442449000000124], [-66.49135299999989, 1.440963000000124], [-66.49002499999989, 1.440961000000129], [-66.489477, 1.442289], [-66.490645, 1.444010000000162], [-66.490956, 1.445260000000189], [-66.490323, 1.446775000000116], [-66.489313, 1.447525], [-66.487829, 1.447366], [-66.487363, 1.446194], [-66.487286, 1.445021000000111], [-66.48654, 1.444126000000153], [-66.485336, 1.444237000000101], [-66.484086, 1.444548], [-66.483534, 1.443895], [-66.48401199999984, 1.44204800000017], [-66.483422, 1.440836000000104], [-66.482376, 1.439623], [-66.481127, 1.439387], [-66.480267, 1.440011], [-66.48018599999989, 1.442121], [-66.479905, 1.44298], [-66.479124, 1.443214000000182], [-66.478109, 1.443056], [-66.477251, 1.442313], [-66.476394, 1.441296000000136], [-66.47456599999987, 1.440551000000141], [-66.471444, 1.440312], [-66.470071, 1.440232], [-66.469258, 1.43968400000017], [-66.468714, 1.438355000000172], [-66.467857, 1.437104], [-66.46715499999988, 1.436868], [-66.466373, 1.437493], [-66.465356, 1.438429], [-66.46465299999988, 1.438975], [-66.46386499999988, 1.438923], [-66.46348299999988, 1.438192000000186], [-66.463876, 1.436161], [-66.464662, 1.432958], [-66.465289, 1.431552000000181], [-66.46622799999983, 1.429912], [-66.468494, 1.428977000000145], [-66.47122699999989, 1.42866800000013], [-66.47169699999989, 1.427731], [-66.47169899999989, 1.426403000000107], [-66.471076, 1.424995], [-66.470609, 1.424057000000175], [-66.469752, 1.422962], [-66.46865899999989, 1.422726000000182], [-66.467409, 1.423115], [-66.466239, 1.422332], [-66.4656159999999, 1.421394000000134], [-66.464602, 1.420533], [-66.46304, 1.421], [-66.462725, 1.422640000000172], [-66.46202099999988, 1.42365500000011], [-66.460772, 1.423654], [-66.459446, 1.422714], [-66.45804, 1.423260000000141], [-66.458271, 1.425057000000152], [-66.45811299999986, 1.426229000000149], [-66.4574879999999, 1.426697000000104], [-66.4561609999999, 1.426383000000101], [-66.454289, 1.425365], [-66.45249499999989, 1.424112], [-66.45156, 1.422704000000124], [-66.451173, 1.420516000000134], [-66.45182699999987, 1.419068], [-66.452999, 1.417973], [-66.454381, 1.415753], [-66.45539999999988, 1.413566], [-66.45578599999988, 1.411336000000119], [-66.4554859999999, 1.408252], [-66.454709, 1.405595000000119], [-66.454401, 1.402546], [-66.45307999999989, 1.398481000000174], [-66.451915, 1.394494000000179], [-66.45137099999988, 1.392227], [-66.451531, 1.390274], [-66.451067, 1.387304], [-66.449977, 1.384958], [-66.449824, 1.382848], [-66.448967, 1.381675], [-66.4478759999999, 1.380423000000178], [-66.446316, 1.379171], [-66.444755, 1.378622000000178], [-66.443819, 1.37807400000014], [-66.44333099999989, 1.376799000000176], [-66.444215, 1.374401000000148], [-66.44602, 1.368543], [-66.446023, 1.365964], [-66.445793, 1.363541], [-66.446422, 1.360573], [-66.446737, 1.358385000000169], [-66.446427, 1.357134], [-66.445648, 1.355648], [-66.445573, 1.353929], [-66.446045, 1.351507], [-66.446203, 1.350101], [-66.44573799999984, 1.348068], [-66.444648, 1.346035], [-66.44340199999982, 1.343768], [-66.442469, 1.341188000000102], [-66.441926, 1.338921000000141], [-66.441929, 1.336498], [-66.443651, 1.333687000000168], [-66.44427699999983, 1.332594000000142], [-66.444591, 1.331735], [-66.444515, 1.330562], [-66.444203, 1.330015], [-66.44272, 1.329622], [-66.441393, 1.329621], [-66.43990999999988, 1.329228000000171], [-66.438194, 1.328366], [-66.43562, 1.326644], [-66.43366999999989, 1.325078000000133], [-66.43195499999985, 1.323357], [-66.431143, 1.322004], [-66.43133399999988, 1.320621000000131], [-66.432429, 1.31945], [-66.43337199999985, 1.319073000000174], [-66.43403599999988, 1.318448000000103], [-66.434585, 1.316573], [-66.434783, 1.313996], [-66.43529399999989, 1.311575], [-66.434944, 1.310288000000185], [-66.433461, 1.30843300000015], [-66.433308, 1.307752000000107], [-66.43354099999988, 1.307027000000176], [-66.434478, 1.306872000000112], [-66.43678199999988, 1.308099], [-66.44002, 1.307895], [-66.442051, 1.307116], [-66.445253, 1.306573], [-66.44970399999988, 1.306657], [-66.451811, 1.307285], [-66.45352799999989, 1.307521000000179], [-66.45469999999989, 1.30682], [-66.455562, 1.304945], [-66.457048, 1.303384], [-66.457363, 1.301744], [-66.456975, 1.300024000000178], [-66.45682099999988, 1.29869500000018], [-66.45690199999984, 1.296429000000103], [-66.45752899999985, 1.294633], [-66.45847, 1.292524000000128], [-66.45886399999989, 1.290024], [-66.45918, 1.287367000000131], [-66.459184, 1.284867], [-66.45848399999988, 1.2826], [-66.458253, 1.280802000000108], [-66.457084, 1.279316000000108], [-66.457007, 1.278612000000123], [-66.457476, 1.277988000000164], [-66.458647, 1.278067000000135], [-66.460288, 1.277444000000116], [-66.460758, 1.276429000000121], [-66.460916, 1.274944], [-66.462089, 1.273852], [-66.46302499999985, 1.274791000000164], [-66.463725, 1.276355], [-66.4647389999999, 1.276747000000171], [-66.46552, 1.276591], [-66.466146, 1.275811], [-66.465836, 1.27456], [-66.464744, 1.273387000000184], [-66.46459, 1.272058000000129], [-66.46505999999982, 1.271199000000138], [-66.467092, 1.269717], [-66.467086, 1.268744], [-66.467329, 1.267763], [-66.46818899999988, 1.267374000000189], [-66.46873599999986, 1.267218], [-66.46931199999989, 1.267999], [-66.469436, 1.268938000000105], [-66.469779, 1.269287], [-66.470294, 1.26933], [-66.47068499999983, 1.268705000000182], [-66.470298, 1.266595], [-66.47056399999985, 1.266007], [-66.4713139999999, 1.265815], [-66.472047, 1.266122000000166], [-66.472554, 1.266863], [-66.47342, 1.267224], [-66.4749819999999, 1.266835000000185], [-66.47623299999987, 1.265899], [-66.477172, 1.26426], [-66.476862, 1.263087], [-66.4756129999999, 1.263085], [-66.47405, 1.263709000000176], [-66.47326899999985, 1.263629000000151], [-66.472724, 1.262613000000101], [-66.472258, 1.261362000000133], [-66.470543, 1.259484], [-66.469453, 1.257529], [-66.468597, 1.255418], [-66.468912, 1.253465], [-66.470008, 1.251903], [-66.471649, 1.250577], [-66.47297799999984, 1.249563], [-66.473243, 1.249116000000129], [-66.47332099999988, 1.2484520000001], [-66.47379, 1.248217000000182], [-66.47417999999982, 1.24849], [-66.47457, 1.248958], [-66.47496, 1.249387000000183], [-66.475546, 1.249386], [-66.476366, 1.248722], [-66.47746, 1.248525], [-66.478162, 1.248446000000115], [-66.478436, 1.248094000000151], [-66.478632, 1.247352], [-66.4783599999999, 1.246845000000178], [-66.477657, 1.246378000000107], [-66.477463, 1.245987], [-66.478127, 1.245752000000152], [-66.478245, 1.244893000000161], [-66.477817, 1.243723000000159], [-66.478092, 1.242590000000177], [-66.478678, 1.242355], [-66.479341, 1.24231500000019], [-66.479537, 1.24204200000014], [-66.478913, 1.241457], [-66.478289, 1.240677000000176], [-66.478407, 1.240091000000177], [-66.47910999999988, 1.240090000000123], [-66.48028, 1.240909], [-66.48063, 1.24165], [-66.480864, 1.241923], [-66.4814889999999, 1.241571], [-66.48160799999988, 1.2404], [-66.481453, 1.239229], [-66.481844, 1.238721000000169], [-66.482743, 1.238524], [-66.48367999999988, 1.238445], [-66.484538, 1.238912], [-66.485123, 1.23899], [-66.485514, 1.23875500000014], [-66.485984, 1.237895], [-66.485985, 1.236802000000182], [-66.485986, 1.235944], [-66.48614299999986, 1.235241], [-66.486612, 1.234772], [-66.487159, 1.234615], [-66.48794, 1.234536000000105], [-66.489267, 1.234612], [-66.490126, 1.234845000000121], [-66.49106199999989, 1.235156], [-66.491765, 1.235312], [-66.492233, 1.235467], [-66.49309199999988, 1.235388], [-66.494264, 1.234918000000107], [-66.4953579999999, 1.233667000000139], [-66.4966859999999, 1.233197000000189], [-66.49738999999988, 1.232337], [-66.49926499999987, 1.23171], [-66.5018419999999, 1.230926], [-66.503952, 1.22975300000013], [-66.503703, 1.229307000000176], [-66.504108, 1.22849], [-66.504513, 1.227732], [-66.5055579999999, 1.226915], [-66.506253, 1.226157000000114], [-66.506777, 1.226041000000123], [-66.507359, 1.225866], [-66.50794, 1.225516], [-66.50817099999989, 1.22510700000015], [-66.508285, 1.224466], [-66.508106, 1.223299000000111], [-66.509033, 1.222191], [-66.510599, 1.220557], [-66.51175899999987, 1.219332000000122], [-66.512748, 1.218982000000153], [-66.513387, 1.218691], [-66.513734, 1.218107], [-66.514142, 1.218049], [-66.514663, 1.217407], [-66.51466099999982, 1.216766000000121], [-66.515301, 1.216649000000189], [-66.515823, 1.216124], [-66.515879, 1.215541], [-66.516398, 1.214082], [-66.516396, 1.213557000000151], [-66.516393, 1.212857000000156], [-66.516975, 1.212857000000156], [-66.517616, 1.212857000000156], [-66.5182559999999, 1.212857000000156], [-66.518954, 1.212566], [-66.519357, 1.211516], [-66.51883, 1.210641000000123], [-66.518768, 1.209649000000127], [-66.519348, 1.209007], [-66.520221, 1.208774000000176], [-66.520745, 1.208774000000176], [-66.52161799999982, 1.208774000000176], [-66.522316, 1.208657], [-66.522664, 1.208191], [-66.52266, 1.207258], [-66.52300899999989, 1.207141], [-66.52347, 1.205799], [-66.522944, 1.205391], [-66.522768, 1.204866000000152], [-66.522707, 1.2041660000001], [-66.522705, 1.203699], [-66.523229, 1.203699], [-66.52346099999988, 1.203349], [-66.523574, 1.202474000000109], [-66.523982, 1.202474000000109], [-66.52433099999985, 1.202474000000109], [-66.524561, 1.201658], [-66.525318, 1.201658], [-66.525899, 1.201483000000167], [-66.526189, 1.201133], [-66.526245, 1.200374], [-66.52641799999986, 1.199966], [-66.5263, 1.199499000000174], [-66.525832, 1.198916], [-66.525885, 1.19763300000011], [-66.525883, 1.197166], [-66.52570599999984, 1.196408], [-66.525587, 1.195766], [-66.52529399999986, 1.1951830000001], [-66.524883, 1.194308], [-66.52458899999988, 1.193666000000178], [-66.523947, 1.193083], [-66.523535, 1.192033], [-66.52341399999989, 1.190749], [-66.52375699999988, 1.188941], [-66.523693, 1.1876], [-66.523808, 1.187191000000155], [-66.523573, 1.18649100000016], [-66.523687, 1.185966], [-66.523394, 1.185383000000115], [-66.522985, 1.185033000000146], [-66.522692, 1.184508], [-66.522748, 1.183866], [-66.522978, 1.183225000000107], [-66.52286, 1.182700000000182], [-66.522509, 1.182291], [-66.522159, 1.182058], [-66.52175199999988, 1.182291], [-66.521578, 1.18240800000018], [-66.52075699999989, 1.180775], [-66.520677, 1.179894], [-66.520909, 1.179428], [-66.520967, 1.178962000000183], [-66.520616, 1.178264000000127], [-66.520789, 1.177332000000149], [-66.5214289999999, 1.177040000000147], [-66.521428, 1.17657400000013], [-66.5215429999999, 1.175817], [-66.521484, 1.175293000000181], [-66.521017, 1.174828], [-66.521016, 1.174246], [-66.52066599999989, 1.173839000000157], [-66.5199659999999, 1.1732], [-66.520023, 1.17261800000017], [-66.520488, 1.172034000000167], [-66.520486, 1.170986000000141], [-66.519787, 1.170697], [-66.519437, 1.170348000000104], [-66.519319, 1.169649], [-66.51966799999985, 1.169474], [-66.519259, 1.168951000000163], [-66.519433, 1.168427000000179], [-66.519083, 1.167961000000162], [-66.518615, 1.167089000000146], [-66.51908, 1.166331000000127], [-66.519311, 1.165516], [-66.519368, 1.164817], [-66.51965899999982, 1.164467], [-66.519658, 1.163885], [-66.520239, 1.163651], [-66.52018, 1.163069], [-66.52058699999986, 1.162951], [-66.52058699999986, 1.16266000000013], [-66.520761, 1.162252000000137], [-66.521108, 1.161320000000103], [-66.520408, 1.160506], [-66.519651, 1.160158], [-66.519532, 1.159111000000109], [-66.519356, 1.158529000000101], [-66.519064, 1.157947], [-66.51900499999988, 1.157598000000178], [-66.519121, 1.157132000000161], [-66.518829, 1.156550000000152], [-66.518828, 1.156084000000135], [-66.518245, 1.155561], [-66.517254, 1.155097000000183], [-66.51713599999988, 1.15445700000015], [-66.516902, 1.153817000000117], [-66.517075, 1.153002], [-66.51684099999989, 1.15207], [-66.517015, 1.151721], [-66.517306, 1.151604], [-66.517713, 1.151254000000165], [-66.51771099999985, 1.150497], [-66.517827, 1.149914000000138], [-66.51736, 1.149391], [-66.517301, 1.148809], [-66.517184, 1.148635000000183], [-66.51654199999984, 1.148170000000107], [-66.51654199999984, 1.147821], [-66.516716, 1.147355000000175], [-66.516365, 1.146889000000158], [-66.515665, 1.146134000000188], [-66.515548, 1.14561], [-66.514965, 1.145029], [-66.51473, 1.144389], [-66.514729, 1.143457], [-66.514727, 1.142526], [-66.514667, 1.141827], [-66.51454999999987, 1.14107], [-66.51367499999986, 1.140199000000109], [-66.513499, 1.139559], [-66.51338199999987, 1.139326], [-66.513381, 1.138627], [-66.513612, 1.138103], [-66.51396199999988, 1.138102000000174], [-66.5141359999999, 1.137869], [-66.5141339999999, 1.136996000000124], [-66.513901, 1.136530000000107], [-66.513493, 1.136531], [-66.513492, 1.135716000000116], [-66.51308299999988, 1.135309000000177], [-66.5125589999999, 1.135194], [-66.512035, 1.135195000000181], [-66.511161, 1.134905000000117], [-66.51121899999987, 1.134497000000124], [-66.511392, 1.13397300000014], [-66.511565, 1.132925000000114], [-66.5116809999999, 1.132692], [-66.5113889999999, 1.131993], [-66.51092199999988, 1.131761], [-66.510862, 1.130713], [-66.510861, 1.130015000000185], [-66.511151, 1.129374], [-66.511208, 1.128675000000158], [-66.511731, 1.128208], [-66.511962, 1.127451000000121], [-66.512486, 1.12715900000012], [-66.512892, 1.126576], [-66.5126, 1.125936], [-66.512599, 1.12547], [-66.512773, 1.124829], [-66.512772, 1.124247], [-66.512771, 1.123723], [-66.512479, 1.123374000000126], [-66.512477, 1.122676000000126], [-66.513001, 1.122384000000125], [-66.513582, 1.121975], [-66.513698, 1.121451], [-66.51387099999982, 1.12081000000012], [-66.51387099999982, 1.120344000000102], [-66.513695, 1.119937000000164], [-66.513577, 1.119297000000131], [-66.513517, 1.118249000000105], [-66.513226, 1.118016], [-66.51287599999984, 1.117726000000175], [-66.512758, 1.117027], [-66.512757, 1.116445], [-66.512406, 1.115747], [-66.511765, 1.11505000000011], [-66.51217099999985, 1.114467], [-66.512694, 1.113942], [-66.513274, 1.112834], [-66.513273, 1.112369000000172], [-66.513156, 1.111903000000154], [-66.512165, 1.111031], [-66.5119299999999, 1.110333], [-66.512217, 1.109669], [-66.51191299999982, 1.109163], [-66.511205, 1.109011000000123], [-66.51084999999989, 1.108303], [-66.5108, 1.107695000000149], [-66.51145799999983, 1.107341], [-66.512065, 1.105974], [-66.512217, 1.105164000000173], [-66.512217, 1.104557], [-66.511812, 1.104051], [-66.511154, 1.103747000000169], [-66.510344, 1.103393000000153], [-66.509787, 1.102634], [-66.50963599999989, 1.102077000000179], [-66.509281, 1.101672], [-66.508269, 1.101014000000134], [-66.508066, 1.100609], [-66.508066, 1.099900000000162], [-66.50821799999989, 1.099495], [-66.508269, 1.098736000000144], [-66.5077629999999, 1.098129], [-66.507358, 1.097926], [-66.507358, 1.097521000000143], [-66.506953, 1.097015], [-66.50705399999987, 1.096559000000127], [-66.507155, 1.095952000000182], [-66.507257, 1.095496], [-66.507307, 1.094838], [-66.507307, 1.094332], [-66.507105, 1.093775000000164], [-66.506852, 1.093472], [-66.506902, 1.093067], [-66.507257, 1.092713], [-66.507206, 1.092358000000161], [-66.507155, 1.092004], [-66.5075599999999, 1.091903000000173], [-66.507662, 1.091498], [-66.507611, 1.091093000000114], [-66.5075599999999, 1.090485000000115], [-66.507408, 1.089929], [-66.506902, 1.089574], [-66.5065479999999, 1.089321], [-66.50659899999988, 1.088714], [-66.506852, 1.088056], [-66.506396, 1.087246000000164], [-66.50609199999985, 1.086689], [-66.505839, 1.086132], [-66.505839, 1.085373], [-66.505941, 1.084816], [-66.505839, 1.084209], [-66.505434, 1.083247], [-66.505434, 1.082741000000112], [-66.505434, 1.082285000000184], [-66.505434, 1.081678], [-66.505283, 1.080767], [-66.50472599999989, 1.080362], [-66.504776, 1.079603], [-66.504422, 1.078995000000134], [-66.50467499999985, 1.078033000000119], [-66.50513099999989, 1.077173000000187], [-66.505434, 1.076312], [-66.506447, 1.0753], [-66.5077629999999, 1.074288], [-66.508573, 1.073832000000152], [-66.50963599999989, 1.07368], [-66.510395, 1.073275], [-66.51084999999989, 1.072921], [-66.510749, 1.072516000000121], [-66.510648, 1.072212], [-66.510597, 1.07201], [-66.510901, 1.071149], [-66.51150799999988, 1.069327000000101], [-66.511964, 1.068821000000128], [-66.511964, 1.067151], [-66.512318, 1.06608800000015], [-66.512976, 1.06548], [-66.513027, 1.064923], [-66.51287499999984, 1.063405], [-66.5124699999999, 1.061988], [-66.512217, 1.060469], [-66.512217, 1.059710000000166], [-66.512217, 1.059102000000109], [-66.51227843199996, 1.058578915000112], [-66.512318, 1.058242], [-66.512825, 1.057533], [-66.513229, 1.056420000000116], [-66.513634, 1.055964000000188], [-66.513634, 1.055357], [-66.514039, 1.054800000000171], [-66.51495, 1.054344], [-66.515608, 1.053535000000124], [-66.51621599999987, 1.052623000000153], [-66.516621, 1.052421000000152], [-66.51737999999989, 1.051409], [-66.517532, 1.050801], [-66.517836, 1.049991], [-66.517836, 1.049435000000187], [-66.518443, 1.04827], [-66.51854399999985, 1.047764000000143], [-66.518443, 1.046752], [-66.518443, 1.04624600000011], [-66.518747, 1.045638], [-66.518696, 1.04523300000011], [-66.519405, 1.044727], [-66.519557, 1.044069], [-66.51950599999986, 1.043512], [-66.519304, 1.043209], [-66.51925299999988, 1.042702], [-66.519607, 1.041943], [-66.520113, 1.041437], [-66.520265, 1.040425], [-66.520265, 1.040121000000113], [-66.54458967299996, 0.999113215000023], [-66.56288808599999, 0.968264810000164], [-66.568185, 0.959335000000124], [-66.56883112099996, 0.958845740000129], [-66.49712791999997, 0.89381753400005], [-66.3210897919999, 0.73416714800004], [-66.21319111199995, 0.76544969400004], [-66.19956651699994, 0.760409614000139], [-66.17913062099996, 0.748489440000071], [-66.15347250599984, 0.736571254000012], [-66.14257103299997, 0.735201239000105], [-66.13121453899993, 0.735207239000033], [-66.12212913499997, 0.73681827200005], [-66.07963329799998, 0.772865860000138], [-66.06599571399994, 0.787788111000168], [-66.05395919199992, 0.785269067000058], [-66.01125633299995, 0.787122117000081], [-65.98854233699996, 0.787819139000021], [-65.98649725599995, 0.78827915200003], [-65.95991609299995, 0.796778296000127], [-65.94900162999994, 0.810780524000165], [-65.94104328499998, 0.821568697999965], [-65.92761370799991, 0.854849246000072], [-65.92124843499994, 0.860358334000125], [-65.90602577699985, 0.865182418000074], [-65.89579733199997, 0.871380526999985], [-65.88988107699993, 0.883316716000024], [-65.88801185299991, 0.89381753400005], [-65.88599991699988, 0.905120071000113], [-65.88212575299997, 0.9191213040001], [-65.86962821499992, 0.923254370000109], [-65.80827953799997, 0.934740592000139], [-65.78464451399998, 0.943464749000157], [-65.76350658899992, 0.952646906000041], [-65.74872594899989, 0.966190134000101], [-65.74576283299996, 0.975371289000122], [-65.74007758699986, 0.981109386000128], [-65.72348386599992, 0.988913515999968], [-65.71371542999992, 0.988225508000085], [-65.69418457299997, 0.981798418000153], [-65.67328466599997, 0.980421408000041], [-65.65350679499994, 0.99028958100007], [-65.64056122899996, 0.986386528000139], [-65.63443495499996, 0.980418425000096], [-65.62716963599985, 0.976057356000126], [-65.62034834699989, 0.980876447000128], [-65.61579714399988, 0.987073550000162], [-65.61192597999997, 0.993958667000072], [-65.60397662699995, 0.991662632000043], [-65.59081105599995, 0.982709486000033], [-65.57014414399998, 0.976738399000055], [-65.55583851199992, 0.971227321000072], [-65.54496502599994, 0.946437916000036], [-65.52094671699996, 0.89381753400005], [-65.51143951599994, 0.872988736000138], [-65.50511322899996, 0.847972323000135], [-65.50696729299989, 0.820433876000038], [-65.52926626499993, 0.79014638200016], [-65.54064174899992, 0.77592114000015], [-65.55178923699998, 0.761924905], [-65.57999146299994, 0.73186941], [-65.5840926329999, 0.721773247000158], [-65.59115894199988, 0.700892907000025], [-65.58845780799993, 0.680929591999984], [-65.57304312499997, 0.658211225000116], [-65.56261166299998, 0.645819029000108], [-65.55580736099989, 0.638934924000068], [-65.54582192399988, 0.634573855000099], [-65.53036425599998, 0.645584038000095], [-65.52058982599993, 0.652236150000022], [-65.50287505199998, 0.653149168000027], [-65.4722037059999, 0.662549333000015], [-65.4467605879999, 0.667818425000064], [-65.43197894899998, 0.681581656000105], [-65.42150149699995, 0.70268800100007], [-65.41579226099998, 0.724714357000153], [-65.40782590699996, 0.736414552000042], [-65.40121961999995, 0.750180786000044], [-65.40618585099998, 0.771064115000172], [-65.40635587199989, 0.810076751000111], [-65.39337730999995, 0.831414106000125], [-65.36676915999993, 0.852746467000088], [-65.3578937659999, 0.863299644000108], [-65.34422918399986, 0.88601402300003], [-65.33832044899998, 0.89381753400005], [-65.32442532299996, 0.912168462000182], [-65.29896920899995, 0.920648620000179], [-65.26989192499997, 0.919715614000097], [-65.25355220299991, 0.909608459000026], [-65.23948058199994, 0.901567331000138], [-65.22470493599997, 0.907755441000177], [-65.19836176899992, 0.902231360000087], [-65.18357312899997, 0.915533593000021], [-65.17331168299984, 0.937789972000019], [-65.16574437299988, 0.977950637], [-65.16452834399996, 1.024084411000104], [-65.16083819399984, 1.055298924000056], [-65.16080521199996, 1.073891238000044], [-65.13846724399991, 1.113587922000079], [-65.12755077499997, 1.119089013000064], [-65.10230566299998, 1.131467236000105], [-65.06689508599993, 1.111239917000091], [-65.06170085599996, 1.094248642000082], [-65.04354604299988, 1.082298446000038], [-65.01444776899996, 1.089619587000186], [-65.01350073299994, 1.109359919000156], [-65.01527982499988, 1.129562261000103], [-65.01549883599989, 1.133694329999969], [-64.99933313999992, 1.150208614000178], [-64.98773862699994, 1.152723665000167], [-64.97590011199998, 1.163960868000117], [-64.9642866019999, 1.176117078000175], [-64.95994542299997, 1.187821278000115], [-64.94834490499989, 1.193320384000174], [-64.92104770899988, 1.207068633], [-64.91103027599996, 1.215323779000073], [-64.90034780499991, 1.216230803000144], [-64.89103139499991, 1.215762803000132], [-64.8774067889999, 1.210698727000022], [-64.86670832399994, 1.218951875000016], [-64.85574885499989, 1.243046295], [-64.83977615999993, 1.27287381400015], [-64.82998773899988, 1.28043994300009], [-64.82111734299991, 1.283415005000052], [-64.79952538599997, 1.283851027000082], [-64.78522274899996, 1.276946914000177], [-64.78639678799993, 1.259730619000095], [-64.7871338089999, 1.234937193000178], [-64.77785039399998, 1.219544944000177], [-64.75515237499997, 1.207122745000049], [-64.73833563599999, 1.207102748000125], [-64.72149289899994, 1.218101950000175], [-64.71304553399995, 1.235309251000047], [-64.70914336899983, 1.252063537000026], [-64.70616924299998, 1.260783695000157], [-64.69820489499983, 1.264906772000188], [-64.66522143699996, 1.277263], [-64.64156939299988, 1.284350147000168], [-64.62539669299997, 1.299251410000011], [-64.61560325699998, 1.307503555000096], [-64.59989857199997, 1.316665725000178], [-64.58419588399994, 1.324909881], [-64.57644054499997, 1.336149085000045], [-64.57140833099999, 1.348999307000099], [-64.5629399689999, 1.372865730000115], [-64.5574387339999, 1.391226050000114], [-64.55084044599994, 1.393972105000046], [-64.53854990699989, 1.400383223000119], [-64.53193461899991, 1.409787391000179], [-64.52689941299997, 1.423327639000149], [-64.51345281599998, 1.437313891999963], [-64.50389040199997, 1.442809997000097], [-64.46113150799988, 1.451931182000067], [-64.4272030169999, 1.473692588000119], [-64.40281694899994, 1.496845023000049], [-64.38732927399997, 1.507612221999977], [-64.37504972799991, 1.508970251000164], [-64.35937102499986, 1.506189221000113], [-64.34688346199994, 1.500428130000103], [-64.34100619999992, 1.488248911000028], [-64.34788048399992, 1.468512568000165], [-64.35725889299988, 1.447174180000104], [-64.36868438399995, 1.425379787000111], [-64.39145738599984, 1.409574500000019], [-64.39832267299988, 1.392365194999968], [-64.39427247699996, 1.376974924000137], [-64.38019785699998, 1.370523820000187], [-64.36453115399996, 1.364069715000028], [-64.35477271199989, 1.358543636000149], [-64.34684934999996, 1.347050436000075], [-64.34026905499996, 1.342906366000022], [-64.32957958199995, 1.345184418000031], [-64.32249728099998, 1.358259653000175], [-64.31991617899985, 1.387414155000158], [-64.31234486699998, 1.412887616999967], [-64.30296346499995, 1.434914007000089], [-64.28426864199997, 1.454628364000143], [-64.27583727999996, 1.461501491000092], [-64.24829105499992, 1.475918776000071], [-64.22302393799998, 1.487354994000043], [-64.1956947359999, 1.50452631200011], [-64.18566029699991, 1.515070508000179], [-64.18151912699994, 1.531824817000086], [-64.17580787599996, 1.541228988000057], [-64.16374834499993, 1.544651061000138], [-64.14348645199982, 1.554027242000075], [-64.09933049999995, 1.570475571999964], [-64.07191730999989, 1.61336335500016], [-64.06819116799988, 1.641830873000117], [-64.06637833199983, 1.650486134000118], [-64.06011383099991, 1.68039557000003], [-64.06045588099988, 1.716911223000011], [-64.06143697199997, 1.767438138999978], [-64.05593773399988, 1.780977379000035], [-64.05176057899996, 1.808069879000129], [-64.05647180799997, 1.828980254000157], [-64.05685484699995, 1.8521776770001], [-64.05043057399996, 1.870539008000094], [-64.04628841199997, 1.885919292999972], [-64.04646642599988, 1.901767582000048], [-64.04481937199995, 1.919679917000053], [-64.03934614199994, 1.924262006000163], [-64.01880824199998, 1.945581407000134], [-63.99395314599997, 1.965512806], [-63.99561890399997, 1.971285275000071], [-63.99766278799996, 1.978132399000117], [-64.001105, 1.989664], [-64.01270549799989, 1.993604252000125], [-64.02610094499988, 1.998154179999972], [-64.062463, 2.010505000000137], [-64.15355699999986, 2.00539], [-64.244663, 2.000269000000173], [-64.30094599999984, 1.995041000000128], [-64.38403899999986, 1.987190000000169], [-64.43495, 1.990029], [-64.515413, 1.968677000000127], [-64.57969999999983, 1.98503200000016], [-64.660092, 1.996036], [-64.716372, 2.004279000000167], [-64.76199999999989, 1.985514], [-64.821135, 1.926314000000104], [-64.842651, 1.899388000000158], [-64.89373099999983, 1.84285100000011], [-64.99314, 1.756729], [-65.049562, 1.705577], [-65.06853799999988, 1.688001], [-65.099637, 1.668528], [-65.13083499999982, 1.598258000000101], [-65.193052, 1.547577], [-65.247475, 1.512505], [-65.34849799999984, 1.477504000000181], [-65.449404, 1.520665000000122], [-65.484321, 1.544176000000164], [-65.5114779999999, 1.563766000000101], [-65.54636, 1.61073400000015], [-65.561859, 1.634215000000154], [-65.538483, 1.673266], [-65.519011, 1.700595000000135], [-65.4800719999999, 1.751338], [-65.46057499999984, 1.790389000000118], [-65.448862, 1.821636000000183], [-65.456569, 1.852921], [-65.468152, 1.888124], [-65.464163, 1.93893], [-65.456294, 1.985818000000165], [-65.444555, 2.02488000000011], [-65.43675, 2.04049700000013], [-65.405539, 2.099056000000132], [-65.389881, 2.149829000000182], [-65.370334, 2.200591], [-65.370267, 2.227950000000135], [-65.374017, 2.282677], [-65.37007199999988, 2.306116], [-65.366087, 2.345190000000116], [-65.36213, 2.372537], [-65.35837, 2.39288], [-65.36927999999983, 2.400924000000145], [-65.372009, 2.402073], [-65.382931, 2.402536000000111], [-65.397256, 2.408743000000129], [-65.402484, 2.412420000000111], [-65.411124, 2.417476], [-65.420438, 2.426667000000123], [-65.427021, 2.436776], [-65.430648, 2.445967], [-65.435416, 2.45263000000017], [-65.447014, 2.457457], [-65.459523, 2.462743], [-65.464513, 2.472852000000159], [-65.467478, 2.489782000000105], [-65.467808, 2.489782000000105], [-65.468055, 2.489658], [-65.468384, 2.48961700000018], [-65.469168, 2.489782000000105], [-65.46958099999989, 2.490029000000163], [-65.469911, 2.490070000000173], [-65.470447, 2.490070000000173], [-65.470611, 2.489823000000172], [-65.47073399999982, 2.489576000000113], [-65.470938, 2.489205], [-65.471309, 2.48912300000012], [-65.471598, 2.489205], [-65.472383, 2.489782000000105], [-65.473375, 2.490482000000156], [-65.474034, 2.490482000000156], [-65.4742399999999, 2.490337], [-65.474383, 2.490173000000141], [-65.474547, 2.489967000000149], [-65.474794, 2.489699], [-65.47516499999989, 2.48961700000018], [-65.475639, 2.489761000000158], [-65.476217, 2.490070000000173], [-65.476815, 2.490234], [-65.477496, 2.490276000000165], [-65.477907, 2.490173000000141], [-65.478175, 2.490173000000141], [-65.478856, 2.49044], [-65.478919, 2.490626], [-65.47892, 2.490893], [-65.47885899999989, 2.491264000000172], [-65.47885999999988, 2.491511], [-65.47914899999984, 2.491737], [-65.4794169999999, 2.491737], [-65.479664, 2.491655], [-65.479684, 2.491470000000163], [-65.479684, 2.491284], [-65.479682, 2.490934], [-65.47982599999989, 2.490626], [-65.48027899999988, 2.490543], [-65.48098, 2.490873], [-65.481044, 2.491284], [-65.48102399999988, 2.491531], [-65.481025, 2.491820000000189], [-65.481129, 2.492067], [-65.481583, 2.492169000000104], [-65.48216, 2.492231], [-65.482222, 2.492458], [-65.48205999999982, 2.493034], [-65.481669, 2.493343], [-65.481278, 2.49361000000016], [-65.481259, 2.494002], [-65.481281, 2.494228000000135], [-65.481569, 2.494249], [-65.481816, 2.494146], [-65.482332, 2.494331000000102], [-65.48235299999982, 2.494578000000104], [-65.48221, 2.494948], [-65.481861, 2.495113000000174], [-65.481882, 2.495319000000165], [-65.482068, 2.495607000000177], [-65.48211, 2.495669000000134], [-65.48206999999985, 2.495957], [-65.48198799999989, 2.496184000000142], [-65.48201, 2.496472000000153], [-65.48211299999986, 2.496636], [-65.48244299999988, 2.496616000000188], [-65.482752, 2.496657], [-65.483062, 2.496986], [-65.483063, 2.49713], [-65.483208, 2.49748], [-65.483559, 2.497522000000174], [-65.483867, 2.497398], [-65.48423799999989, 2.49713], [-65.484629, 2.497048], [-65.484918, 2.497316000000183], [-65.484754, 2.497563000000184], [-65.484549, 2.497707], [-65.4840339999999, 2.497810000000186], [-65.48372599999982, 2.498201], [-65.483727, 2.498366], [-65.4838299999999, 2.498633], [-65.48403699999989, 2.498695], [-65.48428499999989, 2.49886], [-65.48449099999988, 2.49888], [-65.484593, 2.498736], [-65.484552, 2.498592], [-65.48444799999987, 2.498469000000171], [-65.484345, 2.498304], [-65.484365, 2.498283], [-65.484344, 2.49818], [-65.48444699999988, 2.498077], [-65.484756, 2.498098], [-65.485065, 2.49818], [-65.48527299999984, 2.498695], [-65.485192, 2.498921000000109], [-65.484966, 2.499086], [-65.484905, 2.499374000000103], [-65.484988, 2.499642], [-65.48531799999989, 2.499704], [-65.485833, 2.499704], [-65.486121, 2.499642], [-65.486368, 2.499374000000103], [-65.4865319999999, 2.499127000000101], [-65.48673799999989, 2.499065], [-65.48719199999988, 2.499271], [-65.487646, 2.499457], [-65.48772899999983, 2.499765000000139], [-65.487504, 2.500115000000108], [-65.487257, 2.500239], [-65.487011, 2.500486], [-65.4865779999999, 2.500568000000101], [-65.486125, 2.500589000000105], [-65.485878, 2.500733], [-65.485713, 2.500856000000169], [-65.485673, 2.501124000000118], [-65.4856539999999, 2.501536000000101], [-65.485717, 2.50190600000019], [-65.485924, 2.502174000000139], [-65.48646, 2.502174000000139], [-65.487016, 2.502112000000182], [-65.487345, 2.501824000000113], [-65.487509, 2.501556000000164], [-65.48748799999987, 2.501350000000173], [-65.48744499999987, 2.501042], [-65.487465, 2.500774], [-65.48773199999988, 2.500465000000133], [-65.48797799999983, 2.500259000000142], [-65.488349, 2.500136000000111], [-65.488637, 2.49997100000013], [-65.489028, 2.499704], [-65.48943899999989, 2.499457], [-65.489851, 2.49956], [-65.489976, 2.499909000000116], [-65.489977, 2.500177000000122], [-65.48977199999985, 2.500321], [-65.489814, 2.500651], [-65.490061, 2.500733], [-65.490268, 2.500733], [-65.49037, 2.500568000000101], [-65.49037, 2.500424000000123], [-65.4904509999999, 2.500218000000132], [-65.490719, 2.500136000000111], [-65.490924, 2.49997100000013], [-65.491172, 2.49997100000013], [-65.491523, 2.500115000000108], [-65.49189, 2.50071400000013], [-65.492653, 2.50222], [-65.4928589999999, 2.502591000000166], [-65.49327099999988, 2.503705], [-65.49331199999989, 2.50387000000012], [-65.493333, 2.504221], [-65.493292, 2.504510000000153], [-65.49327099999988, 2.50484100000017], [-65.493292, 2.505150000000185], [-65.493436, 2.505336000000113], [-65.493704, 2.505604], [-65.493931, 2.505645], [-65.494178, 2.505727000000149], [-65.494343, 2.50585000000018], [-65.494363, 2.505953], [-65.494343, 2.506181], [-65.494096, 2.506387000000188], [-65.493889, 2.506470000000149], [-65.493828, 2.506718], [-65.493931, 2.506966000000148], [-65.493972, 2.507317], [-65.49424, 2.507853000000182], [-65.494446, 2.508100000000184], [-65.494631, 2.508121000000131], [-65.494858, 2.50812], [-65.495085, 2.508264], [-65.495085, 2.508430000000146], [-65.49502299999989, 2.50876], [-65.49489899999986, 2.508884], [-65.49489899999986, 2.509111000000189], [-65.49502299999989, 2.509359], [-65.495002, 2.509648], [-65.49477599999989, 2.509669000000144], [-65.4945699999999, 2.509607000000187], [-65.494405, 2.509422000000143], [-65.49424, 2.509154], [-65.494137, 2.508927], [-65.493869, 2.5087410000001], [-65.493642, 2.508742], [-65.493436, 2.508866000000125], [-65.493415, 2.509052], [-65.494199, 2.509855], [-65.494549, 2.510226], [-65.49459, 2.510557], [-65.49459, 2.510763], [-65.494363, 2.511176000000148], [-65.493725, 2.511776], [-65.493539, 2.51202400000011], [-65.493539, 2.512251000000106], [-65.493622, 2.51254], [-65.493828, 2.512767000000167], [-65.494013, 2.512870000000134], [-65.494363, 2.513034], [-65.494879, 2.513323000000128], [-65.49510499999985, 2.513756000000114], [-65.49510499999985, 2.514045], [-65.494879, 2.514417], [-65.494631, 2.51462400000014], [-65.494549, 2.514830000000131], [-65.49469299999987, 2.515057], [-65.494796, 2.515284], [-65.495291, 2.515923000000157], [-65.495435, 2.516191000000106], [-65.495394, 2.516501], [-65.495208, 2.516646], [-65.49498199999988, 2.516729], [-65.494796, 2.516853], [-65.494755, 2.517039000000125], [-65.49473399999988, 2.517266], [-65.4945699999999, 2.517431], [-65.494405, 2.517514000000176], [-65.494363, 2.517741000000115], [-65.494446, 2.517948], [-65.49469299999987, 2.518112], [-65.49502299999989, 2.518256000000122], [-65.495559, 2.518503000000123], [-65.49572399999983, 2.518771], [-65.495744, 2.518916000000161], [-65.495806, 2.51937], [-65.495971, 2.519535], [-65.496012, 2.519658000000106], [-65.496012, 2.519927000000166], [-65.49593, 2.520092000000147], [-65.495662, 2.520216], [-65.495394, 2.520361], [-65.495188, 2.520444000000111], [-65.49502299999989, 2.520651], [-65.49502299999989, 2.52098100000012], [-65.495044, 2.52127], [-65.495188, 2.521353], [-65.49531099999984, 2.521352], [-65.49547599999988, 2.521331000000146], [-65.49572399999983, 2.521414000000107], [-65.495682, 2.521558], [-65.495682, 2.521806], [-65.495682, 2.522033000000135], [-65.495868, 2.522115], [-65.496095, 2.522115], [-65.496301, 2.522114000000101], [-65.496527, 2.522259], [-65.496424, 2.522362], [-65.496095, 2.522899], [-65.495744, 2.523746000000131], [-65.495744, 2.524283000000139], [-65.4957849999999, 2.524572], [-65.495992, 2.524716], [-65.496156, 2.524716], [-65.496259, 2.524654000000112], [-65.496342, 2.524509], [-65.496342, 2.524282], [-65.496342, 2.523993000000132], [-65.496342, 2.523477], [-65.496466, 2.523208], [-65.49669199999988, 2.523146], [-65.49693999999988, 2.523373000000163], [-65.49698099999989, 2.523579000000154], [-65.49698099999989, 2.523889], [-65.496898, 2.524178000000177], [-65.496672, 2.524426], [-65.496672, 2.524694], [-65.496713, 2.524839000000156], [-65.496919, 2.524838], [-65.497352, 2.525106], [-65.497352, 2.52533300000016], [-65.497207, 2.525581000000102], [-65.497207, 2.525767], [-65.49726899999985, 2.526035000000149], [-65.497661, 2.52622], [-65.497805, 2.526365000000112], [-65.497764, 2.526592], [-65.49763999999988, 2.526819], [-65.497393, 2.527129], [-65.497372, 2.527336000000162], [-65.497372, 2.527542000000153], [-65.497537, 2.527666000000124], [-65.497661, 2.527665], [-65.497867, 2.527665], [-65.498073, 2.527789000000155], [-65.498073, 2.528057000000103], [-65.497908, 2.528222], [-65.497785, 2.528553000000159], [-65.497785, 2.528718], [-65.497908, 2.528966], [-65.498032, 2.529131000000177], [-65.498217, 2.529337000000169], [-65.4983, 2.529626000000121], [-65.4983, 2.529853], [-65.498176, 2.530059], [-65.4979909999999, 2.530183], [-65.497846, 2.530576], [-65.4979909999999, 2.531050000000164], [-65.498259, 2.531587000000172], [-65.498547, 2.531669], [-65.49864999999988, 2.531607], [-65.498712, 2.531297000000166], [-65.498712, 2.531132000000184], [-65.498671, 2.530802], [-65.4989389999999, 2.530760000000157], [-65.49931, 2.531028000000106], [-65.499577, 2.531295000000171], [-65.499804, 2.531130000000189], [-65.499825, 2.530862], [-65.499825, 2.530593000000181], [-65.49999, 2.53049], [-65.500216, 2.530489000000102], [-65.50052499999987, 2.530509000000166], [-65.500587, 2.530427], [-65.5006489999999, 2.530034000000114], [-65.500958, 2.529704000000152], [-65.50134999999989, 2.529496000000165], [-65.5017, 2.529516], [-65.502092, 2.529536000000121], [-65.502586, 2.52968], [-65.50281299999989, 2.529948000000104], [-65.502875, 2.530237], [-65.502916, 2.530815], [-65.50326599999988, 2.531268], [-65.503596, 2.531371], [-65.50396699999982, 2.531453000000113], [-65.504565, 2.531720000000178], [-65.504791, 2.532071], [-65.504791, 2.532339], [-65.50485299999986, 2.532876], [-65.50505899999985, 2.53353600000014], [-65.50542999999988, 2.534114], [-65.50605799999988, 2.534813], [-65.50564299999985, 2.535514], [-65.50531199999989, 2.535844000000168], [-65.504528, 2.536052], [-65.504197, 2.536506], [-65.504237, 2.536835], [-65.50477299999989, 2.536833], [-65.5053089999999, 2.536873000000185], [-65.505804, 2.536789000000169], [-65.505928, 2.536459], [-65.506629, 2.536539000000118], [-65.50671, 2.536909000000151], [-65.507038, 2.5374020000001], [-65.506955, 2.537608], [-65.506748, 2.537937000000113], [-65.506787, 2.538349], [-65.507323, 2.538470000000189], [-65.507736, 2.538304], [-65.50814799999989, 2.538262], [-65.5083949999999, 2.538302000000101], [-65.50888899999984, 2.538424], [-65.50905299999988, 2.538753000000156], [-65.509258, 2.539122000000134], [-65.509505, 2.539204000000154], [-65.510164, 2.539366], [-65.510492, 2.5399], [-65.5114779999999, 2.540637], [-65.51118899999989, 2.540967], [-65.510612, 2.540969000000189], [-65.509828, 2.541095], [-65.509002, 2.541633], [-65.508217, 2.542088], [-65.50772199999989, 2.542172], [-65.508093, 2.542377000000158], [-65.508629, 2.542169000000172], [-65.509578, 2.54196], [-65.510484, 2.541998], [-65.510772, 2.542203000000143], [-65.51060599999988, 2.542533000000105], [-65.51007, 2.542535], [-65.509493, 2.542783000000156], [-65.509532, 2.543195000000139], [-65.509737, 2.543729], [-65.511545, 2.545286000000146], [-65.511914, 2.545820000000106], [-65.511746, 2.546602000000121], [-65.511992, 2.547178], [-65.51285699999988, 2.547298000000183], [-65.51368099999985, 2.547254], [-65.514382, 2.547252], [-65.515124, 2.547249], [-65.515784, 2.547], [-65.516899, 2.546420000000182], [-65.51735, 2.547159], [-65.51755299999985, 2.548187], [-65.51784, 2.548639], [-65.518581, 2.548842], [-65.519072, 2.549704000000133], [-65.51907, 2.550527000000159], [-65.519148, 2.551803], [-65.5189319999999, 2.554684], [-65.519053, 2.555259], [-65.519795, 2.555504], [-65.520208, 2.555214], [-65.521156, 2.55517], [-65.521484, 2.555498], [-65.5215649999999, 2.556115000000148], [-65.52105399999988, 2.55763], [-65.521062, 2.558462], [-65.52114199999988, 2.559161], [-65.52163499999989, 2.559736], [-65.522085, 2.56068], [-65.522247, 2.561585], [-65.521956, 2.562121], [-65.521624, 2.56278], [-65.521623, 2.563274], [-65.521786, 2.563809000000106], [-65.521907, 2.564466], [-65.521864, 2.565002], [-65.521622, 2.565894000000128], [-65.521191, 2.567374], [-65.52096499999988, 2.567744], [-65.520574, 2.568155000000161], [-65.52041, 2.568299], [-65.52006099999988, 2.569101000000103], [-65.519834, 2.569286], [-65.51954599999982, 2.569430000000125], [-65.519196, 2.569451], [-65.51859799999988, 2.569452000000183], [-65.518207, 2.569453], [-65.517712, 2.569495000000188], [-65.51728, 2.56974200000019], [-65.517157, 2.570112], [-65.51693099999989, 2.570544], [-65.51664299999987, 2.570709], [-65.516128, 2.570976000000144], [-65.51586, 2.571223000000145], [-65.51575799999983, 2.571655], [-65.515614, 2.571819], [-65.515367, 2.571943], [-65.5150579999999, 2.572211], [-65.514605, 2.572499], [-65.514235, 2.57289], [-65.51404999999983, 2.573075], [-65.513948, 2.573506], [-65.513824, 2.573753], [-65.51367999999985, 2.573835], [-65.513433, 2.573692000000165], [-65.513123, 2.573508], [-65.512731, 2.573344000000134], [-65.512567, 2.573570000000188], [-65.512568, 2.57392], [-65.512486, 2.574413000000106], [-65.512322, 2.5747], [-65.512034, 2.57513200000011], [-65.512158, 2.575481], [-65.51221999999984, 2.575748], [-65.512613, 2.576589], [-65.513089, 2.577718], [-65.513152, 2.578006], [-65.513152, 2.578190000000177], [-65.513194, 2.578437000000179], [-65.513236, 2.578847], [-65.513236, 2.579238], [-65.51334, 2.579628000000127], [-65.51334, 2.579854000000182], [-65.513155, 2.58008], [-65.513052, 2.580203], [-65.51272299999988, 2.580224000000101], [-65.512414, 2.580225000000155], [-65.512043, 2.580205], [-65.51163, 2.580062000000169], [-65.511321, 2.580001], [-65.511074, 2.580042000000105], [-65.51080599999989, 2.580310000000111], [-65.51047699999987, 2.580577000000176], [-65.510168, 2.580722], [-65.50938599999984, 2.581175], [-65.50909799999988, 2.581668], [-65.5089339999999, 2.5821], [-65.508955, 2.582346000000143], [-65.509367, 2.582325], [-65.50959399999988, 2.582181000000162], [-65.5101499999999, 2.581913], [-65.5105, 2.581933000000106], [-65.51134499999984, 2.581952], [-65.511716, 2.582157000000166], [-65.511882, 2.582485], [-65.5121099999999, 2.583388], [-65.512503, 2.584127], [-65.512772, 2.584784], [-65.512731, 2.585030000000188], [-65.512587, 2.585318], [-65.512381, 2.585442000000171], [-65.51213399999983, 2.585442000000171], [-65.511577, 2.584991000000173], [-65.51134999999988, 2.58493], [-65.511082, 2.58493], [-65.51085599999988, 2.585403000000156], [-65.51093999999989, 2.586122000000103], [-65.510961, 2.58643], [-65.511333, 2.587128], [-65.51180799999986, 2.58786600000019], [-65.51193299999989, 2.588297000000125], [-65.511768, 2.58852300000018], [-65.511377, 2.588627], [-65.511171, 2.588627], [-65.510882, 2.588689], [-65.510883, 2.58895600000011], [-65.510883, 2.589244000000122], [-65.510946, 2.589716000000124], [-65.511029, 2.590003], [-65.51121499999982, 2.590434000000187], [-65.511298, 2.590783000000101], [-65.511257, 2.591009000000156], [-65.51099, 2.591195], [-65.510681, 2.591257], [-65.510351, 2.59136], [-65.509879, 2.592121], [-65.50876799999986, 2.593232], [-65.507779, 2.593583], [-65.507244, 2.59383], [-65.506873, 2.593831], [-65.506543, 2.593667], [-65.506089, 2.593421], [-65.5057379999999, 2.593299000000115], [-65.50546999999983, 2.593278000000169], [-65.505306, 2.593505000000107], [-65.50530699999985, 2.594203000000107], [-65.505123, 2.594819], [-65.504856, 2.595559], [-65.504753, 2.595867000000112], [-65.504486, 2.595971], [-65.50425899999982, 2.595971], [-65.503971, 2.596197], [-65.503621, 2.596239], [-65.503291, 2.596075], [-65.502713, 2.595994000000132], [-65.50209599999982, 2.596262000000138], [-65.501972, 2.596488], [-65.502117, 2.596899], [-65.502303, 2.597145000000182], [-65.502716, 2.59739100000013], [-65.502881, 2.597657], [-65.50284, 2.597945], [-65.502573, 2.59808900000013], [-65.50213999999988, 2.598275], [-65.5012339999999, 2.598359], [-65.500616, 2.598647], [-65.499998, 2.598936], [-65.499998, 2.599141000000145], [-65.500283, 2.599212000000136], [-65.501135, 2.600094000000126], [-65.50143, 2.60042], [-65.50139699999988, 2.600845], [-65.50110199999989, 2.601042], [-65.50061099999988, 2.601632000000166], [-65.500217, 2.601894000000186], [-65.50002099999989, 2.602156], [-65.499824, 2.602746], [-65.499464, 2.603957], [-65.499136, 2.604710000000125], [-65.499169, 2.605135000000132], [-65.49952899999988, 2.605003], [-65.49972599999984, 2.604872], [-65.50002099999989, 2.604872], [-65.500414, 2.605362], [-65.500643, 2.60595], [-65.50084, 2.607062], [-65.501069, 2.608108], [-65.501201, 2.609318], [-65.501135, 2.609907], [-65.50084, 2.611315], [-65.501004, 2.612165], [-65.501069, 2.612590000000182], [-65.50139699999988, 2.612720000000138], [-65.501659, 2.612851], [-65.5015279999999, 2.613014], [-65.501069, 2.613048], [-65.500709, 2.612983], [-65.500152, 2.612657], [-65.49988999999988, 2.612494], [-65.499595, 2.612593], [-65.4993649999999, 2.612855], [-65.4993, 2.613476000000162], [-65.499333, 2.614163000000133], [-65.49923399999989, 2.614425000000153], [-65.498972, 2.614458], [-65.49871, 2.614132], [-65.49835, 2.613740000000121], [-65.49812, 2.613740000000121], [-65.497825, 2.613806], [-65.497825, 2.6141], [-65.497825, 2.614591000000189], [-65.497891, 2.615016], [-65.497825, 2.615409], [-65.498087, 2.615997], [-65.498513, 2.61616], [-65.498612, 2.616389], [-65.498612, 2.616716000000167], [-65.498776, 2.617141000000174], [-65.49880799999988, 2.617566000000124], [-65.498743, 2.617861], [-65.49880799999988, 2.618384000000162], [-65.499202, 2.618514], [-65.499628, 2.618448000000114], [-65.499923, 2.618448000000114], [-65.500775, 2.619133000000147], [-65.50179, 2.619393000000173], [-65.502216, 2.619327], [-65.502446, 2.619196], [-65.50293699999986, 2.618998000000147], [-65.503363, 2.6189], [-65.503789, 2.618670000000179], [-65.50392, 2.618277], [-65.50401899999986, 2.618015000000185], [-65.504281, 2.618146], [-65.504314, 2.618505], [-65.50434599999983, 2.618833000000166], [-65.504576, 2.618996000000152], [-65.50474, 2.619028000000128], [-65.50506699999988, 2.619028000000128], [-65.505461, 2.619125000000167], [-65.50572299999988, 2.619550000000174], [-65.505952, 2.61958200000015], [-65.506018, 2.619386], [-65.506018, 2.619157], [-65.506116, 2.61889500000018], [-65.506345, 2.6186], [-65.50663999999989, 2.618534000000125], [-65.507033, 2.618533], [-65.507132, 2.618272000000104], [-65.50722999999988, 2.617977], [-65.50759099999982, 2.617813000000183], [-65.507918, 2.617812], [-65.50831099999988, 2.6184], [-65.50863899999985, 2.61925], [-65.50863899999985, 2.619905], [-65.508279, 2.622195], [-65.508475, 2.622522], [-65.50877, 2.62278300000014], [-65.509131, 2.623142], [-65.509557, 2.623207], [-65.509753, 2.623109000000113], [-65.509983, 2.623239], [-65.5100149999999, 2.62337], [-65.509753, 2.623468000000173], [-65.509426, 2.623469], [-65.508967, 2.623437], [-65.50909799999988, 2.624189000000115], [-65.510114, 2.624842000000172], [-65.510507, 2.624939], [-65.511031, 2.624873], [-65.511162, 2.624513], [-65.511457, 2.624087], [-65.511916, 2.623857], [-65.512375, 2.623987000000113], [-65.512539, 2.624380000000144], [-65.512539, 2.624903], [-65.51208, 2.625231], [-65.511556, 2.62542800000017], [-65.511293, 2.625658], [-65.511293, 2.626083000000165], [-65.51149, 2.62641], [-65.511752, 2.626409000000137], [-65.511949, 2.626311], [-65.512309, 2.626310000000103], [-65.5126039999999, 2.626211000000126], [-65.512801, 2.626178], [-65.51325999999983, 2.626407000000142], [-65.513227, 2.626701000000139], [-65.51276799999988, 2.62673500000011], [-65.512375, 2.62673500000011], [-65.512047, 2.626997000000131], [-65.51185099999987, 2.627423], [-65.511982, 2.627815000000112], [-65.51247299999989, 2.627880000000175], [-65.512571, 2.627749000000165], [-65.5126039999999, 2.627585000000124], [-65.5126039999999, 2.627258], [-65.512866, 2.627127], [-65.513194, 2.627257000000156], [-65.513194, 2.627846], [-65.512997, 2.62801], [-65.512932, 2.628174000000172], [-65.512932, 2.628468000000169], [-65.51306299999987, 2.628631000000155], [-65.51342299999982, 2.628631000000155], [-65.513718, 2.62863], [-65.51398099999989, 2.628859], [-65.513948, 2.629186], [-65.513751, 2.629317], [-65.513456, 2.629318000000126], [-65.513129, 2.62928600000015], [-65.512965, 2.629547], [-65.51276799999988, 2.629973000000177], [-65.51276799999988, 2.630366000000151], [-65.51285699999988, 2.630623000000128], [-65.51317499999988, 2.630716000000177], [-65.513903, 2.630711000000133], [-65.51419, 2.630868000000135], [-65.51425599999982, 2.631121000000121], [-65.514131, 2.631248000000141], [-65.513818, 2.631567], [-65.513568, 2.631886000000179], [-65.513478, 2.632298000000162], [-65.513545, 2.632583000000125], [-65.51377, 2.632835000000171], [-65.513867, 2.632992], [-65.5137739999999, 2.633215000000177], [-65.51362, 2.633596], [-65.513529, 2.633882], [-65.513531, 2.634072], [-65.513879, 2.634038], [-65.51410099999987, 2.634036], [-65.51438599999989, 2.634066], [-65.514701, 2.633937], [-65.514859, 2.633904000000143], [-65.514988, 2.634030000000109], [-65.51505399999985, 2.634315], [-65.514932, 2.634664000000157], [-65.514807, 2.634824], [-65.51478, 2.635204], [-65.514687, 2.635426000000166], [-65.514752, 2.635521], [-65.514911, 2.635615000000143], [-65.515292, 2.635676], [-65.515545, 2.635611], [-65.515669, 2.635420000000181], [-65.515729, 2.635134000000164], [-65.515757, 2.634817], [-65.515883, 2.634753], [-65.51601099999988, 2.634815], [-65.516204, 2.635068], [-65.516206, 2.635258], [-65.516113, 2.635417000000132], [-65.51605299999989, 2.635734], [-65.515928, 2.635893], [-65.51580399999989, 2.636116], [-65.515774, 2.636274000000128], [-65.5159349999999, 2.636432], [-65.516284, 2.636493000000144], [-65.516537, 2.636491000000149], [-65.516855, 2.636552], [-65.517205, 2.636740000000145], [-65.517241, 2.637056], [-65.51705599999985, 2.637469], [-65.516963, 2.637692], [-65.517028, 2.637818], [-65.5176019999999, 2.638163000000134], [-65.51805199999984, 2.638698000000147], [-65.518854, 2.639548000000161], [-65.519399, 2.640051], [-65.51972099999989, 2.640493000000163], [-65.519821, 2.640904], [-65.519793, 2.641284], [-65.519417, 2.641604], [-65.518946, 2.641923], [-65.518255, 2.642467], [-65.5178489999999, 2.642976], [-65.517821, 2.643293], [-65.517921, 2.643673], [-65.5181439999999, 2.64383], [-65.518334, 2.643828], [-65.51868, 2.643573000000117], [-65.519526, 2.642775000000142], [-65.51984, 2.642551], [-65.520188, 2.642517000000112], [-65.520411, 2.642611000000102], [-65.5208899999999, 2.642956], [-65.5212719999999, 2.643112000000144], [-65.52178, 2.643172000000163], [-65.52222199999989, 2.643042], [-65.523422, 2.64278], [-65.523708, 2.64281], [-65.523742, 2.643000000000143], [-65.5236809999999, 2.643222], [-65.52346399999988, 2.643635], [-65.52309199999985, 2.644272], [-65.522781, 2.644780000000139], [-65.522784, 2.64503400000018], [-65.522913, 2.645223], [-65.522977, 2.645286], [-65.523167, 2.645316], [-65.523515, 2.645251], [-65.524116, 2.645183], [-65.524685, 2.645116], [-65.525416, 2.645238], [-65.52551199999988, 2.645332000000167], [-65.525481, 2.645428], [-65.525324, 2.645524], [-65.525074, 2.64581], [-65.524637, 2.646384000000182], [-65.524418, 2.646575000000155], [-65.524358, 2.646892], [-65.524459, 2.647367000000145], [-65.52484399999986, 2.647839], [-65.525199, 2.648344000000122], [-65.525586, 2.648943000000145], [-65.526162, 2.649415000000147], [-65.52642, 2.649856], [-65.526777, 2.650519], [-65.527256, 2.650864000000126], [-65.52751199999989, 2.651116000000172], [-65.527736, 2.651241], [-65.527958, 2.651303], [-65.52821099999983, 2.651302000000101], [-65.528464, 2.651236000000154], [-65.52858799999984, 2.650982000000113], [-65.528712, 2.65076], [-65.52883899999989, 2.650759000000107], [-65.529126, 2.650979], [-65.52922499999988, 2.651326000000154], [-65.529196, 2.651548], [-65.529071, 2.651644], [-65.528913, 2.651709], [-65.528758, 2.651995], [-65.52873, 2.65228], [-65.528384, 2.652473], [-65.528161, 2.652442000000121], [-65.527938, 2.652254], [-65.527746, 2.652128], [-65.52717399999989, 2.651942000000133], [-65.526791, 2.651723000000118], [-65.52662999999984, 2.651502000000164], [-65.526533, 2.651376], [-65.52634399999988, 2.651441], [-65.526315, 2.651694], [-65.526351, 2.652074], [-65.526487, 2.652865000000133], [-65.5264279999999, 2.653183000000126], [-65.526302, 2.653279000000111], [-65.526112, 2.65324800000019], [-65.525886, 2.652933], [-65.525725, 2.652712], [-65.525503, 2.652619000000186], [-65.52537699999982, 2.652683], [-65.525315, 2.652873], [-65.52550899999989, 2.653189000000111], [-65.52593599999989, 2.65373000000011], [-65.52646699999985, 2.6548], [-65.526734, 2.65552300000013], [-65.52688499999988, 2.656218], [-65.527031, 2.656333000000188], [-65.52717399999989, 2.656187], [-65.527288, 2.655983000000163], [-65.527227, 2.655635000000132], [-65.527135, 2.655171000000109], [-65.527188, 2.654706], [-65.527331, 2.654502], [-65.52762, 2.654529000000139], [-65.527852, 2.654614], [-65.528116, 2.654931], [-65.528378, 2.655103], [-65.528524, 2.655305], [-65.528527, 2.655595], [-65.527749, 2.655834], [-65.52801199999988, 2.656093], [-65.52859199999989, 2.656262], [-65.529083, 2.656258], [-65.52951499999989, 2.656109000000129], [-65.529946, 2.655816], [-65.530321, 2.655783000000156], [-65.53124999999983, 2.656095], [-65.531599, 2.656324000000154], [-65.531807, 2.656874000000187], [-65.531872, 2.657599000000118], [-65.531533, 2.658415000000161], [-65.531075, 2.658854], [-65.530242, 2.659441000000129], [-65.529898, 2.659705], [-65.529727, 2.660026], [-65.529648, 2.660752], [-65.52967999999987, 2.661101000000144], [-65.529855, 2.661244], [-65.52997099999988, 2.661243000000184], [-65.530201, 2.661154000000124], [-65.530342, 2.660805], [-65.530542, 2.660542], [-65.530772, 2.660453000000189], [-65.531581, 2.660417], [-65.532044, 2.660384], [-65.532188, 2.660354000000154], [-65.532302, 2.660208000000182], [-65.532358, 2.659975], [-65.532354, 2.659656000000155], [-65.532236, 2.659338000000105], [-65.532204, 2.659077], [-65.53205899999989, 2.658991000000185], [-65.53237499999983, 2.658843], [-65.532607, 2.658841], [-65.53283899999985, 2.658984000000146], [-65.532957, 2.659187], [-65.53325, 2.659620000000189], [-65.533397, 2.659851000000117], [-65.533571, 2.660229000000129], [-65.533643, 2.660571000000175], [-65.53368099999989, 2.660948000000133], [-65.533614, 2.661120000000153], [-65.533309, 2.661328], [-65.53313899999989, 2.661398], [-65.533072, 2.66157], [-65.533143, 2.661809000000119], [-65.53321299999988, 2.661946], [-65.533693, 2.662216], [-65.533899, 2.662317], [-65.534243, 2.662554000000114], [-65.534518, 2.662757], [-65.53476099999989, 2.663167], [-65.534838, 2.664091], [-65.53504699999985, 2.664501], [-65.53539099999989, 2.66473800000017], [-65.5359739999999, 2.665041], [-65.536317, 2.665210000000116], [-65.536354, 2.665518], [-65.536188, 2.665999], [-65.535985, 2.666206000000102], [-65.535782, 2.666345], [-65.535785, 2.666654], [-65.535822, 2.666927000000101], [-65.536167, 2.667302], [-65.53651, 2.667504], [-65.53692299999989, 2.667809], [-65.537166, 2.668184], [-65.537341, 2.668663], [-65.537514, 2.668867], [-65.538097, 2.669136], [-65.538304, 2.669374], [-65.53833999999989, 2.66958], [-65.538141, 2.67013], [-65.53787199999982, 2.670577], [-65.537876, 2.670989], [-65.53798, 2.671125000000188], [-65.538288, 2.671225000000106], [-65.538902, 2.671186], [-65.539616, 2.670906000000173], [-65.540195, 2.670798000000104], [-65.540434, 2.67083], [-65.540572, 2.670966], [-65.540779, 2.671170000000131], [-65.540986, 2.671374000000185], [-65.54129499999988, 2.671543], [-65.541569, 2.671609], [-65.54191, 2.671606000000168], [-65.542149, 2.671673], [-65.542321, 2.671808], [-65.542804, 2.672318000000132], [-65.543422, 2.672690000000159], [-65.544521, 2.673367], [-65.544695, 2.673639000000151], [-65.544698, 2.674016000000108], [-65.544532, 2.674429000000146], [-65.544227, 2.674706000000185], [-65.543854, 2.67488], [-65.543173, 2.675091], [-65.543073, 2.675366], [-65.543111, 2.675709], [-65.54325099999988, 2.67605], [-65.543563, 2.676493], [-65.54363299999989, 2.676767000000154], [-65.543636, 2.677007000000117], [-65.543469, 2.6774190000001], [-65.543168, 2.67797], [-65.542899, 2.67838300000011], [-65.542288, 2.678766000000167], [-65.541983, 2.678939000000128], [-65.54195, 2.679145000000119], [-65.541817, 2.67948900000016], [-65.541857, 2.680003], [-65.542031, 2.680378000000132], [-65.542407, 2.680478], [-65.543977, 2.680431000000112], [-65.5450019999999, 2.680491], [-65.545788, 2.680621], [-65.546544, 2.681163], [-65.546853, 2.681298], [-65.547023, 2.681228000000146], [-65.547225, 2.680986000000189], [-65.547325, 2.68078], [-65.547562, 2.680538], [-65.54786699999983, 2.68033], [-65.548173, 2.68019], [-65.5485819999999, 2.680118000000107], [-65.54882, 2.680048], [-65.54912599999989, 2.679908000000182], [-65.549365, 2.679906000000187], [-65.549571, 2.680076], [-65.549677, 2.680383], [-65.54954199999986, 2.680590000000109], [-65.549304, 2.6806610000001], [-65.549133, 2.680662], [-65.548963, 2.680698000000177], [-65.548897, 2.680904000000169], [-65.549486, 2.681824], [-65.5497979999999, 2.682302], [-65.55004899999989, 2.683499], [-65.55016299999988, 2.684629], [-65.549994, 2.684802000000104], [-65.549722, 2.684907], [-65.549312, 2.684944], [-65.548156, 2.685399], [-65.54795299999984, 2.685573], [-65.54809199999988, 2.685777], [-65.54878, 2.68632], [-65.54947, 2.687102000000152], [-65.54971499999988, 2.687648], [-65.54992099999987, 2.687852], [-65.550229, 2.687918], [-65.550467, 2.687848], [-65.551151, 2.687911], [-65.55207499999983, 2.688211], [-65.552146, 2.688451], [-65.551841, 2.688693000000171], [-65.551301, 2.689246], [-65.551134, 2.68965900000012], [-65.551308, 2.690034], [-65.551549, 2.690203], [-65.552095, 2.690199], [-65.55253899999985, 2.690195], [-65.552914, 2.690192], [-65.553258, 2.690429000000108], [-65.55374399999988, 2.691282000000115], [-65.554026, 2.692205000000115], [-65.554066, 2.692719], [-65.554103, 2.693061], [-65.554449, 2.693504000000132], [-65.555273, 2.693977000000189], [-65.555343, 2.694216], [-65.555275, 2.694482], [-65.55454999999989, 2.695219000000122], [-65.553523, 2.696140000000128], [-65.55291799999986, 2.69651000000016], [-65.552189, 2.696758000000102], [-65.55011999999988, 2.696770000000186], [-65.549574, 2.696957], [-65.549395, 2.697385000000111], [-65.5494609999999, 2.698056000000179], [-65.549107, 2.699339000000123], [-65.54862999999989, 2.700562], [-65.54815, 2.701358], [-65.548154, 2.701846], [-65.54858399999989, 2.702332000000126], [-65.54907799999984, 2.703183], [-65.549515, 2.704461], [-65.5494609999999, 2.705255], [-65.549096, 2.705318], [-65.548487, 2.705261000000178], [-65.548301, 2.704835000000116], [-65.548173, 2.704103], [-65.54761799999983, 2.703313], [-65.546824, 2.702952], [-65.54645899999986, 2.702954], [-65.5462179999999, 2.7032], [-65.545982, 2.704177000000186], [-65.545745, 2.704911], [-65.545628, 2.705522], [-65.545818, 2.706314], [-65.546432, 2.706981], [-65.54686, 2.707284], [-65.547471, 2.707585000000108], [-65.547779, 2.707949], [-65.547784, 2.70862000000011], [-65.5477939999999, 2.709779], [-65.54779999999988, 2.710512000000165], [-65.547988, 2.711121000000105], [-65.548234, 2.711424000000136], [-65.548608, 2.712459000000138], [-65.548856, 2.713007000000175], [-65.54971099999989, 2.713368], [-65.55099, 2.713482], [-65.552087, 2.71372], [-65.5524549999999, 2.714022000000114], [-65.552765, 2.714692000000127], [-65.552594, 2.716035], [-65.55205099999989, 2.716587000000118], [-65.551689, 2.717077000000131], [-65.551633, 2.717566], [-65.55187699999988, 2.717686], [-65.552729, 2.717681], [-65.553645, 2.717981000000123], [-65.55486999999988, 2.71895], [-65.556218, 2.719979], [-65.557804, 2.720457], [-65.559936, 2.720628000000147], [-65.561092, 2.720621000000108], [-65.562868, 2.721952000000101], [-65.563056, 2.722500000000139], [-65.562874, 2.722685000000183], [-65.561841, 2.722813], [-65.560261, 2.723127000000147], [-65.55898799999983, 2.723745000000122], [-65.558807, 2.723929], [-65.5588709999999, 2.724356], [-65.559305, 2.725207000000125], [-65.559623, 2.726853], [-65.559995, 2.727766], [-65.560301, 2.727947000000142], [-65.560484, 2.727946], [-65.56103199999984, 2.727942], [-65.561885, 2.728120000000104], [-65.562313, 2.728362], [-65.563714, 2.728475000000117], [-65.564263, 2.728655000000117], [-65.564204, 2.728900000000124], [-65.56396199999989, 2.728962000000138], [-65.562805, 2.728908000000104], [-65.56207399999988, 2.728912], [-65.561651, 2.729220000000169], [-65.56141099999985, 2.729709000000128], [-65.561599, 2.730257000000165], [-65.56190799999985, 2.730805], [-65.562217, 2.731474000000105], [-65.562767, 2.731654000000105], [-65.563009, 2.731469], [-65.5631269999999, 2.731102], [-65.56324399999988, 2.7305530000001], [-65.563969, 2.729877000000158], [-65.564939, 2.729444], [-65.565487, 2.729441000000122], [-65.565795, 2.729805], [-65.565798, 2.730232], [-65.56538, 2.731150000000127], [-65.56477599999982, 2.731703], [-65.56398899999988, 2.732256000000177], [-65.56387099999989, 2.732684], [-65.563998, 2.733355000000131], [-65.564496, 2.734633], [-65.564744, 2.735241], [-65.565234, 2.735605], [-65.565478, 2.735603], [-65.56578, 2.735357], [-65.56608299999988, 2.735233000000107], [-65.56632799999988, 2.735415], [-65.56645199999986, 2.735719000000188], [-65.566396, 2.736269], [-65.56646099999989, 2.736695000000111], [-65.566767, 2.736999], [-65.567135, 2.737302], [-65.5672, 2.737789], [-65.567508, 2.738214], [-65.568302, 2.738515], [-65.56878799999987, 2.739143000000126], [-65.56882799999988, 2.739487], [-65.568938, 2.739899], [-65.568843, 2.74051900000012], [-65.56853899999987, 2.741072], [-65.568271, 2.741762000000108], [-65.568102, 2.742039000000148], [-65.568003, 2.742418], [-65.56783399999989, 2.742695], [-65.567771, 2.743143], [-65.56812, 2.743313], [-65.568887, 2.743617000000143], [-65.569238, 2.74389], [-65.569553, 2.744129], [-65.569803, 2.744609000000139], [-65.569742, 2.745194], [-65.56971, 2.745401000000129], [-65.56957299999988, 2.745505], [-65.56936599999989, 2.745576], [-65.569262, 2.745542], [-65.569053, 2.745509], [-65.568878, 2.745373000000143], [-65.568635, 2.745374], [-65.568466, 2.745651], [-65.568469, 2.745857], [-65.568506, 2.746029], [-65.568717, 2.746234000000129], [-65.568892, 2.746371], [-65.569169, 2.746369000000129], [-65.569344, 2.746436000000131], [-65.56941499999988, 2.746539000000155], [-65.569416, 2.746642000000122], [-65.56927999999988, 2.746850000000109], [-65.56907299999989, 2.74692], [-65.568903, 2.747128], [-65.568801, 2.74723200000011], [-65.568734, 2.747405], [-65.568772, 2.747645], [-65.568846, 2.747955], [-65.568886, 2.748333], [-65.569063, 2.748642], [-65.569274, 2.748847000000126], [-65.569623, 2.748947], [-65.570002, 2.748841], [-65.570208, 2.748633], [-65.570379, 2.748494], [-65.5706239999999, 2.748630000000105], [-65.570802, 2.748973], [-65.57056399999982, 2.749285000000157], [-65.57035899999983, 2.749527000000114], [-65.570397, 2.749768000000131], [-65.570958, 2.750212], [-65.57148599999988, 2.750724], [-65.571941, 2.751031000000182], [-65.572122, 2.75158000000016], [-65.572127, 2.75189], [-65.572164, 2.752096], [-65.572271, 2.752268], [-65.572479, 2.752301000000102], [-65.572721, 2.752230000000111], [-65.57285799999983, 2.752126], [-65.572852, 2.751713000000109], [-65.572847, 2.751368000000184], [-65.572915, 2.751265], [-65.573055, 2.751333000000159], [-65.573337, 2.751640000000123], [-65.573654, 2.752017], [-65.573797, 2.752326], [-65.5741139999999, 2.752633], [-65.574256, 2.752907000000164], [-65.574263, 2.753355000000113], [-65.57419799999985, 2.7537], [-65.574172, 2.754251000000181], [-65.574282, 2.754697000000135], [-65.574355, 2.754938000000152], [-65.574394, 2.755247000000168], [-65.57436599999988, 2.755729], [-65.574305, 2.756315], [-65.5742039999999, 2.756522000000132], [-65.574032, 2.756627], [-65.573758, 2.75680100000011], [-65.573725, 2.75697300000013], [-65.573764, 2.757283], [-65.573942, 2.757557000000133], [-65.574258, 2.757864000000154], [-65.574642, 2.75803400000018], [-65.574959, 2.758341], [-65.57677399999983, 2.759189000000163], [-65.57736699999987, 2.759495], [-65.577613, 2.759665], [-65.577962, 2.75983500000018], [-65.578344, 2.759866], [-65.578585, 2.759796000000108], [-65.57882499999988, 2.759622], [-65.57906699999984, 2.75951700000013], [-65.57924, 2.759516], [-65.579346, 2.759653000000185], [-65.579348, 2.75979000000018], [-65.5792479999999, 2.760066000000108], [-65.579043, 2.760274], [-65.578665, 2.760552000000132], [-65.578392, 2.760795], [-65.57829, 2.760968000000105], [-65.57836299999985, 2.76124300000015], [-65.578505, 2.761449000000141], [-65.578749, 2.761516000000142], [-65.578922, 2.76148], [-65.579093, 2.761341], [-65.579438, 2.761201], [-65.57968, 2.761199], [-65.57985599999984, 2.761336], [-65.579928, 2.761542], [-65.579897, 2.761783], [-65.579796, 2.761990000000139], [-65.579868, 2.762196000000131], [-65.580044, 2.762401000000182], [-65.580394, 2.76264], [-65.58056899999985, 2.762742000000173], [-65.580745, 2.762878], [-65.58098799999988, 2.762911], [-65.5811609999999, 2.76291], [-65.581264, 2.762806000000126], [-65.581504, 2.762666], [-65.581712, 2.762631], [-65.581922, 2.76276700000011], [-65.581926, 2.763042], [-65.582034, 2.763317000000143], [-65.582175, 2.763488], [-65.582384, 2.76359], [-65.583116, 2.763860000000136], [-65.58402499999988, 2.76437], [-65.585043, 2.765223000000105], [-65.586306, 2.766247], [-65.587249, 2.7667560000001], [-65.58756299999988, 2.766892000000155], [-65.58833, 2.767196], [-65.589128, 2.767190000000141], [-65.59044599999987, 2.767250000000104], [-65.590967, 2.767280000000142], [-65.591383, 2.767312000000118], [-65.591799, 2.767275], [-65.59204, 2.76717], [-65.592213, 2.767168], [-65.59235399999989, 2.767305], [-65.59260099999983, 2.767613000000154], [-65.59285099999988, 2.768128000000104], [-65.592999, 2.76878100000016], [-65.593003, 2.769056000000148], [-65.593215, 2.769295], [-65.593424, 2.76939700000014], [-65.593704, 2.769567000000166], [-65.593916, 2.769841], [-65.594059, 2.770184], [-65.59406299999989, 2.770425000000103], [-65.5941, 2.770563000000152], [-65.594273, 2.770596], [-65.59462, 2.770593000000133], [-65.595139, 2.770521], [-65.595868, 2.770550000000128], [-65.596457, 2.770512], [-65.5971459999999, 2.770266000000106], [-65.597594, 2.770021], [-65.597794, 2.769469], [-65.597789, 2.769159000000172], [-65.59785699999986, 2.769021000000123], [-65.598065, 2.76902], [-65.598205, 2.769156], [-65.59827699999988, 2.769328], [-65.598385, 2.769603000000131], [-65.598457, 2.769809000000123], [-65.598666, 2.769876000000124], [-65.598909, 2.769874000000186], [-65.5991489999999, 2.769701], [-65.59932, 2.769527], [-65.59955999999988, 2.769353], [-65.599836, 2.769214], [-65.600009, 2.769247000000178], [-65.600082, 2.769453000000169], [-65.60001999999986, 2.769970000000114], [-65.600024, 2.770245000000102], [-65.600201, 2.770485], [-65.600516, 2.770689000000118], [-65.600831, 2.77092800000014], [-65.601354, 2.771096], [-65.601735, 2.771093000000121], [-65.601835, 2.770852000000104], [-65.601796, 2.770508], [-65.60172199999988, 2.770164], [-65.601683, 2.769923000000119], [-65.601822, 2.769888], [-65.60192699999982, 2.769956], [-65.602033, 2.770093], [-65.60210799999987, 2.770506], [-65.602217, 2.770883], [-65.602256, 2.771159], [-65.602537, 2.771432000000118], [-65.602718, 2.771913], [-65.602866, 2.772566000000154], [-65.6029759999999, 2.772978000000137], [-65.603046, 2.773081000000104], [-65.603292, 2.773285000000101], [-65.60343499999988, 2.773560000000145], [-65.60347299999984, 2.773800000000108], [-65.603408, 2.774111], [-65.603238, 2.774319], [-65.603101, 2.77449200000018], [-65.603173, 2.774663], [-65.603417, 2.774765], [-65.603696, 2.774832], [-65.603906, 2.775002], [-65.603911, 2.775346000000127], [-65.603742, 2.77562300000011], [-65.603501, 2.7757620000001], [-65.603364, 2.775901], [-65.603335, 2.776280000000156], [-65.603341, 2.776693], [-65.603554, 2.77703600000018], [-65.603698, 2.77737900000011], [-65.60380699999985, 2.777722], [-65.604053, 2.777996], [-65.604405, 2.778338], [-65.604617, 2.778646000000151], [-65.6049349999999, 2.779057], [-65.605218, 2.779434000000151], [-65.605255, 2.779605], [-65.605155, 2.779847], [-65.604948, 2.779917000000125], [-65.604533, 2.780024000000139], [-65.60422299999988, 2.780164000000127], [-65.60401799999988, 2.780372000000114], [-65.604025, 2.78085300000015], [-65.604134, 2.781197], [-65.604137, 2.781438], [-65.604037, 2.781680000000165], [-65.60393599999986, 2.781887], [-65.60387, 2.782128000000114], [-65.603908, 2.782369000000187], [-65.60405, 2.78260900000015], [-65.604504, 2.782812], [-65.604678, 2.78288], [-65.604784, 2.783017000000143], [-65.6048219999999, 2.783223000000135], [-65.604721, 2.783465], [-65.60451499999988, 2.783604], [-65.604206, 2.783778], [-65.603932, 2.784055], [-65.603866, 2.784263], [-65.60397399999988, 2.784537000000114], [-65.604182, 2.784536], [-65.604283, 2.784328], [-65.604384, 2.784121], [-65.604591, 2.784016000000179], [-65.604969, 2.783807000000138], [-65.605414, 2.783391000000165], [-65.605756, 2.7830790000001], [-65.605963, 2.783043], [-65.606103, 2.783111], [-65.606245, 2.783350000000155], [-65.606424, 2.783728000000167], [-65.606635, 2.783898], [-65.606912, 2.783897000000138], [-65.607325, 2.783721000000128], [-65.607842, 2.783477000000175], [-65.60818499999988, 2.783233], [-65.60867, 2.783161000000121], [-65.60901699999988, 2.783227000000124], [-65.609437, 2.783465], [-65.609752, 2.78367], [-65.6098899999999, 2.783634], [-65.609922, 2.783462], [-65.609883, 2.783152], [-65.609879, 2.782911], [-65.6099789999999, 2.782635000000141], [-65.610216, 2.782186000000138], [-65.610282, 2.781945], [-65.610547, 2.781863], [-65.61083, 2.782101000000182], [-65.611114, 2.782379000000105], [-65.6113979999999, 2.782777000000181], [-65.611479, 2.783219000000145], [-65.61151999999987, 2.783459000000107], [-65.61168199999986, 2.783538], [-65.611925, 2.783535], [-65.612126, 2.783452], [-65.612368, 2.783248], [-65.61261, 2.782964], [-65.61285099999986, 2.782398], [-65.613052, 2.782074], [-65.613415, 2.781869], [-65.613819, 2.781743], [-65.61434399999985, 2.781737], [-65.614829, 2.781771], [-65.61527299999989, 2.781726], [-65.61567599999984, 2.78152], [-65.615999, 2.781355000000133], [-65.6168449999999, 2.780501000000129], [-65.6178129999999, 2.779806], [-65.618256, 2.779158], [-65.618618, 2.778711], [-65.61882, 2.778548], [-65.6193449999999, 2.778421], [-65.61966799999982, 2.778498000000127], [-65.620072, 2.778613], [-65.62047599999988, 2.778568], [-65.621243, 2.778640000000166], [-65.62225399999983, 2.778989], [-65.622457, 2.779148000000134], [-65.622457, 2.779389000000151], [-65.622336, 2.779591], [-65.6219339999999, 2.780199], [-65.621733, 2.780563000000143], [-65.621653, 2.780926000000136], [-65.621775, 2.781407000000172], [-65.621857, 2.781929000000162], [-65.621656, 2.782413], [-65.621374, 2.782658], [-65.621254, 2.783142000000169], [-65.62101299999989, 2.783707], [-65.6208529999999, 2.784071], [-65.6208529999999, 2.784433], [-65.62101599999988, 2.784753], [-65.621461, 2.784948], [-65.621623, 2.785147000000165], [-65.622067, 2.785222000000147], [-65.622552, 2.785418], [-65.623199, 2.785611000000188], [-65.6236439999999, 2.785686000000169], [-65.624289, 2.785397], [-65.62449, 2.785073], [-65.624691, 2.784588], [-65.624812, 2.784345], [-65.625013, 2.783981000000153], [-65.625375, 2.783575], [-65.625497, 2.783533], [-65.625658, 2.783572], [-65.625941, 2.783769000000177], [-65.62630499999989, 2.783966000000134], [-65.626872, 2.784482], [-65.627398, 2.784877], [-65.627843, 2.785073], [-65.628409, 2.785147000000165], [-65.628772, 2.785142000000121], [-65.6290949999999, 2.784978], [-65.629619, 2.784409], [-65.6299, 2.783923000000129], [-65.630062, 2.7838], [-65.6302639999999, 2.783798000000104], [-65.6304659999999, 2.784077], [-65.630548, 2.784438000000137], [-65.63062899999989, 2.784597000000133], [-65.630952, 2.784754000000135], [-65.631397, 2.784789], [-65.63204299999984, 2.784782000000178], [-65.632528, 2.7846550000001], [-65.632729, 2.784492000000114], [-65.63285, 2.784249000000102], [-65.63313099999988, 2.783643], [-65.633372, 2.783238], [-65.633695, 2.783033], [-65.63425999999987, 2.782906], [-65.634866, 2.782818], [-65.63628, 2.782882000000143], [-65.637816, 2.783305000000155], [-65.638179, 2.783341000000121], [-65.63846199999989, 2.78321700000015], [-65.6398339999999, 2.782638], [-65.641407, 2.781815000000165], [-65.641649, 2.781571], [-65.641608, 2.78117], [-65.641283, 2.780651000000148], [-65.64091899999988, 2.780173], [-65.639827, 2.779704], [-65.639017, 2.779110000000173], [-65.638693, 2.778712], [-65.638611, 2.778231], [-65.638691, 2.777908], [-65.638974, 2.777784], [-65.63925699999987, 2.777821], [-65.639702, 2.778097], [-65.64067099999988, 2.778206000000125], [-65.641237, 2.778159000000187], [-65.64164, 2.777873000000113], [-65.641801, 2.777509], [-65.641517, 2.777271], [-65.64082999999988, 2.777038000000118], [-65.640506, 2.776520000000119], [-65.64054499999986, 2.77615800000018], [-65.64078699999988, 2.775954000000183], [-65.64111, 2.77595], [-65.641515, 2.776146], [-65.641879, 2.776624], [-65.642122, 2.776782], [-65.642364, 2.776699000000178], [-65.642606, 2.776535], [-65.642969, 2.776169], [-65.6432109999999, 2.775925], [-65.643695, 2.775838], [-65.644947, 2.775743], [-65.645311, 2.775699], [-65.645512, 2.775535000000104], [-65.645794, 2.775050000000135], [-65.646356, 2.773716], [-65.646718, 2.773069], [-65.64683799999989, 2.772464], [-65.64695599999988, 2.771297000000118], [-65.647197, 2.770731000000183], [-65.648729, 2.769346], [-65.6493329999999, 2.768615], [-65.649413, 2.768213], [-65.649573, 2.767809], [-65.649896, 2.767564000000164], [-65.65038, 2.767437000000143], [-65.651025, 2.766987], [-65.652558, 2.766085], [-65.653769, 2.765588], [-65.654859, 2.765333000000112], [-65.655989, 2.765199], [-65.656595, 2.765071000000148], [-65.65711999999985, 2.764824000000146], [-65.657644, 2.76465700000017], [-65.657887, 2.764734000000146], [-65.658009, 2.765256], [-65.658172, 2.765656], [-65.65825399999989, 2.766177], [-65.658093, 2.766541], [-65.65773, 2.766867], [-65.65664, 2.767], [-65.656075, 2.767128000000127], [-65.65587399999987, 2.767412], [-65.655793, 2.767694], [-65.65591599999988, 2.768095], [-65.65624, 2.768533], [-65.656685, 2.768889], [-65.65713, 2.769085], [-65.6573719999999, 2.769203], [-65.657656, 2.769441], [-65.65794, 2.77012], [-65.658225, 2.770841], [-65.658508, 2.771078000000102], [-65.65867, 2.771077], [-65.6587899999999, 2.770914], [-65.65891099999988, 2.770591], [-65.6587889999999, 2.770191000000125], [-65.658585, 2.769671], [-65.65850199999988, 2.768667000000107], [-65.65850099999989, 2.768345000000124], [-65.658582, 2.768304000000114], [-65.65870299999989, 2.768262], [-65.65890599999983, 2.768461000000116], [-65.65906799999982, 2.768861000000186], [-65.65911, 2.769343000000106], [-65.659272, 2.769662], [-65.659717, 2.770139], [-65.659839, 2.770379], [-65.65984, 2.770661], [-65.659559, 2.771267000000137], [-65.65915599999988, 2.771875], [-65.658592, 2.772565], [-65.65782699999988, 2.773499], [-65.65669899999983, 2.7748390000001], [-65.656135, 2.775207], [-65.655933, 2.775451], [-65.655813, 2.775693], [-65.655853, 2.775854], [-65.655975, 2.775933], [-65.656218, 2.776091000000122], [-65.65642, 2.776329], [-65.65690599999988, 2.776645000000144], [-65.657553, 2.77712], [-65.657796, 2.777439000000129], [-65.657877, 2.777639000000136], [-65.657838, 2.77784], [-65.657717, 2.778002000000129], [-65.657434, 2.7781260000001], [-65.657112, 2.778291], [-65.656829, 2.778576], [-65.65678899999989, 2.778737], [-65.6568309999999, 2.779018000000178], [-65.65703299999984, 2.779297], [-65.657357, 2.779494000000113], [-65.657559, 2.779693], [-65.657762, 2.779931], [-65.658045, 2.780049], [-65.658247, 2.780046], [-65.65840799999984, 2.780004], [-65.65856999999983, 2.779962000000125], [-65.658731, 2.779839], [-65.658811, 2.779557], [-65.65877, 2.779236], [-65.658729, 2.778995], [-65.658768, 2.778472000000136], [-65.658849, 2.778351], [-65.65897, 2.778269], [-65.6591719999999, 2.7783060000001], [-65.65957599999984, 2.778583], [-65.660102, 2.778818000000172], [-65.660506, 2.778894], [-65.661191, 2.778892], [-65.661557, 2.778783], [-65.661923, 2.778621], [-65.662343, 2.778565000000185], [-65.662761, 2.778455000000122], [-65.66291599999988, 2.778086], [-65.66307099999983, 2.777664], [-65.6635399999999, 2.777292], [-65.664011, 2.777077], [-65.664378, 2.777073], [-65.6648, 2.777436], [-65.665172, 2.778115], [-65.66549, 2.778584], [-65.666018, 2.779209], [-65.666915, 2.7798820000001], [-65.667758, 2.780399], [-65.668125, 2.780395], [-65.668594, 2.780023], [-65.66864, 2.779077], [-65.668841, 2.777762], [-65.669256, 2.777128000000118], [-65.66962099999989, 2.776756], [-65.670248, 2.776487], [-65.670982, 2.776480000000163], [-65.671558, 2.776316], [-65.672187, 2.776310000000137], [-65.672609, 2.77662], [-65.673504, 2.777084], [-65.673767, 2.777133], [-65.67402799999985, 2.776973000000112], [-65.674703, 2.776073], [-65.675638, 2.774646000000132], [-65.676315, 2.774061], [-65.67793499999982, 2.773099], [-65.678717, 2.772514000000115], [-65.679133, 2.771879000000126], [-65.679128, 2.771249], [-65.678545, 2.770415000000185], [-65.677857, 2.769529], [-65.67754, 2.769113], [-65.67759, 2.768797], [-65.678008, 2.768583], [-65.67827099999982, 2.768633], [-65.67874399999988, 2.768785], [-65.68015999999989, 2.768770000000131], [-65.680526, 2.76860900000014], [-65.680577, 2.768399000000159], [-65.68036399999988, 2.767876], [-65.67936099999986, 2.766941000000145], [-65.678465, 2.766373], [-65.677833, 2.766012], [-65.677621, 2.765699], [-65.677511, 2.764965], [-65.677921, 2.763543], [-65.67844, 2.76275], [-65.67885599999988, 2.762273000000107], [-65.679746, 2.762001000000112], [-65.680218, 2.761944], [-65.680532, 2.761835], [-65.680635, 2.761572000000172], [-65.680476, 2.761363000000131], [-65.679899, 2.761317], [-65.679111, 2.761167], [-65.678848, 2.761065000000144], [-65.678847, 2.760855000000163], [-65.679001, 2.760433], [-65.67973299999989, 2.760058000000129], [-65.68036099999989, 2.759842], [-65.680622, 2.759682000000112], [-65.680672, 2.759366], [-65.680455, 2.758371000000182], [-65.68060799999989, 2.757686000000149], [-65.680972, 2.757315], [-65.681496, 2.757152], [-65.682175, 2.756777000000113], [-65.682434, 2.756355000000156], [-65.6829039999999, 2.755982], [-65.683375, 2.755872000000181], [-65.683846, 2.755762000000118], [-65.684108, 2.755655000000161], [-65.684263, 2.75539], [-65.6843659999999, 2.755022], [-65.684364, 2.754812], [-65.684152, 2.754499], [-65.684151, 2.754289], [-65.684254, 2.754078], [-65.684463, 2.753918000000169], [-65.68477699999988, 2.753810000000101], [-65.685512, 2.75396], [-65.685775, 2.753957000000185], [-65.686036, 2.753797], [-65.686138, 2.753428], [-65.686289, 2.752481000000103], [-65.686177, 2.751432], [-65.68585699999988, 2.750753], [-65.68569799999989, 2.750492000000179], [-65.685225, 2.75034], [-65.685118, 2.750026000000162], [-65.68511499999988, 2.749606], [-65.685218, 2.749289000000147], [-65.68531999999988, 2.748921], [-65.685213, 2.748607], [-65.684898, 2.74861], [-65.684426, 2.748563000000104], [-65.68411099999986, 2.748513], [-65.684005, 2.748304000000132], [-65.684053, 2.747779], [-65.684261, 2.747462], [-65.684416, 2.747092], [-65.684361, 2.746673], [-65.68441, 2.746200000000158], [-65.684513, 2.745936], [-65.684931, 2.745669], [-65.685297, 2.745560000000125], [-65.685661, 2.745189], [-65.685975, 2.745081000000141], [-65.68697, 2.744808], [-65.687704, 2.744695000000149], [-65.688122, 2.744533], [-65.688171, 2.74406], [-65.688167, 2.743483], [-65.688165, 2.743115000000159], [-65.68853, 2.742796], [-65.689054, 2.742843], [-65.689474, 2.742892], [-65.68973499999987, 2.742626], [-65.689785, 2.742311], [-65.68957199999988, 2.741788000000156], [-65.68967, 2.740842], [-65.690034, 2.740365000000168], [-65.690662, 2.740149], [-65.691343, 2.740089], [-65.691762, 2.739980000000116], [-65.692178, 2.739450000000147], [-65.6924929999999, 2.739447], [-65.692757, 2.739759000000106], [-65.693338, 2.740279000000157], [-65.694128, 2.740848], [-65.695128, 2.741363000000149], [-65.695971, 2.741879], [-65.696497, 2.742136000000187], [-65.697546, 2.742073000000119], [-65.698593, 2.741747000000146], [-65.69906199999986, 2.741427000000101], [-65.699372, 2.740689], [-65.69972599999988, 2.738794], [-65.699616, 2.738008], [-65.699823, 2.737638000000118], [-65.700243, 2.737739000000147], [-65.70055999999988, 2.738103], [-65.7009829999999, 2.738519], [-65.701459, 2.739039], [-65.701831, 2.739875000000154], [-65.701942, 2.740662], [-65.702155, 2.741080000000181], [-65.70246999999983, 2.741181], [-65.702837, 2.74123], [-65.703151, 2.741017000000113], [-65.703094, 2.74044], [-65.70309, 2.73986200000013], [-65.703245, 2.739493000000152], [-65.703717, 2.739436], [-65.704032, 2.739485], [-65.704346, 2.739377000000161], [-65.70439499999986, 2.738956000000144], [-65.70402499999989, 2.738487], [-65.703657, 2.738334000000179], [-65.703498, 2.738125000000139], [-65.703496, 2.73781], [-65.703649, 2.737283000000104], [-65.704013, 2.736755], [-65.705111, 2.736323], [-65.706209, 2.735839000000169], [-65.707363, 2.735827], [-65.707994, 2.735978000000102], [-65.708574, 2.736445], [-65.708946, 2.737123000000167], [-65.70926299999985, 2.737488000000155], [-65.709525, 2.737538], [-65.71005, 2.737532000000101], [-65.710416, 2.737423], [-65.710885, 2.736998000000142], [-65.711879, 2.73662000000013], [-65.712612, 2.736455000000149], [-65.713398, 2.736290000000167], [-65.714342, 2.736227], [-65.715498, 2.73653000000013], [-65.716076, 2.736787], [-65.716338, 2.736784000000171], [-65.716652, 2.736623000000179], [-65.717069, 2.736252], [-65.717277, 2.736039000000176], [-65.717539, 2.735932], [-65.717908, 2.73619], [-65.718066, 2.736346], [-65.718224, 2.736450000000104], [-65.718486, 2.736394], [-65.718903, 2.736022], [-65.719213, 2.735284], [-65.719209, 2.734759000000167], [-65.71905, 2.734498], [-65.718578, 2.734451], [-65.71805299999988, 2.734403], [-65.717947, 2.734247], [-65.717945, 2.734037000000114], [-65.718206, 2.733772], [-65.718677, 2.733609], [-65.71909599999987, 2.733605], [-65.71936, 2.733865], [-65.719625, 2.73423], [-65.719889, 2.734489], [-65.72025699999989, 2.734591], [-65.720623, 2.734429], [-65.721042, 2.73432], [-65.721568, 2.734525000000133], [-65.721781, 2.73499500000014], [-65.721627, 2.735522], [-65.72147199999989, 2.735786], [-65.72147299999989, 2.736048], [-65.72163199999989, 2.736204000000157], [-65.721842, 2.736307000000124], [-65.722209, 2.736251000000152], [-65.722575, 2.736037000000181], [-65.72309799999988, 2.735821000000101], [-65.72336, 2.735819000000106], [-65.723623, 2.735868], [-65.723833, 2.736024], [-65.723991, 2.736022], [-65.72409499999986, 2.735864000000106], [-65.724146, 2.735705], [-65.723987, 2.73555], [-65.723462, 2.735345000000109], [-65.722987, 2.735035], [-65.722829, 2.734826000000169], [-65.72266799999983, 2.734356], [-65.722875, 2.733933], [-65.723085, 2.733931], [-65.72329699999989, 2.734349000000122], [-65.723509, 2.734609], [-65.724246, 2.734969], [-65.72487499999983, 2.734963000000164], [-65.725557, 2.735008000000164], [-65.726188, 2.735159], [-65.7264, 2.735472000000186], [-65.72635, 2.735893], [-65.726144, 2.736367000000143], [-65.72588699999989, 2.737263], [-65.72584299999988, 2.738471000000118], [-65.72595699999982, 2.739677], [-65.7262209999999, 2.73999], [-65.726958, 2.740402], [-65.727328, 2.740766000000121], [-65.727645, 2.741183], [-65.727648, 2.741498000000149], [-65.72744, 2.741815], [-65.726864, 2.741926], [-65.72612999999984, 2.741934000000128], [-65.725446, 2.741731], [-65.724814, 2.741370000000188], [-65.724603, 2.741109000000108], [-65.724341, 2.741217000000177], [-65.72413399999988, 2.741534000000115], [-65.724083, 2.74179700000019], [-65.7245109999999, 2.743053], [-65.724777, 2.74347], [-65.724935, 2.743626000000177], [-65.7250949999999, 2.744045], [-65.725203, 2.744411000000127], [-65.725519, 2.744618000000173], [-65.725961, 2.744568000000129], [-65.726536, 2.744354], [-65.72732, 2.744138], [-65.72784699999988, 2.744345000000123], [-65.728062, 2.744763], [-65.72775699999988, 2.745553], [-65.72776199999987, 2.745973], [-65.727768, 2.746446000000105], [-65.727827, 2.74697], [-65.72809399999988, 2.747283], [-65.728305, 2.747439], [-65.72883, 2.747436000000107], [-65.729038, 2.747277000000111], [-65.729035, 2.747067000000129], [-65.72892399999989, 2.746595000000127], [-65.72896899999989, 2.745965], [-65.72917599999988, 2.745806], [-65.72944, 2.745909], [-65.72959999999989, 2.746118000000138], [-65.729972, 2.746535000000165], [-65.730554, 2.746951000000138], [-65.731082, 2.74721], [-65.731296, 2.747524000000112], [-65.731141, 2.747735000000148], [-65.730828, 2.747842000000105], [-65.73062, 2.748001000000158], [-65.73088699999988, 2.748367], [-65.731097, 2.748365], [-65.732036, 2.747991000000184], [-65.73266, 2.747567000000117], [-65.732973, 2.74746000000016], [-65.733447, 2.747561000000132], [-65.733818, 2.747874], [-65.73413399999987, 2.747977000000105], [-65.7345, 2.747922000000187], [-65.73476099999988, 2.747815], [-65.73507699999982, 2.747918], [-65.735132, 2.748075], [-65.735034, 2.748653000000104], [-65.734826, 2.7488120000001], [-65.734724, 2.749023000000136], [-65.73478, 2.749285000000157], [-65.73504299999985, 2.749336], [-65.735356, 2.749229000000128], [-65.735716, 2.748701000000153], [-65.735973, 2.748227], [-65.736234, 2.74812], [-65.736443, 2.748118], [-65.73670899999985, 2.74837900000017], [-65.736816, 2.748588], [-65.736976, 2.748797], [-65.73745, 2.748899], [-65.738129, 2.748737000000119], [-65.7397, 2.748516000000109], [-65.740487, 2.748510000000124], [-65.740907, 2.74856], [-65.74112, 2.748821000000135], [-65.74112399999984, 2.749136], [-65.740975, 2.749767], [-65.740567, 2.750715000000184], [-65.740212, 2.751663], [-65.739701, 2.752716], [-65.739765, 2.753661], [-65.739721, 2.754344], [-65.73941899999988, 2.755344], [-65.739277, 2.7565], [-65.739441, 2.757076000000154], [-65.73970699999984, 2.757337], [-65.740231, 2.757334000000185], [-65.741008, 2.756541], [-65.741989, 2.755326000000139], [-65.742719, 2.754953000000171], [-65.743344, 2.754634], [-65.743913, 2.75400000000019], [-65.74427, 2.75321], [-65.74478999999985, 2.752839], [-65.745783, 2.752569000000108], [-65.74646, 2.752197], [-65.748855, 2.750815000000102], [-65.749271, 2.750498000000164], [-65.749681, 2.749812], [-65.75004299999989, 2.749337], [-65.750197, 2.74907300000018], [-65.750511, 2.749019], [-65.750721, 2.749070000000131], [-65.750934, 2.749331], [-65.751044, 2.74975], [-65.75099899999987, 2.750276], [-65.751004, 2.750696000000175], [-65.75106, 2.750958], [-65.75132599999984, 2.751271000000145], [-65.751694, 2.751373], [-65.752012, 2.751634], [-65.75233099999986, 2.751947000000143], [-65.752388, 2.752314000000126], [-65.752604, 2.752837], [-65.752817, 2.753098], [-65.753029, 2.753202], [-65.753238, 2.753201000000161], [-65.753604, 2.753093], [-65.753969, 2.752933], [-65.754284, 2.752931], [-65.754758, 2.753085000000169], [-65.75497, 2.753241], [-65.754971, 2.753346], [-65.754974, 2.753609000000154], [-65.754926, 2.753924], [-65.754932, 2.754396], [-65.755094, 2.754763], [-65.755412, 2.755023000000108], [-65.755886, 2.755178000000114], [-65.7562, 2.755175], [-65.756516, 2.755278], [-65.756677, 2.75554], [-65.756836, 2.755644000000132], [-65.75699299999985, 2.755642000000137], [-65.757255, 2.755588000000103], [-65.757515, 2.755429000000106], [-65.757882, 2.755426], [-65.75819699999988, 2.755424], [-65.75872, 2.75531500000011], [-65.75903699999986, 2.755523], [-65.759194, 2.755522000000155], [-65.75945599999989, 2.755468000000121], [-65.759714, 2.755151], [-65.760233, 2.754727000000116], [-65.76049299999988, 2.75456800000012], [-65.76086, 2.754566000000125], [-65.761754, 2.754717], [-65.762436, 2.754712], [-65.76269799999989, 2.754710000000102], [-65.763067, 2.754865000000166], [-65.76354, 2.754967], [-65.764182, 2.755908000000147], [-65.764664, 2.756692000000157], [-65.765249, 2.757371], [-65.76582899999988, 2.757629], [-65.766144, 2.757627], [-65.766299, 2.757468], [-65.766346, 2.756995000000188], [-65.76607399999989, 2.75621], [-65.766069, 2.755842], [-65.76633, 2.755735], [-65.766959, 2.755731], [-65.767593, 2.756094], [-65.767967, 2.756617000000176], [-65.768027, 2.75724600000018], [-65.767773, 2.757878], [-65.767365, 2.75882600000017], [-65.767269, 2.759457000000168], [-65.767328, 2.759982], [-65.767649, 2.760504], [-65.768393, 2.761287], [-65.769238, 2.761701000000187], [-65.7695, 2.761752000000115], [-65.76981399999983, 2.761697], [-65.770071, 2.761275000000126], [-65.770276, 2.760854000000108], [-65.771448, 2.758168], [-65.772053, 2.756221], [-65.77220099999988, 2.755537000000174], [-65.772668, 2.755114000000162], [-65.77303399999988, 2.755006], [-65.773402, 2.755056], [-65.77377499999989, 2.755526000000145], [-65.773995, 2.75636500000013], [-65.774056, 2.757047], [-65.774166, 2.757414], [-65.774429, 2.757517], [-65.774587, 2.757516000000123], [-65.775054, 2.757145000000151], [-65.775311, 2.756723], [-65.775675, 2.756511000000103], [-65.775833, 2.75651], [-65.77593899999988, 2.756667], [-65.776154, 2.757033000000149], [-65.776635, 2.757764], [-65.77696, 2.75860200000011], [-65.77728, 2.75902], [-65.777707, 2.759595], [-65.77823899999987, 2.760169], [-65.77860899999985, 2.760429000000101], [-65.77881899999988, 2.760427000000107], [-65.779028, 2.760373], [-65.77934, 2.760161000000153], [-65.780013, 2.759474000000125], [-65.780952, 2.759047000000123], [-65.781418, 2.758572000000129], [-65.78177699999986, 2.757939000000135], [-65.78198, 2.757360000000176], [-65.78239599999984, 2.757095000000106], [-65.782606, 2.757093000000111], [-65.78293, 2.757878], [-65.783258, 2.758874], [-65.7839019999999, 2.760025], [-65.78449199999989, 2.761071000000129], [-65.784601, 2.761437], [-65.784395, 2.761701000000187], [-65.783713, 2.761706], [-65.7828669999999, 2.761134], [-65.78202599999986, 2.760983000000124], [-65.781662, 2.7613], [-65.781722, 2.761877], [-65.78189, 2.762664], [-65.782055, 2.763293], [-65.78248199999985, 2.76392], [-65.783379, 2.764334], [-65.783746, 2.764331], [-65.784585, 2.764326000000153], [-65.785108, 2.764164], [-65.786048, 2.763895000000161], [-65.786468, 2.763892000000112], [-65.786786, 2.764153], [-65.786894, 2.764415], [-65.786794, 2.764783], [-65.78633, 2.765416], [-65.785969, 2.765891000000124], [-65.785973, 2.766206], [-65.78618299999982, 2.766257], [-65.786497, 2.766203000000189], [-65.78748699999989, 2.765671], [-65.78790099999986, 2.765248], [-65.78789499999988, 2.764723000000117], [-65.787837, 2.764356000000134], [-65.787626, 2.764199], [-65.787516, 2.763833], [-65.787616, 2.763412000000187], [-65.787612, 2.763149000000112], [-65.787818, 2.762833], [-65.787974, 2.762727000000154], [-65.78818399999983, 2.762725], [-65.788448, 2.762829], [-65.788711, 2.762932], [-65.788928, 2.763508000000115], [-65.788932, 2.763823], [-65.78872899999988, 2.764349], [-65.788738, 2.765084000000115], [-65.788849, 2.765504], [-65.78917, 2.766079], [-65.789544, 2.766549], [-65.789919, 2.767177000000117], [-65.79018899999988, 2.767857], [-65.7904089999999, 2.768591], [-65.790104, 2.769381], [-65.7896899999999, 2.769804], [-65.788593, 2.770179], [-65.788019, 2.770393000000126], [-65.787597, 2.77089500000011], [-65.78769499999987, 2.771794], [-65.787974, 2.772752], [-65.788646, 2.773947], [-65.789229, 2.775173], [-65.790272, 2.777596000000131], [-65.7918, 2.780165], [-65.792473, 2.78154000000012], [-65.79293299999983, 2.782497], [-65.793328, 2.782914000000119], [-65.794085, 2.78336], [-65.79475, 2.783596000000102], [-65.796078, 2.783828], [-65.79764699999987, 2.783998000000111], [-65.79876399999984, 2.784232000000145], [-65.79930699999989, 2.784378000000117], [-65.799976, 2.785124], [-65.800466, 2.786081], [-65.801139, 2.787306000000115], [-65.801322, 2.787635000000137], [-65.801294, 2.787905], [-65.801146, 2.788205], [-65.80093599999987, 2.788416], [-65.800605, 2.788448], [-65.8, 2.788122000000101], [-65.799758, 2.787974000000133], [-65.799515, 2.787735], [-65.799033, 2.787768000000142], [-65.798704, 2.7881], [-65.798346, 2.788552000000152], [-65.797988, 2.78909300000015], [-65.797991, 2.789453], [-65.798113, 2.789662], [-65.798626, 2.789749], [-65.79901799999988, 2.789747], [-65.799742, 2.789773], [-65.800285, 2.78988900000013], [-65.800649, 2.790217], [-65.800953, 2.790485], [-65.801406, 2.79063200000013], [-65.801919, 2.790719], [-65.802192, 2.790868000000103], [-65.802314, 2.791167], [-65.802317, 2.791437000000144], [-65.802197, 2.791617], [-65.802111, 2.792097000000183], [-65.802058, 2.792997], [-65.801971, 2.793507000000147], [-65.801584, 2.794109], [-65.801407, 2.79459], [-65.801501, 2.795039], [-65.80168299999985, 2.795218000000148], [-65.80198499999989, 2.795276000000172], [-65.802468, 2.795363], [-65.802648, 2.795272000000182], [-65.803097, 2.79491], [-65.80330599999985, 2.794669], [-65.803697, 2.794487], [-65.804209, 2.794424000000163], [-65.804751, 2.79442], [-65.805143, 2.794358], [-65.805382, 2.794207], [-65.805622, 2.793966000000125], [-65.80583, 2.793605], [-65.80597799999987, 2.793244], [-65.806126, 2.792883], [-65.806275, 2.792792000000134], [-65.806637, 2.79279], [-65.806789, 2.792909], [-65.806912, 2.793238], [-65.806976, 2.793658], [-65.80709899999988, 2.794047], [-65.807311, 2.794196000000113], [-65.807401, 2.794165], [-65.807611, 2.794014000000175], [-65.807819, 2.793593000000158], [-65.807966, 2.793142000000159], [-65.80838299999988, 2.792510000000107], [-65.80856299999988, 2.792419], [-65.808714, 2.792418000000112], [-65.808835, 2.792478], [-65.808926, 2.792627], [-65.80905099999984, 2.793196], [-65.809085, 2.793645], [-65.808824, 2.794876000000102], [-65.808706, 2.795297000000119], [-65.808742, 2.795986], [-65.8088049999999, 2.796345000000144], [-65.8089, 2.796915], [-65.808813, 2.797395000000165], [-65.808758, 2.797965], [-65.808882, 2.798414], [-65.8090959999999, 2.798802], [-65.809339, 2.799101], [-65.80955299999988, 2.799489], [-65.809646, 2.799848], [-65.80956, 2.800389], [-65.809444, 2.800959000000148], [-65.809447, 2.801349], [-65.809541, 2.801768000000152], [-65.80975499999983, 2.802156], [-65.809908, 2.802455000000123], [-65.81003, 2.802694], [-65.810002, 2.802904000000126], [-65.809853, 2.803115], [-65.809612, 2.803147], [-65.80909999999989, 2.80315], [-65.808708, 2.803152], [-65.808437, 2.803243000000123], [-65.808288, 2.803424000000177], [-65.80823, 2.803634000000159], [-65.808323, 2.803964000000121], [-65.808566, 2.804202], [-65.80935099999988, 2.804467000000159], [-65.810409, 2.804821000000118], [-65.810922, 2.804968], [-65.811195, 2.805116], [-65.8114379999999, 2.805355], [-65.811561, 2.805684000000156]]]}}, {"type": "Feature", "properties": {"Pais": "Venezuela", "Estado": "Amazonas", "Municipio": "Aut\u00f3nomo Rio Negro", "Parroquia": "Casiquiare"}, "geometry": {"type": "Polygon", "coordinates": [[[-66.385045, 2.517938], [-66.38002199999988, 2.527888000000189], [-66.37457199999989, 2.531566], [-66.371136, 2.534476], [-66.36602099999988, 2.534528000000137], [-66.361032, 2.533828000000142], [-66.353352, 2.537827000000107], [-66.34236, 2.544642000000124], [-66.33336999999989, 2.548387], [-66.31588499999987, 2.558136], [-66.305646, 2.56294400000013], [-66.297285, 2.564307], [-66.287676, 2.565948000000162], [-66.281371, 2.568632], [-66.276879, 2.568874000000108], [-66.273765, 2.566922], [-66.271465, 2.563154], [-66.266039, 2.562766000000124], [-66.26123599999988, 2.563006], [-66.25349499999987, 2.566565], [-66.25000099999988, 2.566808], [-66.243642, 2.565665], [-66.236517, 2.572173], [-66.23027, 2.576801], [-66.224898, 2.580678000000148], [-66.219034, 2.582810000000165], [-66.215408, 2.585048], [-66.211657, 2.588929], [-66.20928, 2.592310000000168], [-66.20734499999986, 2.592777], [-66.20585099999988, 2.591581], [-66.205735, 2.587755], [-66.206181, 2.58342800000014], [-66.205376, 2.580604], [-66.204755, 2.579536000000189], [-66.201699, 2.579279], [-66.19851699999987, 2.579899000000182], [-66.189894, 2.587093000000152], [-66.18602, 2.590534000000105], [-66.182651, 2.590902], [-66.179473, 2.589641000000142], [-66.175424, 2.58728], [-66.169437, 2.587454], [-66.161881, 2.591640000000154], [-66.15732, 2.59514200000018], [-66.155008, 2.597018000000162], [-66.15462699999989, 2.599965000000111], [-66.15649599999989, 2.600910000000113], [-66.158053, 2.60198], [-66.160108, 2.603302000000156], [-66.16003399999988, 2.608727000000158], [-66.159024, 2.613868], [-66.154088, 2.618121], [-66.152028, 2.618744000000106], [-66.142862, 2.617719], [-66.13787799999989, 2.615325], [-66.135824, 2.613689], [-66.133028, 2.60879100000011], [-66.1317949999999, 2.602641000000176], [-66.13229899999988, 2.600479000000178], [-66.130934, 2.597089000000153], [-66.129131, 2.594764000000168], [-66.126457, 2.59149600000012], [-66.1248379999999, 2.59023800000017], [-66.121656, 2.590733], [-66.117537, 2.592103], [-66.115279, 2.597492000000102], [-66.115144, 2.60225800000012], [-66.113521, 2.603007000000105], [-66.110401, 2.603501000000108], [-66.10685199999989, 2.601047000000108], [-66.103561, 2.594705], [-66.101258, 2.592944], [-66.09713999999985, 2.593624], [-66.09451199999984, 2.597256000000129], [-66.095624, 2.601837000000103], [-66.097611, 2.605918], [-66.101156, 2.6101910000001], [-66.103516, 2.614273], [-66.10455899999988, 2.621676], [-66.10422499999987, 2.631459000000177], [-66.105834, 2.636951], [-66.106143, 2.637892], [-66.108444, 2.640845000000184], [-66.10793499999988, 2.645109], [-66.10337, 2.650367000000188], [-66.100124, 2.651739], [-66.095944, 2.652481000000137], [-66.092578, 2.651721000000123], [-66.091019, 2.651607000000126], [-66.090177, 2.651668], [-66.089798, 2.653455], [-66.090915, 2.655746], [-66.108333, 2.661652000000117], [-66.110699, 2.663413000000162], [-66.112438, 2.666804], [-66.1143019999999, 2.669882], [-66.114478, 2.674335], [-66.11108899999988, 2.68361], [-66.10831, 2.697965000000124], [-66.10530799999987, 2.701721], [-66.0999379999999, 2.70396600000015], [-66.090834, 2.703442000000109], [-66.082975, 2.703549000000123], [-66.07798799999989, 2.702282], [-66.072879, 2.700138000000152], [-66.067765, 2.700125000000128], [-66.063521, 2.701369], [-66.057649, 2.705369], [-66.053515, 2.712508000000128], [-66.050136, 2.717015000000174], [-66.045885, 2.721144], [-66.04239, 2.722264000000166], [-66.03708499999988, 2.723599], [-66.034147, 2.726289000000122], [-66.030388, 2.7330520000001], [-66.02263499999987, 2.741248], [-66.017755, 2.747257], [-66.01312, 2.755021000000113], [-66.01236, 2.759911], [-66.0108489999999, 2.76526900000016], [-66.008974, 2.766895], [-66.005733, 2.766197], [-66.000873, 2.764052], [-65.994764, 2.763159], [-65.990838, 2.761957], [-65.98872, 2.760886], [-65.98685199999989, 2.759501], [-65.979806, 2.759013], [-65.977561, 2.759007], [-65.974316, 2.759689000000151], [-65.966093, 2.755968000000109], [-65.961983, 2.753762], [-65.959935, 2.749493000000143], [-65.957817, 2.74886000000015], [-65.954383, 2.750231], [-65.948701, 2.753038000000174], [-65.94558599999988, 2.751588], [-65.943721, 2.749263], [-65.94292399999989, 2.744056], [-65.942805, 2.741673], [-65.94050199999987, 2.740099], [-65.937197, 2.739714000000163], [-65.933638, 2.74152400000014], [-65.92907999999983, 2.743707000000143], [-65.92558599999984, 2.744168], [-65.92208999999986, 2.745727000000102], [-65.917965, 2.749353], [-65.914968, 2.750787], [-65.910724, 2.751968], [-65.907784, 2.755597], [-65.908201, 2.762997], [-65.90456399999988, 2.770513000000108], [-65.90318999999988, 2.771544000000119], [-65.899816, 2.77404300000012], [-65.897999, 2.776985], [-65.894129, 2.778292], [-65.88589799999988, 2.778145], [-65.874926, 2.776736], [-65.872435, 2.775287], [-65.86943999999983, 2.775875], [-65.86581799999988, 2.777872], [-65.861364, 2.785265000000152], [-65.860034, 2.78536], [-65.859848, 2.785214], [-65.85957199999984, 2.785107], [-65.859355, 2.785382], [-65.859335, 2.78541], [-65.85812099999987, 2.785497], [-65.8580879999999, 2.785229000000186], [-65.857808, 2.784631000000104], [-65.85736499999985, 2.784307000000126], [-65.856483, 2.784042], [-65.855271, 2.783834], [-65.854609, 2.783676000000128], [-65.854224, 2.783680000000118], [-65.85384, 2.783792000000119], [-65.853567, 2.783958], [-65.853405, 2.784288000000117], [-65.853195, 2.785327000000109], [-65.852595, 2.785879000000136], [-65.852562, 2.78589600000015], [-65.816815, 2.806972000000144], [-65.81663499999985, 2.807033], [-65.816424, 2.806974], [-65.816212, 2.806916000000115], [-65.815972, 2.807037], [-65.81585399999989, 2.807337000000132], [-65.81588699999986, 2.807667], [-65.816071, 2.808146], [-65.816227, 2.808834000000161], [-65.816229, 2.809104000000104], [-65.815903, 2.809706], [-65.815544, 2.810128000000134], [-65.815336, 2.810489000000132], [-65.815278, 2.810729], [-65.8154, 2.810908], [-65.815732, 2.810966000000178], [-65.81630299999989, 2.810783000000129], [-65.816605, 2.810811000000172], [-65.816906, 2.810869000000139], [-65.817662, 2.811135000000149], [-65.81859999999989, 2.811549000000127], [-65.819781, 2.812351], [-65.821085, 2.813273], [-65.821631, 2.813780000000122], [-65.82196699999986, 2.814287000000149], [-65.822215, 2.815185], [-65.822368, 2.815484], [-65.8227619999999, 2.815782], [-65.823005, 2.81602], [-65.823097, 2.816290000000151], [-65.823039, 2.816500000000133], [-65.82291999999984, 2.816710000000114], [-65.822649, 2.816802], [-65.822349, 2.816924], [-65.821897, 2.816986], [-65.82141699999983, 2.817259], [-65.821149, 2.81765], [-65.82109099999985, 2.81798], [-65.820974, 2.818311], [-65.8206459999999, 2.818792], [-65.820348, 2.81924400000014], [-65.820199, 2.819485], [-65.8202629999999, 2.819904], [-65.820477, 2.820293], [-65.820569, 2.820562000000109], [-65.820811, 2.820650000000114], [-65.821232, 2.820558000000176], [-65.821893, 2.820194], [-65.822162, 2.819983], [-65.822583, 2.819830000000138], [-65.8228519999999, 2.819529000000102], [-65.8233029999999, 2.819436], [-65.823605, 2.819525000000112], [-65.82375799999988, 2.819824], [-65.823914, 2.820422], [-65.824128, 2.820871000000125], [-65.824493, 2.82122800000019], [-65.82488699999988, 2.821526000000119], [-65.825159, 2.821584000000144], [-65.825491, 2.82170200000013], [-65.825734, 2.821881000000189], [-65.82600699999989, 2.822209000000157], [-65.826192, 2.822687], [-65.826497, 2.823105], [-65.82670899999988, 2.823254000000134], [-65.827101, 2.82328200000012], [-65.827641, 2.823039000000108], [-65.82821299999989, 2.822945000000118], [-65.829149, 2.82312], [-65.829935, 2.823445000000106], [-65.83096599999988, 2.824159], [-65.831481, 2.824545000000171], [-65.83175299999988, 2.824694], [-65.83208599999989, 2.824782], [-65.832356, 2.82472], [-65.83271699999989, 2.824628000000132], [-65.833405, 2.823904], [-65.834154, 2.823330000000169], [-65.83454399999988, 2.823118], [-65.835116, 2.823025], [-65.835659, 2.823052], [-65.83617199999986, 2.823199], [-65.836445, 2.823407000000145], [-65.83662699999985, 2.823496], [-65.836777, 2.823465000000169], [-65.836896, 2.823284000000115], [-65.836863, 2.822925], [-65.83674, 2.822596], [-65.836527, 2.822297000000162], [-65.836432, 2.821758000000159], [-65.836488, 2.821248], [-65.83654499999989, 2.82082800000012], [-65.836452, 2.820469], [-65.83620899999988, 2.8202], [-65.83620599999983, 2.8199], [-65.836265, 2.81969], [-65.836534, 2.819449], [-65.837136, 2.819325000000106], [-65.837558, 2.819353], [-65.838101, 2.81932], [-65.83846299999988, 2.819467000000145], [-65.83879699999989, 2.819705000000113], [-65.8390409999999, 2.820034000000135], [-65.839195, 2.820512], [-65.83928899999984, 2.820902], [-65.839442, 2.821200000000147], [-65.83962399999984, 2.821379], [-65.840047, 2.821587], [-65.840561, 2.821704000000125], [-65.840802, 2.82170200000013], [-65.840982, 2.821611], [-65.841102, 2.821491], [-65.84119, 2.82122], [-65.841273, 2.82032], [-65.841327, 2.81951000000015], [-65.841476, 2.81924], [-65.84162499999985, 2.819029000000114], [-65.841865, 2.818938], [-65.84204599999987, 2.818967000000157], [-65.842227, 2.819025000000124], [-65.84253, 2.819234], [-65.84299, 2.819833], [-65.843271, 2.820486], [-65.843776, 2.821519], [-65.844055, 2.822008], [-65.84449699999988, 2.822223], [-65.845322, 2.822161000000108], [-65.846855, 2.821438000000114], [-65.848664, 2.820821], [-65.849428, 2.820159], [-65.85101, 2.818725], [-65.851771, 2.817789], [-65.852364, 2.816473], [-65.85274499999986, 2.816033], [-65.853128, 2.815866], [-65.853514, 2.815917], [-65.853737, 2.816297], [-65.85390799999988, 2.816897], [-65.8540789999999, 2.817605], [-65.854303, 2.818040000000167], [-65.854745, 2.818255], [-65.8552959999999, 2.8183590000001], [-65.855681, 2.818356], [-65.855848, 2.818573], [-65.856016, 2.818899], [-65.85590899999988, 2.819282000000101], [-65.855144, 2.819726], [-65.8548689999999, 2.819728], [-65.854542, 2.820114], [-65.854544, 2.820332000000121], [-65.854715, 2.820986], [-65.8551609999999, 2.821637], [-65.855551, 2.82218], [-65.8559949999999, 2.822559000000183], [-65.85611, 2.823104000000114], [-65.855895, 2.823706], [-65.85601, 2.824252], [-65.856343, 2.824576], [-65.857224, 2.824678000000176], [-65.85815899999989, 2.82467], [-65.858818, 2.824609000000123], [-65.85903699999989, 2.824443], [-65.85919899999988, 2.824169000000154], [-65.859474, 2.824166], [-65.85975, 2.824273], [-65.860636, 2.8248660000001], [-65.861188, 2.825134], [-65.861797, 2.825566], [-65.862516, 2.826051], [-65.864228, 2.826746], [-65.86549899999989, 2.82739], [-65.866163, 2.827876], [-65.867046, 2.828196000000105], [-65.867871, 2.828189], [-65.8689159999999, 2.82818], [-65.869356, 2.82823], [-65.86958, 2.828611000000137], [-65.869583, 2.828993000000139], [-65.86969699999986, 2.829429000000175], [-65.870031, 2.829808], [-65.871026, 2.8304], [-65.87207599999988, 2.830937], [-65.87306799999988, 2.831147], [-65.87394899999987, 2.831248000000187], [-65.875761, 2.831014], [-65.878505, 2.830389], [-65.87922, 2.830328000000122], [-65.879882, 2.830541000000153], [-65.880934, 2.831296], [-65.8813229999999, 2.831730000000107], [-65.88177, 2.832490000000121], [-65.88194, 2.833035000000109], [-65.881888, 2.833363], [-65.881674, 2.83402], [-65.88118699999984, 2.834899000000121], [-65.88080899999983, 2.835721], [-65.880814, 2.836267], [-65.880817, 2.836541], [-65.880983, 2.836703000000171], [-65.88114799999988, 2.836701000000176], [-65.88164199999983, 2.836533000000145], [-65.882517, 2.835979000000123], [-65.883285, 2.835809], [-65.88367, 2.83586], [-65.884169, 2.836238], [-65.884449, 2.836782000000142], [-65.884671, 2.836998], [-65.885058, 2.837213], [-65.885498, 2.837209000000144], [-65.885883, 2.837206], [-65.886266, 2.837039], [-65.886703, 2.83670700000016], [-65.887137, 2.836048000000176], [-65.887575, 2.83582500000017], [-65.888013, 2.835603000000106], [-65.888452, 2.835490000000163], [-65.88943199999983, 2.834389], [-65.889978, 2.834002000000169], [-65.89030699999984, 2.833944000000145], [-65.890803, 2.834049000000164], [-65.891579, 2.834643], [-65.89191, 2.834804], [-65.89224, 2.834801], [-65.89246, 2.834799], [-65.892734, 2.834633000000167], [-65.893007, 2.834467], [-65.893224, 2.834137000000112], [-65.893273, 2.833536000000151], [-65.893215, 2.83315400000015], [-65.8933219999999, 2.83288], [-65.893431, 2.83277], [-65.893706, 2.832767000000104], [-65.894093, 2.832928], [-65.89426, 2.833145000000115], [-65.894648, 2.833524], [-65.894761, 2.833796000000177], [-65.89531399999987, 2.834119], [-65.895534, 2.834171], [-65.895864, 2.834168], [-65.896253, 2.834547000000157], [-65.896254, 2.834711], [-65.896146, 2.834876000000179], [-65.895544, 2.835264000000109], [-65.894996, 2.835432], [-65.89455799999985, 2.835655000000145], [-65.894451, 2.835983000000112], [-65.894729, 2.836363000000119], [-65.895007, 2.836634000000174], [-65.89555699999988, 2.836684], [-65.895888, 2.836735000000147], [-65.89654999999982, 2.837003000000152], [-65.896991, 2.837108000000114], [-65.897322, 2.837160000000154], [-65.897759, 2.836828], [-65.897921, 2.836553], [-65.898027, 2.836170000000152], [-65.898462, 2.835566], [-65.89879, 2.835399000000109], [-65.899395, 2.835393000000124], [-65.900662, 2.835546], [-65.901376, 2.835485000000119], [-65.902033, 2.835152000000107], [-65.902633, 2.8346], [-65.902843, 2.833561], [-65.903005, 2.833231000000126], [-65.903278, 2.833065], [-65.903662, 2.832953], [-65.90404699999982, 2.832949], [-65.904709, 2.833107], [-65.905921, 2.833315], [-65.906803, 2.83358], [-65.907246, 2.833904], [-65.907526, 2.834502000000157], [-65.907586, 2.834993000000111], [-65.907918, 2.835264000000109], [-65.908358, 2.835260000000176], [-65.908793, 2.834655], [-65.90901, 2.834380000000181], [-65.909286, 2.834487000000138], [-65.910336, 2.835311000000104], [-65.909644, 2.83849], [-65.91000699999984, 2.842929], [-65.910744, 2.846919], [-65.913276, 2.851665], [-65.915738, 2.854154], [-65.919314, 2.860107], [-65.92095, 2.863648000000126], [-65.922201, 2.871701], [-65.922782, 2.878059000000178], [-65.923524, 2.880243], [-65.926809, 2.883186], [-65.927563, 2.883079], [-65.92800299999988, 2.883075], [-65.928388, 2.883072], [-65.928771, 2.882905], [-65.929208, 2.882573], [-65.929642, 2.881914000000108], [-65.93008, 2.88169100000016], [-65.930518, 2.881469], [-65.930957, 2.881356000000153], [-65.931937, 2.880255], [-65.932483, 2.879868000000101], [-65.932812, 2.879810000000134], [-65.933308, 2.879915], [-65.934084, 2.880509], [-65.93441499999989, 2.88067], [-65.934745, 2.88066700000013], [-65.934965, 2.880665], [-65.935239, 2.8804990000001], [-65.935512, 2.880333], [-65.935729, 2.880003000000102], [-65.935778, 2.879402], [-65.93571999999989, 2.879020000000139], [-65.935827, 2.878746], [-65.935936, 2.878636000000142], [-65.936211, 2.878633], [-65.936598, 2.878794], [-65.936765, 2.879011000000105], [-65.937153, 2.879390000000171], [-65.937266, 2.87966200000011], [-65.937819, 2.879985], [-65.93803899999989, 2.880037], [-65.938369, 2.880034], [-65.9387579999999, 2.880413], [-65.93875899999989, 2.880577000000187], [-65.938651, 2.880742000000112], [-65.938049, 2.88113], [-65.93750099999988, 2.881298000000129], [-65.937063, 2.881521000000134], [-65.93695599999984, 2.881849], [-65.937234, 2.882229], [-65.937512, 2.882500000000107], [-65.938062, 2.882550000000151], [-65.938393, 2.882601000000136], [-65.939055, 2.882869], [-65.939496, 2.882974], [-65.939827, 2.883026], [-65.940264, 2.882694000000185], [-65.94042599999989, 2.882419], [-65.940532, 2.882036], [-65.94096699999989, 2.881432], [-65.941295, 2.881265], [-65.9419, 2.881259000000114], [-65.943167, 2.881412000000125], [-65.943881, 2.881351], [-65.94453799999985, 2.881018], [-65.945138, 2.880466], [-65.945348, 2.879427], [-65.9455099999999, 2.879097000000115], [-65.94578299999984, 2.878931], [-65.94616699999989, 2.878819], [-65.946552, 2.878815], [-65.947214, 2.878973000000144], [-65.948426, 2.879181000000131], [-65.949308, 2.879446], [-65.94975099999988, 2.879770000000178], [-65.950031, 2.880368], [-65.950091, 2.880859], [-65.950423, 2.88113], [-65.950863, 2.881126000000108], [-65.9512979999999, 2.880521000000158], [-65.951515, 2.880246000000113], [-65.951791, 2.880353000000127], [-65.952841, 2.881177], [-65.957761, 2.873011000000133], [-65.961383, 2.871014000000116], [-65.964378, 2.870426000000123], [-65.966869, 2.871875000000102], [-65.977841, 2.873284000000183], [-65.986072, 2.873431], [-65.98994199999987, 2.872124], [-65.991759, 2.869182], [-65.995133, 2.866683], [-65.996507, 2.865652000000182], [-66.00014399999986, 2.858136], [-65.9997269999999, 2.850736], [-66.002667, 2.847107], [-66.006911, 2.845926], [-66.009908, 2.844492000000173], [-66.014033, 2.840866000000176], [-66.017529, 2.839307000000133], [-66.021023, 2.838846], [-66.025581, 2.836663], [-66.02914, 2.834853], [-66.032445, 2.835238000000118], [-66.034748, 2.836812000000123], [-66.034867, 2.839195000000132], [-66.03566399999988, 2.844402], [-66.037529, 2.846727], [-66.040644, 2.848177], [-66.046326, 2.845370000000173], [-66.04976, 2.843999], [-66.051878, 2.844632], [-66.053926, 2.848901000000126], [-66.058036, 2.851107], [-66.066259, 2.854828], [-66.069504, 2.854146000000128], [-66.071749, 2.854152000000113], [-66.078795, 2.854640000000131], [-66.080663, 2.856025000000159], [-66.0827809999999, 2.857096000000126], [-66.086707, 2.858298000000104], [-66.092816, 2.859191000000123], [-66.097676, 2.861336000000108], [-66.100917, 2.862034000000165], [-66.102792, 2.860408], [-66.10430299999985, 2.855050000000119], [-66.105063, 2.850160000000187], [-66.109698, 2.842396000000122], [-66.114578, 2.836387000000116], [-66.122331, 2.828191], [-66.12608999999986, 2.821428], [-66.129028, 2.818738], [-66.13433299999986, 2.817403], [-66.13782799999984, 2.816283000000112], [-66.14207899999985, 2.812154], [-66.145458, 2.807647], [-66.149592, 2.80050800000015], [-66.155464, 2.796508000000131], [-66.159708, 2.795264], [-66.164822, 2.795277], [-66.169931, 2.797421000000156], [-66.174918, 2.798688], [-66.18277699999987, 2.798581], [-66.191881, 2.799105], [-66.197251, 2.79686], [-66.200253, 2.793104], [-66.203032, 2.778749000000118], [-66.206421, 2.769474000000116], [-66.206245, 2.765021000000104], [-66.204381, 2.761943000000144], [-66.202642, 2.758552], [-66.200276, 2.756791], [-66.1828579999999, 2.750885], [-66.181741, 2.748594], [-66.18212, 2.746807000000103], [-66.182962, 2.746746], [-66.184521, 2.74686], [-66.18788699999988, 2.74762], [-66.1920669999999, 2.746878], [-66.19531299999989, 2.745506], [-66.199878, 2.740248], [-66.200387, 2.735984], [-66.198086, 2.733031000000153], [-66.197777, 2.73209], [-66.196168, 2.726598], [-66.196502, 2.716815000000111], [-66.195459, 2.7094120000001], [-66.19309899999985, 2.70533], [-66.189554, 2.701057000000162], [-66.18756699999989, 2.696976000000177], [-66.186455, 2.692395], [-66.189083, 2.688763000000108], [-66.193201, 2.68808300000012], [-66.195504, 2.689844000000164], [-66.198795, 2.696186000000182], [-66.202344, 2.698640000000182], [-66.20546399999984, 2.698146000000179], [-66.20708699999983, 2.697397], [-66.20722199999989, 2.692631], [-66.20948, 2.687242], [-66.213599, 2.685872000000131], [-66.216781, 2.685377], [-66.2184, 2.686635], [-66.221074, 2.689903], [-66.222877, 2.692228], [-66.224242, 2.695618], [-66.223738, 2.69778], [-66.224971, 2.703930000000184], [-66.227767, 2.708828], [-66.229821, 2.710464000000115], [-66.234805, 2.712858], [-66.243971, 2.71388300000018], [-66.246031, 2.713260000000162], [-66.250967, 2.709007000000156], [-66.251977, 2.703866], [-66.252051, 2.698441], [-66.2499959999999, 2.6971190000001], [-66.248439, 2.696049], [-66.24657, 2.695104000000185], [-66.24695099999985, 2.692157], [-66.249263, 2.690281], [-66.2538239999999, 2.686779], [-66.26138, 2.682593000000111], [-66.267367, 2.682419], [-66.271416, 2.68478], [-66.274594, 2.686041000000102], [-66.277963, 2.685673], [-66.281837, 2.682232], [-66.29046, 2.675038], [-66.29364199999986, 2.674418000000117], [-66.296698, 2.674675], [-66.297319, 2.675743000000182], [-66.298124, 2.678567], [-66.29767799999985, 2.682894000000147], [-66.297794, 2.68672000000015], [-66.299288, 2.687916], [-66.30122299999988, 2.687449], [-66.3036, 2.684068], [-66.307351, 2.68018700000016], [-66.310977, 2.677949], [-66.3168409999999, 2.675817], [-66.32221299999986, 2.67194000000012], [-66.3284599999999, 2.667312000000152], [-66.33558499999987, 2.660804], [-66.341944, 2.661947000000168], [-66.345438, 2.661704000000157], [-66.353179, 2.658145], [-66.35798199999988, 2.657905], [-66.36340799999988, 2.658293000000185], [-66.365708, 2.662061], [-66.368822, 2.664013], [-66.37331399999988, 2.663771000000111], [-66.379619, 2.661087], [-66.38922799999989, 2.659446000000173], [-66.397589, 2.658083], [-66.407828, 2.653275000000122], [-66.425313, 2.643526000000122], [-66.434303, 2.639781], [-66.445295, 2.632966000000181], [-66.452975, 2.628967], [-66.457964, 2.629667], [-66.463079, 2.629615], [-66.466515, 2.626705000000129], [-66.472262, 2.622827], [-66.480748, 2.621464], [-66.488545, 2.621543], [-66.493847, 2.621554], [-66.49909, 2.619557], [-66.505839, 2.613454000000104], [-66.52038099999987, 2.609342], [-66.521758, 2.607149000000106], [-66.521328, 2.603823], [-66.520397, 2.601124], [-66.5190889999999, 2.600306], [-66.515616, 2.59779], [-66.51417, 2.595732000000169], [-66.51411, 2.594736000000182], [-66.51667199999986, 2.592232], [-66.518856, 2.591672000000131], [-66.521223, 2.593684000000167], [-66.524403, 2.593878], [-66.52758699999987, 2.592818], [-66.528903, 2.589558000000181], [-66.527909, 2.587298], [-66.52804199999986, 2.583126], [-66.534179, 2.570968], [-66.535311, 2.565826000000186], [-66.5347579999999, 2.561684000000128], [-66.532764, 2.560739000000126], [-66.54214, 2.549843], [-66.536279, 2.548827000000188], [-66.5346669999999, 2.543617], [-66.542835, 2.539553], [-66.532762, 2.522846], [-66.530087, 2.519579000000135], [-66.52697, 2.518381000000147], [-66.52478599999984, 2.51887900000014], [-66.52304, 2.518813], [-66.519988, 2.51636], [-66.516441, 2.51233800000017], [-66.514197, 2.511707], [-66.512823, 2.5123], [-66.511198, 2.51405300000016], [-66.508453, 2.514675000000125], [-66.505836, 2.51329], [-66.50484399999988, 2.509901000000184], [-66.507227, 2.503507000000127], [-66.508615, 2.495354], [-66.506878, 2.490332], [-66.5052639999999, 2.486314], [-66.506147, 2.481046000000106], [-66.51046199999985, 2.474718], [-66.51096699999988, 2.471834000000115], [-66.510159, 2.4702640000001], [-66.507106, 2.46869], [-66.488193, 2.476212], [-66.487828, 2.470942], [-66.489836, 2.464547], [-66.494086, 2.459724], [-66.498773, 2.455091], [-66.50066, 2.446626], [-66.503408, 2.444247000000189], [-66.50746499999985, 2.442498], [-66.512208, 2.441001], [-66.518567, 2.442519], [-66.521682, 2.444156000000135], [-66.52766299999985, 2.44815], [-66.53345099999984, 2.454623], [-66.535687, 2.459959], [-66.537864, 2.462975], [-66.540983, 2.46298000000013], [-66.54267, 2.460976], [-66.546106, 2.458379], [-66.552353, 2.452870000000132], [-66.561474, 2.444417], [-66.562852, 2.441408000000138], [-66.56242, 2.438898000000108], [-66.559991, 2.436949000000141], [-66.556002, 2.435373000000141], [-66.55494599999986, 2.432799000000159], [-66.557139, 2.427377], [-66.559211, 2.419601], [-66.561479, 2.415424000000144], [-66.56355, 2.408025], [-66.56623799999988, 2.404705], [-66.57172999999989, 2.403084], [-66.578842, 2.401842000000102], [-66.5828939999999, 2.403229], [-66.58426399999985, 2.404361000000108], [-66.584696, 2.406871], [-66.58432, 2.407812], [-66.581949, 2.408497], [-66.579883, 2.412509000000171], [-66.580129, 2.414831000000106], [-66.582434, 2.41634], [-66.588484, 2.415975], [-66.59017, 2.415288], [-66.593791, 2.413004000000115], [-66.59947399999987, 2.40925], [-66.603655, 2.407940000000167], [-66.606521, 2.409639], [-66.60938399999986, 2.413157000000126], [-66.611686, 2.416298000000154], [-66.61529999999988, 2.418501000000163], [-66.619355, 2.417818000000125], [-66.619733, 2.415623], [-66.618613, 2.414115], [-66.616681, 2.413233], [-66.61637299999984, 2.410974000000181], [-66.618808, 2.410037000000102], [-66.62199, 2.409290000000112], [-66.62479899999988, 2.407977000000187], [-66.628115, 2.402274], [-66.63148699999982, 2.39948800000019], [-66.632802, 2.396918], [-66.633435, 2.391398000000152], [-66.630764, 2.3851820000001], [-66.62783799999988, 2.381915000000106], [-66.625659, 2.379558000000145], [-66.627315, 2.359484000000123], [-66.627392, 2.350701000000129], [-66.626341, 2.344990000000109], [-66.623979, 2.340594000000181], [-66.620492, 2.337075000000141], [-66.611893, 2.332418000000132], [-66.620579, 2.308318], [-66.62441, 2.248683], [-66.620355, 2.249586], [-66.615369, 2.24757000000011], [-66.604776, 2.242282000000102], [-66.599298, 2.236626000000172], [-66.594071, 2.229465], [-66.590957, 2.227327000000116], [-66.586839, 2.228449], [-66.57836, 2.22718], [-66.576992, 2.224292000000162], [-66.57463799999982, 2.215379], [-66.570779, 2.211107], [-66.568542, 2.205959000000121], [-66.56768199999982, 2.19868], [-66.56446, 2.186253], [-66.564841, 2.181862000000137], [-66.56410899999986, 2.172012000000109], [-66.563429, 2.168748], [-66.560378, 2.165826], [-66.55777599999988, 2.155408000000136], [-66.560153, 2.151522000000114], [-66.562723, 2.143058], [-66.561421, 2.138476], [-66.559679, 2.135995], [-66.5606949999999, 2.125081000000137], [-66.56394099999989, 2.113628], [-66.564767, 2.104958000000124], [-66.574762, 2.086231000000168], [-66.579745, 2.080901], [-66.580624, 2.073383], [-66.578479, 2.058994], [-66.582836, 2.043525], [-66.585031, 2.024348000000145], [-66.5850559999999, 2.007782], [-66.590278, 1.992642000000103], [-66.606977, 1.98046], [-66.616293, 1.980691000000149], [-66.6221369999999, 1.984623], [-66.625163, 1.98964], [-66.629485, 1.997058], [-66.641608, 2.00405], [-66.673006, 2.016301000000112], [-66.68772699999988, 2.025041000000101], [-66.69421199999982, 2.035949], [-66.694852, 2.042708000000118], [-66.695709, 2.049685], [-66.708903, 2.066707000000179], [-66.740342, 2.068307], [-66.746409, 2.068424000000107], [-66.75085599999983, 2.064615000000117], [-66.766137, 2.056473], [-66.791414, 2.059529000000111], [-66.813051, 2.060173], [-66.823453, 2.059969], [-66.82778799999988, 2.058666], [-66.836034, 2.04952], [-66.8486099999999, 2.043432000000109], [-66.861389, 2.048898000000122], [-66.8737359999999, 2.052402000000143], [-66.895937, 2.052201], [-66.91019, 2.04336], [-66.919528, 2.03501000000017], [-66.914695, 1.992472], [-66.906742, 1.951268], [-66.89267499999988, 1.93577], [-66.880328, 1.932266], [-66.867549, 1.926800000000185], [-66.854973, 1.932888000000162], [-66.846727, 1.942034000000149], [-66.842392, 1.943337000000156], [-66.83199, 1.943541000000153], [-66.810353, 1.94289700000013], [-66.785076, 1.939841], [-66.769795, 1.947983], [-66.765348, 1.951792000000182], [-66.75928099999987, 1.951675], [-66.760095, 1.953632], [-66.746901, 1.93661], [-66.746044, 1.929633000000138], [-66.7454039999999, 1.922874], [-66.7389189999999, 1.91196600000012], [-66.724198, 1.903226000000132], [-66.6928, 1.890975], [-66.68067699999983, 1.883983000000114], [-66.67635499999989, 1.876565], [-66.673329, 1.871548], [-66.66748499999989, 1.867616000000169], [-66.6479169999999, 1.858579000000134], [-66.643595, 1.851161000000104], [-66.62353499999983, 1.830125], [-66.617691, 1.826193000000103], [-66.608375, 1.825962], [-66.59167599999984, 1.838144], [-66.586454, 1.853284], [-66.578817, 1.873827000000176], [-66.56290499999989, 1.891056], [-66.55097, 1.911597000000143], [-66.535058, 1.922862000000123], [-66.507874, 1.939428], [-66.484668, 1.955331], [-66.46543999999989, 1.969247], [-66.4488649999999, 1.985150000000147], [-66.433615, 2.008342], [-66.428311, 2.02557000000013], [-66.426322, 2.042136], [-66.421903, 2.056847], [-66.417546, 2.072316000000114], [-66.419691, 2.086705000000109], [-66.418812, 2.094223000000113], [-66.413829, 2.099553], [-66.403834, 2.11828], [-66.40300799999989, 2.12695], [-66.3997619999999, 2.138403], [-66.398746, 2.14931700000011], [-66.400488, 2.151798], [-66.40179, 2.15638], [-66.39922, 2.16484400000013], [-66.39684299999988, 2.168730000000153], [-66.399445, 2.179148000000112], [-66.402496, 2.18207], [-66.403176, 2.185334000000125], [-66.403908, 2.195184000000154], [-66.403527, 2.199575], [-66.40674899999982, 2.212002], [-66.407609, 2.219281], [-66.409846, 2.224429000000157], [-66.41370499999982, 2.228701000000115], [-66.416059, 2.237614], [-66.417427, 2.240502], [-66.425906, 2.241771], [-66.430024, 2.240649000000133], [-66.433138, 2.242787000000135], [-66.438365, 2.249948], [-66.443843, 2.255604000000119], [-66.454436, 2.260892000000126], [-66.459422, 2.262908000000152], [-66.471445, 2.255288], [-66.462759, 2.279388], [-66.4713579999999, 2.284045], [-66.474845, 2.287564], [-66.477207, 2.291960000000131], [-66.478258, 2.297671], [-66.47818099999984, 2.306454], [-66.47652499999987, 2.326528], [-66.478704, 2.328885000000184], [-66.48163, 2.332152000000121], [-66.484301, 2.338368], [-66.483668, 2.343888], [-66.48235299999988, 2.346458], [-66.47898099999986, 2.349244000000169], [-66.475665, 2.354947], [-66.472856, 2.35626], [-66.469674, 2.357007000000181], [-66.46723899999989, 2.357944], [-66.467547, 2.360203], [-66.469479, 2.361085], [-66.47059899999982, 2.362593000000118], [-66.470221, 2.364788], [-66.466166, 2.365471], [-66.462552, 2.363268], [-66.46025, 2.360127], [-66.457387, 2.356609000000105], [-66.454521, 2.354910000000189], [-66.45034, 2.35622], [-66.44465699999989, 2.359974], [-66.44103599999988, 2.362258000000111], [-66.43935, 2.362945000000138], [-66.4333, 2.363310000000126], [-66.43099499999988, 2.361801000000128], [-66.43074899999988, 2.359479], [-66.432815, 2.355467], [-66.435186, 2.354782000000114], [-66.435562, 2.353841], [-66.43513, 2.351331000000187], [-66.43376, 2.350199000000146], [-66.42970799999989, 2.348812000000123], [-66.422596, 2.350054], [-66.417104, 2.351675], [-66.414416, 2.354995000000145], [-66.412345, 2.362394], [-66.410077, 2.366571000000135], [-66.40800499999989, 2.374347000000114], [-66.405812, 2.379769], [-66.406868, 2.382343], [-66.410857, 2.383919], [-66.413286, 2.385868000000187], [-66.413718, 2.388378], [-66.41233999999986, 2.391387000000122], [-66.403219, 2.399840000000154], [-66.39697199999989, 2.405349000000172], [-66.393536, 2.407946], [-66.391849, 2.40995], [-66.3887299999999, 2.409945000000107], [-66.38655299999988, 2.406929000000162], [-66.3843169999999, 2.401593000000105], [-66.378529, 2.39512], [-66.372548, 2.391126], [-66.369433, 2.389489], [-66.36307399999987, 2.387971000000107], [-66.358331, 2.389468000000136], [-66.354274, 2.391217], [-66.351526, 2.393596000000116], [-66.349639, 2.402061], [-66.344952, 2.406694], [-66.34070199999985, 2.411517000000174], [-66.338694, 2.417912000000115], [-66.339059, 2.423182], [-66.357972, 2.415660000000116], [-66.361025, 2.417234000000121], [-66.361833, 2.418804], [-66.361328, 2.421688], [-66.357013, 2.428016000000184], [-66.35613, 2.433284000000128], [-66.357744, 2.437302], [-66.359481, 2.442324], [-66.358093, 2.450477], [-66.35571, 2.456871], [-66.35670199999987, 2.460260000000119], [-66.359319, 2.461645000000146], [-66.362064, 2.461023], [-66.363689, 2.459270000000117], [-66.365063, 2.458677], [-66.367307, 2.459308], [-66.37085399999984, 2.463330000000155], [-66.373906, 2.465783], [-66.37565199999989, 2.465849], [-66.377836, 2.465351], [-66.380953, 2.466549], [-66.383628, 2.469816000000151], [-66.393701, 2.486523000000147], [-66.385533, 2.490587000000119], [-66.38714499999986, 2.495797], [-66.393006, 2.496813000000145], [-66.38363, 2.507709000000148], [-66.385624, 2.508654], [-66.386177, 2.512796], [-66.385045, 2.517938]]]}}, {"type": "Feature", "properties": {"Pais": "Venezuela", "Estado": "Amazonas", "Municipio": "Aut\u00f3nomo Rio Negro", "Parroquia": "Cocuy"}, "geometry": {"type": "Polygon", "coordinates": [[[-66.56883112099996, 0.958845740000129], [-66.568185, 0.959335000000124], [-66.56288808599999, 0.968264810000164], [-66.54458967299996, 0.999113215000023], [-66.520265, 1.040121000000113], [-66.520265, 1.040425], [-66.520113, 1.041437], [-66.519607, 1.041943], [-66.51925299999988, 1.042702], [-66.519304, 1.043209], [-66.51950599999986, 1.043512], [-66.519557, 1.044069], [-66.519405, 1.044727], [-66.518696, 1.04523300000011], [-66.518747, 1.045638], [-66.518443, 1.04624600000011], [-66.518443, 1.046752], [-66.51854399999985, 1.047764000000143], [-66.518443, 1.04827], [-66.517836, 1.049435000000187], [-66.517836, 1.049991], [-66.517532, 1.050801], [-66.51737999999989, 1.051409], [-66.516621, 1.052421000000152], [-66.51621599999987, 1.052623000000153], [-66.515608, 1.053535000000124], [-66.51495, 1.054344], [-66.514039, 1.054800000000171], [-66.513634, 1.055357], [-66.513634, 1.055964000000188], [-66.513229, 1.056420000000116], [-66.512825, 1.057533], [-66.512318, 1.058242], [-66.51227843199996, 1.058578915000112], [-66.512217, 1.059102000000109], [-66.512217, 1.059710000000166], [-66.512217, 1.060469], [-66.5124699999999, 1.061988], [-66.51287499999984, 1.063405], [-66.513027, 1.064923], [-66.512976, 1.06548], [-66.512318, 1.06608800000015], [-66.511964, 1.067151], [-66.511964, 1.068821000000128], [-66.51150799999988, 1.069327000000101], [-66.510901, 1.071149], [-66.510597, 1.07201], [-66.510648, 1.072212], [-66.510749, 1.072516000000121], [-66.51084999999989, 1.072921], [-66.510395, 1.073275], [-66.50963599999989, 1.07368], [-66.508573, 1.073832000000152], [-66.5077629999999, 1.074288], [-66.506447, 1.0753], [-66.505434, 1.076312], [-66.50513099999989, 1.077173000000187], [-66.50467499999985, 1.078033000000119], [-66.504422, 1.078995000000134], [-66.504776, 1.079603], [-66.50472599999989, 1.080362], [-66.505283, 1.080767], [-66.505434, 1.081678], [-66.505434, 1.082285000000184], [-66.505434, 1.082741000000112], [-66.505434, 1.083247], [-66.505839, 1.084209], [-66.505941, 1.084816], [-66.505839, 1.085373], [-66.505839, 1.086132], [-66.50609199999985, 1.086689], [-66.506396, 1.087246000000164], [-66.506852, 1.088056], [-66.50659899999988, 1.088714], [-66.5065479999999, 1.089321], [-66.506902, 1.089574], [-66.507408, 1.089929], [-66.5075599999999, 1.090485000000115], [-66.507611, 1.091093000000114], [-66.507662, 1.091498], [-66.5075599999999, 1.091903000000173], [-66.507155, 1.092004], [-66.507206, 1.092358000000161], [-66.507257, 1.092713], [-66.506902, 1.093067], [-66.506852, 1.093472], [-66.507105, 1.093775000000164], [-66.507307, 1.094332], [-66.507307, 1.094838], [-66.507257, 1.095496], [-66.507155, 1.095952000000182], [-66.50705399999987, 1.096559000000127], [-66.506953, 1.097015], [-66.507358, 1.097521000000143], [-66.507358, 1.097926], [-66.5077629999999, 1.098129], [-66.508269, 1.098736000000144], [-66.50821799999989, 1.099495], [-66.508066, 1.099900000000162], [-66.508066, 1.100609], [-66.508269, 1.101014000000134], [-66.509281, 1.101672], [-66.50963599999989, 1.102077000000179], [-66.509787, 1.102634], [-66.510344, 1.103393000000153], [-66.511154, 1.103747000000169], [-66.511812, 1.104051], [-66.512217, 1.104557], [-66.512217, 1.105164000000173], [-66.512065, 1.105974], [-66.51145799999983, 1.107341], [-66.5108, 1.107695000000149], [-66.51084999999989, 1.108303], [-66.511205, 1.109011000000123], [-66.51191299999982, 1.109163], [-66.512217, 1.109669], [-66.5119299999999, 1.110333], [-66.512165, 1.111031], [-66.513156, 1.111903000000154], [-66.513273, 1.112369000000172], [-66.513274, 1.112834], [-66.512694, 1.113942], [-66.51217099999985, 1.114467], [-66.511765, 1.11505000000011], [-66.512406, 1.115747], [-66.512757, 1.116445], [-66.512758, 1.117027], [-66.51287599999984, 1.117726000000175], [-66.513226, 1.118016], [-66.513517, 1.118249000000105], [-66.513577, 1.119297000000131], [-66.513695, 1.119937000000164], [-66.51387099999982, 1.120344000000102], [-66.51387099999982, 1.12081000000012], [-66.513698, 1.121451], [-66.513582, 1.121975], [-66.513001, 1.122384000000125], [-66.512477, 1.122676000000126], [-66.512479, 1.123374000000126], [-66.512771, 1.123723], [-66.512772, 1.124247], [-66.512773, 1.124829], [-66.512599, 1.12547], [-66.5126, 1.125936], [-66.512892, 1.126576], [-66.512486, 1.12715900000012], [-66.511962, 1.127451000000121], [-66.511731, 1.128208], [-66.511208, 1.128675000000158], [-66.511151, 1.129374], [-66.510861, 1.130015000000185], [-66.510862, 1.130713], [-66.51092199999988, 1.131761], [-66.5113889999999, 1.131993], [-66.5116809999999, 1.132692], [-66.511565, 1.132925000000114], [-66.511392, 1.13397300000014], [-66.51121899999987, 1.134497000000124], [-66.511161, 1.134905000000117], [-66.512035, 1.135195000000181], [-66.5125589999999, 1.135194], [-66.51308299999988, 1.135309000000177], [-66.513492, 1.135716000000116], [-66.513493, 1.136531], [-66.513901, 1.136530000000107], [-66.5141339999999, 1.136996000000124], [-66.5141359999999, 1.137869], [-66.51396199999988, 1.138102000000174], [-66.513612, 1.138103], [-66.513381, 1.138627], [-66.51338199999987, 1.139326], [-66.513499, 1.139559], [-66.51367499999986, 1.140199000000109], [-66.51454999999987, 1.14107], [-66.514667, 1.141827], [-66.514727, 1.142526], [-66.514729, 1.143457], [-66.51473, 1.144389], [-66.514965, 1.145029], [-66.515548, 1.14561], [-66.515665, 1.146134000000188], [-66.516365, 1.146889000000158], [-66.516716, 1.147355000000175], [-66.51654199999984, 1.147821], [-66.51654199999984, 1.148170000000107], [-66.517184, 1.148635000000183], [-66.517301, 1.148809], [-66.51736, 1.149391], [-66.517827, 1.149914000000138], [-66.51771099999985, 1.150497], [-66.517713, 1.151254000000165], [-66.517306, 1.151604], [-66.517015, 1.151721], [-66.51684099999989, 1.15207], [-66.517075, 1.153002], [-66.516902, 1.153817000000117], [-66.51713599999988, 1.15445700000015], [-66.517254, 1.155097000000183], [-66.518245, 1.155561], [-66.518828, 1.156084000000135], [-66.518829, 1.156550000000152], [-66.519121, 1.157132000000161], [-66.51900499999988, 1.157598000000178], [-66.519064, 1.157947], [-66.519356, 1.158529000000101], [-66.519532, 1.159111000000109], [-66.519651, 1.160158], [-66.520408, 1.160506], [-66.521108, 1.161320000000103], [-66.520761, 1.162252000000137], [-66.52058699999986, 1.16266000000013], [-66.52058699999986, 1.162951], [-66.52018, 1.163069], [-66.520239, 1.163651], [-66.519658, 1.163885], [-66.51965899999982, 1.164467], [-66.519368, 1.164817], [-66.519311, 1.165516], [-66.51908, 1.166331000000127], [-66.518615, 1.167089000000146], [-66.519083, 1.167961000000162], [-66.519433, 1.168427000000179], [-66.519259, 1.168951000000163], [-66.51966799999985, 1.169474], [-66.519319, 1.169649], [-66.519437, 1.170348000000104], [-66.519787, 1.170697], [-66.520486, 1.170986000000141], [-66.520488, 1.172034000000167], [-66.520023, 1.17261800000017], [-66.5199659999999, 1.1732], [-66.52066599999989, 1.173839000000157], [-66.521016, 1.174246], [-66.521017, 1.174828], [-66.521484, 1.175293000000181], [-66.5215429999999, 1.175817], [-66.521428, 1.17657400000013], [-66.5214289999999, 1.177040000000147], [-66.520789, 1.177332000000149], [-66.520616, 1.178264000000127], [-66.520967, 1.178962000000183], [-66.520909, 1.179428], [-66.520677, 1.179894], [-66.52075699999989, 1.180775], [-66.521578, 1.18240800000018], [-66.52175199999988, 1.182291], [-66.522159, 1.182058], [-66.522509, 1.182291], [-66.52286, 1.182700000000182], [-66.522978, 1.183225000000107], [-66.522748, 1.183866], [-66.522692, 1.184508], [-66.522985, 1.185033000000146], [-66.523394, 1.185383000000115], [-66.523687, 1.185966], [-66.523573, 1.18649100000016], [-66.523808, 1.187191000000155], [-66.523693, 1.1876], [-66.52375699999988, 1.188941], [-66.52341399999989, 1.190749], [-66.523535, 1.192033], [-66.523947, 1.193083], [-66.52458899999988, 1.193666000000178], [-66.524883, 1.194308], [-66.52529399999986, 1.1951830000001], [-66.525587, 1.195766], [-66.52570599999984, 1.196408], [-66.525883, 1.197166], [-66.525885, 1.19763300000011], [-66.525832, 1.198916], [-66.5263, 1.199499000000174], [-66.52641799999986, 1.199966], [-66.526245, 1.200374], [-66.526189, 1.201133], [-66.525899, 1.201483000000167], [-66.525318, 1.201658], [-66.524561, 1.201658], [-66.52433099999985, 1.202474000000109], [-66.523982, 1.202474000000109], [-66.523574, 1.202474000000109], [-66.52346099999988, 1.203349], [-66.523229, 1.203699], [-66.522705, 1.203699], [-66.522707, 1.2041660000001], [-66.522768, 1.204866000000152], [-66.522944, 1.205391], [-66.52347, 1.205799], [-66.52300899999989, 1.207141], [-66.52266, 1.207258], [-66.522664, 1.208191], [-66.522316, 1.208657], [-66.52161799999982, 1.208774000000176], [-66.520745, 1.208774000000176], [-66.520221, 1.208774000000176], [-66.519348, 1.209007], [-66.518768, 1.209649000000127], [-66.51883, 1.210641000000123], [-66.519357, 1.211516], [-66.518954, 1.212566], [-66.5182559999999, 1.212857000000156], [-66.517616, 1.212857000000156], [-66.516975, 1.212857000000156], [-66.516393, 1.212857000000156], [-66.516396, 1.213557000000151], [-66.516398, 1.214082], [-66.515879, 1.215541], [-66.515823, 1.216124], [-66.515301, 1.216649000000189], [-66.51466099999982, 1.216766000000121], [-66.514663, 1.217407], [-66.514142, 1.218049], [-66.513734, 1.218107], [-66.513387, 1.218691], [-66.512748, 1.218982000000153], [-66.51175899999987, 1.219332000000122], [-66.510599, 1.220557], [-66.509033, 1.222191], [-66.508106, 1.223299000000111], [-66.508285, 1.224466], [-66.50817099999989, 1.22510700000015], [-66.50794, 1.225516], [-66.507359, 1.225866], [-66.506777, 1.226041000000123], [-66.506253, 1.226157000000114], [-66.5055579999999, 1.226915], [-66.504513, 1.227732], [-66.504108, 1.22849], [-66.503703, 1.229307000000176], [-66.503952, 1.22975300000013], [-66.5018419999999, 1.230926], [-66.49926499999987, 1.23171], [-66.49738999999988, 1.232337], [-66.4966859999999, 1.233197000000189], [-66.4953579999999, 1.233667000000139], [-66.494264, 1.234918000000107], [-66.49309199999988, 1.235388], [-66.492233, 1.235467], [-66.491765, 1.235312], [-66.49106199999989, 1.235156], [-66.490126, 1.234845000000121], [-66.489267, 1.234612], [-66.48794, 1.234536000000105], [-66.487159, 1.234615], [-66.486612, 1.234772], [-66.48614299999986, 1.235241], [-66.485986, 1.235944], [-66.485985, 1.236802000000182], [-66.485984, 1.237895], [-66.485514, 1.23875500000014], [-66.485123, 1.23899], [-66.484538, 1.238912], [-66.48367999999988, 1.238445], [-66.482743, 1.238524], [-66.481844, 1.238721000000169], [-66.481453, 1.239229], [-66.48160799999988, 1.2404], [-66.4814889999999, 1.241571], [-66.480864, 1.241923], [-66.48063, 1.24165], [-66.48028, 1.240909], [-66.47910999999988, 1.240090000000123], [-66.478407, 1.240091000000177], [-66.478289, 1.240677000000176], [-66.478913, 1.241457], [-66.479537, 1.24204200000014], [-66.479341, 1.24231500000019], [-66.478678, 1.242355], [-66.478092, 1.242590000000177], [-66.477817, 1.243723000000159], [-66.478245, 1.244893000000161], [-66.478127, 1.245752000000152], [-66.477463, 1.245987], [-66.477657, 1.246378000000107], [-66.4783599999999, 1.246845000000178], [-66.478632, 1.247352], [-66.478436, 1.248094000000151], [-66.478162, 1.248446000000115], [-66.47746, 1.248525], [-66.476366, 1.248722], [-66.475546, 1.249386], [-66.47496, 1.249387000000183], [-66.47457, 1.248958], [-66.47417999999982, 1.24849], [-66.47379, 1.248217000000182], [-66.47332099999988, 1.2484520000001], [-66.473243, 1.249116000000129], [-66.47297799999984, 1.249563], [-66.471649, 1.250577], [-66.470008, 1.251903], [-66.468912, 1.253465], [-66.468597, 1.255418], [-66.469453, 1.257529], [-66.470543, 1.259484], [-66.472258, 1.261362000000133], [-66.472724, 1.262613000000101], [-66.47326899999985, 1.263629000000151], [-66.47405, 1.263709000000176], [-66.4756129999999, 1.263085], [-66.476862, 1.263087], [-66.477172, 1.26426], [-66.47623299999987, 1.265899], [-66.4749819999999, 1.266835000000185], [-66.47342, 1.267224], [-66.472554, 1.266863], [-66.472047, 1.266122000000166], [-66.4713139999999, 1.265815], [-66.47056399999985, 1.266007], [-66.470298, 1.266595], [-66.47068499999983, 1.268705000000182], [-66.470294, 1.26933], [-66.469779, 1.269287], [-66.469436, 1.268938000000105], [-66.46931199999989, 1.267999], [-66.46873599999986, 1.267218], [-66.46818899999988, 1.267374000000189], [-66.467329, 1.267763], [-66.467086, 1.268744], [-66.467092, 1.269717], [-66.46505999999982, 1.271199000000138], [-66.46459, 1.272058000000129], [-66.464744, 1.273387000000184], [-66.465836, 1.27456], [-66.466146, 1.275811], [-66.46552, 1.276591], [-66.4647389999999, 1.276747000000171], [-66.463725, 1.276355], [-66.46302499999985, 1.274791000000164], [-66.462089, 1.273852], [-66.460916, 1.274944], [-66.460758, 1.276429000000121], [-66.460288, 1.277444000000116], [-66.458647, 1.278067000000135], [-66.457476, 1.277988000000164], [-66.457007, 1.278612000000123], [-66.457084, 1.279316000000108], [-66.458253, 1.280802000000108], [-66.45848399999988, 1.2826], [-66.459184, 1.284867], [-66.45918, 1.287367000000131], [-66.45886399999989, 1.290024], [-66.45847, 1.292524000000128], [-66.45752899999985, 1.294633], [-66.45690199999984, 1.296429000000103], [-66.45682099999988, 1.29869500000018], [-66.456975, 1.300024000000178], [-66.457363, 1.301744], [-66.457048, 1.303384], [-66.455562, 1.304945], [-66.45469999999989, 1.30682], [-66.45352799999989, 1.307521000000179], [-66.451811, 1.307285], [-66.44970399999988, 1.306657], [-66.445253, 1.306573], [-66.442051, 1.307116], [-66.44002, 1.307895], [-66.43678199999988, 1.308099], [-66.434478, 1.306872000000112], [-66.43354099999988, 1.307027000000176], [-66.433308, 1.307752000000107], [-66.433461, 1.30843300000015], [-66.434944, 1.310288000000185], [-66.43529399999989, 1.311575], [-66.434783, 1.313996], [-66.434585, 1.316573], [-66.43403599999988, 1.318448000000103], [-66.43337199999985, 1.319073000000174], [-66.432429, 1.31945], [-66.43133399999988, 1.320621000000131], [-66.431143, 1.322004], [-66.43195499999985, 1.323357], [-66.43366999999989, 1.325078000000133], [-66.43562, 1.326644], [-66.438194, 1.328366], [-66.43990999999988, 1.329228000000171], [-66.441393, 1.329621], [-66.44272, 1.329622], [-66.444203, 1.330015], [-66.444515, 1.330562], [-66.444591, 1.331735], [-66.44427699999983, 1.332594000000142], [-66.443651, 1.333687000000168], [-66.441929, 1.336498], [-66.441926, 1.338921000000141], [-66.442469, 1.341188000000102], [-66.44340199999982, 1.343768], [-66.444648, 1.346035], [-66.44573799999984, 1.348068], [-66.446203, 1.350101], [-66.446045, 1.351507], [-66.445573, 1.353929], [-66.445648, 1.355648], [-66.446427, 1.357134], [-66.446737, 1.358385000000169], [-66.446422, 1.360573], [-66.445793, 1.363541], [-66.446023, 1.365964], [-66.44602, 1.368543], [-66.444215, 1.374401000000148], [-66.44333099999989, 1.376799000000176], [-66.443819, 1.37807400000014], [-66.444755, 1.378622000000178], [-66.446316, 1.379171], [-66.4478759999999, 1.380423000000178], [-66.448967, 1.381675], [-66.449824, 1.382848], [-66.449977, 1.384958], [-66.451067, 1.387304], [-66.451531, 1.390274], [-66.45137099999988, 1.392227], [-66.451915, 1.394494000000179], [-66.45307999999989, 1.398481000000174], [-66.454401, 1.402546], [-66.454709, 1.405595000000119], [-66.4554859999999, 1.408252], [-66.45578599999988, 1.411336000000119], [-66.45539999999988, 1.413566], [-66.454381, 1.415753], [-66.452999, 1.417973], [-66.45182699999987, 1.419068], [-66.451173, 1.420516000000134], [-66.45156, 1.422704000000124], [-66.45249499999989, 1.424112], [-66.454289, 1.425365], [-66.4561609999999, 1.426383000000101], [-66.4574879999999, 1.426697000000104], [-66.45811299999986, 1.426229000000149], [-66.458271, 1.425057000000152], [-66.45804, 1.423260000000141], [-66.459446, 1.422714], [-66.460772, 1.423654], [-66.46202099999988, 1.42365500000011], [-66.462725, 1.422640000000172], [-66.46304, 1.421], [-66.464602, 1.420533], [-66.4656159999999, 1.421394000000134], [-66.466239, 1.422332], [-66.467409, 1.423115], [-66.46865899999989, 1.422726000000182], [-66.469752, 1.422962], [-66.470609, 1.424057000000175], [-66.471076, 1.424995], [-66.47169899999989, 1.426403000000107], [-66.47169699999989, 1.427731], [-66.47122699999989, 1.42866800000013], [-66.468494, 1.428977000000145], [-66.46622799999983, 1.429912], [-66.465289, 1.431552000000181], [-66.464662, 1.432958], [-66.463876, 1.436161], [-66.46348299999988, 1.438192000000186], [-66.46386499999988, 1.438923], [-66.46465299999988, 1.438975], [-66.465356, 1.438429], [-66.466373, 1.437493], [-66.46715499999988, 1.436868], [-66.467857, 1.437104], [-66.468714, 1.438355000000172], [-66.469258, 1.43968400000017], [-66.470071, 1.440232], [-66.471444, 1.440312], [-66.47456599999987, 1.440551000000141], [-66.476394, 1.441296000000136], [-66.477251, 1.442313], [-66.478109, 1.443056], [-66.479124, 1.443214000000182], [-66.479905, 1.44298], [-66.48018599999989, 1.442121], [-66.480267, 1.440011], [-66.481127, 1.439387], [-66.482376, 1.439623], [-66.483422, 1.440836000000104], [-66.48401199999984, 1.44204800000017], [-66.483534, 1.443895], [-66.484086, 1.444548], [-66.485336, 1.444237000000101], [-66.48654, 1.444126000000153], [-66.487286, 1.445021000000111], [-66.487363, 1.446194], [-66.487829, 1.447366], [-66.489313, 1.447525], [-66.490323, 1.446775000000116], [-66.490956, 1.445260000000189], [-66.490645, 1.444010000000162], [-66.489477, 1.442289], [-66.49002499999989, 1.440961000000129], [-66.49135299999989, 1.440963000000124], [-66.492287, 1.442449000000124], [-66.492519, 1.443856], [-66.492668, 1.444781], [-66.49297899999988, 1.445835000000159], [-66.493609, 1.445967], [-66.494228, 1.445851], [-66.49462, 1.444875000000138], [-66.495209, 1.44257], [-66.496427, 1.441204000000141], [-66.497834, 1.440268000000174], [-66.498927, 1.440191], [-66.499472, 1.441364], [-66.499855, 1.441844000000174], [-66.500565, 1.441756000000169], [-66.50080099999985, 1.440428], [-66.499945, 1.438473000000158], [-66.50018199999988, 1.436754], [-66.501823, 1.435663], [-66.50315, 1.435664], [-66.50470999999987, 1.436604], [-66.50549, 1.437308], [-66.505959, 1.437153], [-66.506116, 1.436137000000144], [-66.505494, 1.43441700000011], [-66.506277, 1.433558], [-66.508151, 1.433326], [-66.509868, 1.433797000000141], [-66.510561, 1.434464000000105], [-66.510753, 1.436457000000132], [-66.51141599999983, 1.436926], [-66.512314, 1.436693000000105], [-66.513457, 1.43528700000013], [-66.514862, 1.435523000000103], [-66.51572, 1.436149], [-66.5163419999999, 1.437947000000122], [-66.517121, 1.439277], [-66.519928, 1.441469], [-66.52362699999986, 1.442686], [-66.525616, 1.443626000000165], [-66.525888, 1.444759000000147], [-66.52553399999982, 1.446244], [-66.525571, 1.447689], [-66.52577, 1.450619], [-66.523893, 1.453039000000103], [-66.520534, 1.45420700000011], [-66.519907, 1.455769], [-66.5227, 1.460121], [-66.529808, 1.461231], [-66.53638099999989, 1.461959], [-66.551882, 1.472909000000129], [-66.784235, 1.527243000000112], [-66.784613, 1.526744], [-66.785177, 1.525824000000114], [-66.785631, 1.5254], [-66.785741, 1.524865], [-66.785734, 1.524142], [-66.786187, 1.523604000000148], [-66.78713799999986, 1.523289], [-66.787783, 1.522787], [-66.78911, 1.521897], [-66.79005899999987, 1.521353], [-66.790361, 1.520931000000132], [-66.790621, 1.520205], [-66.79115, 1.51959], [-66.79191, 1.519277], [-66.792366, 1.519044000000122], [-66.792895, 1.518467000000157], [-66.793649, 1.517430000000161], [-66.79505399999988, 1.516654], [-66.796042, 1.516262000000154], [-66.797942, 1.515328000000125], [-66.798476, 1.515284], [-66.798936, 1.515546], [-66.79951099999988, 1.515844], [-66.80042399999985, 1.515492], [-66.801034, 1.515447], [-66.802291, 1.515205], [-66.803239, 1.514624], [-66.80521, 1.513118], [-66.805322, 1.512850000000128], [-66.80505299999987, 1.512662], [-66.804785, 1.512513000000126], [-66.804629, 1.512134], [-66.804818, 1.511903], [-66.804812, 1.511294], [-66.805111, 1.510529], [-66.805485, 1.509649000000138], [-66.805666, 1.508580000000109], [-66.805888, 1.507778], [-66.806456, 1.507277000000158], [-66.806947, 1.506815000000131], [-66.807477, 1.506314], [-66.80800699999986, 1.505775], [-66.808078, 1.505203000000108], [-66.808223, 1.504325000000165], [-66.808104, 1.503831000000105], [-66.807603, 1.503304], [-66.807179, 1.502775000000156], [-66.807175, 1.502356000000134], [-66.807324, 1.501935000000117], [-66.807507, 1.501134], [-66.807775, 1.501131], [-66.807931, 1.501548], [-66.808239, 1.501926], [-66.808429, 1.501733], [-66.80846099999985, 1.501123], [-66.8084199999999, 1.500781000000188], [-66.808035, 1.500366000000156], [-66.808032, 1.500023000000169], [-66.808331, 1.499373], [-66.808023, 1.498995], [-66.807675, 1.498542], [-66.80770799999988, 1.497932], [-66.80808, 1.496823], [-66.80887699999988, 1.496358000000157], [-66.809063, 1.495823000000144], [-66.8090969999999, 1.495365], [-66.808904, 1.495101], [-66.80867199999989, 1.494722000000138], [-66.808707, 1.494455], [-66.808282, 1.493812000000162], [-66.808315, 1.493279000000143], [-66.808618, 1.493009], [-66.808728, 1.492513], [-66.809296, 1.49205], [-66.810017, 1.491547], [-66.81054799999987, 1.491198], [-66.810773, 1.490701000000172], [-66.810656, 1.490512], [-66.810346, 1.489982000000168], [-66.8103809999999, 1.4896], [-66.810913, 1.489328], [-66.811143, 1.489478], [-66.811448, 1.489399000000105], [-66.811786, 1.488786000000175], [-66.811781, 1.488214], [-66.8120009999999, 1.487298000000123], [-66.812265, 1.486914000000183], [-66.812569, 1.486720000000105], [-66.81295, 1.486678], [-66.813485, 1.486787000000163], [-66.813792, 1.486936], [-66.814059, 1.486971], [-66.814057, 1.486743], [-66.813824, 1.486326], [-66.813782, 1.485908], [-66.81355, 1.485529000000156], [-66.813738, 1.485223], [-66.8140049999999, 1.485182], [-66.814041, 1.484915000000171], [-66.81392399999987, 1.484611], [-66.813614, 1.484157000000152], [-66.813268, 1.483818000000156], [-66.813303, 1.48351300000013], [-66.813415, 1.483245000000181], [-66.81329599999987, 1.482714000000101], [-66.81329199999988, 1.482218000000103], [-66.813595, 1.481949], [-66.814057, 1.481809], [-66.8155119999999, 1.482329], [-66.815819, 1.482555000000104], [-66.81666, 1.4827], [-66.817113, 1.48216100000019], [-66.81779199999988, 1.481316000000106], [-66.81808799999988, 1.480397], [-66.818612, 1.479324000000133], [-66.819066, 1.478938000000142], [-66.8196769999999, 1.478932], [-66.8202179999999, 1.47969], [-66.820454, 1.48045100000013], [-66.821379, 1.481358], [-66.822371, 1.481425], [-66.82367099999988, 1.481642], [-66.824277, 1.481254], [-66.82449999999989, 1.480565000000126], [-66.824568, 1.479725], [-66.825255, 1.479719000000102], [-66.826244, 1.479404000000159], [-66.8267, 1.479247000000157], [-66.82754099999988, 1.479392], [-66.827549, 1.480231], [-66.82771, 1.481146], [-66.828398, 1.481215], [-66.82862099999988, 1.480603], [-66.829232, 1.480673], [-66.829771, 1.481202], [-66.83015399999982, 1.481351000000132], [-66.831682, 1.481566000000157], [-66.831762, 1.481947], [-66.8323, 1.482323000000122], [-66.83283099999989, 1.482013], [-66.833592, 1.481777], [-66.833977, 1.482155], [-66.834669, 1.482682000000125], [-66.835584, 1.482597], [-66.8370369999999, 1.482965], [-66.837566, 1.48235], [-66.838475, 1.481654000000162], [-66.83953799999989, 1.481110000000115], [-66.839758, 1.480192000000159], [-66.839826, 1.479276], [-66.839819, 1.478513], [-66.839813, 1.477902], [-66.839881, 1.477062], [-66.840719, 1.476825000000133], [-66.840952, 1.477357], [-66.840428, 1.478431000000114], [-66.8410439999999, 1.478959], [-66.84219, 1.479101000000128], [-66.842501, 1.479708], [-66.843188, 1.479702000000145], [-66.843425, 1.480615000000171], [-66.843813, 1.481299], [-66.844273, 1.481447000000117], [-66.845417, 1.481436], [-66.845876, 1.481584], [-66.846562, 1.481501], [-66.84710499999983, 1.482412000000181], [-66.847873, 1.482939000000101], [-66.848263, 1.483775000000151], [-66.847806, 1.483855], [-66.84727699999985, 1.484471], [-66.84728299999989, 1.485081], [-66.847671, 1.485764], [-66.848207, 1.485912], [-66.84865799999989, 1.485221], [-66.849265, 1.484834], [-66.849728, 1.48536300000012], [-66.8508, 1.485811], [-66.85119, 1.486647000000119], [-66.851348, 1.487256], [-66.85203599999988, 1.487402], [-66.853419, 1.488381], [-66.854641, 1.488446000000124], [-66.855255, 1.488821], [-66.855715, 1.489046], [-66.856252, 1.489346000000126], [-66.8563999999999, 1.488887], [-66.856167, 1.488431000000105], [-66.8557019999999, 1.487749000000179], [-66.8557420439999, 1.487451450000037], [-66.85577399999988, 1.487214000000108], [-66.856617, 1.487588000000187], [-66.85738, 1.48758], [-66.858372, 1.487571000000173], [-66.85898999999989, 1.488404000000173], [-66.85906139799994, 1.488444020000088], [-66.859527, 1.488705], [-66.859525, 1.488476000000105], [-66.859673, 1.488016], [-66.860513, 1.488085], [-66.86052099999989, 1.488924], [-66.86052799999987, 1.489611], [-66.86061299999989, 1.490602000000138], [-66.860619, 1.491213], [-66.86006832899994, 1.491424936000044], [-66.860011, 1.491447], [-66.859479, 1.491681], [-66.859331, 1.492217], [-66.85941, 1.492521000000124], [-66.858955, 1.492755000000102], [-66.858342, 1.492531], [-66.85819199999986, 1.492838], [-66.85858, 1.493445000000179], [-66.85965, 1.493664], [-66.86018399999983, 1.49365900000015], [-66.860718, 1.493654], [-66.86056999999988, 1.494113], [-66.860576, 1.494723], [-66.86120147299982, 1.494779489], [-66.86134, 1.494792], [-66.861643, 1.494561000000147], [-66.862018, 1.493947000000162], [-66.862397, 1.493638], [-66.862783, 1.494092], [-66.86301799999984, 1.4947], [-66.863325, 1.494926], [-66.86368084699996, 1.494938159000185], [-66.86438532699998, 1.494962230000112], [-66.865081, 1.494986000000154], [-66.86576999999988, 1.495285], [-66.86569899999989, 1.495819000000154], [-66.865396, 1.496051], [-66.865399, 1.496356000000162], [-66.865783, 1.496582], [-66.868005, 1.497629000000131], [-66.868768, 1.497622], [-66.869071, 1.497314], [-66.868683, 1.496631], [-66.868833, 1.496324000000186], [-66.869362, 1.495785000000183], [-66.869822, 1.496009], [-66.87051799999989, 1.497071000000176], [-66.87135799999987, 1.49714], [-66.87235, 1.49713], [-66.873034, 1.496742000000154], [-66.873026, 1.495979], [-66.873482, 1.495746000000167], [-66.87409699999984, 1.496198], [-66.874712, 1.496650000000159], [-66.8750189999999, 1.496876], [-66.87463999999989, 1.497109000000137], [-66.8745679999999, 1.497567000000174], [-66.875408, 1.497635000000116], [-66.87579659299996, 1.497539804000041], [-66.876702, 1.497318000000178], [-66.878375, 1.496692], [-66.878902, 1.496], [-66.879354, 1.495309], [-66.879956, 1.494464000000107], [-66.881168, 1.493536], [-66.882086, 1.493757], [-66.882849, 1.493673], [-66.884214, 1.492821], [-66.885051, 1.492584], [-66.8872659999999, 1.492792000000179], [-66.888942, 1.492471], [-66.89008699999982, 1.492536], [-66.89047099999988, 1.492762], [-66.89100699999989, 1.492986], [-66.89131, 1.492677], [-66.89130599999987, 1.492296000000124], [-66.891225, 1.491839], [-66.89076299999988, 1.491309], [-66.890072, 1.490934], [-66.889378, 1.490178], [-66.88875499999983, 1.48881], [-66.888747, 1.487970000000132], [-66.88889399999988, 1.487359], [-66.889578, 1.487123], [-66.89072299999987, 1.487112], [-66.891262, 1.48764100000011], [-66.891647, 1.488019000000122], [-66.892564, 1.488163000000156], [-66.892944, 1.488007], [-66.893478, 1.488002000000108], [-66.894168, 1.488301], [-66.89500699999985, 1.488293], [-66.895922, 1.4882080000001], [-66.89683362699998, 1.488047203000065], [-66.897294, 1.487966], [-66.89813399999986, 1.488111000000117], [-66.89936, 1.488557], [-66.900123, 1.48855], [-66.900809, 1.488467], [-66.901192, 1.48861600000015], [-66.90188099999989, 1.488915], [-66.903563, 1.489204], [-66.90969679099999, 1.49067697400011], [-66.90969228699998, 1.490634188000115], [-66.90894113899998, 1.486127313], [-66.90818998999993, 1.481920898000055], [-66.90822880399986, 1.481183433000069], [-66.9086406749999, 1.473357835000058], [-66.91074389099992, 1.466597530000172], [-66.9109613949999, 1.464204998000071], [-66.91098354199988, 1.463961377999965], [-66.91119457999991, 1.461639966000121], [-66.91104434599993, 1.456231715], [-66.91074388699997, 1.447969118000174], [-66.90984251399988, 1.443312005000053], [-66.91104434899995, 1.440307437000115], [-66.91131179799993, 1.437722063000081], [-66.9114950309999, 1.435950783000067], [-66.91209594999998, 1.431594141000062], [-66.91209594999998, 1.427237493000177], [-66.91171779499996, 1.425661831000184], [-66.91119458199995, 1.423481757000104], [-66.90969228399996, 1.420777644999987], [-66.9092415959999, 1.41822374200018], [-66.90623701899989, 1.413266184000122], [-66.90157991299986, 1.40905976900018], [-66.90037010799995, 1.408602008000059], [-66.89602143499985, 1.406956563000051], [-66.89106387399983, 1.404703131000133], [-66.8879090609999, 1.40410220800004], [-66.88430356799995, 1.4030506040001], [-66.88260372799988, 1.402300675000106], [-66.8791957759999, 1.400797167000064], [-66.87483913399996, 1.398093044000063], [-66.87243548299995, 1.395238693000067], [-66.86988157399992, 1.39178342200006], [-66.86822905899999, 1.388628611000058], [-66.86582540199987, 1.383971502000122], [-66.86312127599996, 1.380065548000061], [-66.8587646279999, 1.374356842000054], [-66.85606050699988, 1.369699738], [-66.85485867099993, 1.365192858000171], [-66.85410752699994, 1.361437136000063], [-66.85331527299996, 1.359456503000104], [-66.85200431899995, 1.356179117000181], [-66.85164266599992, 1.353285901000049], [-66.85140339999992, 1.351371783000104], [-66.85065225599988, 1.345813304000046], [-66.85005133699997, 1.340555285000107], [-66.8499108399999, 1.340249256000106], [-66.84947590599995, 1.339301846000012], [-66.84891632399996, 1.338082917000179], [-66.8487893219999, 1.337778337000032], [-66.84774271099991, 1.335268315000178], [-66.84768476099993, 1.330592873], [-66.84753752699999, 1.329131205000067], [-66.84740445099999, 1.327810053000178], [-66.84727286499987, 1.326503688000173], [-66.84721542699998, 1.322718086000123], [-66.84845587499996, 1.318648888000041], [-66.85022407799988, 1.3147560110001], [-66.85022604199997, 1.314751688000172], [-66.85023043099994, 1.314748524000095], [-66.85357806899992, 1.312335122000093], [-66.85400022399995, 1.312030774000107], [-66.85425095799991, 1.311992574000158], [-66.85594607999991, 1.311734323], [-66.85777137699995, 1.311541922000174], [-66.86177580399993, 1.310824589000049], [-66.86488906399995, 1.310232679000137], [-66.86678004999999, 1.309873152000137], [-66.87001800899992, 1.308156673000099], [-66.87325693699995, 1.305077573000062], [-66.87649657699995, 1.300458113000161], [-66.87826423799993, 1.296667366000122], [-66.87973715899994, 1.293765124000117], [-66.88103377399995, 1.290329600000121], [-66.88121208599995, 1.286597314], [-66.88114667299993, 1.285482309000031], [-66.88092012899995, 1.281620691000114], [-66.87968600999989, 1.277354549000052], [-66.87904030899995, 1.273503388], [-66.87798224699998, 1.270362970000065], [-66.87794489899989, 1.270227841000178], [-66.87698327599998, 1.266748624000172], [-66.87592527399994, 1.263489724000181], [-66.87321949499994, 1.259459882000158], [-66.86880715099994, 1.255251520000115], [-66.86698311499998, 1.253828822000173], [-66.8648060299999, 1.252109723000103], [-66.86300330799997, 1.250808556000038], [-66.86086365799991, 1.24926420200012], [-66.85949588299991, 1.248006078000117], [-66.85815719599998, 1.246774711000114], [-66.85691489499999, 1.244991157000186], [-66.85580432799992, 1.243396732000122], [-66.85528176599996, 1.242221999000037], [-66.85427550899982, 1.239959908000174], [-66.85356266799988, 1.238163776000079], [-66.85347641899995, 1.237946457000135], [-66.85309967399996, 1.236997181000106], [-66.85251162199995, 1.235812060000171], [-66.85248802699988, 1.235735940000097], [-66.85163003599996, 1.232967965000114], [-66.85074821699993, 1.228792438000085], [-66.84155956099994, 1.206185344000062], [-66.84153245099998, 1.206160758000124], [-66.84142656199992, 1.206064727000125], [-66.84139699399998, 1.20603791100018], [-66.83470441599991, 1.199968358000092], [-66.83312497199995, 1.198535948000028], [-66.83309532999994, 1.198509066000156], [-66.8330032149999, 1.19842552700004], [-66.83224805499998, 1.197740665000083], [-66.81001960999993, 1.177581509999982], [-66.56883112099996, 0.958845740000129]]]}}]}