{
  "type": "FeatureCollection",
  "features": [
    {
      "type": "Feature",
      "properties": {
        "Pais": "Venezuela",
        "Estado": "Falcón",
        "Municipio": "Buchivacoa"
      },
      "geometry": {
        "type": "Polygon",
        "coordinates": [
          [
            [
              -70.32109361999989,
              11.31732482100017
            ],
            [
              -70.3213956379999,
              11.318235841000046
            ],
            [
              -70.3213666609999,
              11.320947915999966
            ],
            [
              -70.32111665499991,
              11.322194956000146
            ],
            [
              -70.32193569599991,
              11.323300971000094
            ],
            [
              -70.3225217289999,
              11.324412995999978
            ],
            [
              -70.32481881299998,
              11.323443955000187
            ],
            [
              -70.32848596499991,
              11.322563914000114
            ],
            [
              -70.32993602599998,
              11.32174387800012
            ],
            [
              -70.33111105499995,
              11.320073830000126
            ],
            [
              -70.33272611499984,
              11.31893278300015
            ],
            [
              -70.33445818699988,
              11.317678744000034
            ],
            [
              -70.33705228099996,
              11.316725702000042
            ],
            [
              -70.33850133799996,
              11.316180675000169
            ],
            [
              -70.34120945699993,
              11.315710648000106
            ],
            [
              -70.34335653999995,
              11.315398623000135
            ],
            [
              -70.34473260199991,
              11.315357615000096
            ],
            [
              -70.34671467399994,
              11.315389601000106
            ],
            [
              -70.3478807269999,
              11.315371594999988
            ],
            [
              -70.34969980899996,
              11.315424583000151
            ],
            [
              -70.35098385499998,
              11.315177568000024
            ],
            [
              -70.35186989199991,
              11.315135558000122
            ],
            [
              -70.35341993999998,
              11.313007488999972
            ],
            [
              -70.35562102099993,
              11.311410442000067
            ],
            [
              -70.35826412699998,
              11.309815380000089
            ],
            [
              -70.36156025099996,
              11.308406324000032
            ],
            [
              -70.36414636099994,
              11.308898311000178
            ],
            [
              -70.36500840499997,
              11.309063315000117
            ],
            [
              -70.36685147799994,
              11.30879529400005
            ],
            [
              -70.36883755399998,
              11.30813726100007
            ],
            [
              -70.37112364799992,
              11.308078249000175
            ],
            [
              -70.37324474099995,
              11.308179235000182
            ],
            [
              -70.37548383999984,
              11.308188218000112
            ],
            [
              -70.37739491299993,
              11.308333207000146
            ],
            [
              -70.38005902499992,
              11.307334164000167
            ],
            [
              -70.38232810499994,
              11.306059120000157
            ],
            [
              -70.38561823899994,
              11.305590082000094
            ],
            [
              -70.38804833799998,
              11.304751048000128
            ],
            [
              -70.39082944899997,
              11.303407994
            ],
            [
              -70.39368454999993,
              11.301629933000072
            ],
            [
              -70.39579262099994,
              11.299710860000175
            ],
            [
              -70.39738767799992,
              11.297858805000146
            ],
            [
              -70.39884173099989,
              11.296326756000155
            ],
            [
              -70.39994376399994,
              11.295091712999977
            ],
            [
              -70.40112079999989,
              11.292824652000093
            ],
            [
              -70.40294487599994,
              11.291868611000098
            ],
            [
              -70.40481194299997,
              11.2915545890001
            ],
            [
              -70.40689003399996,
              11.291081563000034
            ],
            [
              -70.40787107499995,
              11.290672554000025
            ],
            [
              -70.40922712299994,
              11.289897526
            ],
            [
              -70.41016615399985,
              11.288684480000029
            ],
            [
              -70.41159320099996,
              11.287795455000094
            ],
            [
              -70.41260024299999,
              11.286927424000112
            ],
            [
              -70.41337826699998,
              11.285347380000132
            ],
            [
              -70.41431528899994,
              11.284341348
            ],
            [
              -70.4166793839999,
              11.282652287000133
            ],
            [
              -70.41918247599989,
              11.281079233000014
            ],
            [
              -70.42086454299988,
              11.28051219800011
            ],
            [
              -70.42280261899992,
              11.279900178000105
            ],
            [
              -70.42457469399989,
              11.2799071660001
            ],
            [
              -70.42686378599996,
              11.279182129000105
            ],
            [
              -70.42868285399999,
              11.279028116000063
            ],
            [
              -70.43059593499993,
              11.27892109600009
            ],
            [
              -70.43215900399991,
              11.278675083000053
            ],
            [
              -70.43463210399995,
              11.278386056000045
            ],
            [
              -70.43770823799997,
              11.278696036000099
            ],
            [
              -70.44258144499997,
              11.27889900700012
            ],
            [
              -70.44700762699989,
              11.27962700200004
            ],
            [
              -70.45352591599993,
              11.281787016000067
            ],
            [
              -70.45892915099995,
              11.283322010000063
            ],
            [
              -70.46246731299988,
              11.284551026000145
            ],
            [
              -70.46323334999994,
              11.285220037000158
            ],
            [
              -70.46421439099993,
              11.284902025000122
            ],
            [
              -70.46540343299989,
              11.284907007000186
            ],
            [
              -70.46773453499998,
              11.285029998000141
            ],
            [
              -70.46841056399995,
              11.285147998000127
            ],
            [
              -70.47117066999994,
              11.283276932000035
            ],
            [
              -70.47156368299989,
              11.283920947000126
            ],
            [
              -70.47225672699994,
              11.285391974999982
            ],
            [
              -70.47281375799992,
              11.285806981000064
            ],
            [
              -70.47339377899993,
              11.286452
            ],
            [
              -70.47476584999998,
              11.287237013000038
            ],
            [
              -70.4777739729999,
              11.287293991000183
            ],
            [
              -70.48008506199989,
              11.286751962000153
            ],
            [
              -70.48220914299998,
              11.286208929999987
            ],
            [
              -70.48435623799998,
              11.285987912
            ],
            [
              -70.48568628499999,
              11.285694895000177
            ],
            [
              -70.4881853849999,
              11.28487785599998
            ],
            [
              -70.48912441399989,
              11.283435813000153
            ],
            [
              -70.4900414469999,
              11.281878769000116
            ],
            [
              -70.49098146899996,
              11.280298724000033
            ],
            [
              -70.49250353199989,
              11.279019677000122
            ],
            [
              -70.49353156699993,
              11.278678663000164
            ],
            [
              -70.49423259099996,
              11.278245639000033
            ],
            [
              -70.49495961799988,
              11.277468617000068
            ],
            [
              -70.49524062399996,
              11.277033610000046
            ],
            [
              -70.49603965199998,
              11.275819571000056
            ],
            [
              -70.49641467099991,
              11.275339556
            ],
            [
              -70.4982147309999,
              11.27449752200016
            ],
            [
              -70.49907876999998,
              11.274156510000012
            ],
            [
              -70.50192188699998,
              11.273417468000162
            ],
            [
              -70.5037709479999,
              11.272128426000108
            ],
            [
              -70.50741309199998,
              11.269964346999984
            ],
            [
              -70.51043720299992,
              11.268289284000048
            ],
            [
              -70.51253027999991,
              11.266547225000068
            ],
            [
              -70.51387531799992,
              11.26389215
            ],
            [
              -70.51400530899991,
              11.261369079000076
            ],
            [
              -70.51350627399995,
              11.259773044000099
            ],
            [
              -70.5125152299999,
              11.260301063000156
            ],
            [
              -70.51270125199994,
              11.261316086000022
            ],
            [
              -70.51275525199998,
              11.261983103999967
            ],
            [
              -70.51224123299988,
              11.261994105000099
            ],
            [
              -70.51158819899996,
              11.261060088000022
            ],
            [
              -70.51109117999994,
              11.260360069000058
            ],
            [
              -70.5107481629999,
              11.261086098000021
            ],
            [
              -70.51169021699997,
              11.262647126000047
            ],
            [
              -70.51142821999997,
              11.263835157000187
            ],
            [
              -70.51058216499985,
              11.262185119000094
            ],
            [
              -70.51038813699995,
              11.259562055000117
            ],
            [
              -70.50976510899994,
              11.259295055000052
            ],
            [
              -70.50966912399997,
              11.261360109000066
            ],
            [
              -70.50918609799999,
              11.261073100000033
            ],
            [
              -70.50920708699994,
              11.259213062000129
            ],
            [
              -70.51028812899995,
              11.257861020000178
            ],
            [
              -70.51040011599997,
              11.256094969000117
            ],
            [
              -70.51137614399988,
              11.254280914000049
            ],
            [
              -70.5126461719999,
              11.24987879300005
            ],
            [
              -70.51286818199998,
              11.251330833000111
            ],
            [
              -70.51298220599983,
              11.253377887000056
            ],
            [
              -70.51345124199992,
              11.255247926000152
            ],
            [
              -70.51224720499994,
              11.256873973000097
            ],
            [
              -70.51193919499997,
              11.258060006000107
            ],
            [
              -70.51398826799993,
              11.256201952000026
            ],
            [
              -70.5144142659999,
              11.253961882000112
            ],
            [
              -70.51399123699991,
              11.251150820000078
            ],
            [
              -70.51334918999999,
              11.248747757000103
            ],
            [
              -70.51357518699996,
              11.2470537210001
            ],
            [
              -70.51349116299991,
              11.244709662000048
            ],
            [
              -70.51252210599995,
              11.242321608000168
            ],
            [
              -70.51257713599989,
              11.244917664000184
            ],
            [
              -70.51166010799994,
              11.247215729000175
            ],
            [
              -70.51173112899994,
              11.250110812000173
            ],
            [
              -70.50985507299998,
              11.25351090700002
            ],
            [
              -70.50832902599996,
              11.25496794900016
            ],
            [
              -70.50711302999997,
              11.262953172000152
            ],
            [
              -70.50540896699994,
              11.26502623100015
            ],
            [
              -70.50392692299994,
              11.266552285000103
            ],
            [
              -70.50365991299998,
              11.26799331899997
            ],
            [
              -70.50333290299983,
              11.268008327000132
            ],
            [
              -70.50328090099998,
              11.267272309000191
            ],
            [
              -70.50249887299992,
              11.267805328000122
            ],
            [
              -70.50249686299992,
              11.267874329000108
            ],
            [
              -70.50160083699996,
              11.268405338000036
            ],
            [
              -70.50129382899996,
              11.269207367999968
            ],
            [
              -70.50089580899999,
              11.269596376000038
            ],
            [
              -70.50028978699993,
              11.269479381
            ],
            [
              -70.49979976299988,
              11.269638387000043
            ],
            [
              -70.49963375999982,
              11.270096406000164
            ],
            [
              -70.49888773599992,
              11.270093407
            ],
            [
              -70.49729966999996,
              11.270638434999967
            ],
            [
              -70.4964306469999,
              11.27196647
            ],
            [
              -70.49610163099987,
              11.272584485999971
            ],
            [
              -70.49527961399997,
              11.273866520000183
            ],
            [
              -70.49458058499988,
              11.273772526000073
            ],
            [
              -70.49424856799993,
              11.274849553000081
            ],
            [
              -70.49394256399995,
              11.27551358200003
            ],
            [
              -70.49326353599997,
              11.276039600000047
            ],
            [
              -70.49218750299991,
              11.276792619000105
            ],
            [
              -70.49111345499989,
              11.277178640000159
            ],
            [
              -70.49078644499991,
              11.277200637000078
            ],
            [
              -70.49027043199993,
              11.277932662000183
            ],
            [
              -70.48966141099999,
              11.278480687000126
            ],
            [
              -70.48884637299989,
              11.278340681000088
            ],
            [
              -70.48800333799994,
              11.279048703000058
            ],
            [
              -70.48671629299997,
              11.279938743000173
            ],
            [
              -70.4873503099999,
              11.278977708000127
            ],
            [
              -70.4887823649999,
              11.277077655000028
            ],
            [
              -70.48974538799985,
              11.275612612000089
            ],
            [
              -70.49168646299995,
              11.274335560000111
            ],
            [
              -70.4929965099999,
              11.273445531000107
            ],
            [
              -70.49405654299994,
              11.27122346599998
            ],
            [
              -70.49588161099996,
              11.269876421
            ],
            [
              -70.4966076319999,
              11.269190395000066
            ],
            [
              -70.49747665499996,
              11.267862360000095
            ],
            [
              -70.49792466899999,
              11.266809325000054
            ],
            [
              -70.49727064799998,
              11.266898338999965
            ],
            [
              -70.49615059799993,
              11.267123346
            ],
            [
              -70.49624659399996,
              11.266665340000145
            ],
            [
              -70.49680861999991,
              11.266001310000092
            ],
            [
              -70.49704562199997,
              11.265360294000175
            ],
            [
              -70.49749163899997,
              11.264558275000184
            ],
            [
              -70.49709762099997,
              11.264029261000076
            ],
            [
              -70.49592957399994,
              11.264621291000026
            ],
            [
              -70.4948985399999,
              11.265765325000189
            ],
            [
              -70.49470653599991,
              11.26675134400017
            ],
            [
              -70.49409751599995,
              11.26741436900005
            ],
            [
              -70.49334549399998,
              11.268673403000093
            ],
            [
              -70.49264247299993,
              11.269313429000135
            ],
            [
              -70.49205645399991,
              11.270137456000043
            ],
            [
              -70.49109441099989,
              11.271326485000088
            ],
            [
              -70.49029738999997,
              11.272241521000126
            ],
            [
              -70.48919735299995,
              11.273109552999983
            ],
            [
              -70.48781729899991,
              11.273930581000059
            ],
            [
              -70.48725627599987,
              11.274226584000132
            ],
            [
              -70.48669426099997,
              11.274706601000162
            ],
            [
              -70.48596923199995,
              11.275277626000047
            ],
            [
              -70.48459017099998,
              11.276006654000184
            ],
            [
              -70.48475717699995,
              11.275273638000101
            ],
            [
              -70.48574220899991,
              11.274060590999966
            ],
            [
              -70.48621122799989,
              11.273465574000056
            ],
            [
              -70.48630623099996,
              11.273030568000138
            ],
            [
              -70.48621622299999,
              11.272479556000178
            ],
            [
              -70.48574820799996,
              11.27275255900014
            ],
            [
              -70.48474116599994,
              11.273620590000064
            ],
            [
              -70.48389813199992,
              11.274420613000132
            ],
            [
              -70.4826560969999,
              11.275724657000183
            ],
            [
              -70.48130003699998,
              11.276499685000033
            ],
            [
              -70.48284809899991,
              11.274485624000079
            ],
            [
              -70.48351011299997,
              11.27265257900001
            ],
            [
              -70.48421512999994,
              11.271530542000164
            ],
            [
              -70.48485014999989,
              11.270317509000108
            ],
            [
              -70.4856961719999,
              11.268897462000098
            ],
            [
              -70.4863991929999,
              11.268142435000073
            ],
            [
              -70.48797025599998,
              11.266313380000156
            ],
            [
              -70.48942030499995,
              11.265423351000152
            ],
            [
              -70.49101135899997,
              11.264374317000033
            ],
            [
              -70.49164138399993,
              11.264123297000026
            ],
            [
              -70.49091435899993,
              11.265016325000033
            ],
            [
              -70.49004733199996,
              11.265976357000056
            ],
            [
              -70.48929830999998,
              11.266662382999982
            ],
            [
              -70.48859528799989,
              11.267325410000069
            ],
            [
              -70.48861528999987,
              11.267944417000024
            ],
            [
              -70.4895723269999,
              11.267879407000123
            ],
            [
              -70.49151239799994,
              11.266716375000044
            ],
            [
              -70.49266343199997,
              11.264953320000075
            ],
            [
              -70.49353146399994,
              11.263878287000011
            ],
            [
              -70.49425848799996,
              11.262871251000035
            ],
            [
              -70.49533652799988,
              11.261728210000058
            ],
            [
              -70.49702558499996,
              11.25960015200019
            ],
            [
              -70.49808560599996,
              11.257286086000022
            ],
            [
              -70.49844161599987,
              11.255980049000073
            ],
            [
              -70.4985626209999,
              11.255200028000104
            ],
            [
              -70.49910362999992,
              11.254123992000018
            ],
            [
              -70.49990165399998,
              11.253070967000042
            ],
            [
              -70.50039467699997,
              11.252269941
            ],
            [
              -70.50341380199995,
              11.252854930000012
            ],
            [
              -70.50402181199996,
              11.249814853000089
            ],
            [
              -70.5051468399999,
              11.24761378900007
            ],
            [
              -70.50672888199995,
              11.244803708000177
            ],
            [
              -70.50977898999992,
              11.24200461300012
            ],
            [
              -70.51456816799987,
              11.237639469999976
            ],
            [
              -70.51915533099998,
              11.234899374000122
            ],
            [
              -70.52634961399997,
              11.232312256000114
            ],
            [
              -70.53200284199994,
              11.230837177000183
            ],
            [
              -70.53589159099988,
              11.230457843000067
            ],
            [
              -70.53972932199991,
              11.23008348600007
            ],
            [
              -70.54181221999994,
              11.229880309000066
            ],
            [
              -70.54188625599994,
              11.229873086999987
            ],
            [
              -70.54387464199988,
              11.229690699000173
            ],
            [
              -70.55106663199996,
              11.229031004000035
            ],
            [
              -70.56279712799994,
              11.22976294600005
            ],
            [
              -70.57360558999994,
              11.232034928000076
            ],
            [
              -70.57840878699989,
              11.231985891000022
            ],
            [
              -70.58208394099995,
              11.23232388100007
            ],
            [
              -70.58389202699988,
              11.232755871000109
            ],
            [
              -70.58560909699986,
              11.232106851000083
            ],
            [
              -70.59199634099997,
              11.230072748999987
            ],
            [
              -70.59600650199985,
              11.229063704000112
            ],
            [
              -70.60084869299993,
              11.226328596000087
            ],
            [
              -70.60414881899993,
              11.225738562000117
            ],
            [
              -70.60746395399997,
              11.225517536000154
            ],
            [
              -70.61045207099994,
              11.224323480000123
            ],
            [
              -70.61457324599996,
              11.224510457
            ],
            [
              -70.61594030499992,
              11.22389842900003
            ],
            [
              -70.62062249299998,
              11.22398339800003
            ],
            [
              -70.62909785299996,
              11.224385353000173
            ],
            [
              -70.63930629199996,
              11.225424314000065
            ],
            [
              -70.64932172299996,
              11.2276983000001
            ],
            [
              -70.65961816299995,
              11.229955290000134
            ],
            [
              -70.66423836699994,
              11.230749280000111
            ],
            [
              -70.66699746999996,
              11.229389222
            ],
            [
              -70.67074661299995,
              11.227500151000129
            ],
            [
              -70.67326770599988,
              11.226364101000115
            ],
            [
              -70.67855092599996,
              11.226669075000132
            ],
            [
              -70.68517721799986,
              11.227394051000033
            ],
            [
              -70.68906038299997,
              11.227804032000108
            ],
            [
              -70.69045342599998,
              11.226021984000113
            ],
            [
              -70.69233349799998,
              11.225329955000177
            ],
            [
              -70.69595864699994,
              11.224792907000108
            ],
            [
              -70.70100885799997,
              11.225114888
            ],
            [
              -70.70728912299995,
              11.225693860000149
            ],
            [
              -70.71335637599992,
              11.226382831000024
            ],
            [
              -70.71595848199996,
              11.224697779000053
            ],
            [
              -70.72388177999994,
              11.221682411000131
            ],
            [
              -70.72388378999995,
              11.221681645999979
            ],
            [
              -70.72503983199994,
              11.220722606000038
            ],
            [
              -70.72742692599991,
              11.220618586000171
            ],
            [
              -70.72935299199986,
              11.21894053900013
            ],
            [
              -70.73119806899984,
              11.217765493000059
            ],
            [
              -70.73350216099988,
              11.217909486000167
            ],
            [
              -70.73640727899993,
              11.217263450000189
            ],
            [
              -70.74135547099996,
              11.215906379999979
            ],
            [
              -70.7461316639999,
              11.214958325000168
            ],
            [
              -70.75373697499998,
              11.213615238000159
            ],
            [
              -70.7588971799999,
              11.213180185000112
            ],
            [
              -70.76087725099995,
              11.211205121000148
            ],
            [
              -70.76438437999997,
              11.208690033000039
            ],
            [
              -70.76882854799999,
              11.205942937000088
            ],
            [
              -70.77518979999996,
              11.20395184400013
            ],
            [
              -70.7839311439999,
              11.201806734000115
            ],
            [
              -70.7960556459999,
              11.201551639000058
            ],
            [
              -70.80726110599994,
              11.199667520000048
            ],
            [
              -70.81294932699996,
              11.198532453000155
            ],
            [
              -70.82011762299993,
              11.196902358000045
            ],
            [
              -70.82868197499988,
              11.196360287
            ],
            [
              -70.83678531499987,
              11.196656243000177
            ],
            [
              -70.84417260399994,
              11.194571143000132
            ],
            [
              -70.84624668299995,
              11.19353809400019
            ],
            [
              -70.85146288399989,
              11.19165701999998
            ],
            [
              -70.85310693999992,
              11.189007940000181
            ],
            [
              -70.85466899799997,
              11.18794089700009
            ],
            [
              -70.85749610499994,
              11.187589866999986
            ],
            [
              -70.86151727099991,
              11.18600380700002
            ],
            [
              -70.86521940599982,
              11.18404273200008
            ],
            [
              -70.87211766099995,
              11.179903582000065
            ],
            [
              -70.88077398599995,
              11.175228401000027
            ],
            [
              -70.88268105799989,
              11.173319334999974
            ],
            [
              -70.8843901159999,
              11.171934297000178
            ],
            [
              -70.89000933899996,
              11.169671204000053
            ],
            [
              -70.89120137599991,
              11.168481156000155
            ],
            [
              -70.89152914899995,
              11.168265342000097
            ],
            [
              -70.89302244699996,
              11.167282117000184
            ],
            [
              -70.89631757499996,
              11.165817058000187
            ],
            [
              -70.90011671399986,
              11.163673981000045
            ],
            [
              -70.90195778199995,
              11.162635943000168
            ],
            [
              -70.90741999599999,
              11.16009384500012
            ],
            [
              -70.91008009699993,
              11.158866786000146
            ],
            [
              -70.91320120999995,
              11.156846719000043
            ],
            [
              -70.91397523799998,
              11.155555675000187
            ],
            [
              -70.9154612829999,
              11.154738655000074
            ],
            [
              -70.91734336399992,
              11.153931613000054
            ],
            [
              -70.92032947599984,
              11.151701542000012
            ],
            [
              -70.92255755299988,
              11.150005483000143
            ],
            [
              -70.92487163799996,
              11.14861043600007
            ],
            [
              -70.92719671899994,
              11.14675636700008
            ],
            [
              -70.92872478099997,
              11.146147342
            ],
            [
              -70.93098887699983,
              11.145945326000174
            ],
            [
              -70.93261094099995,
              11.145292299000062
            ],
            [
              -70.94143525299995,
              11.138232061000167
            ],
            [
              -70.94178825199998,
              11.135989993000067
            ],
            [
              -70.94239026999992,
              11.135107976000029
            ],
            [
              -70.94450834399987,
              11.133134910000024
            ],
            [
              -70.94685143599992,
              11.13148785400017
            ],
            [
              -70.94902050799982,
              11.130295802000148
            ],
            [
              -70.95250865699995,
              11.12954577000005
            ],
            [
              -70.95617579099996,
              11.128088703
            ],
            [
              -70.95858088699993,
              11.126786650000042
            ],
            [
              -70.96196201299989,
              11.125644599000111
            ],
            [
              -70.96543714999984,
              11.124343544000055
            ],
            [
              -70.96795825399988,
              11.123067494000168
            ],
            [
              -70.97594454999995,
              11.119041338999978
            ],
            [
              -70.975878,
              11.119016000000101
            ],
            [
              -70.974295,
              11.116869000000122
            ],
            [
              -70.973145,
              11.116224
            ],
            [
              -70.971994,
              11.114568000000133
            ],
            [
              -70.97059999999988,
              11.114400000000103
            ],
            [
              -70.97014799999988,
              11.11377
            ],
            [
              -70.968701,
              11.112843
            ],
            [
              -70.96726799999988,
              11.11132
            ],
            [
              -70.96633,
              11.108452
            ],
            [
              -70.965246,
              11.10693600000019
            ],
            [
              -70.96402299999988,
              11.106381000000113
            ],
            [
              -70.96318599999984,
              11.10634
            ],
            [
              -70.96170790399992,
              11.104921383000033
            ],
            [
              -70.96152099999989,
              11.104742
            ],
            [
              -70.960659,
              11.104724000000147
            ],
            [
              -70.960714,
              11.103301000000158
            ],
            [
              -70.958063,
              11.102049000000136
            ],
            [
              -70.9576562879999,
              11.101893434000033
            ],
            [
              -70.957046,
              11.10166
            ],
            [
              -70.955436,
              11.100752000000114
            ],
            [
              -70.95527470399992,
              11.100210201000152
            ],
            [
              -70.954982,
              11.099227
            ],
            [
              -70.95324099999988,
              11.097857
            ],
            [
              -70.951921,
              11.097529
            ],
            [
              -70.949668,
              11.095161
            ],
            [
              -70.947664,
              11.094153000000176
            ],
            [
              -70.94643,
              11.092060000000174
            ],
            [
              -70.94569599999988,
              11.090505000000121
            ],
            [
              -70.9443639999999,
              11.08965
            ],
            [
              -70.942821,
              11.088835000000131
            ],
            [
              -70.94191099999989,
              11.085808000000156
            ],
            [
              -70.940417,
              11.084925000000112
            ],
            [
              -70.938619,
              11.082980000000134
            ],
            [
              -70.937597,
              11.083876
            ],
            [
              -70.936653,
              11.083419
            ],
            [
              -70.935797,
              11.082091000000105
            ],
            [
              -70.933616,
              11.079656
            ],
            [
              -70.931473,
              11.077565
            ],
            [
              -70.930349,
              11.07577300000014
            ],
            [
              -70.928887,
              11.074478000000113
            ],
            [
              -70.92811399999982,
              11.072601
            ],
            [
              -70.928674,
              11.071535
            ],
            [
              -70.926559,
              11.069215
            ],
            [
              -70.925893,
              11.069866
            ],
            [
              -70.924194,
              11.068772000000138
            ],
            [
              -70.923446,
              11.067838000000108
            ],
            [
              -70.921719,
              11.066973000000132
            ],
            [
              -70.92012099999988,
              11.066547
            ],
            [
              -70.919726,
              11.064426
            ],
            [
              -70.919906,
              11.063696
            ],
            [
              -70.91845199999983,
              11.062011
            ],
            [
              -70.9176379999999,
              11.059857
            ],
            [
              -70.91608199999985,
              11.058628000000112
            ],
            [
              -70.915682,
              11.05777
            ],
            [
              -70.916014,
              11.056492000000162
            ],
            [
              -70.915694,
              11.05519900000013
            ],
            [
              -70.913981,
              11.053669000000184
            ],
            [
              -70.91138299999989,
              11.053198000000123
            ],
            [
              -70.909952,
              11.049539
            ],
            [
              -70.908358,
              11.047897
            ],
            [
              -70.906415,
              11.046270000000106
            ],
            [
              -70.905029,
              11.044747
            ],
            [
              -70.904311,
              11.042504
            ],
            [
              -70.902459,
              11.040970000000186
            ],
            [
              -70.9028909999999,
              11.03935
            ],
            [
              -70.903666,
              11.037929
            ],
            [
              -70.904033,
              11.037263
            ],
            [
              -70.892417,
              10.99673700000011
            ],
            [
              -70.87997799999988,
              10.953505000000177
            ],
            [
              -70.86997599999984,
              10.866395
            ],
            [
              -70.866867,
              10.80192000000011
            ],
            [
              -70.86766,
              10.787763
            ],
            [
              -70.865238,
              10.784951
            ],
            [
              -70.864339,
              10.782363
            ],
            [
              -70.86240199999986,
              10.781227000000172
            ],
            [
              -70.860877,
              10.778918
            ],
            [
              -70.85924199999988,
              10.777895000000171
            ],
            [
              -70.857756,
              10.778385
            ],
            [
              -70.855441,
              10.776333
            ],
            [
              -70.854709,
              10.774318000000164
            ],
            [
              -70.853019,
              10.771575
            ],
            [
              -70.851913,
              10.769447000000184
            ],
            [
              -70.85021,
              10.768493000000149
            ],
            [
              -70.849387,
              10.766937000000155
            ],
            [
              -70.848245,
              10.766623
            ],
            [
              -70.84724299999988,
              10.766376
            ],
            [
              -70.84607199999988,
              10.76496
            ],
            [
              -70.845882,
              10.764181
            ],
            [
              -70.8411579999999,
              10.759917
            ],
            [
              -70.839436,
              10.759812
            ],
            [
              -70.83753199999984,
              10.760579
            ],
            [
              -70.83544399999982,
              10.76167
            ],
            [
              -70.832891,
              10.762900000000116
            ],
            [
              -70.830261,
              10.762777
            ],
            [
              -70.828302,
              10.7618930000001
            ],
            [
              -70.826808,
              10.761098
            ],
            [
              -70.825226,
              10.760992000000158
            ],
            [
              -70.823643,
              10.760886
            ],
            [
              -70.821761,
              10.761608000000138
            ],
            [
              -70.819943,
              10.761021
            ],
            [
              -70.8174279999999,
              10.760622
            ],
            [
              -70.81446499999987,
              10.759124000000156
            ],
            [
              -70.811646,
              10.758451
            ],
            [
              -70.80934599999989,
              10.759015
            ],
            [
              -70.807366,
              10.758635
            ],
            [
              -70.806231,
              10.7592
            ],
            [
              -70.806043,
              10.727561
            ],
            [
              -70.803355,
              10.663687
            ],
            [
              -70.802599,
              10.637179
            ],
            [
              -70.80273,
              10.637239
            ],
            [
              -70.802686,
              10.637177
            ],
            [
              -70.802452,
              10.636428
            ],
            [
              -70.801773,
              10.635579
            ],
            [
              -70.801994,
              10.63451600000019
            ],
            [
              -70.802508,
              10.633879
            ],
            [
              -70.802695,
              10.633207
            ],
            [
              -70.80254599999984,
              10.632226
            ],
            [
              -70.802266,
              10.631478000000186
            ],
            [
              -70.801844,
              10.63134900000017
            ],
            [
              -70.801327,
              10.631211000000121
            ],
            [
              -70.79763291899991,
              10.495601582000063
            ],
            [
              -70.79730399999988,
              10.483527
            ],
            [
              -70.79968208199995,
              10.479933787
            ],
            [
              -70.80158742399993,
              10.477054871
            ],
            [
              -70.805234,
              10.471545
            ],
            [
              -70.805304,
              10.471477000000107
            ],
            [
              -70.80518429699998,
              10.470981880000181
            ],
            [
              -70.80229498399996,
              10.46974541500009
            ],
            [
              -70.80018688699994,
              10.467790376000039
            ],
            [
              -70.79835378499996,
              10.464630314999965
            ],
            [
              -70.79791676399998,
              10.463110283000162
            ],
            [
              -70.79727571499996,
              10.461162236000177
            ],
            [
              -70.79641466799995,
              10.457869169000105
            ],
            [
              -70.79594263299998,
              10.4566261330001
            ],
            [
              -70.7952505959999,
              10.4551401
            ],
            [
              -70.79361250199997,
              10.45107601799998
            ],
            [
              -70.79276545699997,
              10.44975699500003
            ],
            [
              -70.79243443799993,
              10.448002951000035
            ],
            [
              -70.79114135899988,
              10.44493388300009
            ],
            [
              -70.78950828299998,
              10.4432118470001
            ],
            [
              -70.78850523699992,
              10.442059832999973
            ],
            [
              -70.78677414599997,
              10.439652782000053
            ],
            [
              -70.78604910199994,
              10.437915746000044
            ],
            [
              -70.78506305999997,
              10.436602719000177
            ],
            [
              -70.78426500899991,
              10.435349693000092
            ],
            [
              -70.78337195199998,
              10.432402623000144
            ],
            [
              -70.78283092399994,
              10.430611591000059
            ],
            [
              -70.78223788999998,
              10.429258557000026
            ],
            [
              -70.78056781299989,
              10.427744528000119
            ],
            [
              -70.77906973899991,
              10.426429505999977
            ],
            [
              -70.77764566999997,
              10.425226493000025
            ],
            [
              -70.77593259599996,
              10.423806463000119
            ],
            [
              -70.77401250899999,
              10.422968453000067
            ],
            [
              -70.77308946399984,
              10.422065444000054
            ],
            [
              -70.7736194709999,
              10.420275387000174
            ],
            [
              -70.77376147299992,
              10.418685357000072
            ],
            [
              -70.77361345699995,
              10.41738231700009
            ],
            [
              -70.77311841099993,
              10.414487253000175
            ],
            [
              -70.77231235499994,
              10.409745139000051
            ],
            [
              -70.77144531299996,
              10.408496121000042
            ],
            [
              -70.77062827099996,
              10.407336101
            ],
            [
              -70.76799013699997,
              10.404393039000013
            ],
            [
              -70.76549202499996,
              10.402546015000155
            ],
            [
              -70.76230187099998,
              10.40029198100018
            ],
            [
              -70.76054578099996,
              10.397839923000163
            ],
            [
              -70.75834168099993,
              10.395222882000041
            ],
            [
              -70.7576186359999,
              10.393553841000085
            ],
            [
              -70.75781263499988,
              10.39207680200019
            ],
            [
              -70.75895266599997,
              10.389318735000131
            ],
            [
              -70.75896365499989,
              10.387917698000138
            ],
            [
              -70.75875163599994,
              10.386204652000117
            ],
            [
              -70.75849561199982,
              10.384011606000058
            ],
            [
              -70.75846058899992,
              10.380958529000111
            ],
            [
              -70.75849158299991,
              10.378959487000088
            ],
            [
              -70.75856057399994,
              10.377280437000081
            ],
            [
              -70.75965460399988,
              10.374525362000156
            ],
            [
              -70.76041661499994,
              10.372748323999986
            ],
            [
              -70.7616086619999,
              10.371205270000075
            ],
            [
              -70.76395674199995,
              10.368949202000067
            ],
            [
              -70.7657627989999,
              10.366554132000147
            ],
            [
              -70.76763584399998,
              10.36186001200008
            ],
            [
              -70.76804485199989,
              10.359982957000113
            ],
            [
              -70.76676378899992,
              10.358841943000186
            ],
            [
              -70.76614781999996,
              10.35839544700002
            ],
            [
              -70.76612165499984,
              10.358376482000153
            ],
            [
              -70.76361964799992,
              10.356562910000036
            ],
            [
              -70.76183456399997,
              10.354525873000114
            ],
            [
              -70.76074850599997,
              10.351953808000019
            ],
            [
              -70.76066647999994,
              10.349454758000036
            ],
            [
              -70.76075247599994,
              10.347636714000089
            ],
            [
              -70.76107247399995,
              10.345832657000074
            ],
            [
              -70.76081044199992,
              10.341824571000132
            ],
            [
              -70.76086983099998,
              10.339363208000123
            ],
            [
              -70.76088642499991,
              10.338675484000078
            ],
            [
              -70.76096840999998,
              10.336766444000034
            ],
            [
              -70.76233145199996,
              10.33487239100009
            ],
            [
              -70.76338148999997,
              10.333841361000054
            ],
            [
              -70.76408551499992,
              10.332893334
            ],
            [
              -70.76259343899994,
              10.33006227500016
            ],
            [
              -70.76123137099995,
              10.328831247000096
            ],
            [
              -70.76001030399982,
              10.326826206000021
            ],
            [
              -70.75795622099997,
              10.325805199000172
            ],
            [
              -70.75493609699998,
              10.325891212000101
            ],
            [
              -70.75063290899993,
              10.324548217000086
            ],
            [
              -70.74762977199998,
              10.323622209000064
            ],
            [
              -70.74502166199989,
              10.32223918699998
            ],
            [
              -70.74222053199998,
              10.320268165000186
            ],
            [
              -70.73949239899991,
              10.317902119000166
            ],
            [
              -70.73757929699997,
              10.314668056000187
            ],
            [
              -70.73545618899993,
              10.311879997000176
            ],
            [
              -70.73318607999994,
              10.309376952000093
            ],
            [
              -70.73081595999992,
              10.306302888000118
            ],
            [
              -70.72834284899994,
              10.304820875000132
            ],
            [
              -70.72483570099985,
              10.304471885000055
            ],
            [
              -70.72200458099996,
              10.304156901000113
            ],
            [
              -70.71886744899996,
              10.30332890200009
            ],
            [
              -70.71511829399998,
              10.303267919000064
            ],
            [
              -70.71092712499996,
              10.303183938000132
            ],
            [
              -70.70769098599999,
              10.30357897000016
            ],
            [
              -70.70316780699989,
              10.303833006000048
            ],
            [
              -70.70043068799993,
              10.303536019000035
            ],
            [
              -70.69615350999999,
              10.303157033000161
            ],
            [
              -70.69201165299995,
              10.301125793000097
            ],
            [
              -70.6904300999999,
              10.301209443000118
            ],
            [
              -70.68065671799991,
              10.301189484000133
            ],
            [
              -70.67036521599982,
              10.310709700000018
            ],
            [
              -70.67045777899995,
              10.313492421000149
            ],
            [
              -70.67073065099993,
              10.321695802000079
            ],
            [
              -70.67080697099993,
              10.323990195000135
            ],
            [
              -70.67090668699996,
              10.326987972999973
            ],
            [
              -70.67110212899996,
              10.332863543000144
            ],
            [
              -70.6762089319999,
              10.486389665000047
            ],
            [
              -70.67629965999993,
              10.488597636
            ],
            [
              -70.67694131299999,
              10.529440677000139
            ],
            [
              -70.67933505199983,
              10.68180901300019
            ],
            [
              -70.67971832199999,
              10.688082567000038
            ],
            [
              -70.67971851999994,
              10.688085448000152
            ],
            [
              -70.679652,
              10.688057000000128
            ],
            [
              -70.68454352599991,
              10.75933940100009
            ],
            [
              -70.68464299999988,
              10.760789
            ],
            [
              -70.693975,
              10.794639
            ],
            [
              -70.732322,
              10.943141
            ],
            [
              -70.73799999999989,
              10.975654
            ],
            [
              -70.74094699999984,
              11.009989
            ],
            [
              -70.75969399999985,
              11.084914
            ],
            [
              -70.726111,
              11.101025000000107
            ],
            [
              -70.725025,
              11.101848000000189
            ],
            [
              -70.724298,
              11.101895000000184
            ],
            [
              -70.723013,
              11.102511000000163
            ],
            [
              -70.667854,
              11.10423
            ],
            [
              -70.666551,
              11.104811
            ],
            [
              -70.664704,
              11.104611
            ],
            [
              -70.663501,
              11.103697
            ],
            [
              -70.662426,
              11.103054000000157
            ],
            [
              -70.660869,
              11.103117
            ],
            [
              -70.660337,
              11.102635000000134
            ],
            [
              -70.659771,
              11.10192400000011
            ],
            [
              -70.6584069999999,
              11.101040000000125
            ],
            [
              -70.657635,
              11.100957
            ],
            [
              -70.657426,
              11.101516
            ],
            [
              -70.655211,
              11.101445
            ],
            [
              -70.65494799999988,
              11.099623000000122
            ],
            [
              -70.651356,
              11.100548000000117
            ],
            [
              -70.65219499999989,
              11.10003300000011
            ],
            [
              -70.653639,
              11.098393000000158
            ],
            [
              -70.654124,
              11.096631
            ],
            [
              -70.654796,
              11.094908
            ],
            [
              -70.653288,
              11.094488000000183
            ],
            [
              -70.65314,
              11.093738
            ],
            [
              -70.653789,
              11.093115
            ],
            [
              -70.654816,
              11.092615
            ],
            [
              -70.65586999999988,
              11.092229000000145
            ],
            [
              -70.655601,
              11.091369
            ],
            [
              -70.654533,
              11.09143500000016
            ],
            [
              -70.653209,
              11.092039
            ],
            [
              -70.652539,
              11.091608
            ],
            [
              -70.6511139999999,
              11.089833000000112
            ],
            [
              -70.648882,
              11.088273000000186
            ],
            [
              -70.647459,
              11.088217000000157
            ],
            [
              -70.647329,
              11.087328000000127
            ],
            [
              -70.648189,
              11.086743
            ],
            [
              -70.648969,
              11.08648200000016
            ],
            [
              -70.649546,
              11.085794
            ],
            [
              -70.649279,
              11.084430000000168
            ],
            [
              -70.649055,
              11.081895
            ],
            [
              -70.649664,
              11.080862
            ],
            [
              -70.65099099999986,
              11.07977700000015
            ],
            [
              -70.65095699999989,
              11.07840300000015
            ],
            [
              -70.649957,
              11.077871000000187
            ],
            [
              -70.64932499999986,
              11.078355
            ],
            [
              -70.649221,
              11.079757
            ],
            [
              -70.648498,
              11.080818
            ],
            [
              -70.64770199999987,
              11.080713000000117
            ],
            [
              -70.6469919999999,
              11.079343000000108
            ],
            [
              -70.647498,
              11.075862
            ],
            [
              -70.647165,
              11.075142000000142
            ],
            [
              -70.64623499999988,
              11.07408
            ],
            [
              -70.644132,
              11.072218000000134
            ],
            [
              -70.64340899999985,
              11.07107800000017
            ],
            [
              -70.64411599999988,
              11.070729
            ],
            [
              -70.645516,
              11.07080900000011
            ],
            [
              -70.646753,
              11.070345
            ],
            [
              -70.64807899999988,
              11.069764000000134
            ],
            [
              -70.648537,
              11.070135000000107
            ],
            [
              -70.648943,
              11.069821
            ],
            [
              -70.647833,
              11.068904
            ],
            [
              -70.646334,
              11.068690000000117
            ],
            [
              -70.643819,
              11.069204000000184
            ],
            [
              -70.642752,
              11.069294000000127
            ],
            [
              -70.642124,
              11.068219
            ],
            [
              -70.642458,
              11.067839
            ],
            [
              -70.643022,
              11.067426000000125
            ],
            [
              -70.642482,
              11.066761
            ],
            [
              -70.641354,
              11.06650900000011
            ],
            [
              -70.641358,
              11.063827
            ],
            [
              -70.641183,
              11.062986000000137
            ],
            [
              -70.639549,
              11.06176900000014
            ],
            [
              -70.63749999999987,
              11.06011100000012
            ],
            [
              -70.63715999999988,
              11.058108000000118
            ],
            [
              -70.636967,
              11.054082
            ],
            [
              -70.6371309999999,
              11.051898
            ],
            [
              -70.637325,
              11.049851000000103
            ],
            [
              -70.63833099999988,
              11.049420000000168
            ],
            [
              -70.639955,
              11.04930800000011
            ],
            [
              -70.64062599999988,
              11.04866200000015
            ],
            [
              -70.638841,
              11.048277
            ],
            [
              -70.638252,
              11.046994000000154
            ],
            [
              -70.638538,
              11.044943000000103
            ],
            [
              -70.639647,
              11.043637
            ],
            [
              -70.640778,
              11.042308
            ],
            [
              -70.64159,
              11.04057900000015
            ],
            [
              -70.641627,
              11.038698000000124
            ],
            [
              -70.64082999999988,
              11.03692
            ],
            [
              -70.639915,
              11.035628000000145
            ],
            [
              -70.640863,
              11.034925
            ],
            [
              -70.640886,
              11.033824
            ],
            [
              -70.63920899999988,
              11.032677
            ],
            [
              -70.637438,
              11.030962
            ],
            [
              -70.635929,
              11.031069
            ],
            [
              -70.63544799999983,
              11.031799
            ],
            [
              -70.633633,
              11.031827
            ],
            [
              -70.632352,
              11.03071000000017
            ],
            [
              -70.631772,
              11.031857
            ],
            [
              -70.631131,
              11.032112
            ],
            [
              -70.630169,
              11.030822
            ],
            [
              -70.62999899999988,
              11.029545
            ],
            [
              -70.629933,
              11.027967
            ],
            [
              -70.630552,
              11.027185
            ],
            [
              -70.630113,
              11.02504800000014
            ],
            [
              -70.63020999999986,
              11.02403500000014
            ],
            [
              -70.630092,
              11.022344
            ],
            [
              -70.62857699999984,
              11.02229100000011
            ],
            [
              -70.627809,
              11.021176
            ],
            [
              -70.62679899999989,
              11.01929200000012
            ],
            [
              -70.62486799999982,
              11.017652000000112
            ],
            [
              -70.623596,
              11.016191
            ],
            [
              -70.621811,
              11.015805
            ],
            [
              -70.62004199999984,
              11.016908
            ],
            [
              -70.618571,
              11.018457000000126
            ],
            [
              -70.616972,
              11.019737000000134
            ],
            [
              -70.61572199999989,
              11.019329000000141
            ],
            [
              -70.61529899999988,
              11.018132
            ],
            [
              -70.61538699999988,
              11.016341000000182
            ],
            [
              -70.61446099999989,
              11.014797000000158
            ],
            [
              -70.6120499999999,
              11.012832000000117
            ],
            [
              -70.610623,
              11.011561
            ],
            [
              -70.61055199999987,
              11.010418
            ],
            [
              -70.610537,
              11.008401000000106
            ],
            [
              -70.610064,
              11.007091000000116
            ],
            [
              -70.608873,
              11.007002
            ],
            [
              -70.609594,
              11.005873
            ],
            [
              -70.60938499999986,
              11.004231
            ],
            [
              -70.608696,
              11.002792
            ],
            [
              -70.60770899999983,
              11.00310700000017
            ],
            [
              -70.60730299999989,
              11.002872
            ],
            [
              -70.606327,
              11.002911
            ],
            [
              -70.606376,
              11.001855
            ],
            [
              -70.607438,
              11.001652
            ],
            [
              -70.607471,
              11.000756000000138
            ],
            [
              -70.60824,
              11.000244
            ],
            [
              -70.609425,
              11.000196000000187
            ],
            [
              -70.60967699999986,
              10.999544
            ],
            [
              -70.60905799999989,
              10.998102
            ],
            [
              -70.60804399999984,
              10.996677000000147
            ],
            [
              -70.607024,
              10.997071
            ],
            [
              -70.606158,
              10.995947000000115
            ],
            [
              -70.605629,
              10.99529600000011
            ],
            [
              -70.60512,
              10.994483000000173
            ],
            [
              -70.605075,
              10.993612
            ],
            [
              -70.60617699999989,
              10.993031
            ],
            [
              -70.606616,
              10.991963
            ],
            [
              -70.60663599999987,
              10.990907
            ],
            [
              -70.607105,
              10.990114000000176
            ],
            [
              -70.606789,
              10.989571000000183
            ],
            [
              -70.605851,
              10.989321
            ],
            [
              -70.60517599999986,
              10.988398
            ],
            [
              -70.605833,
              10.986728000000141
            ],
            [
              -70.604949,
              10.984915
            ],
            [
              -70.603737,
              10.982997000000125
            ],
            [
              -70.603627,
              10.98137
            ],
            [
              -70.603813,
              10.980447
            ],
            [
              -70.603491,
              10.979698
            ],
            [
              -70.60192099999983,
              10.979281000000185
            ],
            [
              -70.6007,
              10.978832000000125
            ],
            [
              -70.599875,
              10.978418
            ],
            [
              -70.59942399999989,
              10.977167
            ],
            [
              -70.598962,
              10.975435000000118
            ],
            [
              -70.598836,
              10.974129
            ],
            [
              -70.5994409999999,
              10.973195
            ],
            [
              -70.598075,
              10.972566
            ],
            [
              -70.5973939999999,
              10.971391000000153
            ],
            [
              -70.596365,
              10.969398000000126
            ],
            [
              -70.595333,
              10.96905900000013
            ],
            [
              -70.59447199999988,
              10.967246
            ],
            [
              -70.594284,
              10.966218
            ],
            [
              -70.594485,
              10.964032
            ],
            [
              -70.59492,
              10.962826
            ],
            [
              -70.59530499999988,
              10.962403
            ],
            [
              -70.596651,
              10.962229
            ],
            [
              -70.597091,
              10.96123
            ],
            [
              -70.59647299999989,
              10.959754
            ],
            [
              -70.596046,
              10.957585
            ],
            [
              -70.59613999999988,
              10.955769
            ],
            [
              -70.596017,
              10.95457800000014
            ],
            [
              -70.597822,
              10.954185000000109
            ],
            [
              -70.597094,
              10.952988000000175
            ],
            [
              -70.595565,
              10.952318000000162
            ],
            [
              -70.59480199999985,
              10.951627
            ],
            [
              -70.594441,
              10.950191
            ],
            [
              -70.5938579999999,
              10.949242
            ],
            [
              -70.59417599999983,
              10.947994000000165
            ],
            [
              -70.59326499999986,
              10.946917
            ],
            [
              -70.592547,
              10.946133
            ],
            [
              -70.59126399999985,
              10.946029000000124
            ],
            [
              -70.590165,
              10.945830000000171
            ],
            [
              -70.58938599999988,
              10.945391
            ],
            [
              -70.58909199999982,
              10.944802
            ],
            [
              -70.5895139999999,
              10.94306900000015
            ],
            [
              -70.590155,
              10.941698
            ],
            [
              -70.589787,
              10.940009
            ],
            [
              -70.5886809999999,
              10.938615
            ],
            [
              -70.587706,
              10.937792000000172
            ],
            [
              -70.587162,
              10.93744
            ],
            [
              -70.58722499999988,
              10.936244000000158
            ],
            [
              -70.588284,
              10.935757
            ],
            [
              -70.58843899999988,
              10.934512
            ],
            [
              -70.588059,
              10.93328300000013
            ],
            [
              -70.587531,
              10.931713
            ],
            [
              -70.586172,
              10.930418
            ],
            [
              -70.585372,
              10.929154
            ],
            [
              -70.58413699999983,
              10.928177
            ],
            [
              -70.583043,
              10.92722
            ],
            [
              -70.58193799999987,
              10.92679
            ],
            [
              -70.580581,
              10.926505000000134
            ],
            [
              -70.578998,
              10.926502
            ],
            [
              -70.577217,
              10.92694
            ],
            [
              -70.575876,
              10.92732100000012
            ],
            [
              -70.574783,
              10.926409000000149
            ],
            [
              -70.573345,
              10.92569
            ],
            [
              -70.572204,
              10.923770000000104
            ],
            [
              -70.57148199999989,
              10.922825000000103
            ],
            [
              -70.571211,
              10.922556
            ],
            [
              -70.57121,
              10.922555000000159
            ],
            [
              -70.570265,
              10.921618
            ],
            [
              -70.56931999999989,
              10.915416000000107
            ],
            [
              -70.56931499999985,
              10.915385000000185
            ],
            [
              -70.568028,
              10.90694
            ],
            [
              -70.565852,
              10.905269
            ],
            [
              -70.564898,
              10.9003790000001
            ],
            [
              -70.564856,
              10.900282
            ],
            [
              -70.564855,
              10.900278
            ],
            [
              -70.564048,
              10.898401
            ],
            [
              -70.563679,
              10.897542
            ],
            [
              -70.562078,
              10.893815000000188
            ],
            [
              -70.557254,
              10.888945
            ],
            [
              -70.55273199999982,
              10.882542
            ],
            [
              -70.5513,
              10.880860000000155
            ],
            [
              -70.551291,
              10.880849000000126
            ],
            [
              -70.550397,
              10.8798
            ],
            [
              -70.54152,
              10.868984000000182
            ],
            [
              -70.538234,
              10.862269
            ],
            [
              -70.536826,
              10.858669
            ],
            [
              -70.535726,
              10.855857000000128
            ],
            [
              -70.53374899999989,
              10.853003
            ],
            [
              -70.53374799999989,
              10.853002000000174
            ],
            [
              -70.532452,
              10.851131
            ],
            [
              -70.524345,
              10.847311
            ],
            [
              -70.52433699999989,
              10.847307
            ],
            [
              -70.523455,
              10.846892
            ],
            [
              -70.52017099999989,
              10.840331000000162
            ],
            [
              -70.516454,
              10.835181
            ],
            [
              -70.51394,
              10.8321
            ],
            [
              -70.54564,
              10.779305000000136
            ],
            [
              -70.545731,
              10.777328000000182
            ],
            [
              -70.545697,
              10.775951
            ],
            [
              -70.546717,
              10.774891000000139
            ],
            [
              -70.547879,
              10.774837000000105
            ],
            [
              -70.549431,
              10.770824
            ],
            [
              -70.54941699999989,
              10.769332
            ],
            [
              -70.549002,
              10.76668
            ],
            [
              -70.54847,
              10.764904000000172
            ],
            [
              -70.547788,
              10.76366
            ],
            [
              -70.547043,
              10.762693
            ],
            [
              -70.54703899999987,
              10.761613000000182
            ],
            [
              -70.54783,
              10.760673
            ],
            [
              -70.547627,
              10.759072000000117
            ],
            [
              -70.54782399999988,
              10.757643
            ],
            [
              -70.548085,
              10.756879
            ],
            [
              -70.547495,
              10.756550000000118
            ],
            [
              -70.546422,
              10.756441
            ],
            [
              -70.545193,
              10.75470600000017
            ],
            [
              -70.54557199999988,
              10.754053000000113
            ],
            [
              -70.5445749999999,
              10.75228900000019
            ],
            [
              -70.54511699999989,
              10.751655000000142
            ],
            [
              -70.54791399999988,
              10.750937
            ],
            [
              -70.547634,
              10.749958
            ],
            [
              -70.547497,
              10.748194000000126
            ],
            [
              -70.5483,
              10.747759
            ],
            [
              -70.549405,
              10.747293000000184
            ],
            [
              -70.550867,
              10.746198000000163
            ],
            [
              -70.551431,
              10.74455300000011
            ],
            [
              -70.551837,
              10.74311900000015
            ],
            [
              -70.552179,
              10.741893000000118
            ],
            [
              -70.552846,
              10.741623000000175
            ],
            [
              -70.554204,
              10.74101300000018
            ],
            [
              -70.554709,
              10.74074700000017
            ],
            [
              -70.554422,
              10.739492
            ],
            [
              -70.55540899999988,
              10.738042000000178
            ],
            [
              -70.554857,
              10.737345
            ],
            [
              -70.55511599999988,
              10.736535
            ],
            [
              -70.55582299999986,
              10.735988
            ],
            [
              -70.557754,
              10.735041
            ],
            [
              -70.558217,
              10.734041
            ],
            [
              -70.559201,
              10.732454
            ],
            [
              -70.56031899999988,
              10.731597
            ],
            [
              -70.5635329999999,
              10.729858
            ],
            [
              -70.56452599999989,
              10.729556
            ],
            [
              -70.566269,
              10.729487
            ],
            [
              -70.566606,
              10.72901800000011
            ],
            [
              -70.565716,
              10.727826000000107
            ],
            [
              -70.566718,
              10.726995000000102
            ],
            [
              -70.567801,
              10.725634
            ],
            [
              -70.569762,
              10.725007
            ],
            [
              -70.570643,
              10.723951000000113
            ],
            [
              -70.570459,
              10.723083
            ],
            [
              -70.569462,
              10.722283000000118
            ],
            [
              -70.56877399999985,
              10.721751000000154
            ],
            [
              -70.567925,
              10.721269
            ],
            [
              -70.566551,
              10.721191
            ],
            [
              -70.565996,
              10.719461
            ],
            [
              -70.565754,
              10.718136000000186
            ],
            [
              -70.564793,
              10.716899000000183
            ],
            [
              -70.563774,
              10.71616900000015
            ],
            [
              -70.56281699999988,
              10.715116
            ],
            [
              -70.561838,
              10.715004
            ],
            [
              -70.560934,
              10.714202000000114
            ],
            [
              -70.560337,
              10.712611
            ],
            [
              -70.558268,
              10.711725000000172
            ],
            [
              -70.55777199999983,
              10.70953500000013
            ],
            [
              -70.557486,
              10.707407000000103
            ],
            [
              -70.557771,
              10.705747
            ],
            [
              -70.558181,
              10.705392000000188
            ],
            [
              -70.558912,
              10.704867
            ],
            [
              -70.55901,
              10.70415300000019
            ],
            [
              -70.560435,
              10.703449
            ],
            [
              -70.558723,
              10.702898
            ],
            [
              -70.558173,
              10.703586000000143
            ],
            [
              -70.557684,
              10.703001
            ],
            [
              -70.55744699999985,
              10.703024
            ],
            [
              -70.556507,
              10.701672
            ],
            [
              -70.555426,
              10.7003
            ],
            [
              -70.55456,
              10.700048000000152
            ],
            [
              -70.552981,
              10.699241
            ],
            [
              -70.55178599999988,
              10.69791800000013
            ],
            [
              -70.551034,
              10.697594000000151
            ],
            [
              -70.55069,
              10.695927
            ],
            [
              -70.549187,
              10.693442000000175
            ],
            [
              -70.547594,
              10.692039
            ],
            [
              -70.54803,
              10.689915
            ],
            [
              -70.549395,
              10.689649
            ],
            [
              -70.54806899999983,
              10.68773300000015
            ],
            [
              -70.548215,
              10.686122
            ],
            [
              -70.548968,
              10.685551
            ],
            [
              -70.54941799999989,
              10.684024
            ],
            [
              -70.549892,
              10.682496
            ],
            [
              -70.549376,
              10.681362
            ],
            [
              -70.548187,
              10.680291
            ],
            [
              -70.54862,
              10.678994
            ],
            [
              -70.549363,
              10.677092
            ],
            [
              -70.549029,
              10.674851000000103
            ],
            [
              -70.547843,
              10.672059
            ],
            [
              -70.546619,
              10.669612
            ],
            [
              -70.546284,
              10.66737200000017
            ],
            [
              -70.543724,
              10.663830000000189
            ],
            [
              -70.542395,
              10.66295
            ],
            [
              -70.541515,
              10.660913
            ],
            [
              -70.54041699999988,
              10.659319000000153
            ],
            [
              -70.539118,
              10.658696000000134
            ],
            [
              -70.538346,
              10.657115
            ],
            [
              -70.537307,
              10.656644
            ],
            [
              -70.536606,
              10.655817000000127
            ],
            [
              -70.536402,
              10.654516000000115
            ],
            [
              -70.53493,
              10.654311
            ],
            [
              -70.534011,
              10.653217
            ],
            [
              -70.533056,
              10.652468000000113
            ],
            [
              -70.531449,
              10.651671
            ],
            [
              -70.529762,
              10.651290000000188
            ],
            [
              -70.52816299999984,
              10.650768
            ],
            [
              -70.526174,
              10.650419
            ],
            [
              -70.52479599999987,
              10.650235000000123
            ],
            [
              -70.52262999999988,
              10.650879
            ],
            [
              -70.520944,
              10.651255000000162
            ],
            [
              -70.51938399999989,
              10.649768
            ],
            [
              -70.51808199999988,
              10.648342000000184
            ],
            [
              -70.517364,
              10.646965
            ],
            [
              -70.516867,
              10.645971
            ],
            [
              -70.515903,
              10.644947000000116
            ],
            [
              -70.514522,
              10.64393600000011
            ],
            [
              -70.513139,
              10.642879
            ],
            [
              -70.511746,
              10.642236000000139
            ],
            [
              -70.51072199999987,
              10.64148900000015
            ],
            [
              -70.50934499999988,
              10.640616
            ],
            [
              -70.50842099999988,
              10.639384
            ],
            [
              -70.507859,
              10.637818
            ],
            [
              -70.50783499999983,
              10.637062000000128
            ],
            [
              -70.508396,
              10.636424000000147
            ],
            [
              -70.508939,
              10.635213000000135
            ],
            [
              -70.509119,
              10.634289
            ],
            [
              -70.510409,
              10.633903
            ],
            [
              -70.51184599999988,
              10.633765
            ],
            [
              -70.51351099999988,
              10.633458
            ],
            [
              -70.515382,
              10.633053
            ],
            [
              -70.52061,
              10.622004000000175
            ],
            [
              -70.522405,
              10.61995
            ],
            [
              -70.522654,
              10.619023
            ],
            [
              -70.522388,
              10.61797600000017
            ],
            [
              -70.522002,
              10.616084000000114
            ],
            [
              -70.521478,
              10.614265
            ],
            [
              -70.520471,
              10.612600000000157
            ],
            [
              -70.518919,
              10.61134200000015
            ],
            [
              -70.518248,
              10.609987000000103
            ],
            [
              -70.51899899999984,
              10.60874600000011
            ],
            [
              -70.51971299999985,
              10.607071
            ],
            [
              -70.520456,
              10.60560100000015
            ],
            [
              -70.522493,
              10.5928
            ],
            [
              -70.522954,
              10.59067
            ],
            [
              -70.524196,
              10.590240000000165
            ],
            [
              -70.52499,
              10.589595
            ],
            [
              -70.526246,
              10.589623
            ],
            [
              -70.527616,
              10.589555000000132
            ],
            [
              -70.529065,
              10.589049
            ],
            [
              -70.530319,
              10.588251
            ],
            [
              -70.53129599999988,
              10.587531000000183
            ],
            [
              -70.532569,
              10.586617
            ],
            [
              -70.53281,
              10.585439000000122
            ],
            [
              -70.53413099999989,
              10.585304000000122
            ],
            [
              -70.534954,
              10.584864000000152
            ],
            [
              -70.53557399999983,
              10.583903
            ],
            [
              -70.536259,
              10.583491
            ],
            [
              -70.53728199999983,
              10.583458000000121
            ],
            [
              -70.538014,
              10.582355000000177
            ],
            [
              -70.538683,
              10.581461000000104
            ],
            [
              -70.53918,
              10.579563000000121
            ],
            [
              -70.5407469999999,
              10.579099
            ],
            [
              -70.542322,
              10.57891
            ],
            [
              -70.543665,
              10.578729
            ],
            [
              -70.544292,
              10.577974
            ],
            [
              -70.544357,
              10.577123
            ],
            [
              -70.545055,
              10.576412000000175
            ],
            [
              -70.54577599999982,
              10.576411
            ],
            [
              -70.546671,
              10.576749000000177
            ],
            [
              -70.54729,
              10.577188
            ],
            [
              -70.548314,
              10.577935
            ],
            [
              -70.5484919999999,
              10.577700000000164
            ],
            [
              -70.550836,
              10.575612
            ],
            [
              -70.551343,
              10.574223
            ],
            [
              -70.552332,
              10.572572
            ],
            [
              -70.552093,
              10.571082
            ],
            [
              -70.55162499999989,
              10.569711
            ],
            [
              -70.55191599999989,
              10.569176
            ],
            [
              -70.552562,
              10.567831000000183
            ],
            [
              -70.5531969999999,
              10.565888
            ],
            [
              -70.552872,
              10.563548
            ],
            [
              -70.553322,
              10.561677
            ],
            [
              -70.553375,
              10.559676
            ],
            [
              -70.554496,
              10.558803000000125
            ],
            [
              -70.55619799999988,
              10.55801300000013
            ],
            [
              -70.556911,
              10.556506000000184
            ],
            [
              -70.556953,
              10.553952
            ],
            [
              -70.55727699999989,
              10.552728
            ],
            [
              -70.558889,
              10.552077000000168
            ],
            [
              -70.559012,
              10.551247
            ],
            [
              -70.559011,
              10.550006
            ],
            [
              -70.559042,
              10.548074
            ],
            [
              -70.559086,
              10.54678500000017
            ],
            [
              -70.559791,
              10.546059000000128
            ],
            [
              -70.560709,
              10.545514
            ],
            [
              -70.56035999999989,
              10.544301000000189
            ],
            [
              -70.560105,
              10.543156000000124
            ],
            [
              -70.56152599999984,
              10.542256
            ],
            [
              -70.56265699999989,
              10.541914
            ],
            [
              -70.563291,
              10.541097
            ],
            [
              -70.563289,
              10.539833000000158
            ],
            [
              -70.56361199999986,
              10.538585000000126
            ],
            [
              -70.5632829999999,
              10.537188000000128
            ],
            [
              -70.562559,
              10.535799000000168
            ],
            [
              -70.561041,
              10.535367000000122
            ],
            [
              -70.56093,
              10.534472000000164
            ],
            [
              -70.56130999999982,
              10.533706000000166
            ],
            [
              -70.56128299999989,
              10.53235
            ],
            [
              -70.56011399999988,
              10.531934
            ],
            [
              -70.558831,
              10.531636000000162
            ],
            [
              -70.558846,
              10.530049000000133
            ],
            [
              -70.5595689999999,
              10.529047000000162
            ],
            [
              -70.56031499999983,
              10.528067
            ],
            [
              -70.5613259999999,
              10.52752
            ],
            [
              -70.562147,
              10.526792000000114
            ],
            [
              -70.56164,
              10.525790000000143
            ],
            [
              -70.561472,
              10.524367
            ],
            [
              -70.561724,
              10.52300600000018
            ],
            [
              -70.560966,
              10.522261000000185
            ],
            [
              -70.559549,
              10.522195
            ],
            [
              -70.55836099999988,
              10.52200900000014
            ],
            [
              -70.557222,
              10.52191500000015
            ],
            [
              -70.555887,
              10.521342000000175
            ],
            [
              -70.556,
              10.520006000000137
            ],
            [
              -70.555918,
              10.51936400000011
            ],
            [
              -70.556403,
              10.518112
            ],
            [
              -70.556831,
              10.517437
            ],
            [
              -70.556722,
              10.516634000000181
            ],
            [
              -70.55786299999988,
              10.51564800000017
            ],
            [
              -70.558982,
              10.515880000000152
            ],
            [
              -70.56057,
              10.515184000000147
            ],
            [
              -70.561928,
              10.514585000000125
            ],
            [
              -70.562879,
              10.514544000000114
            ],
            [
              -70.563338,
              10.514283
            ],
            [
              -70.56306599999988,
              10.51343700000018
            ],
            [
              -70.563046,
              10.512426000000175
            ],
            [
              -70.561965,
              10.511779000000104
            ],
            [
              -70.562425,
              10.510414
            ],
            [
              -70.563128,
              10.509573
            ],
            [
              -70.563,
              10.508977
            ],
            [
              -70.56357899999989,
              10.5089210000001
            ],
            [
              -70.564009,
              10.508338000000151
            ],
            [
              -70.565375,
              10.506979000000172
            ],
            [
              -70.565684,
              10.507342000000165
            ],
            [
              -70.566004,
              10.508279
            ],
            [
              -70.56715899999989,
              10.507982
            ],
            [
              -70.567368,
              10.508024
            ],
            [
              -70.568367,
              10.506902
            ],
            [
              -70.56761299999988,
              10.506318
            ],
            [
              -70.567559,
              10.505951
            ],
            [
              -70.56823,
              10.505823
            ],
            [
              -70.56831299999988,
              10.505316
            ],
            [
              -70.567583,
              10.50480000000016
            ],
            [
              -70.56758,
              10.503490000000113
            ],
            [
              -70.567427,
              10.501653
            ],
            [
              -70.56630899999982,
              10.500271
            ],
            [
              -70.564932,
              10.499882
            ],
            [
              -70.564355,
              10.498881
            ],
            [
              -70.563748,
              10.49755800000014
            ],
            [
              -70.562647,
              10.497072
            ],
            [
              -70.562467,
              10.496156
            ],
            [
              -70.561668,
              10.495687
            ],
            [
              -70.560167,
              10.49488700000012
            ],
            [
              -70.55927999999989,
              10.493478
            ],
            [
              -70.5590289999999,
              10.492516
            ],
            [
              -70.559314,
              10.491706
            ],
            [
              -70.558714,
              10.491855
            ],
            [
              -70.55785,
              10.491618000000187
            ],
            [
              -70.55715,
              10.491401000000167
            ],
            [
              -70.5565,
              10.491436
            ],
            [
              -70.555863,
              10.490895
            ],
            [
              -70.5552909999999,
              10.490124
            ],
            [
              -70.55527299999983,
              10.48922800000014
            ],
            [
              -70.55511399999989,
              10.488242
            ],
            [
              -70.5542099999999,
              10.487154000000146
            ],
            [
              -70.552814,
              10.485823000000153
            ],
            [
              -70.551399,
              10.485872
            ],
            [
              -70.5498649999999,
              10.485785
            ],
            [
              -70.547771,
              10.485547
            ],
            [
              -70.546252,
              10.483873
            ],
            [
              -70.545874,
              10.482362000000137
            ],
            [
              -70.54535,
              10.480509
            ],
            [
              -70.545006,
              10.478377
            ],
            [
              -70.54518,
              10.477799
            ],
            [
              -70.545267,
              10.476325000000145
            ],
            [
              -70.542862,
              10.475564
            ],
            [
              -70.540851,
              10.474819
            ],
            [
              -70.539308,
              10.475422
            ],
            [
              -70.537134,
              10.473507
            ],
            [
              -70.53541899999988,
              10.47245700000019
            ],
            [
              -70.53516773999996,
              10.471750403000044
            ],
            [
              -70.53433799999988,
              10.469417
            ],
            [
              -70.533268,
              10.466976
            ],
            [
              -70.533045,
              10.465049
            ],
            [
              -70.533552,
              10.463706000000172
            ],
            [
              -70.53357904999996,
              10.463606816000151
            ],
            [
              -70.53145179199998,
              10.463021235999975
            ],
            [
              -70.5317663319999,
              10.462683610000113
            ],
            [
              -70.52909020099997,
              10.460484746000077
            ],
            [
              -70.52849649699988,
              10.459996924000052
            ],
            [
              -70.52723742399996,
              10.45896239600006
            ],
            [
              -70.52701687899986,
              10.458301882000114
            ],
            [
              -70.52514713199997,
              10.45270215800008
            ],
            [
              -70.52096831199998,
              10.451125291000096
            ],
            [
              -70.51927202199994,
              10.450485200000173
            ],
            [
              -70.51358100199997,
              10.450449228000025
            ],
            [
              -70.51377585199992,
              10.449209006000046
            ],
            [
              -70.51424440099998,
              10.446182059000023
            ],
            [
              -70.50154217699998,
              10.45288640300015
            ],
            [
              -70.49349319899994,
              10.461962639000092
            ],
            [
              -70.48642763199996,
              10.462149783000086
            ],
            [
              -70.4822556559999,
              10.458591602000126
            ],
            [
              -70.47916566499987,
              10.45854276000017
            ],
            [
              -70.47284826999993,
              10.465469748999965
            ],
            [
              -70.46158680399986,
              10.469481977000157
            ],
            [
              -70.45708445699995,
              10.467367856000124
            ],
            [
              -70.45470434899988,
              10.461655757000074
            ],
            [
              -70.45150837299997,
              10.45889472500005
            ],
            [
              -70.43501377999996,
              10.451709780000044
            ],
            [
              -70.43167143799991,
              10.452393764000135
            ],
            [
              -70.42714007599989,
              10.456527833000166
            ],
            [
              -70.42432518699997,
              10.462899059000108
            ],
            [
              -70.42125803399995,
              10.463253021000071
            ],
            [
              -70.41995028899998,
              10.463965835000067
            ],
            [
              -70.41766395899992,
              10.46521204600009
            ],
            [
              -70.41378072799995,
              10.472898536000116
            ],
            [
              -70.41222222499988,
              10.47432260700009
            ],
            [
              -70.40971387999991,
              10.476614589000178
            ],
            [
              -70.40323723199998,
              10.478370532999975
            ],
            [
              -70.39754645899984,
              10.485501718000023
            ],
            [
              -70.39671439599994,
              10.497024043000067
            ],
            [
              -70.39091883899994,
              10.508523528000069
            ],
            [
              -70.38968719599995,
              10.510967341000025
            ],
            [
              -70.39559136899999,
              10.521568633000186
            ],
            [
              -70.39526442499994,
              10.524417680000113
            ],
            [
              -70.38617803299996,
              10.531953089000183
            ],
            [
              -70.38153864899988,
              10.533058085000107
            ],
            [
              -70.37875389299995,
              10.532248094000181
            ],
            [
              -70.37610642299984,
              10.533950161000064
            ],
            [
              -70.37205986799995,
              10.542464530000132
            ],
            [
              -70.37171299699986,
              10.543194383000184
            ],
            [
              -70.3719109999999,
              10.54324800000012
            ],
            [
              -70.37254007099989,
              10.543583263000016
            ],
            [
              -70.37867655599996,
              10.546853696000028
            ],
            [
              -70.380758,
              10.547963000000152
            ],
            [
              -70.382089,
              10.549382
            ],
            [
              -70.38289769599999,
              10.5495245890001
            ],
            [
              -70.38364299999989,
              10.549656
            ],
            [
              -70.38472499999989,
              10.550544000000173
            ],
            [
              -70.386155,
              10.551436
            ],
            [
              -70.38697299999984,
              10.55301
            ],
            [
              -70.38887129899996,
              10.557044987000097
            ],
            [
              -70.39048587099995,
              10.560476888000096
            ],
            [
              -70.39138551899998,
              10.562389163000148
            ],
            [
              -70.393654,
              10.567211
            ],
            [
              -70.39513999999986,
              10.569322
            ],
            [
              -70.39589199999989,
              10.570596
            ],
            [
              -70.39697899999987,
              10.572863000000154
            ],
            [
              -70.397183,
              10.575141000000144
            ],
            [
              -70.39824,
              10.578028000000131
            ],
            [
              -70.398957,
              10.580267000000106
            ],
            [
              -70.40013799999986,
              10.582466000000124
            ],
            [
              -70.401537,
              10.584071
            ],
            [
              -70.402158,
              10.584630000000118
            ],
            [
              -70.40314499999988,
              10.585655
            ],
            [
              -70.40437,
              10.586199
            ],
            [
              -70.40559799999988,
              10.586537
            ],
            [
              -70.409477,
              10.586887
            ],
            [
              -70.411412,
              10.586522000000173
            ],
            [
              -70.413436,
              10.586434000000168
            ],
            [
              -70.414516,
              10.585643000000118
            ],
            [
              -70.415349,
              10.585953000000188
            ],
            [
              -70.415758,
              10.586671
            ],
            [
              -70.415819,
              10.587453
            ],
            [
              -70.415688,
              10.588601
            ],
            [
              -70.415362,
              10.590527
            ],
            [
              -70.415605,
              10.591611
            ],
            [
              -70.416856,
              10.591995
            ],
            [
              -70.41762299999982,
              10.592028
            ],
            [
              -70.418529,
              10.592132
            ],
            [
              -70.41954,
              10.593064
            ],
            [
              -70.419779,
              10.5944
            ],
            [
              -70.419901,
              10.595827
            ],
            [
              -70.420146,
              10.596704000000102
            ],
            [
              -70.420994,
              10.597703
            ],
            [
              -70.422952,
              10.5992
            ],
            [
              -70.426024,
              10.60089500000015
            ],
            [
              -70.426678,
              10.602581
            ],
            [
              -70.428323,
              10.603039
            ],
            [
              -70.430992,
              10.603465000000142
            ],
            [
              -70.433824,
              10.603824
            ],
            [
              -70.4383,
              10.604939
            ],
            [
              -70.442105,
              10.605610000000183
            ],
            [
              -70.444109,
              10.607176
            ],
            [
              -70.445607,
              10.61016
            ],
            [
              -70.446021,
              10.612395
            ],
            [
              -70.445553,
              10.616412
            ],
            [
              -70.44544599999983,
              10.619513000000154
            ],
            [
              -70.446191,
              10.621316
            ],
            [
              -70.44736,
              10.624594
            ],
            [
              -70.449132,
              10.627973
            ],
            [
              -70.44999599999989,
              10.62959300000017
            ],
            [
              -70.450163,
              10.631181
            ],
            [
              -70.450637,
              10.632291000000123
            ],
            [
              -70.451539,
              10.632693000000131
            ],
            [
              -70.454801,
              10.634091000000183
            ],
            [
              -70.458507,
              10.63545
            ],
            [
              -70.46253,
              10.635456000000147
            ],
            [
              -70.463802,
              10.636024
            ],
            [
              -70.464483,
              10.637412000000154
            ],
            [
              -70.4659,
              10.639407
            ],
            [
              -70.465852,
              10.641429000000187
            ],
            [
              -70.465717,
              10.64299
            ],
            [
              -70.46611799999988,
              10.644443000000138
            ],
            [
              -70.467322,
              10.648641
            ],
            [
              -70.469173,
              10.653285
            ],
            [
              -70.47131699999989,
              10.654806000000121
            ],
            [
              -70.474422,
              10.657696000000158
            ],
            [
              -70.47514399999989,
              10.659498
            ],
            [
              -70.475197,
              10.660901000000138
            ],
            [
              -70.475157,
              10.662234000000126
            ],
            [
              -70.474495,
              10.663598
            ],
            [
              -70.473375,
              10.666088000000116
            ],
            [
              -70.472992,
              10.667094
            ],
            [
              -70.472796,
              10.668101
            ],
            [
              -70.473214,
              10.67044600000014
            ],
            [
              -70.473686,
              10.672080000000165
            ],
            [
              -70.474251,
              10.67373700000013
            ],
            [
              -70.47426,
              10.675183
            ],
            [
              -70.473759,
              10.676348000000132
            ],
            [
              -70.472668,
              10.67833400000012
            ],
            [
              -70.471414,
              10.680295
            ],
            [
              -70.470931,
              10.68198800000016
            ],
            [
              -70.47094,
              10.683342
            ],
            [
              -70.471578,
              10.684748
            ],
            [
              -70.4714029999999,
              10.68594000000013
            ],
            [
              -70.47048499999988,
              10.686917000000108
            ],
            [
              -70.469965,
              10.687623
            ],
            [
              -70.470028,
              10.688358000000164
            ],
            [
              -70.470347,
              10.689027
            ],
            [
              -70.470708,
              10.690109
            ],
            [
              -70.47079,
              10.691188000000182
            ],
            [
              -70.4701,
              10.692696
            ],
            [
              -70.469834,
              10.693611
            ],
            [
              -70.470174,
              10.694555
            ],
            [
              -70.47089099999982,
              10.694998000000112
            ],
            [
              -70.471958,
              10.695559000000173
            ],
            [
              -70.473047,
              10.696006
            ],
            [
              -70.473715,
              10.696747
            ],
            [
              -70.474474,
              10.697649
            ],
            [
              -70.475019,
              10.69905400000016
            ],
            [
              -70.47577199999989,
              10.700553
            ],
            [
              -70.476175,
              10.70214
            ],
            [
              -70.475714,
              10.703949
            ],
            [
              -70.476196,
              10.704665
            ],
            [
              -70.477044,
              10.705936
            ],
            [
              -70.477962,
              10.70723
            ],
            [
              -70.479827,
              10.709313
            ],
            [
              -70.481045,
              10.710931000000187
            ],
            [
              -70.482406,
              10.712161
            ],
            [
              -70.483885,
              10.713299000000177
            ],
            [
              -70.484969,
              10.714343
            ],
            [
              -70.486286,
              10.715273
            ],
            [
              -70.487419,
              10.716133000000184
            ],
            [
              -70.4886929999999,
              10.716811000000178
            ],
            [
              -70.49072999999987,
              10.717978
            ],
            [
              -70.494797,
              10.723246
            ],
            [
              -70.49462,
              10.727508
            ],
            [
              -70.493304,
              10.73078900000013
            ],
            [
              -70.476641,
              10.782355
            ],
            [
              -70.459963,
              10.833243
            ],
            [
              -70.443459,
              10.884462
            ],
            [
              -70.44328691399988,
              10.885069015000113
            ],
            [
              -70.434845,
              10.914847
            ],
            [
              -70.400793,
              11.027493000000106
            ],
            [
              -70.38172,
              11.097733
            ],
            [
              -70.39181599999989,
              11.103111
            ],
            [
              -70.35041499999988,
              11.14309400000019
            ],
            [
              -70.371934,
              11.15835600000014
            ],
            [
              -70.35069999999985,
              11.189474000000189
            ],
            [
              -70.338986,
              11.207485
            ],
            [
              -70.32891199999983,
              11.221199
            ],
            [
              -70.328627,
              11.222001000000148
            ],
            [
              -70.32855199999989,
              11.223011
            ],
            [
              -70.328384,
              11.22402
            ],
            [
              -70.32767699999988,
              11.225302
            ],
            [
              -70.327696,
              11.226243000000125
            ],
            [
              -70.3271759999999,
              11.227503
            ],
            [
              -70.327266,
              11.228147
            ],
            [
              -70.32836,
              11.228427000000181
            ],
            [
              -70.32896399999987,
              11.228842
            ],
            [
              -70.329309,
              11.229647
            ],
            [
              -70.329211,
              11.230656
            ],
            [
              -70.328625,
              11.231136000000106
            ],
            [
              -70.327315,
              11.232002
            ],
            [
              -70.32694,
              11.232459000000176
            ],
            [
              -70.325771,
              11.233074000000101
            ],
            [
              -70.32562799999988,
              11.233624000000134
            ],
            [
              -70.32593,
              11.233855
            ],
            [
              -70.32595,
              11.234429
            ],
            [
              -70.325197,
              11.235619000000156
            ],
            [
              -70.324821,
              11.236214000000189
            ],
            [
              -70.324489,
              11.237268
            ],
            [
              -70.32429799999989,
              11.238185
            ],
            [
              -70.323827,
              11.238986
            ],
            [
              -70.322614,
              11.23905000000019
            ],
            [
              -70.321264,
              11.23879200000016
            ],
            [
              -70.32037799999989,
              11.238765
            ],
            [
              -70.320909,
              11.239685000000122
            ],
            [
              -70.320836,
              11.24035
            ],
            [
              -70.321317,
              11.24182100000013
            ],
            [
              -70.3210519999999,
              11.243564000000106
            ],
            [
              -70.322139,
              11.24506
            ],
            [
              -70.323021,
              11.245913000000144
            ],
            [
              -70.322851,
              11.247128
            ],
            [
              -70.323242,
              11.248094
            ],
            [
              -70.32396099999988,
              11.248832
            ],
            [
              -70.32467999999989,
              11.249477000000127
            ],
            [
              -70.32505901499997,
              11.249495015000093
            ],
            [
              -70.32575299999985,
              11.249528000000112
            ],
            [
              -70.325348,
              11.251155
            ],
            [
              -70.325906,
              11.251318
            ],
            [
              -70.326511,
              11.251642
            ],
            [
              -70.327344,
              11.252885
            ],
            [
              -70.326872,
              11.253847
            ],
            [
              -70.326495,
              11.254511
            ],
            [
              -70.325862,
              11.25515
            ],
            [
              -70.326584,
              11.255429
            ],
            [
              -70.32667099999986,
              11.256577000000163
            ],
            [
              -70.326806,
              11.257518
            ],
            [
              -70.326891,
              11.259102000000155
            ],
            [
              -70.326467,
              11.259857000000125
            ],
            [
              -70.3263879999999,
              11.261578
            ],
            [
              -70.32600799999989,
              11.262747000000104
            ],
            [
              -70.324975,
              11.264234
            ],
            [
              -70.324621,
              11.26489800000013
            ],
            [
              -70.323661,
              11.265743
            ],
            [
              -70.322117,
              11.266586000000132
            ],
            [
              -70.320551,
              11.267268000000115
            ],
            [
              -70.319316,
              11.267263
            ],
            [
              -70.31937999999985,
              11.26825
            ],
            [
              -70.31905099999989,
              11.268845
            ],
            [
              -70.318141,
              11.268864000000178
            ],
            [
              -70.317529,
              11.26994000000019
            ],
            [
              -70.31764,
              11.271019000000138
            ],
            [
              -70.317565,
              11.271959
            ],
            [
              -70.317211,
              11.272738
            ],
            [
              -70.317018,
              11.273908
            ],
            [
              -70.316664,
              11.274686000000145
            ],
            [
              -70.31524,
              11.274979
            ],
            [
              -70.313371,
              11.275728000000186
            ],
            [
              -70.312711,
              11.277033000000188
            ],
            [
              -70.311976,
              11.27921
            ],
            [
              -70.311594,
              11.280998000000125
            ],
            [
              -70.31184499999989,
              11.281963
            ],
            [
              -70.312446,
              11.282884
            ],
            [
              -70.31288399999988,
              11.283964
            ],
            [
              -70.31175599999989,
              11.285428
            ],
            [
              -70.312849,
              11.2860060000001
            ],
            [
              -70.313617,
              11.286377
            ],
            [
              -70.314101,
              11.28732
            ],
            [
              -70.313723,
              11.288351000000148
            ],
            [
              -70.313115,
              11.288578
            ],
            [
              -70.311853,
              11.289123
            ],
            [
              -70.311987,
              11.290156
            ],
            [
              -70.31300899999985,
              11.29101
            ],
            [
              -70.313168,
              11.291722000000163
            ],
            [
              -70.3127199999999,
              11.292615000000126
            ],
            [
              -70.311899,
              11.293667000000141
            ],
            [
              -70.31184599999989,
              11.294699
            ],
            [
              -70.313312,
              11.295325
            ],
            [
              -70.3138459999999,
              11.295855000000188
            ],
            [
              -70.315055,
              11.296503000000143
            ],
            [
              -70.31519,
              11.29733
            ],
            [
              -70.314651,
              11.297878
            ],
            [
              -70.31376499999988,
              11.297805
            ],
            [
              -70.312784,
              11.298168
            ],
            [
              -70.31247,
              11.300141
            ],
            [
              -70.313003,
              11.300877
            ],
            [
              -70.313203,
              11.302645
            ],
            [
              -70.31263999999987,
              11.303216000000134
            ],
            [
              -70.311496,
              11.303442000000189
            ],
            [
              -70.309862,
              11.303871000000129
            ],
            [
              -70.308506,
              11.30437
            ],
            [
              -70.30728206299995,
              11.305316343000072
            ],
            [
              -70.307148,
              11.30542
            ],
            [
              -70.308376,
              11.306825000000117
            ],
            [
              -70.3096829999999,
              11.306739000000107
            ],
            [
              -70.311083,
              11.306492000000105
            ],
            [
              -70.312555,
              11.306131
            ],
            [
              -70.312897,
              11.307533
            ],
            [
              -70.3127669999999,
              11.310033
            ],
            [
              -70.31234199999989,
              11.311041000000102
            ],
            [
              -70.311546,
              11.311543
            ],
            [
              -70.310976,
              11.313537
            ],
            [
              -70.311458,
              11.314847
            ],
            [
              -70.312454,
              11.316251
            ],
            [
              -70.313547,
              11.316852
            ],
            [
              -70.31371599999989,
              11.315774
            ],
            [
              -70.31409099999985,
              11.315386
            ],
            [
              -70.315324,
              11.315896000000123
            ],
            [
              -70.316856,
              11.317257000000154
            ],
            [
              -70.318906,
              11.317747000000168
            ],
            [
              -70.32064665599995,
              11.317379337000034
            ],
            [
              -70.32080656699992,
              11.317345559999978
            ],
            [
              -70.321027,
              11.317299
            ],
            [
              -70.32109361999989,
              11.31732482100017
            ]
          ]
        ]
      }
    }
  ]
}