{
  "type": "FeatureCollection",
  "features": [
    {
      "type": "Feature",
      "properties": {
        "Pais": "Venezuela",
        "Estado": "Portuguesa",
        "Municipio": "Esteller"
      },
      "geometry": {
        "type": "Polygon",
        "coordinates": [
          [
            [
              -69.200725,
              9.435518
            ],
            [
              -69.201825,
              9.43709200000012
            ],
            [
              -69.20384899999982,
              9.43859
            ],
            [
              -69.205032,
              9.441654
            ],
            [
              -69.2059809999999,
              9.444308000000149
            ],
            [
              -69.20712,
              9.447488
            ],
            [
              -69.208304,
              9.450506000000132
            ],
            [
              -69.209378,
              9.454144
            ],
            [
              -69.21025,
              9.456018
            ],
            [
              -69.21388899999988,
              9.459844
            ],
            [
              -69.214952,
              9.462335
            ],
            [
              -69.217872,
              9.465639
            ],
            [
              -69.220987,
              9.467702
            ],
            [
              -69.22329,
              9.469404
            ],
            [
              -69.226419,
              9.47061900000017
            ],
            [
              -69.230632,
              9.473958
            ],
            [
              -69.231779,
              9.4755320000001
            ],
            [
              -69.234149,
              9.476981
            ],
            [
              -69.235935,
              9.478735
            ],
            [
              -69.241275,
              9.47364
            ],
            [
              -69.278047,
              9.438607
            ],
            [
              -69.31725,
              9.401259
            ],
            [
              -69.31742999999989,
              9.401332
            ],
            [
              -69.316674,
              9.398641000000111
            ],
            [
              -69.315846,
              9.39656
            ],
            [
              -69.31643299999985,
              9.395249
            ],
            [
              -69.316404,
              9.39463
            ],
            [
              -69.314181,
              9.394028000000162
            ],
            [
              -69.313927,
              9.391691
            ],
            [
              -69.31423199999989,
              9.389785000000131
            ],
            [
              -69.314449,
              9.388407000000143
            ],
            [
              -69.312869,
              9.38741
            ],
            [
              -69.310955,
              9.387678
            ],
            [
              -69.31060699999989,
              9.385135000000105
            ],
            [
              -69.31031899999988,
              9.384035
            ],
            [
              -69.30835199999984,
              9.383523000000139
            ],
            [
              -69.30657,
              9.38317
            ],
            [
              -69.304251,
              9.382179000000122
            ],
            [
              -69.303547,
              9.380992000000163
            ],
            [
              -69.303539,
              9.380213
            ],
            [
              -69.302903,
              9.378888000000188
            ],
            [
              -69.302782,
              9.378361
            ],
            [
              -69.30285599999985,
              9.37648
            ],
            [
              -69.30302299999988,
              9.3746900000001
            ],
            [
              -69.302675,
              9.374463000000162
            ],
            [
              -69.302635,
              9.372789000000182
            ],
            [
              -69.30319999999989,
              9.371523
            ],
            [
              -69.302428,
              9.370475
            ],
            [
              -69.30228099999988,
              9.369627
            ],
            [
              -69.30094799999989,
              9.367826
            ],
            [
              -69.301948,
              9.366259
            ],
            [
              -69.30452799999989,
              9.365642
            ],
            [
              -69.30429,
              9.364887
            ],
            [
              -69.303096,
              9.363177000000178
            ],
            [
              -69.303409,
              9.362096
            ],
            [
              -69.30498499999987,
              9.360341000000176
            ],
            [
              -69.305,
              9.357199
            ],
            [
              -69.304461,
              9.3564
            ],
            [
              -69.30385099999984,
              9.355396
            ],
            [
              -69.30352099999988,
              9.354711000000123
            ],
            [
              -69.302226,
              9.354469000000165
            ],
            [
              -69.303753,
              9.352393000000177
            ],
            [
              -69.305598,
              9.352263
            ],
            [
              -69.307532,
              9.351698
            ],
            [
              -69.308679,
              9.350932
            ],
            [
              -69.308306,
              9.348183000000176
            ],
            [
              -69.307249,
              9.348673
            ],
            [
              -69.30640199999988,
              9.34941300000014
            ],
            [
              -69.304493,
              9.350231000000178
            ],
            [
              -69.303386,
              9.350309
            ],
            [
              -69.302956,
              9.348867
            ],
            [
              -69.303427,
              9.347419
            ],
            [
              -69.30452899999989,
              9.346814
            ],
            [
              -69.304467,
              9.345186000000183
            ],
            [
              -69.30415299999987,
              9.343744
            ],
            [
              -69.30546,
              9.34283900000014
            ],
            [
              -69.30727499999989,
              9.341884000000164
            ],
            [
              -69.307225,
              9.341518
            ],
            [
              -69.30898799999989,
              9.339944
            ],
            [
              -69.309718,
              9.339112000000114
            ],
            [
              -69.308992,
              9.338078
            ],
            [
              -69.308805,
              9.337812
            ],
            [
              -69.30677199999985,
              9.337668
            ],
            [
              -69.3057,
              9.336667
            ],
            [
              -69.3061919999999,
              9.335058
            ],
            [
              -69.307367,
              9.334773000000155
            ],
            [
              -69.307221,
              9.334018000000185
            ],
            [
              -69.308,
              9.333438000000172
            ],
            [
              -69.308972,
              9.333614000000182
            ],
            [
              -69.310704,
              9.333646000000158
            ],
            [
              -69.311579,
              9.333456
            ],
            [
              -69.310738,
              9.332385000000102
            ],
            [
              -69.310089,
              9.332160000000101
            ],
            [
              -69.308908,
              9.331803
            ],
            [
              -69.308803,
              9.330496
            ],
            [
              -69.309053,
              9.330105
            ],
            [
              -69.30918999999989,
              9.329897
            ],
            [
              -69.31130999999988,
              9.327153
            ],
            [
              -69.313563,
              9.32922
            ],
            [
              -69.315571,
              9.32656
            ],
            [
              -69.312169,
              9.3241
            ],
            [
              -69.31105799999989,
              9.324283
            ],
            [
              -69.31110699999988,
              9.321574000000169
            ],
            [
              -69.31434999999988,
              9.320612000000153
            ],
            [
              -69.3134859999999,
              9.31764
            ],
            [
              -69.310417,
              9.316845
            ],
            [
              -69.308119,
              9.31269900000018
            ],
            [
              -69.306527,
              9.310464
            ],
            [
              -69.300075,
              9.30928
            ],
            [
              -69.29703299999989,
              9.30676000000011
            ],
            [
              -69.29698699999989,
              9.306140000000141
            ],
            [
              -69.297336,
              9.304556
            ],
            [
              -69.297938,
              9.303317000000163
            ],
            [
              -69.298344,
              9.29970800000018
            ],
            [
              -69.2937409999999,
              9.302114000000131
            ],
            [
              -69.295838,
              9.298311
            ],
            [
              -69.296046,
              9.29776
            ],
            [
              -69.296163,
              9.296888
            ],
            [
              -69.29644799999988,
              9.293929
            ],
            [
              -69.29377899999986,
              9.291478
            ],
            [
              -69.297271,
              9.29078
            ],
            [
              -69.296378,
              9.288095000000112
            ],
            [
              -69.29723599999988,
              9.285486000000105
            ],
            [
              -69.294961,
              9.282851
            ],
            [
              -69.29844999999989,
              9.279347
            ],
            [
              -69.298261,
              9.276663000000156
            ],
            [
              -69.296591,
              9.27445
            ],
            [
              -69.298821,
              9.270089000000155
            ],
            [
              -69.298248,
              9.267601000000184
            ],
            [
              -69.299301,
              9.266281
            ],
            [
              -69.298757,
              9.260659
            ],
            [
              -69.296728,
              9.257424000000128
            ],
            [
              -69.296914,
              9.256276000000128
            ],
            [
              -69.296267,
              9.254761
            ],
            [
              -69.296823,
              9.253912000000128
            ],
            [
              -69.295991,
              9.250750000000153
            ],
            [
              -69.294724,
              9.248148000000185
            ],
            [
              -69.293938,
              9.247114
            ],
            [
              -69.293107,
              9.246126
            ],
            [
              -69.29273099999983,
              9.242831
            ],
            [
              -69.289852,
              9.243792
            ],
            [
              -69.28782199999989,
              9.240878000000123
            ],
            [
              -69.283755,
              9.237515
            ],
            [
              -69.285231,
              9.234621
            ],
            [
              -69.283982,
              9.234551000000124
            ],
            [
              -69.28102799999988,
              9.233716000000129
            ],
            [
              -69.27944799999989,
              9.232147000000168
            ],
            [
              -69.280248,
              9.22706
            ],
            [
              -69.28282599999989,
              9.225691000000154
            ],
            [
              -69.281093,
              9.224633
            ],
            [
              -69.279926,
              9.221295
            ],
            [
              -69.278756,
              9.217736
            ],
            [
              -69.27888,
              9.216121
            ],
            [
              -69.27733299999989,
              9.212401
            ],
            [
              -69.276393,
              9.209288
            ],
            [
              -69.273933,
              9.208151000000157
            ],
            [
              -69.2738379999999,
              9.202610000000163
            ],
            [
              -69.27333099999987,
              9.199603
            ],
            [
              -69.27307699999989,
              9.199075
            ],
            [
              -69.273508,
              9.196402
            ],
            [
              -69.271371,
              9.193794
            ],
            [
              -69.273652,
              9.19167
            ],
            [
              -69.272051,
              9.189072
            ],
            [
              -69.271309,
              9.184632
            ],
            [
              -69.27053299999989,
              9.179613
            ],
            [
              -69.26857,
              9.180168000000151
            ],
            [
              -69.26567099999988,
              9.179247000000146
            ],
            [
              -69.264106,
              9.174528000000123
            ],
            [
              -69.263852,
              9.173885
            ],
            [
              -69.26462299999986,
              9.169929
            ],
            [
              -69.262361,
              9.165882
            ],
            [
              -69.26654599999989,
              9.163923000000182
            ],
            [
              -69.266533,
              9.161937
            ],
            [
              -69.26450199999988,
              9.161124
            ],
            [
              -69.265694,
              9.157816
            ],
            [
              -69.265764,
              9.15717300000017
            ],
            [
              -69.266551,
              9.155474
            ],
            [
              -69.263633,
              9.151082000000144
            ],
            [
              -69.26704599999988,
              9.145672000000161
            ],
            [
              -69.266306,
              9.145488
            ],
            [
              -69.264784,
              9.142158
            ],
            [
              -69.263931,
              9.14
            ],
            [
              -69.263098,
              9.13993
            ],
            [
              -69.26170999999988,
              9.142418
            ],
            [
              -69.26087999999987,
              9.13947
            ],
            [
              -69.260604,
              9.137610000000166
            ],
            [
              -69.259642,
              9.134957
            ],
            [
              -69.258656,
              9.132611
            ],
            [
              -69.25832899999983,
              9.129199
            ],
            [
              -69.258661,
              9.125573
            ],
            [
              -69.257345,
              9.123654
            ],
            [
              -69.252063,
              9.123248
            ],
            [
              -69.254228,
              9.120172
            ],
            [
              -69.252743,
              9.114900000000148
            ],
            [
              -69.252966,
              9.111293000000103
            ],
            [
              -69.25397,
              9.110997000000168
            ],
            [
              -69.250486,
              9.109339
            ],
            [
              -69.250532,
              9.106036000000188
            ],
            [
              -69.248065,
              9.102925
            ],
            [
              -69.24758,
              9.099675
            ],
            [
              -69.2468879999999,
              9.09815900000018
            ],
            [
              -69.246704,
              9.097769
            ],
            [
              -69.24538699999988,
              9.097033000000124
            ],
            [
              -69.243104,
              9.095313
            ],
            [
              -69.24347199999988,
              9.093745000000183
            ],
            [
              -69.243814,
              9.092064
            ],
            [
              -69.245041,
              9.089521000000104
            ],
            [
              -69.24666,
              9.086549
            ],
            [
              -69.245247,
              9.082741000000112
            ],
            [
              -69.244239,
              9.079137000000173
            ],
            [
              -69.24201299999987,
              9.076203
            ],
            [
              -69.236157,
              9.073651
            ],
            [
              -69.234744,
              9.070242000000121
            ],
            [
              -69.23515,
              9.066855
            ],
            [
              -69.232928,
              9.06563
            ],
            [
              -69.231391,
              9.063298
            ],
            [
              -69.23388799999987,
              9.062405
            ],
            [
              -69.23446599999988,
              9.061556000000166
            ],
            [
              -69.23280199999988,
              9.06222
            ],
            [
              -69.232135,
              9.058638000000144
            ],
            [
              -69.231119,
              9.058546000000149
            ],
            [
              -69.23088899999988,
              9.05687
            ],
            [
              -69.230867,
              9.055975
            ],
            [
              -69.233687,
              9.052850000000149
            ],
            [
              -69.232331,
              9.049663
            ],
            [
              -69.232482,
              9.049545
            ],
            [
              -69.233582,
              9.047305000000165
            ],
            [
              -69.23007,
              9.045493
            ],
            [
              -69.229084,
              9.042614000000185
            ],
            [
              -69.226891,
              9.039522000000147
            ],
            [
              -69.224586,
              9.038776
            ],
            [
              -69.223446,
              9.036586
            ],
            [
              -69.222437,
              9.033182000000124
            ],
            [
              -69.223382,
              9.033978
            ],
            [
              -69.223384,
              9.030032
            ],
            [
              -69.22426099999984,
              9.02702
            ],
            [
              -69.225365,
              9.026513
            ],
            [
              -69.222949,
              9.025234
            ],
            [
              -69.22143099999988,
              9.02479000000011
            ],
            [
              -69.221127,
              9.021553
            ],
            [
              -69.219662,
              9.017875000000117
            ],
            [
              -69.217026,
              9.017876
            ],
            [
              -69.214966,
              9.02072
            ],
            [
              -69.211128,
              9.018078
            ],
            [
              -69.21109899999988,
              9.014785
            ],
            [
              -69.207476,
              9.014466
            ],
            [
              -69.204661,
              9.016403
            ],
            [
              -69.203448,
              9.01658700000013
            ],
            [
              -69.201284,
              9.013893
            ],
            [
              -69.19819399999989,
              9.012931
            ],
            [
              -69.19981399999989,
              9.008363
            ],
            [
              -69.19793,
              9.00487100000015
            ],
            [
              -69.196178,
              9.004328000000157
            ],
            [
              -69.190464,
              9.00338
            ],
            [
              -69.189105,
              9.003642
            ],
            [
              -69.18632,
              9.004491000000144
            ],
            [
              -69.186067,
              9.004101
            ],
            [
              -69.184256,
              8.999792000000184
            ],
            [
              -69.182593,
              8.996908000000133
            ],
            [
              -69.182964,
              8.996198000000163
            ],
            [
              -69.18324399999989,
              8.995326000000148
            ],
            [
              -69.182828,
              8.995095
            ],
            [
              -69.18169499999988,
              8.995092000000113
            ],
            [
              -69.180723,
              8.995593
            ],
            [
              -69.179703,
              8.996233
            ],
            [
              -69.178986,
              8.996322000000134
            ],
            [
              -69.178547,
              8.996206000000143
            ],
            [
              -69.17829299999988,
              8.995998000000156
            ],
            [
              -69.177576,
              8.996111
            ],
            [
              -69.177092,
              8.99555800000013
            ],
            [
              -69.17737099999988,
              8.994572000000119
            ],
            [
              -69.17737199999988,
              8.994159
            ],
            [
              -69.176217,
              8.993857000000105
            ],
            [
              -69.175685,
              8.994039
            ],
            [
              -69.17545599999988,
              8.992707000000166
            ],
            [
              -69.17562,
              8.991904000000147
            ],
            [
              -69.176132,
              8.990391
            ],
            [
              -69.175925,
              8.990092000000175
            ],
            [
              -69.175231,
              8.990113000000122
            ],
            [
              -69.174651,
              8.990891
            ],
            [
              -69.17374799999988,
              8.991622
            ],
            [
              -69.173264,
              8.990909
            ],
            [
              -69.171852,
              8.991501
            ],
            [
              -69.173099,
              8.992125000000158
            ],
            [
              -69.173352,
              8.99309
            ],
            [
              -69.172725,
              8.994029000000126
            ],
            [
              -69.17124599999988,
              8.99381700000015
            ],
            [
              -69.170807,
              8.993541
            ],
            [
              -69.170182,
              8.994021
            ],
            [
              -69.169396,
              8.994087
            ],
            [
              -69.16895699999986,
              8.993603
            ],
            [
              -69.168797,
              8.993121000000144
            ],
            [
              -69.168263,
              8.992854
            ],
            [
              -69.167573,
              8.992382
            ],
            [
              -69.16683199999989,
              8.992655000000127
            ],
            [
              -69.166254,
              8.99263000000019
            ],
            [
              -69.16526,
              8.992535000000146
            ],
            [
              -69.16486899999984,
              8.991914
            ],
            [
              -69.163507,
              8.990831000000185
            ],
            [
              -69.162537,
              8.990277
            ],
            [
              -69.162353,
              8.989771
            ],
            [
              -69.160942,
              8.990271
            ],
            [
              -69.16008599999986,
              8.990199000000132
            ],
            [
              -69.159393,
              8.99022
            ],
            [
              -69.158585,
              8.989689
            ],
            [
              -69.15803299999982,
              8.988333
            ],
            [
              -69.157825,
              8.987874000000147
            ],
            [
              -69.157942,
              8.987139
            ],
            [
              -69.157897,
              8.986795
            ],
            [
              -69.157044,
              8.985736000000145
            ],
            [
              -69.155704,
              8.984974
            ],
            [
              -69.155429,
              8.984147000000121
            ],
            [
              -69.154366,
              8.983708
            ],
            [
              -69.1539259999999,
              8.984119000000135
            ],
            [
              -69.15323,
              8.985241
            ],
            [
              -69.153112,
              8.986159000000157
            ],
            [
              -69.153156,
              8.98714600000011
            ],
            [
              -69.152485,
              8.987328
            ],
            [
              -69.15183899999988,
              8.986843
            ],
            [
              -69.151864,
              8.985856000000126
            ],
            [
              -69.15212,
              8.985054
            ],
            [
              -69.152284,
              8.984389
            ],
            [
              -69.1521,
              8.983998
            ],
            [
              -69.150526,
              8.984773
            ],
            [
              -69.150225,
              8.984887
            ],
            [
              -69.14951,
              8.984012000000178
            ],
            [
              -69.149119,
              8.9833220000001
            ],
            [
              -69.14805599999988,
              8.982997000000182
            ],
            [
              -69.147938,
              8.983754000000147
            ],
            [
              -69.147867,
              8.984764
            ],
            [
              -69.14747199999988,
              8.985360000000128
            ],
            [
              -69.14664,
              8.985403000000133
            ],
            [
              -69.14629399999984,
              8.985034000000155
            ],
            [
              -69.146436,
              8.98368
            ],
            [
              -69.146554,
              8.982464000000164
            ],
            [
              -69.146393,
              8.982005000000186
            ],
            [
              -69.146603,
              8.981478
            ],
            [
              -69.147205,
              8.98069900000013
            ],
            [
              -69.146142,
              8.98085600000013
            ],
            [
              -69.144986,
              8.980829
            ],
            [
              -69.14442899999989,
              8.981424
            ],
            [
              -69.144057,
              8.982433
            ],
            [
              -69.14292499999988,
              8.982039000000157
            ],
            [
              -69.142117,
              8.981416000000138
            ],
            [
              -69.14172699999989,
              8.980313
            ],
            [
              -69.14096299999989,
              8.98077000000012
            ],
            [
              -69.140246,
              8.980951
            ],
            [
              -69.139832,
              8.979733000000124
            ],
            [
              -69.139116,
              8.979317
            ],
            [
              -69.138813,
              8.980487
            ],
            [
              -69.137123,
              8.981675
            ],
            [
              -69.136964,
              8.980435000000114
            ],
            [
              -69.136501,
              8.980433000000119
            ],
            [
              -69.13601299999988,
              8.98178600000017
            ],
            [
              -69.134903,
              8.981093
            ],
            [
              -69.13430099999988,
              8.981504000000143
            ],
            [
              -69.133608,
              8.981571000000145
            ],
            [
              -69.1331909999999,
              8.981569
            ],
            [
              -69.132663,
              8.979961000000173
            ],
            [
              -69.132642,
              8.979020000000105
            ],
            [
              -69.132689,
              8.978928000000167
            ],
            [
              -69.133429,
              8.978701
            ],
            [
              -69.134261,
              8.979025
            ],
            [
              -69.135069,
              8.979487
            ],
            [
              -69.135304,
              8.978065000000129
            ],
            [
              -69.133941,
              8.977463
            ],
            [
              -69.133363,
              8.977278
            ],
            [
              -69.132832,
              8.977230000000134
            ],
            [
              -69.131699,
              8.977249000000143
            ],
            [
              -69.13151599999986,
              8.976239
            ],
            [
              -69.13167899999985,
              8.975849
            ],
            [
              -69.13212,
              8.975024
            ],
            [
              -69.13226,
              8.974267000000111
            ],
            [
              -69.130457,
              8.9741
            ],
            [
              -69.129787,
              8.974144
            ],
            [
              -69.129742,
              8.973409
            ],
            [
              -69.130138,
              8.972263
            ],
            [
              -69.130371,
              8.971621
            ],
            [
              -69.13034699999986,
              8.971667000000139
            ],
            [
              -69.12900899999988,
              8.970446
            ],
            [
              -69.128409,
              8.970008000000178
            ],
            [
              -69.128087,
              8.969226000000106
            ],
            [
              -69.128135,
              8.96849200000014
            ],
            [
              -69.128206,
              8.967873000000111
            ],
            [
              -69.128069,
              8.96709200000015
            ],
            [
              -69.1267739999999,
              8.967477
            ],
            [
              -69.126588,
              8.967706000000135
            ],
            [
              -69.125734,
              8.967313000000104
            ],
            [
              -69.125526,
              8.967312
            ],
            [
              -69.12506499999989,
              8.966691
            ],
            [
              -69.124465,
              8.966253000000165
            ],
            [
              -69.123955,
              8.966503
            ],
            [
              -69.123238,
              8.966639000000157
            ],
            [
              -69.122777,
              8.966178000000184
            ],
            [
              -69.123334,
              8.965285
            ],
            [
              -69.122618,
              8.965007000000128
            ],
            [
              -69.122178,
              8.965281
            ],
            [
              -69.12169099999988,
              8.965991
            ],
            [
              -69.121758,
              8.966817000000106
            ],
            [
              -69.12173299999989,
              8.967506000000128
            ],
            [
              -69.1217319999999,
              8.96824
            ],
            [
              -69.120919,
              8.96954600000015
            ],
            [
              -69.12043699999987,
              8.968121
            ],
            [
              -69.12074,
              8.967112
            ],
            [
              -69.120602,
              8.966836000000114
            ],
            [
              -69.119516,
              8.966649
            ],
            [
              -69.118704,
              8.967702000000145
            ],
            [
              -69.118332,
              8.968527
            ],
            [
              -69.117408,
              8.96845500000012
            ],
            [
              -69.11722499999985,
              8.967765
            ],
            [
              -69.117712,
              8.966918000000135
            ],
            [
              -69.11835999999988,
              8.966484
            ],
            [
              -69.1188,
              8.966256
            ],
            [
              -69.119402,
              8.965868000000114
            ],
            [
              -69.119796,
              8.96543300000019
            ],
            [
              -69.120538,
              8.964403
            ],
            [
              -69.11984599999988,
              8.963896
            ],
            [
              -69.11894399999989,
              8.963984
            ],
            [
              -69.118158,
              8.964211000000148
            ],
            [
              -69.1179049999999,
              8.963361
            ],
            [
              -69.11867,
              8.962698
            ],
            [
              -69.118972,
              8.96221700000018
            ],
            [
              -69.119181,
              8.961759000000143
            ],
            [
              -69.11952799999989,
              8.961462
            ],
            [
              -69.120129,
              8.961464
            ],
            [
              -69.120338,
              8.961051000000168
            ],
            [
              -69.120131,
              8.960523
            ],
            [
              -69.120041,
              8.959880000000112
            ],
            [
              -69.120873,
              8.959974
            ],
            [
              -69.121518,
              8.960780000000113
            ],
            [
              -69.122489,
              8.960967000000153
            ],
            [
              -69.1226539999999,
              8.959521
            ],
            [
              -69.12254,
              8.958855
            ],
            [
              -69.122496,
              8.957777
            ],
            [
              -69.122035,
              8.957293000000107
            ],
            [
              -69.121991,
              8.956397
            ],
            [
              -69.122385,
              8.95603100000011
            ],
            [
              -69.12262,
              8.954195
            ],
            [
              -69.123545,
              8.954061
            ],
            [
              -69.124423,
              8.954546000000164
            ],
            [
              -69.125301,
              8.95448
            ],
            [
              -69.124821,
              8.952436
            ],
            [
              -69.123295,
              8.952201000000116
            ],
            [
              -69.121999,
              8.952678000000162
            ],
            [
              -69.120587,
              8.953454
            ],
            [
              -69.11941,
              8.952922000000115
            ],
            [
              -69.118531,
              8.952919
            ],
            [
              -69.117951,
              8.953605
            ],
            [
              -69.116956,
              8.954359000000181
            ],
            [
              -69.1153149999999,
              8.954055
            ],
            [
              -69.114622,
              8.953158
            ],
            [
              -69.11464699999988,
              8.9524
            ],
            [
              -69.1144359999999,
              8.951828
            ],
            [
              -69.114361,
              8.95178
            ],
            [
              -69.114418,
              8.95178
            ],
            [
              -69.114582,
              8.95067900000015
            ],
            [
              -69.113658,
              8.950400000000172
            ],
            [
              -69.113174,
              8.949893000000145
            ],
            [
              -69.113662,
              8.948747
            ],
            [
              -69.114541,
              8.948521
            ],
            [
              -69.115099,
              8.947352
            ],
            [
              -69.115145,
              8.947054
            ],
            [
              -69.11538,
              8.945839
            ],
            [
              -69.11556699999988,
              8.944921000000136
            ],
            [
              -69.114714,
              8.943977000000189
            ],
            [
              -69.113835,
              8.943951
            ],
            [
              -69.112376,
              8.945025
            ],
            [
              -69.111796,
              8.946033000000114
            ],
            [
              -69.111124,
              8.946535
            ],
            [
              -69.110386,
              8.945706
            ],
            [
              -69.110109,
              8.945545
            ],
            [
              -69.109461,
              8.945864
            ],
            [
              -69.107285,
              8.94721
            ],
            [
              -69.10689399999984,
              8.94642800000014
            ],
            [
              -69.10710299999988,
              8.945993
            ],
            [
              -69.107867,
              8.945261
            ],
            [
              -69.108702,
              8.944185000000175
            ],
            [
              -69.107989,
              8.942622
            ],
            [
              -69.10710999999986,
              8.943032000000187
            ],
            [
              -69.106091,
              8.943809000000158
            ],
            [
              -69.10523299999988,
              8.944931
            ],
            [
              -69.104422,
              8.945456
            ],
            [
              -69.103428,
              8.945406000000105
            ],
            [
              -69.102757,
              8.945978
            ],
            [
              -69.1025,
              8.946734
            ],
            [
              -69.101413,
              8.947052
            ],
            [
              -69.10132,
              8.947419
            ],
            [
              -69.101481,
              8.947809000000177
            ],
            [
              -69.101802,
              8.948866
            ],
            [
              -69.101246,
              8.949438000000157
            ],
            [
              -69.100648,
              8.947806000000128
            ],
            [
              -69.10081399999984,
              8.946154
            ],
            [
              -69.101209,
              8.945444
            ],
            [
              -69.10142,
              8.944389000000172
            ],
            [
              -69.10169899999988,
              8.943541
            ],
            [
              -69.1022799999999,
              8.942189
            ],
            [
              -69.10322999999988,
              8.94132
            ],
            [
              -69.103647,
              8.940977000000146
            ],
            [
              -69.102467,
              8.941294
            ],
            [
              -69.100594,
              8.94147100000015
            ],
            [
              -69.100062,
              8.941492
            ],
            [
              -69.099323,
              8.94146700000016
            ],
            [
              -69.098306,
              8.941280000000177
            ],
            [
              -69.097543,
              8.941162000000134
            ],
            [
              -69.094679,
              8.940395000000137
            ],
            [
              -69.09215799999987,
              8.940110000000175
            ],
            [
              -69.091165,
              8.939785
            ],
            [
              -69.09044999999986,
              8.93900200000013
            ],
            [
              -69.09028399999988,
              8.93755300000015
            ],
            [
              -69.09015199999988,
              8.937501000000111
            ],
            [
              -69.090266,
              8.937375
            ],
            [
              -69.090225,
              8.93682100000018
            ],
            [
              -69.090226,
              8.936178
            ],
            [
              -69.09048399999983,
              8.934756
            ],
            [
              -69.090694,
              8.933977
            ],
            [
              -69.09131899999988,
              8.933405000000164
            ],
            [
              -69.092178,
              8.932169
            ],
            [
              -69.09215799999987,
              8.930814000000169
            ],
            [
              -69.091189,
              8.929916000000105
            ],
            [
              -69.08920199999989,
              8.929679
            ],
            [
              -69.088159,
              8.930685000000153
            ],
            [
              -69.08702199999982,
              8.932449
            ],
            [
              -69.08616199999989,
              8.934213
            ],
            [
              -69.085305,
              8.934807000000148
            ],
            [
              -69.084311,
              8.934803000000159
            ],
            [
              -69.083133,
              8.934523
            ],
            [
              -69.082603,
              8.933994
            ],
            [
              -69.0815869999999,
              8.933187
            ],
            [
              -69.080408,
              8.933481
            ],
            [
              -69.07925199999988,
              8.933477
            ],
            [
              -69.078608,
              8.931982000000176
            ],
            [
              -69.07749999999987,
              8.931267000000162
            ],
            [
              -69.075882,
              8.931215000000122
            ],
            [
              -69.0754649999999,
              8.931673
            ],
            [
              -69.07486199999983,
              8.932474
            ],
            [
              -69.075205,
              8.934151
            ],
            [
              -69.076404,
              8.935211
            ],
            [
              -69.077836,
              8.935790000000111
            ],
            [
              -69.078715,
              8.935655000000168
            ],
            [
              -69.079571,
              8.935383
            ],
            [
              -69.080218,
              8.935293
            ],
            [
              -69.081396,
              8.935665
            ],
            [
              -69.081718,
              8.936332
            ],
            [
              -69.080999,
              8.937270000000183
            ],
            [
              -69.079728,
              8.937311
            ],
            [
              -69.077528,
              8.938887
            ],
            [
              -69.0761629999999,
              8.939043
            ],
            [
              -69.07503,
              8.939176000000145
            ],
            [
              -69.074059,
              8.93921900000015
            ],
            [
              -69.073686,
              8.94048
            ],
            [
              -69.07365999999985,
              8.941765000000146
            ],
            [
              -69.0731239999999,
              8.94337
            ],
            [
              -69.071598,
              8.943640000000187
            ],
            [
              -69.071483,
              8.943180000000154
            ],
            [
              -69.07058499999988,
              8.941915000000108
            ],
            [
              -69.07033399999989,
              8.940399
            ],
            [
              -69.070176,
              8.938883
            ],
            [
              -69.07013099999989,
              8.938424000000111
            ],
            [
              -69.06893,
              8.937708
            ],
            [
              -69.068167,
              8.937476000000174
            ],
            [
              -69.067175,
              8.936715000000106
            ],
            [
              -69.066692,
              8.935795
            ],
            [
              -69.066902,
              8.934878
            ],
            [
              -69.065239,
              8.934551000000113
            ],
            [
              -69.064774,
              8.935467
            ],
            [
              -69.061728,
              8.933206
            ],
            [
              -69.062655,
              8.932292
            ],
            [
              -69.0625419999999,
              8.93132700000018
            ],
            [
              -69.062404,
              8.93096
            ],
            [
              -69.06041799999986,
              8.930379
            ],
            [
              -69.0598839999999,
              8.931111
            ],
            [
              -69.058199,
              8.930072
            ],
            [
              -69.056885,
              8.928736000000185
            ],
            [
              -69.05621099999985,
              8.92995
            ],
            [
              -69.055376,
              8.931393000000128
            ],
            [
              -69.054681,
              8.931735000000174
            ],
            [
              -69.051354,
              8.930873
            ],
            [
              -69.051606,
              8.932091000000128
            ],
            [
              -69.052899,
              8.932531
            ],
            [
              -69.054701,
              8.932951
            ],
            [
              -69.05680399999989,
              8.933441
            ],
            [
              -69.057774,
              8.933835
            ],
            [
              -69.058329,
              8.933561
            ],
            [
              -69.059227,
              8.935125
            ],
            [
              -69.05929299999985,
              8.936181000000147
            ],
            [
              -69.058757,
              8.938039
            ],
            [
              -69.057156,
              8.940328
            ],
            [
              -69.05609099999987,
              8.94115
            ],
            [
              -69.05458699999986,
              8.941696
            ],
            [
              -69.05342699999989,
              8.94309200000015
            ],
            [
              -69.051019,
              8.944461000000103
            ],
            [
              -69.051362,
              8.945885000000146
            ],
            [
              -69.051729,
              8.947172
            ],
            [
              -69.050059,
              8.949323
            ],
            [
              -69.048071,
              8.949408000000119
            ],
            [
              -69.046385,
              8.948667000000114
            ],
            [
              -69.044977,
              8.947583000000122
            ],
            [
              -69.043015,
              8.946267000000148
            ],
            [
              -69.041215,
              8.945090000000107
            ],
            [
              -69.04041,
              8.943297
            ],
            [
              -69.039329,
              8.941227
            ],
            [
              -69.036192,
              8.938530000000185
            ],
            [
              -69.034945,
              8.937813000000176
            ],
            [
              -69.031295,
              8.93695
            ],
            [
              -69.030694,
              8.936995
            ],
            [
              -69.02921,
              8.938527
            ],
            [
              -69.0271489999999,
              8.939897000000144
            ],
            [
              -69.025319,
              8.94145
            ],
            [
              -69.024089,
              8.943282
            ],
            [
              -69.023246,
              8.943626000000108
            ],
            [
              -69.023332,
              8.943874
            ],
            [
              -69.023173,
              8.943881
            ],
            [
              -69.023555,
              8.944513000000143
            ],
            [
              -69.023806,
              8.945235
            ],
            [
              -69.023827,
              8.945707
            ],
            [
              -69.021508,
              8.945309
            ],
            [
              -69.02038,
              8.945671
            ],
            [
              -69.019738,
              8.947403000000179
            ],
            [
              -69.0201909999999,
              8.948245
            ],
            [
              -69.02094199999988,
              8.9488300000001
            ],
            [
              -69.020784,
              8.950485
            ],
            [
              -69.021088,
              8.95211
            ],
            [
              -69.022483,
              8.951169
            ],
            [
              -69.023829,
              8.950068
            ],
            [
              -69.0249409999999,
              8.950188
            ],
            [
              -69.024489,
              8.950815
            ],
            [
              -69.02344099999988,
              8.951796
            ],
            [
              -69.023131,
              8.952628000000118
            ],
            [
              -69.023466,
              8.953265
            ],
            [
              -69.024189,
              8.95226600000018
            ],
            [
              -69.024644,
              8.951823000000104
            ],
            [
              -69.024822,
              8.95283000000012
            ],
            [
              -69.025197,
              8.953076
            ],
            [
              -69.025612,
              8.953024
            ],
            [
              -69.025618,
              8.951968
            ],
            [
              -69.026282,
              8.951612
            ],
            [
              -69.026335,
              8.951979
            ],
            [
              -69.026425,
              8.953240000000108
            ],
            [
              -69.027487,
              8.9532
            ],
            [
              -69.027933,
              8.953583
            ],
            [
              -69.0272,
              8.954008
            ],
            [
              -69.02693099999988,
              8.954517
            ],
            [
              -69.02742499999982,
              8.955037000000118
            ],
            [
              -69.028853,
              8.954693
            ],
            [
              -69.030419,
              8.954323
            ],
            [
              -69.03122899999988,
              8.954378000000133
            ],
            [
              -69.0316509999999,
              8.954739000000131
            ],
            [
              -69.03050899999988,
              8.955538
            ],
            [
              -69.030178,
              8.95653
            ],
            [
              -69.02858,
              8.95775
            ],
            [
              -69.02785499999987,
              8.960103
            ],
            [
              -69.027706,
              8.960886000000187
            ],
            [
              -69.028676,
              8.960778000000118
            ],
            [
              -69.029237,
              8.96116000000012
            ],
            [
              -69.0282289999999,
              8.961727000000167
            ],
            [
              -69.027705,
              8.96221700000018
            ],
            [
              -69.029126,
              8.96286
            ],
            [
              -69.03051099999988,
              8.9627
            ],
            [
              -69.031147,
              8.962024
            ],
            [
              -69.0323039999999,
              8.962074
            ],
            [
              -69.032184,
              8.963224
            ],
            [
              -69.032158,
              8.964418
            ],
            [
              -69.03255199999984,
              8.964526
            ],
            [
              -69.032863,
              8.963718
            ],
            [
              -69.03318399999989,
              8.963552000000163
            ],
            [
              -69.033588,
              8.964211000000148
            ],
            [
              -69.033984,
              8.964434
            ],
            [
              -69.034327,
              8.964199
            ],
            [
              -69.035294,
              8.963907
            ],
            [
              -69.035834,
              8.964404000000116
            ],
            [
              -69.035128,
              8.965058
            ],
            [
              -69.033987,
              8.965972
            ],
            [
              -69.034057,
              8.967440000000124
            ],
            [
              -69.034623,
              8.968119
            ],
            [
              -69.035603,
              8.968677000000184
            ],
            [
              -69.03542799999985,
              8.967877
            ],
            [
              -69.035184,
              8.967077000000131
            ],
            [
              -69.035737,
              8.96693
            ],
            [
              -69.036607,
              8.967811
            ],
            [
              -69.037026,
              8.96801100000016
            ],
            [
              -69.037354,
              8.969705000000147
            ],
            [
              -69.03747199999987,
              8.971218
            ],
            [
              -69.038101,
              8.971506000000147
            ],
            [
              -69.040244,
              8.971035
            ],
            [
              -69.041743,
              8.970758
            ],
            [
              -69.044097,
              8.97049
            ],
            [
              -69.04557,
              8.970099
            ],
            [
              -69.04752,
              8.970526
            ],
            [
              -69.049051,
              8.970845000000168
            ],
            [
              -69.05074999999988,
              8.971506000000147
            ],
            [
              -69.051739,
              8.972638000000188
            ],
            [
              -69.05200199999985,
              8.974516000000108
            ],
            [
              -69.05279299999984,
              8.974847000000182
            ],
            [
              -69.053483,
              8.974583000000166
            ],
            [
              -69.054948,
              8.97511
            ],
            [
              -69.056301,
              8.974446
            ],
            [
              -69.057734,
              8.974399
            ],
            [
              -69.0587139999999,
              8.974911000000134
            ],
            [
              -69.059973,
              8.975556
            ],
            [
              -69.0609209999999,
              8.975541
            ],
            [
              -69.062478,
              8.974643000000185
            ],
            [
              -69.06382799999983,
              8.973749000000112
            ],
            [
              -69.065008,
              8.973821
            ],
            [
              -69.066862,
              8.975398
            ],
            [
              -69.0690039999999,
              8.976327
            ],
            [
              -69.069895,
              8.977024
            ],
            [
              -69.070275,
              8.979037000000119
            ],
            [
              -69.0715019999999,
              8.980555
            ],
            [
              -69.073186,
              8.981676000000164
            ],
            [
              -69.074284,
              8.982346000000177
            ],
            [
              -69.07499299999989,
              8.9833220000001
            ],
            [
              -69.075122,
              8.985477
            ],
            [
              -69.0767929999999,
              8.987263
            ],
            [
              -69.077598,
              8.988421
            ],
            [
              -69.07715499999983,
              8.989599
            ],
            [
              -69.077401,
              8.991868000000181
            ],
            [
              -69.07715,
              8.993479
            ],
            [
              -69.076825,
              8.994747000000189
            ],
            [
              -69.07646099999988,
              8.996058000000119
            ],
            [
              -69.075986,
              8.9966
            ],
            [
              -69.075985,
              8.997289
            ],
            [
              -69.077023,
              8.998714000000177
            ],
            [
              -69.077438,
              8.999334
            ],
            [
              -69.077552,
              9.000229000000104
            ],
            [
              -69.077574,
              9.00126200000011
            ],
            [
              -69.078149,
              9.003192000000126
            ],
            [
              -69.078055,
              9.00388
            ],
            [
              -69.07884,
              9.004570000000115
            ],
            [
              -69.079301,
              9.005603000000121
            ],
            [
              -69.07927599999982,
              9.006545
            ],
            [
              -69.08012799999989,
              9.008405000000153
            ],
            [
              -69.080566,
              9.00914
            ],
            [
              -69.080612,
              9.009852000000137
            ],
            [
              -69.080726,
              9.010564000000102
            ],
            [
              -69.081186,
              9.01185
            ],
            [
              -69.081461,
              9.013343000000134
            ],
            [
              -69.08219899999989,
              9.014514
            ],
            [
              -69.08302899999984,
              9.015663
            ],
            [
              -69.083746,
              9.016238
            ],
            [
              -69.085385,
              9.017456
            ],
            [
              -69.086262,
              9.018169000000114
            ],
            [
              -69.086515,
              9.019019000000128
            ],
            [
              -69.085798,
              9.019546
            ],
            [
              -69.084895,
              9.020463
            ],
            [
              -69.085218,
              9.020900000000154
            ],
            [
              -69.086603,
              9.021751
            ],
            [
              -69.087527,
              9.02202700000015
            ],
            [
              -69.08792,
              9.022303
            ],
            [
              -69.08852,
              9.022465000000125
            ],
            [
              -69.089259,
              9.023085
            ],
            [
              -69.089997,
              9.02405
            ],
            [
              -69.090897,
              9.024901
            ],
            [
              -69.09122,
              9.025521
            ],
            [
              -69.09149599999989,
              9.026463
            ],
            [
              -69.091309,
              9.028207
            ],
            [
              -69.09144499999985,
              9.029470000000117
            ],
            [
              -69.091305,
              9.030526
            ],
            [
              -69.091396,
              9.031812
            ],
            [
              -69.091602,
              9.032891000000177
            ],
            [
              -69.092271,
              9.033603000000141
            ],
            [
              -69.092478,
              9.034269000000165
            ],
            [
              -69.09287099999989,
              9.034683000000143
            ],
            [
              -69.093239,
              9.036038000000133
            ],
            [
              -69.093006,
              9.03737
            ],
            [
              -69.09318899999982,
              9.038449000000185
            ],
            [
              -69.093142,
              9.038977000000159
            ],
            [
              -69.0922379999999,
              9.040606
            ],
            [
              -69.09186699999987,
              9.041593
            ],
            [
              -69.091519,
              9.042672000000152
            ],
            [
              -69.0915389999999,
              9.044692000000168
            ],
            [
              -69.091722,
              9.046207
            ],
            [
              -69.090288,
              9.04717
            ],
            [
              -69.08998599999984,
              9.048295
            ],
            [
              -69.089615,
              9.04873
            ],
            [
              -69.08929099999989,
              9.049212
            ],
            [
              -69.090007,
              9.049328
            ],
            [
              -69.091393,
              9.049743
            ],
            [
              -69.091461,
              9.051166
            ],
            [
              -69.09115899999989,
              9.052038
            ],
            [
              -69.091088,
              9.053209000000152
            ],
            [
              -69.09131699999983,
              9.054609
            ],
            [
              -69.090668,
              9.055917
            ],
            [
              -69.08969599999989,
              9.057133000000135
            ],
            [
              -69.089346,
              9.059222000000148
            ],
            [
              -69.08923,
              9.05952
            ],
            [
              -69.088765,
              9.061655
            ],
            [
              -69.088879,
              9.062298
            ],
            [
              -69.08924599999989,
              9.064502000000175
            ],
            [
              -69.089821,
              9.06647700000019
            ],
            [
              -69.089101,
              9.068818
            ],
            [
              -69.086624,
              9.071294000000137
            ],
            [
              -69.085974,
              9.07359
            ],
            [
              -69.08469899999989,
              9.076481000000115
            ],
            [
              -69.081923,
              9.077627
            ],
            [
              -69.080398,
              9.077510000000188
            ],
            [
              -69.07887299999987,
              9.077371
            ],
            [
              -69.077925,
              9.077691
            ],
            [
              -69.07524399999988,
              9.076861000000122
            ],
            [
              -69.07557,
              9.075231
            ],
            [
              -69.07393,
              9.074793
            ],
            [
              -69.07258699999988,
              9.075940000000116
            ],
            [
              -69.07186999999988,
              9.076789
            ],
            [
              -69.071244,
              9.077982000000134
            ],
            [
              -69.070319,
              9.078256
            ],
            [
              -69.070018,
              9.07850800000017
            ],
            [
              -69.069509,
              9.078875000000153
            ],
            [
              -69.068815,
              9.079219
            ],
            [
              -69.069555,
              9.07915800000012
            ],
            [
              -69.068882,
              9.079415
            ],
            [
              -69.06999399999984,
              9.07942700000018
            ],
            [
              -69.070108,
              9.080414000000133
            ],
            [
              -69.070476,
              9.08147
            ],
            [
              -69.07103,
              9.081655000000126
            ],
            [
              -69.071607,
              9.082206
            ],
            [
              -69.072182,
              9.084089
            ],
            [
              -69.072412,
              9.085031
            ],
            [
              -69.072619,
              9.085835000000145
            ],
            [
              -69.072848,
              9.087098
            ],
            [
              -69.07404799999989,
              9.088477
            ],
            [
              -69.075479,
              9.090843
            ],
            [
              -69.07596199999989,
              9.091853000000128
            ],
            [
              -69.0767929999999,
              9.092635
            ],
            [
              -69.077416,
              9.093462
            ],
            [
              -69.078201,
              9.094106
            ],
            [
              -69.079402,
              9.094819
            ],
            [
              -69.080996,
              9.095349
            ],
            [
              -69.081896,
              9.096245
            ],
            [
              -69.082936,
              9.096614
            ],
            [
              -69.083259,
              9.097004
            ],
            [
              -69.084506,
              9.097557000000108
            ],
            [
              -69.08510799999982,
              9.097259000000122
            ],
            [
              -69.085271,
              9.09641
            ],
            [
              -69.086288,
              9.096457
            ],
            [
              -69.087397,
              9.096733000000143
            ],
            [
              -69.087905,
              9.097009
            ],
            [
              -69.089036,
              9.097883
            ],
            [
              -69.089821,
              9.098687
            ],
            [
              -69.091184,
              9.099079
            ],
            [
              -69.09264,
              9.099333000000172
            ],
            [
              -69.093123,
              9.101124
            ],
            [
              -69.0936999999999,
              9.101309
            ],
            [
              -69.094208,
              9.101654000000167
            ],
            [
              -69.094277,
              9.102343000000133
            ],
            [
              -69.09406699999988,
              9.103766000000121
            ],
            [
              -69.094343,
              9.10456900000014
            ],
            [
              -69.09462,
              9.105029000000172
            ],
            [
              -69.095728,
              9.105925
            ],
            [
              -69.096143,
              9.10698200000013
            ],
            [
              -69.096975,
              9.107511
            ],
            [
              -69.09746,
              9.107948000000135
            ],
            [
              -69.0984059999999,
              9.108936000000142
            ],
            [
              -69.09872899999988,
              9.10953300000017
            ],
            [
              -69.098959,
              9.11031400000013
            ],
            [
              -69.099073,
              9.11111700000015
            ],
            [
              -69.099026,
              9.11199
            ],
            [
              -69.098354,
              9.112839000000122
            ],
            [
              -69.09802899999988,
              9.11382500000019
            ],
            [
              -69.097404,
              9.114743
            ],
            [
              -69.097264,
              9.115799
            ],
            [
              -69.096731,
              9.116694
            ],
            [
              -69.096198,
              9.117588000000126
            ],
            [
              -69.09568799999983,
              9.11862100000019
            ],
            [
              -69.095039,
              9.119699
            ],
            [
              -69.094554,
              9.119722000000138
            ],
            [
              -69.09415899999988,
              9.120134000000121
            ],
            [
              -69.093764,
              9.121374
            ],
            [
              -69.093625,
              9.121649
            ],
            [
              -69.0931619999999,
              9.122154
            ],
            [
              -69.09269999999987,
              9.12236
            ],
            [
              -69.092168,
              9.122636
            ],
            [
              -69.091473,
              9.123438000000135
            ],
            [
              -69.0914949999999,
              9.124196000000154
            ],
            [
              -69.091492,
              9.125941
            ],
            [
              -69.091515,
              9.126446000000158
            ],
            [
              -69.091513,
              9.127961
            ],
            [
              -69.091673,
              9.128765000000158
            ],
            [
              -69.092019,
              9.12975200000011
            ],
            [
              -69.092664,
              9.131176000000153
            ],
            [
              -69.09287199999989,
              9.131521000000134
            ],
            [
              -69.093333,
              9.133083
            ],
            [
              -69.092753,
              9.134069
            ],
            [
              -69.093261,
              9.134827
            ],
            [
              -69.093631,
              9.134874
            ],
            [
              -69.093675,
              9.135907
            ],
            [
              -69.093813,
              9.136756
            ],
            [
              -69.09439,
              9.137583
            ],
            [
              -69.094805,
              9.138135
            ],
            [
              -69.094434,
              9.139076000000102
            ],
            [
              -69.09473399999985,
              9.139168
            ],
            [
              -69.095218,
              9.140431000000149
            ],
            [
              -69.095171,
              9.140569
            ],
            [
              -69.09554,
              9.14121200000011
            ],
            [
              -69.095655,
              9.142107
            ],
            [
              -69.09581599999984,
              9.142475000000161
            ],
            [
              -69.09595399999989,
              9.142842000000144
            ],
            [
              -69.09616099999988,
              9.143899
            ],
            [
              -69.096344,
              9.144679
            ],
            [
              -69.096043,
              9.14555200000018
            ],
            [
              -69.09553299999988,
              9.146148
            ],
            [
              -69.095579,
              9.146768
            ],
            [
              -69.095647,
              9.147296
            ],
            [
              -69.095646,
              9.1483980000001
            ],
            [
              -69.096339,
              9.148376
            ],
            [
              -69.0970319999999,
              9.148835
            ],
            [
              -69.095898,
              9.149890000000141
            ],
            [
              -69.0962439999999,
              9.150488
            ],
            [
              -69.097121,
              9.151246
            ],
            [
              -69.097999,
              9.151431
            ],
            [
              -69.098738,
              9.151960000000145
            ],
            [
              -69.099084,
              9.152465000000177
            ],
            [
              -69.100563,
              9.153155
            ],
            [
              -69.100515,
              9.154372
            ],
            [
              -69.10035099999982,
              9.155818000000124
            ],
            [
              -69.100743,
              9.156507000000147
            ],
            [
              -69.101668,
              9.156646
            ],
            [
              -69.1017829999999,
              9.157105
            ],
            [
              -69.10215199999988,
              9.157611
            ],
            [
              -69.102289,
              9.158529000000101
            ],
            [
              -69.101433,
              9.159424
            ],
            [
              -69.10053099999988,
              9.159537
            ],
            [
              -69.099906,
              9.160019
            ],
            [
              -69.099997,
              9.160754000000168
            ],
            [
              -69.101014,
              9.161374000000137
            ],
            [
              -69.101568,
              9.161811
            ],
            [
              -69.10147499999982,
              9.162523
            ],
            [
              -69.1012879999999,
              9.16376200000019
            ],
            [
              -69.101216,
              9.165186
            ],
            [
              -69.101422,
              9.16677
            ],
            [
              -69.101837,
              9.167667000000165
            ],
            [
              -69.102669,
              9.16831
            ],
            [
              -69.102968,
              9.169091
            ],
            [
              -69.103059,
              9.170331000000147
            ],
            [
              -69.103798,
              9.170906000000116
            ],
            [
              -69.103796,
              9.172352
            ],
            [
              -69.103102,
              9.172811
            ],
            [
              -69.101668,
              9.172832000000142
            ],
            [
              -69.101714,
              9.173406
            ],
            [
              -69.10194399999989,
              9.173934
            ],
            [
              -69.101526,
              9.175587000000178
            ],
            [
              -69.101432,
              9.17639
            ],
            [
              -69.101662,
              9.177469
            ],
            [
              -69.10214599999983,
              9.17825
            ],
            [
              -69.10263,
              9.179674
            ],
            [
              -69.102605,
              9.180662000000154
            ],
            [
              -69.10248899999988,
              9.181052
            ],
            [
              -69.10248699999988,
              9.182705
            ],
            [
              -69.103456,
              9.183853
            ],
            [
              -69.104102,
              9.184887000000117
            ],
            [
              -69.104217,
              9.185599
            ],
            [
              -69.1034059999999,
              9.186539
            ],
            [
              -69.10382099999987,
              9.18778
            ],
            [
              -69.103588,
              9.188858
            ],
            [
              -69.102478,
              9.189247000000137
            ],
            [
              -69.101875,
              9.190165
            ],
            [
              -69.101736,
              9.190486000000135
            ],
            [
              -69.101688,
              9.192070000000115
            ],
            [
              -69.101802,
              9.192943
            ],
            [
              -69.102564,
              9.193472
            ],
            [
              -69.103374,
              9.193289
            ],
            [
              -69.104598,
              9.194208
            ],
            [
              -69.104666,
              9.194668
            ],
            [
              -69.104619,
              9.195747
            ],
            [
              -69.104016,
              9.196756
            ],
            [
              -69.103714,
              9.198202000000151
            ],
            [
              -69.103551,
              9.198753
            ],
            [
              -69.10311,
              9.200061000000119
            ],
            [
              -69.103757,
              9.200245
            ],
            [
              -69.103802,
              9.201347000000112
            ],
            [
              -69.104008,
              9.202518
            ],
            [
              -69.104724,
              9.2033
            ],
            [
              -69.10493899999989,
              9.204431
            ],
            [
              -69.104999,
              9.20474600000017
            ],
            [
              -69.10448999999988,
              9.20532
            ],
            [
              -69.104048,
              9.207317
            ],
            [
              -69.104047,
              9.208212
            ],
            [
              -69.10379,
              9.209704
            ],
            [
              -69.10385799999989,
              9.210440000000176
            ],
            [
              -69.105036,
              9.211313000000132
            ],
            [
              -69.10561399999989,
              9.211681
            ],
            [
              -69.106678,
              9.212325
            ],
            [
              -69.106677,
              9.212738
            ],
            [
              -69.10686099999987,
              9.213198000000148
            ],
            [
              -69.107462,
              9.213864000000171
            ],
            [
              -69.10746,
              9.214897000000178
            ],
            [
              -69.106973,
              9.21606700000018
            ],
            [
              -69.107296,
              9.216711
            ],
            [
              -69.107457,
              9.217193
            ],
            [
              -69.107062,
              9.21857000000017
            ],
            [
              -69.10618199999982,
              9.219327
            ],
            [
              -69.105881,
              9.21987700000011
            ],
            [
              -69.10588,
              9.220864
            ],
            [
              -69.10694299999989,
              9.221233
            ],
            [
              -69.107427,
              9.222014
            ],
            [
              -69.10698699999989,
              9.223046000000124
            ],
            [
              -69.106824,
              9.223414
            ],
            [
              -69.10673,
              9.22453800000011
            ],
            [
              -69.107123,
              9.22502100000014
            ],
            [
              -69.10760699999986,
              9.225963
            ],
            [
              -69.10811399999989,
              9.226836
            ],
            [
              -69.10885299999984,
              9.227456000000132
            ],
            [
              -69.109662,
              9.22771
            ],
            [
              -69.1106549999999,
              9.22874400000012
            ],
            [
              -69.111257,
              9.22979
            ],
            [
              -69.112386,
              9.231248
            ],
            [
              -69.112755,
              9.23157
            ],
            [
              -69.113285,
              9.23322300000018
            ],
            [
              -69.113908,
              9.234165000000132
            ],
            [
              -69.11587,
              9.236578000000122
            ],
            [
              -69.116909,
              9.237681000000123
            ],
            [
              -69.117695,
              9.237865
            ],
            [
              -69.118318,
              9.238646000000188
            ],
            [
              -69.118687,
              9.239473
            ],
            [
              -69.11905599999989,
              9.240277000000106
            ],
            [
              -69.12085899999988,
              9.240968000000123
            ],
            [
              -69.121781,
              9.243218000000127
            ],
            [
              -69.12282,
              9.24445900000012
            ],
            [
              -69.12312,
              9.244827
            ],
            [
              -69.124089,
              9.246021
            ],
            [
              -69.1243889999999,
              9.246550000000127
            ],
            [
              -69.124574,
              9.246894000000168
            ],
            [
              -69.124827,
              9.248111000000108
            ],
            [
              -69.124988,
              9.248502000000144
            ],
            [
              -69.126677,
              9.248274
            ],
            [
              -69.127208,
              9.249239
            ],
            [
              -69.127808,
              9.250341
            ],
            [
              -69.128362,
              9.250640000000146
            ],
            [
              -69.12924,
              9.250985
            ],
            [
              -69.129493,
              9.252592000000163
            ],
            [
              -69.13014,
              9.252685
            ],
            [
              -69.131134,
              9.252525000000105
            ],
            [
              -69.132152,
              9.252411000000109
            ],
            [
              -69.133377,
              9.252964
            ],
            [
              -69.133445,
              9.254203
            ],
            [
              -69.133837,
              9.254479000000174
            ],
            [
              -69.13335099999989,
              9.25542
            ],
            [
              -69.133142,
              9.255971000000159
            ],
            [
              -69.13267799999988,
              9.256935000000169
            ],
            [
              -69.132653,
              9.258082
            ],
            [
              -69.13249,
              9.259138000000178
            ],
            [
              -69.132488,
              9.260953
            ],
            [
              -69.13251,
              9.261573
            ],
            [
              -69.132231,
              9.262537
            ],
            [
              -69.131796,
              9.263187000000187
            ],
            [
              -69.131281,
              9.263982
            ],
            [
              -69.13088799999986,
              9.264418
            ],
            [
              -69.131026,
              9.264831000000129
            ],
            [
              -69.13063199999988,
              9.265336000000161
            ],
            [
              -69.130238,
              9.265841
            ],
            [
              -69.129544,
              9.26618400000018
            ],
            [
              -69.129473,
              9.267355
            ],
            [
              -69.12947,
              9.26946700000019
            ],
            [
              -69.129193,
              9.269765000000177
            ],
            [
              -69.128799,
              9.270431
            ],
            [
              -69.12785,
              9.27077400000013
            ],
            [
              -69.127781,
              9.270797
            ],
            [
              -69.126854,
              9.271967
            ],
            [
              -69.12639,
              9.272816
            ],
            [
              -69.126112,
              9.27320600000013
            ],
            [
              -69.125441,
              9.273687000000109
            ],
            [
              -69.126249,
              9.275066
            ],
            [
              -69.127404,
              9.275434
            ],
            [
              -69.127589,
              9.275801
            ],
            [
              -69.128142,
              9.27736300000015
            ],
            [
              -69.12902,
              9.277777000000128
            ],
            [
              -69.129921,
              9.278260000000103
            ],
            [
              -69.130082,
              9.27888
            ],
            [
              -69.131029,
              9.280213
            ],
            [
              -69.131421,
              9.280672
            ],
            [
              -69.13172099999986,
              9.28145300000017
            ],
            [
              -69.1320199999999,
              9.2828540000001
            ],
            [
              -69.131926,
              9.283611
            ],
            [
              -69.132017,
              9.285172
            ],
            [
              -69.132234,
              9.285594000000117
            ],
            [
              -69.132249,
              9.285608
            ],
            [
              -69.132239,
              9.285614
            ],
            [
              -69.133047,
              9.287304
            ],
            [
              -69.133331,
              9.287974
            ],
            [
              -69.133654,
              9.288526000000104
            ],
            [
              -69.133931,
              9.289261000000124
            ],
            [
              -69.134463,
              9.289422000000172
            ],
            [
              -69.134855,
              9.289996
            ],
            [
              -69.13506299999989,
              9.290019
            ],
            [
              -69.13578,
              9.289859
            ],
            [
              -69.136127,
              9.290112
            ],
            [
              -69.136196,
              9.290066000000138
            ],
            [
              -69.137839,
              9.289310000000114
            ],
            [
              -69.138185,
              9.289908
            ],
            [
              -69.138879,
              9.290138
            ],
            [
              -69.13959599999987,
              9.290207
            ],
            [
              -69.14109799999989,
              9.290599
            ],
            [
              -69.14204599999988,
              9.291013
            ],
            [
              -69.143109,
              9.291336
            ],
            [
              -69.14463599999988,
              9.291888
            ],
            [
              -69.145145,
              9.291957
            ],
            [
              -69.14549,
              9.293197
            ],
            [
              -69.146068,
              9.293703000000164
            ],
            [
              -69.14625199999983,
              9.29439200000013
            ],
            [
              -69.146736,
              9.29549400000019
            ],
            [
              -69.147405,
              9.29701
            ],
            [
              -69.147658,
              9.297791000000188
            ],
            [
              -69.147888,
              9.298893
            ],
            [
              -69.148072,
              9.299559000000102
            ],
            [
              -69.148025,
              9.30011
            ],
            [
              -69.14758399999988,
              9.301579
            ],
            [
              -69.146494,
              9.304264
            ],
            [
              -69.146237,
              9.305894
            ],
            [
              -69.146606,
              9.306882
            ],
            [
              -69.146534,
              9.309155
            ],
            [
              -69.147272,
              9.310165
            ],
            [
              -69.147596,
              9.310533
            ],
            [
              -69.147641,
              9.311727
            ],
            [
              -69.1472,
              9.312277
            ],
            [
              -69.146714,
              9.313264
            ],
            [
              -69.146781,
              9.314688
            ],
            [
              -69.146688,
              9.315399000000127
            ],
            [
              -69.14650199999988,
              9.316317
            ],
            [
              -69.146778,
              9.316937000000166
            ],
            [
              -69.14737799999989,
              9.318201000000101
            ],
            [
              -69.147608,
              9.319119
            ],
            [
              -69.14844,
              9.319464
            ],
            [
              -69.149411,
              9.319786
            ],
            [
              -69.15058899999985,
              9.321142000000123
            ],
            [
              -69.151606,
              9.32151
            ],
            [
              -69.151744,
              9.321993
            ],
            [
              -69.151674,
              9.322934
            ],
            [
              -69.15042299999988,
              9.324471
            ],
            [
              -69.150284,
              9.324631000000124
            ],
            [
              -69.149243,
              9.324883
            ],
            [
              -69.14859499999989,
              9.325456
            ],
            [
              -69.148455,
              9.3263740000001
            ],
            [
              -69.14884599999988,
              9.327569
            ],
            [
              -69.14963099999989,
              9.328602
            ],
            [
              -69.15062499999988,
              9.329062000000135
            ],
            [
              -69.151203,
              9.329637000000105
            ],
            [
              -69.154281,
              9.329566
            ],
            [
              -69.154613,
              9.330572000000188
            ],
            [
              -69.15584299999989,
              9.331182000000183
            ],
            [
              -69.15692599999988,
              9.330945
            ],
            [
              -69.157925,
              9.331603
            ],
            [
              -69.15841499999988,
              9.332218000000125
            ],
            [
              -69.158696,
              9.332583000000113
            ],
            [
              -69.160059,
              9.332665000000134
            ],
            [
              -69.16041199999984,
              9.333396
            ],
            [
              -69.16121,
              9.334743000000117
            ],
            [
              -69.161652,
              9.335198000000105
            ],
            [
              -69.16208199999988,
              9.336571
            ],
            [
              -69.162515,
              9.338471
            ],
            [
              -69.162532,
              9.340306000000169
            ],
            [
              -69.162018,
              9.34209900000019
            ],
            [
              -69.16166,
              9.343317
            ],
            [
              -69.162347,
              9.345192000000111
            ],
            [
              -69.162472,
              9.3462
            ],
            [
              -69.163065,
              9.347847
            ],
            [
              -69.162982,
              9.348880000000122
            ],
            [
              -69.162616,
              9.349181000000158
            ],
            [
              -69.162099,
              9.350767
            ],
            [
              -69.162776,
              9.351543000000163
            ],
            [
              -69.16235,
              9.352876000000151
            ],
            [
              -69.161686,
              9.35350000000011
            ],
            [
              -69.16104799999988,
              9.35442200000017
            ],
            [
              -69.160598,
              9.355664000000104
            ],
            [
              -69.16095299999984,
              9.356625
            ],
            [
              -69.160728,
              9.357246
            ],
            [
              -69.1610859999999,
              9.358458000000155
            ],
            [
              -69.161897,
              9.358796
            ],
            [
              -69.16307499999982,
              9.358856
            ],
            [
              -69.16404399999988,
              9.358735
            ],
            [
              -69.16462499999989,
              9.359074000000135
            ],
            [
              -69.164907,
              9.359600000000171
            ],
            [
              -69.165329,
              9.360330000000147
            ],
            [
              -69.166067,
              9.360210000000166
            ],
            [
              -69.166576,
              9.360390000000166
            ],
            [
              -69.166996,
              9.360777
            ],
            [
              -69.167813,
              9.361734000000126
            ],
            [
              -69.16857999999985,
              9.362256000000173
            ],
            [
              -69.16895199999988,
              9.362574
            ],
            [
              -69.169049,
              9.363101
            ],
            [
              -69.168916,
              9.363629
            ],
            [
              -69.168802,
              9.363768
            ],
            [
              -69.168735,
              9.364066
            ],
            [
              -69.16945599999985,
              9.364542000000142
            ],
            [
              -69.16982699999988,
              9.364769
            ],
            [
              -69.170134,
              9.365432
            ],
            [
              -69.170554,
              9.365956
            ],
            [
              -69.170913,
              9.364876
            ],
            [
              -69.1714209999999,
              9.364826
            ],
            [
              -69.171773,
              9.365488
            ],
            [
              -69.1718709999999,
              9.366084000000171
            ],
            [
              -69.17199099999988,
              9.366519
            ],
            [
              -69.1725469999999,
              9.369175000000155
            ],
            [
              -69.172491,
              9.370551
            ],
            [
              -69.172171,
              9.370944000000122
            ],
            [
              -69.171606,
              9.372209000000169
            ],
            [
              -69.171503,
              9.373540000000162
            ],
            [
              -69.17153,
              9.37399900000014
            ],
            [
              -69.17209,
              9.374591
            ],
            [
              -69.172836,
              9.375365000000158
            ],
            [
              -69.173006,
              9.376212
            ],
            [
              -69.172669,
              9.377201
            ],
            [
              -69.172636,
              9.378669000000173
            ],
            [
              -69.174165,
              9.379162000000122
            ],
            [
              -69.174478,
              9.380581
            ],
            [
              -69.174723,
              9.382047
            ],
            [
              -69.174983,
              9.382642
            ],
            [
              -69.175387,
              9.383854
            ],
            [
              -69.175199,
              9.385965
            ],
            [
              -69.175095,
              9.387228000000107
            ],
            [
              -69.175484,
              9.388441000000114
            ],
            [
              -69.173274,
              9.39747100000011
            ],
            [
              -69.173238,
              9.398503
            ],
            [
              -69.172834,
              9.399721000000113
            ],
            [
              -69.17153999999988,
              9.402070000000151
            ],
            [
              -69.172855,
              9.404468000000122
            ],
            [
              -69.174063,
              9.405239000000165
            ],
            [
              -69.176188,
              9.407586
            ],
            [
              -69.178264,
              9.409772
            ],
            [
              -69.180373,
              9.410627
            ],
            [
              -69.181272,
              9.410437000000172
            ],
            [
              -69.18270499999988,
              9.410518000000138
            ],
            [
              -69.182942,
              9.411159
            ],
            [
              -69.183004,
              9.412855
            ],
            [
              -69.18347,
              9.413287
            ],
            [
              -69.185517,
              9.41490000000016
            ],
            [
              -69.18534,
              9.415727000000174
            ],
            [
              -69.1854929999999,
              9.417194
            ],
            [
              -69.185865,
              9.417466
            ],
            [
              -69.186882,
              9.41755
            ],
            [
              -69.188394,
              9.418709
            ],
            [
              -69.18898299999984,
              9.41998800000016
            ],
            [
              -69.188911,
              9.422145
            ],
            [
              -69.189785,
              9.424202
            ],
            [
              -69.190373,
              9.425322
            ],
            [
              -69.190377,
              9.425711
            ],
            [
              -69.189957,
              9.4277790000001
            ],
            [
              -69.19124099999988,
              9.429191
            ],
            [
              -69.19294799999989,
              9.429017
            ],
            [
              -69.193586,
              9.43048000000016
            ],
            [
              -69.193307,
              9.431465000000117
            ],
            [
              -69.193094,
              9.432181000000185
            ],
            [
              -69.19274499999989,
              9.434408
            ],
            [
              -69.19443599999983,
              9.434946
            ],
            [
              -69.195354,
              9.434251
            ],
            [
              -69.19732299999987,
              9.434764
            ],
            [
              -69.198172,
              9.434276000000182
            ],
            [
              -69.200725,
              9.435518
            ]
          ]
        ]
      }
    }
  ]
}