{
  "type": "FeatureCollection",
  "features": [
    {
      "type": "Feature",
      "properties": {
        "Pais": "Venezuela",
        "Estado": "Guárico",
        "Municipio": "Francisco De Miranda",
        "Parroquia": "Calabozo"
      },
      "geometry": {
        "type": "Polygon",
        "coordinates": [
          [
            [
              -67.220605,
              9.19706900000017
            ],
            [
              -67.221599,
              9.198034
            ],
            [
              -67.22433199999989,
              9.198577
            ],
            [
              -67.225064,
              9.198406000000148
            ],
            [
              -67.22586199999984,
              9.197659000000158
            ],
            [
              -67.227002,
              9.19728600000019
            ],
            [
              -67.22794899999985,
              9.196761
            ],
            [
              -67.229478,
              9.196785000000148
            ],
            [
              -67.231177,
              9.197006000000101
            ],
            [
              -67.232404,
              9.196997
            ],
            [
              -67.23397,
              9.196835
            ],
            [
              -67.23498,
              9.196675
            ],
            [
              -67.236541,
              9.19541100000015
            ],
            [
              -67.237932,
              9.194958000000156
            ],
            [
              -67.238614,
              9.194216
            ],
            [
              -67.238962,
              9.193237
            ],
            [
              -67.239341,
              9.191934
            ],
            [
              -67.240167,
              9.19176
            ],
            [
              -67.24086199999988,
              9.192279000000156
            ],
            [
              -67.241288,
              9.192489000000137
            ],
            [
              -67.24194399999988,
              9.191656000000137
            ],
            [
              -67.24173699999989,
              9.189714
            ],
            [
              -67.242288,
              9.188129000000174
            ],
            [
              -67.243636,
              9.185773
            ],
            [
              -67.24477299999984,
              9.184368000000177
            ],
            [
              -67.245006,
              9.183898
            ],
            [
              -67.24606399999988,
              9.183277000000146
            ],
            [
              -67.247245,
              9.182788000000187
            ],
            [
              -67.247823,
              9.182280000000105
            ],
            [
              -67.24874099999988,
              9.180632000000173
            ],
            [
              -67.24993399999983,
              9.179431
            ],
            [
              -67.250509,
              9.179359
            ],
            [
              -67.25289,
              9.17929700000019
            ],
            [
              -67.25364399999984,
              9.179585
            ],
            [
              -67.254757,
              9.179144000000122
            ],
            [
              -67.256432,
              9.178335000000175
            ],
            [
              -67.258085,
              9.177572000000112
            ],
            [
              -67.25936399999989,
              9.177698
            ],
            [
              -67.26080899999988,
              9.178413
            ],
            [
              -67.261086,
              9.1784
            ],
            [
              -67.262683,
              9.177915
            ],
            [
              -67.264326,
              9.177428
            ],
            [
              -67.265517,
              9.177627
            ],
            [
              -67.266617,
              9.177898
            ],
            [
              -67.26759799999985,
              9.178084000000183
            ],
            [
              -67.26907,
              9.178384000000165
            ],
            [
              -67.270773,
              9.178193000000135
            ],
            [
              -67.271704,
              9.177807
            ],
            [
              -67.273868,
              9.176584
            ],
            [
              -67.274911,
              9.176124000000186
            ],
            [
              -67.27576499999986,
              9.176086
            ],
            [
              -67.276038,
              9.175982
            ],
            [
              -67.27697599999988,
              9.175251
            ],
            [
              -67.277872,
              9.175601
            ],
            [
              -67.278668,
              9.175312000000133
            ],
            [
              -67.279171,
              9.174693000000104
            ],
            [
              -67.2803449999999,
              9.174548000000186
            ],
            [
              -67.281002,
              9.173761
            ],
            [
              -67.28147599999988,
              9.17351
            ],
            [
              -67.281907,
              9.173330000000135
            ],
            [
              -67.282486,
              9.17234
            ],
            [
              -67.28334699999988,
              9.171452000000158
            ],
            [
              -67.28442099999984,
              9.170669
            ],
            [
              -67.28575199999983,
              9.171435
            ],
            [
              -67.286811,
              9.17180000000019
            ],
            [
              -67.289032,
              9.171769
            ],
            [
              -67.290481,
              9.171084000000121
            ],
            [
              -67.291401,
              9.170973000000174
            ],
            [
              -67.292737,
              9.170844000000159
            ],
            [
              -67.29326,
              9.170637
            ],
            [
              -67.294609,
              9.170783
            ],
            [
              -67.29551,
              9.171247000000108
            ],
            [
              -67.296254,
              9.171328
            ],
            [
              -67.296807,
              9.171280000000138
            ],
            [
              -67.297386,
              9.170795000000169
            ],
            [
              -67.29800799999987,
              9.170721
            ],
            [
              -67.300513,
              9.171342000000152
            ],
            [
              -67.301384,
              9.171165
            ],
            [
              -67.302307,
              9.170618000000104
            ],
            [
              -67.302719,
              9.170531
            ],
            [
              -67.304234,
              9.170256000000165
            ],
            [
              -67.306426,
              9.17061600000011
            ],
            [
              -67.308475,
              9.17089
            ],
            [
              -67.30924899999985,
              9.170603
            ],
            [
              -67.309771,
              9.170396
            ],
            [
              -67.310615,
              9.170128
            ],
            [
              -67.311895,
              9.16929000000016
            ],
            [
              -67.313346,
              9.167663
            ],
            [
              -67.31461699999988,
              9.166642
            ],
            [
              -67.316018,
              9.165430000000185
            ],
            [
              -67.316925,
              9.165022
            ],
            [
              -67.318238,
              9.163907000000108
            ],
            [
              -67.318775,
              9.163515000000189
            ],
            [
              -67.31974899999989,
              9.162576000000115
            ],
            [
              -67.320079,
              9.161735
            ],
            [
              -67.320709,
              9.160857
            ],
            [
              -67.322338,
              9.160072
            ],
            [
              -67.323724,
              9.160009000000173
            ],
            [
              -67.324713,
              9.159873000000118
            ],
            [
              -67.327023,
              9.159309000000178
            ],
            [
              -67.328212,
              9.158498
            ],
            [
              -67.329359,
              9.157803
            ],
            [
              -67.330276,
              9.157624
            ],
            [
              -67.331265,
              9.15700500000014
            ],
            [
              -67.33231599999988,
              9.156223
            ],
            [
              -67.3331179999999,
              9.1550620000001
            ],
            [
              -67.334143,
              9.154718
            ],
            [
              -67.335137,
              9.154696
            ],
            [
              -67.336057,
              9.155067
            ],
            [
              -67.337677,
              9.15455800000018
            ],
            [
              -67.338342,
              9.154436
            ],
            [
              -67.340703,
              9.15345600000012
            ],
            [
              -67.34240099999988,
              9.15315
            ],
            [
              -67.343329,
              9.1532
            ],
            [
              -67.344318,
              9.153086
            ],
            [
              -67.345638,
              9.153095
            ],
            [
              -67.346753,
              9.152218000000175
            ],
            [
              -67.347343,
              9.15196200000014
            ],
            [
              -67.347802,
              9.15139
            ],
            [
              -67.347582,
              9.149656000000107
            ],
            [
              -67.347202,
              9.148480000000177
            ],
            [
              -67.347058,
              9.147867
            ],
            [
              -67.34698299999985,
              9.146768
            ],
            [
              -67.347165,
              9.145727
            ],
            [
              -67.34731799999986,
              9.14455
            ],
            [
              -67.347451,
              9.143442
            ],
            [
              -67.34831899999989,
              9.141494
            ],
            [
              -67.349341,
              9.138858
            ],
            [
              -67.349099,
              9.140108
            ],
            [
              -67.34926699999983,
              9.141707
            ],
            [
              -67.34948099999986,
              9.142822
            ],
            [
              -67.350091,
              9.143483
            ],
            [
              -67.351424,
              9.143285
            ],
            [
              -67.352971,
              9.143720000000144
            ],
            [
              -67.354567,
              9.144680000000164
            ],
            [
              -67.355598,
              9.145437
            ],
            [
              -67.356239,
              9.14628
            ],
            [
              -67.35613599999982,
              9.147042
            ],
            [
              -67.356748,
              9.147749
            ],
            [
              -67.356826,
              9.148915000000102
            ],
            [
              -67.356571,
              9.149891
            ],
            [
              -67.35652399999987,
              9.150857
            ],
            [
              -67.357115,
              9.15112900000014
            ],
            [
              -67.35768399999989,
              9.149932
            ],
            [
              -67.357781,
              9.149056
            ],
            [
              -67.35793499999988,
              9.147901
            ],
            [
              -67.358085,
              9.14716
            ],
            [
              -67.358671,
              9.146812000000182
            ],
            [
              -67.359098,
              9.146058000000153
            ],
            [
              -67.35881099999989,
              9.145383
            ],
            [
              -67.35805,
              9.143948
            ],
            [
              -67.35714699999988,
              9.142956
            ],
            [
              -67.3566459999999,
              9.142153000000178
            ],
            [
              -67.356501,
              9.141517000000135
            ],
            [
              -67.35669399999989,
              9.140705
            ],
            [
              -67.35710199999988,
              9.140526
            ],
            [
              -67.357385,
              9.141132
            ],
            [
              -67.357876,
              9.142235
            ],
            [
              -67.358354,
              9.143039000000101
            ],
            [
              -67.359004,
              9.142597000000137
            ],
            [
              -67.359718,
              9.142036
            ],
            [
              -67.360554,
              9.14160800000019
            ],
            [
              -67.361164,
              9.141787
            ],
            [
              -67.36134899999985,
              9.14274300000011
            ],
            [
              -67.361758,
              9.143069
            ],
            [
              -67.36263,
              9.141927000000123
            ],
            [
              -67.362903,
              9.140859
            ],
            [
              -67.362371,
              9.140355
            ],
            [
              -67.362264,
              9.14006200000017
            ],
            [
              -67.362411,
              9.139252000000113
            ],
            [
              -67.36352199999988,
              9.139247
            ],
            [
              -67.364614,
              9.139840000000106
            ],
            [
              -67.365486,
              9.140168
            ],
            [
              -67.366272,
              9.139168
            ],
            [
              -67.366242,
              9.138045
            ],
            [
              -67.36635299999989,
              9.137466000000131
            ],
            [
              -67.367128,
              9.137707
            ],
            [
              -67.368149,
              9.138257
            ],
            [
              -67.368999,
              9.138127000000111
            ],
            [
              -67.369537,
              9.1372530000001
            ],
            [
              -67.3702669999999,
              9.136049000000128
            ],
            [
              -67.37086,
              9.135379000000114
            ],
            [
              -67.371442,
              9.13546700000012
            ],
            [
              -67.371276,
              9.136348000000169
            ],
            [
              -67.370653,
              9.137386000000106
            ],
            [
              -67.370446,
              9.137900000000172
            ],
            [
              -67.370421,
              9.138337
            ],
            [
              -67.370732,
              9.138553000000172
            ],
            [
              -67.371214,
              9.138485
            ],
            [
              -67.371823,
              9.137654
            ],
            [
              -67.372322,
              9.136943
            ],
            [
              -67.372714,
              9.136925000000133
            ],
            [
              -67.37351799999988,
              9.138266
            ],
            [
              -67.374373,
              9.140201000000104
            ],
            [
              -67.374526,
              9.140997
            ],
            [
              -67.373437,
              9.140955000000133
            ],
            [
              -67.371906,
              9.140887
            ],
            [
              -67.3705609999999,
              9.140833
            ],
            [
              -67.36880399999984,
              9.141831
            ],
            [
              -67.3678589999999,
              9.143893
            ],
            [
              -67.367783,
              9.146192
            ],
            [
              -67.367781,
              9.147638000000143
            ],
            [
              -67.368103,
              9.148082000000102
            ],
            [
              -67.368737,
              9.147778000000187
            ],
            [
              -67.368774,
              9.149062000000185
            ],
            [
              -67.36855899999989,
              9.149898
            ],
            [
              -67.368945,
              9.1512120000001
            ],
            [
              -67.368496,
              9.151989
            ],
            [
              -67.368212,
              9.152851000000169
            ],
            [
              -67.368821,
              9.153007000000116
            ],
            [
              -67.369407,
              9.153164000000118
            ],
            [
              -67.37002199999989,
              9.153435000000172
            ],
            [
              -67.370299,
              9.15392700000018
            ],
            [
              -67.37097099999988,
              9.153943
            ],
            [
              -67.371743,
              9.15363200000013
            ],
            [
              -67.372171,
              9.153865
            ],
            [
              -67.372488,
              9.1547
            ],
            [
              -67.372786,
              9.155146000000173
            ],
            [
              -67.374126,
              9.15460300000018
            ],
            [
              -67.37556199999989,
              9.154124000000138
            ],
            [
              -67.37713899999989,
              9.153709000000106
            ],
            [
              -67.378315,
              9.15363200000013
            ],
            [
              -67.3788449999999,
              9.154572
            ],
            [
              -67.379196,
              9.155635000000132
            ],
            [
              -67.380077,
              9.156651000000124
            ],
            [
              -67.38205099999988,
              9.156790000000115
            ],
            [
              -67.38425499999988,
              9.156944
            ],
            [
              -67.383829,
              9.156297000000166
            ],
            [
              -67.38542699999988,
              9.148112
            ],
            [
              -67.38530899999989,
              9.142206000000101
            ],
            [
              -67.38564,
              9.138720000000149
            ],
            [
              -67.38859899999989,
              9.135377000000119
            ],
            [
              -67.3917,
              9.134002
            ],
            [
              -67.394975,
              9.129597000000103
            ],
            [
              -67.39728999999988,
              9.130194
            ],
            [
              -67.399596,
              9.132305000000144
            ],
            [
              -67.401761,
              9.13229600000011
            ],
            [
              -67.402861,
              9.129566000000182
            ],
            [
              -67.402737,
              9.124569
            ],
            [
              -67.403391,
              9.118962000000124
            ],
            [
              -67.403262,
              9.1148740000001
            ],
            [
              -67.40662299999985,
              9.096685
            ],
            [
              -67.405723,
              9.09214500000013
            ],
            [
              -67.407451,
              9.08789800000011
            ],
            [
              -67.41117,
              9.086520000000121
            ],
            [
              -67.418939,
              9.080735
            ],
            [
              -67.424585,
              9.067991
            ],
            [
              -67.42273399999982,
              9.067241000000138
            ],
            [
              -67.42726,
              9.060558000000185
            ],
            [
              -67.430554,
              9.05297300000018
            ],
            [
              -67.436747,
              9.051737
            ],
            [
              -67.434183,
              9.041448000000116
            ],
            [
              -67.432056,
              9.035399
            ],
            [
              -67.420639,
              8.999941
            ],
            [
              -67.424791,
              8.999223
            ],
            [
              -67.43706599999985,
              9.001003
            ],
            [
              -67.47066,
              9.006468
            ],
            [
              -67.471484,
              9.006775000000118
            ],
            [
              -67.471757,
              9.00715300000013
            ],
            [
              -67.472742,
              9.007429
            ],
            [
              -67.473315,
              9.006829000000153
            ],
            [
              -67.473003,
              9.005627000000175
            ],
            [
              -67.472546,
              9.004775000000166
            ],
            [
              -67.47146899999984,
              9.002552
            ],
            [
              -67.471102,
              9.000664
            ],
            [
              -67.472113,
              8.998575000000187
            ],
            [
              -67.472573,
              8.998026
            ],
            [
              -67.471814,
              8.99631
            ],
            [
              -67.4723489999999,
              8.99547200000012
            ],
            [
              -67.4726419999999,
              8.995144
            ],
            [
              -67.472912,
              8.994817000000126
            ],
            [
              -67.473249,
              8.994373000000166
            ],
            [
              -67.473287,
              8.994028
            ],
            [
              -67.47381,
              8.993649000000119
            ],
            [
              -67.474376,
              8.993109
            ],
            [
              -67.47500899999989,
              8.992475000000127
            ],
            [
              -67.475829,
              8.991927
            ],
            [
              -67.476168,
              8.991598
            ],
            [
              -67.47708,
              8.991027
            ],
            [
              -67.47737,
              8.990607000000125
            ],
            [
              -67.47783999999984,
              8.989908
            ],
            [
              -67.478318,
              8.989599
            ],
            [
              -67.478844,
              8.989335
            ],
            [
              -67.479605,
              8.989248000000146
            ],
            [
              -67.480479,
              8.989022
            ],
            [
              -67.481029,
              8.988826
            ],
            [
              -67.481412,
              8.988381000000174
            ],
            [
              -67.482042,
              8.987610000000132
            ],
            [
              -67.4829299999999,
              8.987039000000152
            ],
            [
              -67.483291,
              8.986641
            ],
            [
              -67.484044,
              8.986187
            ],
            [
              -67.48508899999985,
              8.985384000000181
            ],
            [
              -67.485979,
              8.984881
            ],
            [
              -67.486725,
              8.984130000000164
            ],
            [
              -67.487714,
              8.983924000000172
            ],
            [
              -67.488488,
              8.983402000000126
            ],
            [
              -67.489444,
              8.982737
            ],
            [
              -67.49004699999989,
              8.981806
            ],
            [
              -67.4906759999999,
              8.980988
            ],
            [
              -67.491428,
              8.980512
            ],
            [
              -67.492362,
              8.979917
            ],
            [
              -67.49329199999988,
              8.979116
            ],
            [
              -67.493594,
              8.978214
            ],
            [
              -67.494162,
              8.976779000000136
            ],
            [
              -67.495143,
              8.976205000000107
            ],
            [
              -67.495198,
              8.975585000000137
            ],
            [
              -67.49583799999988,
              8.975226
            ],
            [
              -67.496745,
              8.975412
            ],
            [
              -67.49779399999989,
              8.975801
            ],
            [
              -67.498859,
              8.975845000000163
            ],
            [
              -67.499863,
              8.976259
            ],
            [
              -67.501243,
              8.97595200000012
            ],
            [
              -67.501833,
              8.975456000000122
            ],
            [
              -67.502115,
              8.97434200000015
            ],
            [
              -67.503473,
              8.974073
            ],
            [
              -67.50457399999982,
              8.973743000000127
            ],
            [
              -67.50604299999986,
              8.97251
            ],
            [
              -67.507179,
              8.971011
            ],
            [
              -67.509302,
              8.970789000000138
            ],
            [
              -67.510765,
              8.970975
            ],
            [
              -67.510732,
              8.969831000000113
            ],
            [
              -67.509568,
              8.968789
            ],
            [
              -67.510161,
              8.966894
            ],
            [
              -67.511543,
              8.965068
            ],
            [
              -67.5131209999999,
              8.96362500000015
            ],
            [
              -67.51394,
              8.962319
            ],
            [
              -67.514876,
              8.960300000000188
            ],
            [
              -67.51657999999986,
              8.958417
            ],
            [
              -67.517974,
              8.956201
            ],
            [
              -67.519575,
              8.953956
            ],
            [
              -67.52109,
              8.95274400000011
            ],
            [
              -67.522586,
              8.950823000000128
            ],
            [
              -67.52306,
              8.949619
            ],
            [
              -67.52402499999982,
              8.947782
            ],
            [
              -67.525387,
              8.946047
            ],
            [
              -67.528699,
              8.943775000000187
            ],
            [
              -67.530592,
              8.942827
            ],
            [
              -67.531534,
              8.941792
            ],
            [
              -67.533345,
              8.940388
            ],
            [
              -67.53594,
              8.941319
            ],
            [
              -67.53835,
              8.939851
            ],
            [
              -67.54086499999988,
              8.941197
            ],
            [
              -67.54156899999987,
              8.942321000000106
            ],
            [
              -67.54327299999989,
              8.944423000000143
            ],
            [
              -67.54507299999989,
              8.943027
            ],
            [
              -67.546034,
              8.942282
            ],
            [
              -67.549248,
              8.942164000000105
            ],
            [
              -67.551177,
              8.944054000000165
            ],
            [
              -67.554422,
              8.944210000000112
            ],
            [
              -67.55743799999988,
              8.942885000000103
            ],
            [
              -67.55892,
              8.942933000000153
            ],
            [
              -67.56034299999988,
              8.94252500000016
            ],
            [
              -67.56037,
              8.941883000000132
            ],
            [
              -67.561195,
              8.940004000000101
            ],
            [
              -67.562173,
              8.939403
            ],
            [
              -67.564248,
              8.938357
            ],
            [
              -67.5672239999999,
              8.937262
            ],
            [
              -67.567904,
              8.935983
            ],
            [
              -67.570271,
              8.935410000000104
            ],
            [
              -67.572038,
              8.934877
            ],
            [
              -67.573243,
              8.934132
            ],
            [
              -67.574231,
              8.93387300000012
            ],
            [
              -67.578458,
              8.934436000000176
            ],
            [
              -67.582882,
              8.935359000000176
            ],
            [
              -67.584365,
              8.934651
            ],
            [
              -67.585661,
              8.932277
            ],
            [
              -67.587319,
              8.931976
            ],
            [
              -67.58931,
              8.932009000000107
            ],
            [
              -67.591889,
              8.930787
            ],
            [
              -67.59483199999988,
              8.930907
            ],
            [
              -67.597207,
              8.930607
            ],
            [
              -67.600138,
              8.931139
            ],
            [
              -67.600804,
              8.930959
            ],
            [
              -67.60302999999982,
              8.928741
            ],
            [
              -67.604003,
              8.925621
            ],
            [
              -67.60516599999988,
              8.923435000000154
            ],
            [
              -67.60661,
              8.922179000000142
            ],
            [
              -67.607052,
              8.922257
            ],
            [
              -67.608006,
              8.921656
            ],
            [
              -67.609607,
              8.920991
            ],
            [
              -67.61158499999988,
              8.920589
            ],
            [
              -67.612259,
              8.918325000000152
            ],
            [
              -67.61257099999983,
              8.917125000000112
            ],
            [
              -67.613368,
              8.91511
            ],
            [
              -67.614252,
              8.91288500000013
            ],
            [
              -67.615424,
              8.911820000000148
            ],
            [
              -67.61628199999984,
              8.911085
            ],
            [
              -67.616471,
              8.909660000000144
            ],
            [
              -67.61599399999989,
              8.908369
            ],
            [
              -67.616194,
              8.907287
            ],
            [
              -67.617089,
              8.905452000000139
            ],
            [
              -67.617062,
              8.903758
            ],
            [
              -67.617239,
              8.901097
            ],
            [
              -67.618319,
              8.900035
            ],
            [
              -67.618794,
              8.897296
            ],
            [
              -67.61878999999988,
              8.897181
            ],
            [
              -67.618891,
              8.895872
            ],
            [
              -67.62040399999984,
              8.893813
            ],
            [
              -67.620907,
              8.892012
            ],
            [
              -67.62263,
              8.89077
            ],
            [
              -67.62385599999982,
              8.88920000000013
            ],
            [
              -67.625054,
              8.885867
            ],
            [
              -67.62538,
              8.88354500000014
            ],
            [
              -67.626213,
              8.881986
            ],
            [
              -67.627674,
              8.8805
            ],
            [
              -67.627804,
              8.878642000000184
            ],
            [
              -67.628731,
              8.877103
            ],
            [
              -67.630223,
              8.875891
            ],
            [
              -67.630763,
              8.873814
            ],
            [
              -67.63127999999989,
              8.872494
            ],
            [
              -67.631971,
              8.870023
            ],
            [
              -67.633246,
              8.868543000000159
            ],
            [
              -67.63382499999989,
              8.866969000000154
            ],
            [
              -67.634,
              8.865063
            ],
            [
              -67.634211,
              8.863569
            ],
            [
              -67.63535699999989,
              8.862413000000117
            ],
            [
              -67.636447,
              8.860915000000148
            ],
            [
              -67.637659,
              8.85966500000012
            ],
            [
              -67.638452,
              8.858291000000122
            ],
            [
              -67.638517,
              8.85576900000018
            ],
            [
              -67.638931,
              8.854109000000108
            ],
            [
              -67.639688,
              8.8523
            ],
            [
              -67.641545,
              8.85094
            ],
            [
              -67.64348299999989,
              8.849966000000165
            ],
            [
              -67.64510299999989,
              8.848430000000121
            ],
            [
              -67.64687,
              8.847141
            ],
            [
              -67.649016,
              8.84536
            ],
            [
              -67.650346,
              8.843397
            ],
            [
              -67.651081,
              8.840834
            ],
            [
              -67.651369,
              8.838787
            ],
            [
              -67.652161,
              8.836634
            ],
            [
              -67.653617,
              8.834988
            ],
            [
              -67.6555,
              8.833742
            ],
            [
              -67.656827,
              8.832443000000183
            ],
            [
              -67.658906,
              8.830778
            ],
            [
              -67.66080199999988,
              8.830722
            ],
            [
              -67.662586,
              8.831608000000188
            ],
            [
              -67.66452,
              8.830497
            ],
            [
              -67.66579899999988,
              8.828375
            ],
            [
              -67.66710099999989,
              8.827787
            ],
            [
              -67.66759,
              8.82633
            ],
            [
              -67.66953,
              8.825447
            ],
            [
              -67.67174,
              8.825084
            ],
            [
              -67.672278,
              8.82369400000016
            ],
            [
              -67.67338599999988,
              8.822836
            ],
            [
              -67.674297,
              8.822351
            ],
            [
              -67.675102,
              8.821388000000127
            ],
            [
              -67.67667799999987,
              8.820677000000103
            ],
            [
              -67.6776789999999,
              8.820098000000144
            ],
            [
              -67.678305,
              8.819369
            ],
            [
              -67.67974,
              8.81781500000011
            ],
            [
              -67.680559,
              8.81891300000018
            ],
            [
              -67.681788,
              8.819792
            ],
            [
              -67.683524,
              8.820633
            ],
            [
              -67.684285,
              8.82051900000016
            ],
            [
              -67.686789,
              8.820719
            ],
            [
              -67.68774999999988,
              8.821148000000164
            ],
            [
              -67.68930199999988,
              8.820438
            ],
            [
              -67.69088099999988,
              8.819063000000142
            ],
            [
              -67.691785,
              8.818326
            ],
            [
              -67.693279,
              8.817228
            ],
            [
              -67.695114,
              8.818273000000147
            ],
            [
              -67.696085,
              8.818221000000108
            ],
            [
              -67.696731,
              8.817377
            ],
            [
              -67.697442,
              8.815616
            ],
            [
              -67.6982589999999,
              8.814286000000152
            ],
            [
              -67.698181,
              8.813212
            ],
            [
              -67.697664,
              8.812151
            ],
            [
              -67.697917,
              8.809762
            ],
            [
              -67.69949,
              8.808983000000126
            ],
            [
              -67.702936,
              8.809681000000126
            ],
            [
              -67.704811,
              8.809717
            ],
            [
              -67.70591599999989,
              8.810325000000148
            ],
            [
              -67.706712,
              8.81144600000016
            ],
            [
              -67.707388,
              8.812388000000112
            ],
            [
              -67.708733,
              8.811706000000186
            ],
            [
              -67.709806,
              8.810438
            ],
            [
              -67.710342,
              8.809002
            ],
            [
              -67.709525,
              8.807996000000173
            ],
            [
              -67.70870699999989,
              8.806921
            ],
            [
              -67.708681,
              8.806029000000137
            ],
            [
              -67.709351,
              8.805231
            ],
            [
              -67.71041999999989,
              8.804626
            ],
            [
              -67.71170299999989,
              8.804176
            ],
            [
              -67.71320899999989,
              8.804268
            ],
            [
              -67.71344999999985,
              8.80380300000013
            ],
            [
              -67.713799,
              8.801526
            ],
            [
              -67.714282,
              8.799885000000188
            ],
            [
              -67.713188,
              8.798865000000148
            ],
            [
              -67.71232599999985,
              8.797883
            ],
            [
              -67.712103,
              8.796585000000164
            ],
            [
              -67.7109559999999,
              8.795337
            ],
            [
              -67.709863,
              8.794362
            ],
            [
              -67.709509,
              8.793342
            ],
            [
              -67.710007,
              8.791426000000172
            ],
            [
              -67.71057599999989,
              8.789532000000122
            ],
            [
              -67.71069399999982,
              8.787283
            ],
            [
              -67.711559,
              8.78599800000012
            ],
            [
              -67.71282299999984,
              8.784953000000144
            ],
            [
              -67.714366,
              8.783945
            ],
            [
              -67.715404,
              8.782265000000109
            ],
            [
              -67.71589,
              8.780716
            ],
            [
              -67.716224,
              8.779493000000116
            ],
            [
              -67.716196,
              8.77777600000013
            ],
            [
              -67.715142,
              8.77577
            ],
            [
              -67.714821,
              8.774291000000119
            ],
            [
              -67.715464,
              8.772555000000182
            ],
            [
              -67.716811,
              8.771965
            ],
            [
              -67.717504,
              8.771921000000134
            ],
            [
              -67.719586,
              8.77195
            ],
            [
              -67.719602,
              8.770919000000163
            ],
            [
              -67.71816499999989,
              8.770024
            ],
            [
              -67.718053,
              8.769386000000168
            ],
            [
              -67.718628,
              8.768499000000133
            ],
            [
              -67.719108,
              8.768301
            ],
            [
              -67.720002,
              8.767999000000145
            ],
            [
              -67.721469,
              8.768345000000181
            ],
            [
              -67.722188,
              8.768392000000176
            ],
            [
              -67.72273499999989,
              8.768147000000113
            ],
            [
              -67.723398,
              8.768653
            ],
            [
              -67.724344,
              8.769335
            ],
            [
              -67.725212,
              8.76896500000015
            ],
            [
              -67.726169,
              8.768479
            ],
            [
              -67.72673,
              8.768691
            ],
            [
              -67.72727699999984,
              8.769178000000181
            ],
            [
              -67.728178,
              8.769151
            ],
            [
              -67.729323,
              8.768728
            ],
            [
              -67.730345,
              8.768858
            ],
            [
              -67.731005,
              8.768517
            ],
            [
              -67.730761,
              8.767311
            ],
            [
              -67.73044599999986,
              8.766038
            ],
            [
              -67.731602,
              8.766003
            ],
            [
              -67.732706,
              8.765787000000103
            ],
            [
              -67.73336399999988,
              8.766134
            ],
            [
              -67.734297,
              8.766426
            ],
            [
              -67.734872,
              8.767096
            ],
            [
              -67.73483,
              8.767990000000111
            ],
            [
              -67.734475,
              8.768528
            ],
            [
              -67.734,
              8.769664
            ],
            [
              -67.73353,
              8.770182
            ],
            [
              -67.738619,
              8.776441
            ],
            [
              -67.73915399999987,
              8.777318
            ],
            [
              -67.739884,
              8.77775400000013
            ],
            [
              -67.740934,
              8.777264
            ],
            [
              -67.741578,
              8.776375
            ],
            [
              -67.74222699999984,
              8.775646000000108
            ],
            [
              -67.74326699999983,
              8.774813000000108
            ],
            [
              -67.743825,
              8.774911
            ],
            [
              -67.744293,
              8.775103000000115
            ],
            [
              -67.74513,
              8.775238000000115
            ],
            [
              -67.74556899999988,
              8.775225
            ],
            [
              -67.746203,
              8.774771
            ],
            [
              -67.7469789999999,
              8.774404
            ],
            [
              -67.747531,
              8.774319000000105
            ],
            [
              -67.748455,
              8.773489
            ],
            [
              -67.749253,
              8.773099
            ],
            [
              -67.749883,
              8.773263000000156
            ],
            [
              -67.750668,
              8.773217
            ],
            [
              -67.751426,
              8.772255
            ],
            [
              -67.75218699999988,
              8.77138500000018
            ],
            [
              -67.752783,
              8.771184
            ],
            [
              -67.7537329999999,
              8.770469
            ],
            [
              -67.754429,
              8.769761
            ],
            [
              -67.755159,
              8.769418000000144
            ],
            [
              -67.757453,
              8.770334000000105
            ],
            [
              -67.75856099999987,
              8.76945400000011
            ],
            [
              -67.75968699999987,
              8.768435000000181
            ],
            [
              -67.76080899999988,
              8.767257
            ],
            [
              -67.75984999999986,
              8.76611800000012
            ],
            [
              -67.758536,
              8.765516
            ],
            [
              -67.759371,
              8.764025000000117
            ],
            [
              -67.760591,
              8.762271000000169
            ],
            [
              -67.761938,
              8.762460000000146
            ],
            [
              -67.762547,
              8.763472
            ],
            [
              -67.763656,
              8.764217
            ],
            [
              -67.764778,
              8.76384000000013
            ],
            [
              -67.765092,
              8.764288
            ],
            [
              -67.765587,
              8.764594000000159
            ],
            [
              -67.766327,
              8.766152
            ],
            [
              -67.767565,
              8.766527
            ],
            [
              -67.768018,
              8.765437
            ],
            [
              -67.76776399999989,
              8.76391
            ],
            [
              -67.767278,
              8.763101
            ],
            [
              -67.766469,
              8.761568
            ],
            [
              -67.76600699999983,
              8.760826000000122
            ],
            [
              -67.76814,
              8.760991000000104
            ],
            [
              -67.769331,
              8.762146
            ],
            [
              -67.769657,
              8.761449
            ],
            [
              -67.769906,
              8.760457000000144
            ],
            [
              -67.770676,
              8.75993
            ],
            [
              -67.771703,
              8.759441
            ],
            [
              -67.770608,
              8.758421000000112
            ],
            [
              -67.7689309999999,
              8.757234
            ],
            [
              -67.76929799999988,
              8.755574
            ],
            [
              -67.770143,
              8.755228
            ],
            [
              -67.77111,
              8.754283
            ],
            [
              -67.77176099999986,
              8.753622
            ],
            [
              -67.771879,
              8.752153
            ],
            [
              -67.771788,
              8.750622
            ],
            [
              -67.772633,
              8.750276
            ],
            [
              -67.77375299999983,
              8.749807
            ],
            [
              -67.773735,
              8.749212
            ],
            [
              -67.773031,
              8.748867
            ],
            [
              -67.771533,
              8.747492
            ],
            [
              -67.771461,
              8.747426
            ],
            [
              -67.77163,
              8.746115
            ],
            [
              -67.77133899999984,
              8.744888000000174
            ],
            [
              -67.76967399999984,
              8.744869
            ],
            [
              -67.769466,
              8.7433410000001
            ],
            [
              -67.770546,
              8.741523000000143
            ],
            [
              -67.771203,
              8.741068000000155
            ],
            [
              -67.771791,
              8.741416000000129
            ],
            [
              -67.772666,
              8.742031
            ],
            [
              -67.773321,
              8.741508000000124
            ],
            [
              -67.773574,
              8.740676
            ],
            [
              -67.773651,
              8.739391000000126
            ],
            [
              -67.774366,
              8.739324
            ],
            [
              -67.775235,
              8.738977000000148
            ],
            [
              -67.774961,
              8.737566
            ],
            [
              -67.775647,
              8.737293
            ],
            [
              -67.776308,
              8.736174
            ],
            [
              -67.776955,
              8.735376
            ],
            [
              -67.7778,
              8.735809
            ],
            [
              -67.778514,
              8.736474000000158
            ],
            [
              -67.778513,
              8.737207
            ],
            [
              -67.77846699999986,
              8.737987
            ],
            [
              -67.778286,
              8.738908
            ],
            [
              -67.778678,
              8.739652
            ],
            [
              -67.77958,
              8.739602000000161
            ],
            [
              -67.780223,
              8.739468000000102
            ],
            [
              -67.780562,
              8.739962000000105
            ],
            [
              -67.78086,
              8.740663
            ],
            [
              -67.78129299999983,
              8.740443
            ],
            [
              -67.782122,
              8.740327
            ],
            [
              -67.782721,
              8.74024
            ],
            [
              -67.782742,
              8.739369
            ],
            [
              -67.782179,
              8.738356
            ],
            [
              -67.782068,
              8.736962
            ],
            [
              -67.782686,
              8.736738000000173
            ],
            [
              -67.784309,
              8.73684900000012
            ],
            [
              -67.785137,
              8.7374650000001
            ],
            [
              -67.786202,
              8.739059000000168
            ],
            [
              -67.786897,
              8.738328
            ],
            [
              -67.78721599999989,
              8.73738
            ],
            [
              -67.787414,
              8.736252
            ],
            [
              -67.787804,
              8.735393
            ],
            [
              -67.7884,
              8.736772000000144
            ],
            [
              -67.788972,
              8.738105000000132
            ],
            [
              -67.79003499999982,
              8.737295
            ],
            [
              -67.790677,
              8.736337
            ],
            [
              -67.790524,
              8.735059000000149
            ],
            [
              -67.791191,
              8.734947
            ],
            [
              -67.792478,
              8.735435000000166
            ],
            [
              -67.79266699999988,
              8.734811
            ],
            [
              -67.793055,
              8.73386100000016
            ],
            [
              -67.79329899999988,
              8.733487
            ],
            [
              -67.794176,
              8.734193
            ],
            [
              -67.794611,
              8.735623
            ],
            [
              -67.7942589999999,
              8.736206
            ],
            [
              -67.793864,
              8.736928
            ],
            [
              -67.794366,
              8.737485000000163
            ],
            [
              -67.79503199999982,
              8.737327
            ],
            [
              -67.795834,
              8.737051000000122
            ],
            [
              -67.796399,
              8.736622000000125
            ],
            [
              -67.797138,
              8.735821000000158
            ],
            [
              -67.797854,
              8.735777
            ],
            [
              -67.7978389999999,
              8.73680800000011
            ],
            [
              -67.797402,
              8.737691000000154
            ],
            [
              -67.797969,
              8.738842000000147
            ],
            [
              -67.798037,
              8.738794
            ],
            [
              -67.7995049999999,
              8.738406000000168
            ],
            [
              -67.800106,
              8.737609
            ],
            [
              -67.80061399999983,
              8.736037
            ],
            [
              -67.80079399999988,
              8.73509300000012
            ],
            [
              -67.800896,
              8.733853000000181
            ],
            [
              -67.80124599999988,
              8.733156
            ],
            [
              -67.801752,
              8.732293
            ],
            [
              -67.8024,
              8.732296000000133
            ],
            [
              -67.803167,
              8.732388000000128
            ],
            [
              -67.804029,
              8.733369
            ],
            [
              -67.80474,
              8.733943000000181
            ],
            [
              -67.80549699999989,
              8.733760000000132
            ],
            [
              -67.806177,
              8.732503
            ],
            [
              -67.80621,
              8.731288
            ],
            [
              -67.80537,
              8.72948200000019
            ],
            [
              -67.804775,
              8.728149
            ],
            [
              -67.803938,
              8.728014
            ],
            [
              -67.803063,
              8.728177
            ],
            [
              -67.802154,
              8.728709
            ],
            [
              -67.801351,
              8.729718
            ],
            [
              -67.800867,
              8.730534
            ],
            [
              -67.79982499999983,
              8.731275
            ],
            [
              -67.799514,
              8.730941000000144
            ],
            [
              -67.79975699999989,
              8.728209
            ],
            [
              -67.80029699999989,
              8.726956
            ],
            [
              -67.801471,
              8.725981
            ],
            [
              -67.80158499999987,
              8.725154
            ],
            [
              -67.802132,
              8.724084000000119
            ],
            [
              -67.802888,
              8.723076
            ],
            [
              -67.803484,
              8.722118
            ],
            [
              -67.802782,
              8.721086
            ],
            [
              -67.80216399999989,
              8.72051
            ],
            [
              -67.800481,
              8.719919000000118
            ],
            [
              -67.800359,
              8.71893800000015
            ],
            [
              -67.801107,
              8.718435000000113
            ],
            [
              -67.802259,
              8.719064000000117
            ],
            [
              -67.803216,
              8.719333000000177
            ],
            [
              -67.80432399999984,
              8.718475
            ],
            [
              -67.804186,
              8.716968
            ],
            [
              -67.802773,
              8.716117000000168
            ],
            [
              -67.801132,
              8.716144
            ],
            [
              -67.800578,
              8.714649
            ],
            [
              -67.801398,
              8.712655
            ],
            [
              -67.801211,
              8.711837
            ],
            [
              -67.80020299999984,
              8.712165
            ],
            [
              -67.799567,
              8.71255
            ],
            [
              -67.799061,
              8.711856
            ],
            [
              -67.7995489999999,
              8.710376000000167
            ],
            [
              -67.800945,
              8.707563000000107
            ],
            [
              -67.80129399999987,
              8.706865
            ],
            [
              -67.801886,
              8.70577100000014
            ],
            [
              -67.801507,
              8.703928
            ],
            [
              -67.800382,
              8.702633
            ],
            [
              -67.800138,
              8.702206
            ],
            [
              -67.800472,
              8.70100500000018
            ],
            [
              -67.800757,
              8.699691000000144
            ],
            [
              -67.800519,
              8.698691
            ],
            [
              -67.79962199999989,
              8.697321000000159
            ],
            [
              -67.799564,
              8.696933
            ],
            [
              -67.798952,
              8.695784000000174
            ],
            [
              -67.798355,
              8.695161000000155
            ],
            [
              -67.797467,
              8.694867000000158
            ],
            [
              -67.797768,
              8.694079000000158
            ],
            [
              -67.797804,
              8.692956000000152
            ],
            [
              -67.7977929999999,
              8.691812
            ],
            [
              -67.798127,
              8.691389000000186
            ],
            [
              -67.798906,
              8.691137
            ],
            [
              -67.80033,
              8.691598
            ],
            [
              -67.80170599999985,
              8.691968
            ],
            [
              -67.801972,
              8.691571000000124
            ],
            [
              -67.802406,
              8.690619
            ],
            [
              -67.802892,
              8.689872
            ],
            [
              -67.803639,
              8.689322
            ],
            [
              -67.804764,
              8.688281
            ],
            [
              -67.805386,
              8.688193
            ],
            [
              -67.805694,
              8.687657000000115
            ],
            [
              -67.80565699999988,
              8.687200000000132
            ],
            [
              -67.805592,
              8.686561
            ],
            [
              -67.80529499999989,
              8.685929000000101
            ],
            [
              -67.805471,
              8.684847000000104
            ],
            [
              -67.805782,
              8.684403
            ],
            [
              -67.805766,
              8.683877000000166
            ],
            [
              -67.805467,
              8.683153000000118
            ],
            [
              -67.805096,
              8.681584000000157
            ],
            [
              -67.805185,
              8.680688
            ],
            [
              -67.805609,
              8.679392000000178
            ],
            [
              -67.806132,
              8.6783
            ],
            [
              -67.80675,
              8.676541000000157
            ],
            [
              -67.80709,
              8.675523000000112
            ],
            [
              -67.807291,
              8.673754000000145
            ],
            [
              -67.806657,
              8.672651
            ],
            [
              -67.806029,
              8.671754
            ],
            [
              -67.805134,
              8.67043
            ],
            [
              -67.804277,
              8.66963200000015
            ],
            [
              -67.803562,
              8.668921000000125
            ],
            [
              -67.80208299999987,
              8.668187000000103
            ],
            [
              -67.801727,
              8.667877
            ],
            [
              -67.8017109999999,
              8.666549000000145
            ],
            [
              -67.801679,
              8.665474000000188
            ],
            [
              -67.801607,
              8.664606000000106
            ],
            [
              -67.801973,
              8.663725
            ],
            [
              -67.8010809999999,
              8.66317800000013
            ],
            [
              -67.799863,
              8.662470000000155
            ],
            [
              -67.798007,
              8.661156000000119
            ],
            [
              -67.798024,
              8.659869
            ],
            [
              -67.79803899999985,
              8.657479
            ],
            [
              -67.798812,
              8.656911
            ],
            [
              -67.800326,
              8.656395
            ],
            [
              -67.800376,
              8.654556000000127
            ],
            [
              -67.799454,
              8.653657000000123
            ],
            [
              -67.799673,
              8.652113
            ],
            [
              -67.801031,
              8.65082
            ],
            [
              -67.80237499999987,
              8.650951
            ],
            [
              -67.80408399999988,
              8.65190100000018
            ],
            [
              -67.80544899999984,
              8.650929
            ],
            [
              -67.806594,
              8.649456
            ],
            [
              -67.80791399999987,
              8.64855400000016
            ],
            [
              -67.810019,
              8.646578
            ],
            [
              -67.810369,
              8.644709
            ],
            [
              -67.811804,
              8.643759000000102
            ],
            [
              -67.81241199999988,
              8.642045
            ],
            [
              -67.812646,
              8.640133000000105
            ],
            [
              -67.812985,
              8.638792
            ],
            [
              -67.812911,
              8.637576
            ],
            [
              -67.8119569999999,
              8.636288
            ],
            [
              -67.812753,
              8.634708000000103
            ],
            [
              -67.814264,
              8.632975000000101
            ],
            [
              -67.815416,
              8.632834000000116
            ],
            [
              -67.817479,
              8.633087000000103
            ],
            [
              -67.81781499999983,
              8.631610000000137
            ],
            [
              -67.817136,
              8.630223000000115
            ],
            [
              -67.817213,
              8.628499
            ],
            [
              -67.81819,
              8.627765000000124
            ],
            [
              -67.819458,
              8.627622
            ],
            [
              -67.82031499999982,
              8.62771800000013
            ],
            [
              -67.822171,
              8.627998
            ],
            [
              -67.823789,
              8.629019000000142
            ],
            [
              -67.824145,
              8.630413
            ],
            [
              -67.8242479999999,
              8.631904
            ],
            [
              -67.825383,
              8.633004
            ],
            [
              -67.827319,
              8.632755
            ],
            [
              -67.829599,
              8.632406
            ],
            [
              -67.83181699999989,
              8.631369
            ],
            [
              -67.83335099999982,
              8.630691000000127
            ],
            [
              -67.833629,
              8.631765000000144
            ],
            [
              -67.836367,
              8.631176
            ],
            [
              -67.837421,
              8.629751000000113
            ],
            [
              -67.838356,
              8.628168
            ],
            [
              -67.841176,
              8.629185
            ],
            [
              -67.842612,
              8.630302
            ],
            [
              -67.843764,
              8.63115
            ],
            [
              -67.845028,
              8.632845000000145
            ],
            [
              -67.847127,
              8.63465900000017
            ],
            [
              -67.848881,
              8.634574
            ],
            [
              -67.850307,
              8.634244
            ],
            [
              -67.851732,
              8.633891
            ],
            [
              -67.853669,
              8.63368700000018
            ],
            [
              -67.8564439999999,
              8.633717
            ],
            [
              -67.8582669999999,
              8.632574
            ],
            [
              -67.859768,
              8.631529000000171
            ],
            [
              -67.86217999999985,
              8.629799
            ],
            [
              -67.86418099999986,
              8.628376
            ],
            [
              -67.86492699999985,
              8.627624
            ],
            [
              -67.86588599999988,
              8.62712
            ],
            [
              -67.8665539999999,
              8.626003
            ],
            [
              -67.867124,
              8.624657000000184
            ],
            [
              -67.86854,
              8.623914000000184
            ],
            [
              -67.868774,
              8.622002
            ],
            [
              -67.869191,
              8.62004
            ],
            [
              -67.86930499999988,
              8.617946000000188
            ],
            [
              -67.869526,
              8.616517000000101
            ],
            [
              -67.86846899999989,
              8.614749000000188
            ],
            [
              -67.867576,
              8.614125
            ],
            [
              -67.866767,
              8.612122
            ],
            [
              -67.867151,
              8.610712
            ],
            [
              -67.867205,
              8.610021000000131
            ],
            [
              -67.86709799999988,
              8.607404000000145
            ],
            [
              -67.867368,
              8.606065
            ],
            [
              -67.868098,
              8.604624000000172
            ],
            [
              -67.868507,
              8.603306
            ],
            [
              -67.868599,
              8.602293
            ],
            [
              -67.868639,
              8.601005
            ],
            [
              -67.868799,
              8.598934
            ],
            [
              -67.86900599999984,
              8.597850000000108
            ],
            [
              -67.869289,
              8.596098
            ],
            [
              -67.868985,
              8.594956000000138
            ],
            [
              -67.867845,
              8.593625000000145
            ],
            [
              -67.865864,
              8.592888
            ],
            [
              -67.864857,
              8.59236
            ],
            [
              -67.862614,
              8.591330000000141
            ],
            [
              -67.861241,
              8.58989
            ],
            [
              -67.860995,
              8.588218
            ],
            [
              -67.86155299999984,
              8.586368000000107
            ],
            [
              -67.862566,
              8.586185
            ],
            [
              -67.86376599999988,
              8.585101
            ],
            [
              -67.864328,
              8.583388
            ],
            [
              -67.8658109999999,
              8.582574
            ],
            [
              -67.86558799999983,
              8.580925
            ],
            [
              -67.866227,
              8.579555
            ],
            [
              -67.867946,
              8.578874000000155
            ],
            [
              -67.870065,
              8.577563
            ],
            [
              -67.871896,
              8.576764
            ],
            [
              -67.873708,
              8.577160000000106
            ],
            [
              -67.875412,
              8.576893
            ],
            [
              -67.87837499999983,
              8.576091000000133
            ],
            [
              -67.878108,
              8.574512
            ],
            [
              -67.87921399999988,
              8.573385
            ],
            [
              -67.880928,
              8.571531000000107
            ],
            [
              -67.883652,
              8.571402
            ],
            [
              -67.886477,
              8.570604000000174
            ],
            [
              -67.88848,
              8.569294000000127
            ],
            [
              -67.888992,
              8.568433
            ],
            [
              -67.888073,
              8.567649
            ],
            [
              -67.88812799999988,
              8.567028
            ],
            [
              -67.888484,
              8.566445000000101
            ],
            [
              -67.888386,
              8.566195
            ],
            [
              -67.887343,
              8.566080000000113
            ],
            [
              -67.886915,
              8.565561000000173
            ],
            [
              -67.88667199999986,
              8.565038
            ],
            [
              -67.886046,
              8.563927000000149
            ],
            [
              -67.885112,
              8.56252300000017
            ],
            [
              -67.884538,
              8.560652
            ],
            [
              -67.883746,
              8.559383
            ],
            [
              -67.882787,
              8.5569
            ],
            [
              -67.881936,
              8.555035
            ],
            [
              -67.880988,
              8.553035
            ],
            [
              -67.879669,
              8.550951000000111
            ],
            [
              -67.878822,
              8.54927000000015
            ],
            [
              -67.880102,
              8.548667
            ],
            [
              -67.879319,
              8.546754000000135
            ],
            [
              -67.878317,
              8.545398
            ],
            [
              -67.877553,
              8.543325
            ],
            [
              -67.876502,
              8.541855000000169
            ],
            [
              -67.875351,
              8.540042
            ],
            [
              -67.876526,
              8.53788
            ],
            [
              -67.877371,
              8.536413
            ],
            [
              -67.878196,
              8.535108
            ],
            [
              -67.879711,
              8.53365
            ],
            [
              -67.881679,
              8.531814000000168
            ],
            [
              -67.882152,
              8.531275000000164
            ],
            [
              -67.881819,
              8.530869000000166
            ],
            [
              -67.880687,
              8.529884
            ],
            [
              -67.878808,
              8.528547
            ],
            [
              -67.87729699999988,
              8.528190000000166
            ],
            [
              -67.87646599999988,
              8.528232000000116
            ],
            [
              -67.873641,
              8.528961
            ],
            [
              -67.872337,
              8.528600000000154
            ],
            [
              -67.871996,
              8.526838
            ],
            [
              -67.8730149999999,
              8.524863
            ],
            [
              -67.872563,
              8.523356
            ],
            [
              -67.871372,
              8.521774000000107
            ],
            [
              -67.870421,
              8.520623
            ],
            [
              -67.86922099999987,
              8.518674
            ],
            [
              -67.867906,
              8.516774000000112
            ],
            [
              -67.867062,
              8.515253
            ],
            [
              -67.867206,
              8.513458000000185
            ],
            [
              -67.867173,
              8.512012
            ],
            [
              -67.866292,
              8.511893
            ],
            [
              -67.864864,
              8.511075000000176
            ],
            [
              -67.86484599999989,
              8.510294
            ],
            [
              -67.866392,
              8.509226000000126
            ],
            [
              -67.868214,
              8.508037000000172
            ],
            [
              -67.869234,
              8.506199000000151
            ],
            [
              -67.8694789999999,
              8.504769000000124
            ],
            [
              -67.86929,
              8.503602
            ],
            [
              -67.86812,
              8.501928
            ],
            [
              -67.86691999999982,
              8.501013
            ],
            [
              -67.865755,
              8.498557
            ],
            [
              -67.86592599999989,
              8.49598
            ],
            [
              -67.866273,
              8.493974
            ],
            [
              -67.866054,
              8.491452000000152
            ],
            [
              -67.8648859999999,
              8.490903
            ],
            [
              -67.863795,
              8.490721
            ],
            [
              -67.862281,
              8.49018
            ],
            [
              -67.860294,
              8.489168000000177
            ],
            [
              -67.858704,
              8.487342
            ],
            [
              -67.85672199999988,
              8.486559000000113
            ],
            [
              -67.855964,
              8.485749000000112
            ],
            [
              -67.85709899999989,
              8.483863
            ],
            [
              -67.857904,
              8.481709000000137
            ],
            [
              -67.85755199999988,
              8.480453000000125
            ],
            [
              -67.8558139999999,
              8.478217
            ],
            [
              -67.855251,
              8.47786200000013
            ],
            [
              -67.853546,
              8.477096000000188
            ],
            [
              -67.852612,
              8.477668000000108
            ],
            [
              -67.85030299999983,
              8.478776
            ],
            [
              -67.849136,
              8.479239
            ],
            [
              -67.84776099999982,
              8.480763
            ],
            [
              -67.844297,
              8.480840000000171
            ],
            [
              -67.843588,
              8.47913300000016
            ],
            [
              -67.842861,
              8.475634000000184
            ],
            [
              -67.842699,
              8.473615000000109
            ],
            [
              -67.8425289999999,
              8.471252000000163
            ],
            [
              -67.842462,
              8.469347000000141
            ],
            [
              -67.843552,
              8.46750800000018
            ],
            [
              -67.84413599999982,
              8.465771000000188
            ],
            [
              -67.846336,
              8.460944
            ],
            [
              -67.845631,
              8.459397
            ],
            [
              -67.84585499999986,
              8.458106000000157
            ],
            [
              -67.846621,
              8.45622800000018
            ],
            [
              -67.84696,
              8.453877
            ],
            [
              -67.8460199999999,
              8.45219800000018
            ],
            [
              -67.84431599999988,
              8.451409
            ],
            [
              -67.843082,
              8.451
            ],
            [
              -67.843215,
              8.449756
            ],
            [
              -67.84389699999986,
              8.449259000000154
            ],
            [
              -67.84493599999985,
              8.448225
            ],
            [
              -67.846495,
              8.447707
            ],
            [
              -67.847453,
              8.446147
            ],
            [
              -67.849373,
              8.445254
            ],
            [
              -67.849701,
              8.443432000000143
            ],
            [
              -67.84818499999989,
              8.441834
            ],
            [
              -67.846234,
              8.442383
            ],
            [
              -67.844755,
              8.443358
            ],
            [
              -67.843582,
              8.443614
            ],
            [
              -67.84364799999986,
              8.441453
            ],
            [
              -67.842434,
              8.438884
            ],
            [
              -67.843035,
              8.437883
            ],
            [
              -67.844778,
              8.438326
            ],
            [
              -67.845835,
              8.43706200000014
            ],
            [
              -67.845558,
              8.436057000000119
            ],
            [
              -67.845475,
              8.434474
            ],
            [
              -67.845718,
              8.432975
            ],
            [
              -67.8468979999999,
              8.432029
            ],
            [
              -67.847565,
              8.430911
            ],
            [
              -67.84731499999987,
              8.43009
            ],
            [
              -67.846345,
              8.429078000000175
            ],
            [
              -67.846701,
              8.428495
            ],
            [
              -67.847752,
              8.427967
            ],
            [
              -67.84903,
              8.428306
            ],
            [
              -67.849173,
              8.427498000000185
            ],
            [
              -67.849121,
              8.426213
            ],
            [
              -67.84739,
              8.426298
            ],
            [
              -67.846822,
              8.425690000000145
            ],
            [
              -67.846548,
              8.424823000000174
            ],
            [
              -67.8464019999999,
              8.423494000000176
            ],
            [
              -67.844792,
              8.42279400000018
            ],
            [
              -67.84494199999989,
              8.422286
            ],
            [
              -67.846355,
              8.4204620000001
            ],
            [
              -67.847517,
              8.418736000000138
            ],
            [
              -67.848538,
              8.417909
            ],
            [
              -67.849903,
              8.417994
            ],
            [
              -67.849975,
              8.419141
            ],
            [
              -67.850181,
              8.421066000000167
            ],
            [
              -67.851097,
              8.421712000000184
            ],
            [
              -67.853706,
              8.422642
            ],
            [
              -67.854503,
              8.422142
            ],
            [
              -67.85422299999988,
              8.421022000000107
            ],
            [
              -67.852663,
              8.419472
            ],
            [
              -67.852341,
              8.418537000000185
            ],
            [
              -67.852426,
              8.417202
            ],
            [
              -67.852741,
              8.415840000000117
            ],
            [
              -67.853212,
              8.415232000000117
            ],
            [
              -67.852913,
              8.413286
            ],
            [
              -67.85293499999989,
              8.411195
            ],
            [
              -67.853442,
              8.410150000000101
            ],
            [
              -67.854299,
              8.409235
            ],
            [
              -67.85656299999988,
              8.40923
            ],
            [
              -67.856752,
              8.408422
            ],
            [
              -67.856039,
              8.406531000000143
            ],
            [
              -67.855926,
              8.404649
            ],
            [
              -67.856206,
              8.40374700000018
            ],
            [
              -67.858204,
              8.403243
            ],
            [
              -67.85847299999989,
              8.40287000000012
            ],
            [
              -67.85793499999988,
              8.401572000000158
            ],
            [
              -67.856447,
              8.401169
            ],
            [
              -67.85460399999988,
              8.400406000000146
            ],
            [
              -67.853651,
              8.399117000000103
            ],
            [
              -67.85383,
              8.397873000000175
            ],
            [
              -67.854405,
              8.397768
            ],
            [
              -67.856324,
              8.396806
            ],
            [
              -67.856115,
              8.395777000000123
            ],
            [
              -67.85485399999988,
              8.394197000000133
            ],
            [
              -67.853364,
              8.393679
            ],
            [
              -67.85235099999989,
              8.391795000000172
            ],
            [
              -67.850902,
              8.393091
            ],
            [
              -67.848446,
              8.393766
            ],
            [
              -67.84744399999988,
              8.393397
            ],
            [
              -67.847295,
              8.391953000000115
            ],
            [
              -67.84656599999988,
              8.390361
            ],
            [
              -67.8468519999999,
              8.38874600000014
            ],
            [
              -67.847424,
              8.387516000000176
            ],
            [
              -67.846247,
              8.386531
            ],
            [
              -67.84489599999989,
              8.385068000000103
            ],
            [
              -67.84386299999989,
              8.383299000000136
            ],
            [
              -67.842534,
              8.380755000000136
            ],
            [
              -67.841459,
              8.378252000000145
            ],
            [
              -67.840596,
              8.37687
            ],
            [
              -67.839392,
              8.375748000000101
            ],
            [
              -67.838947,
              8.374494
            ],
            [
              -67.83902099999989,
              8.373666000000128
            ],
            [
              -67.83942,
              8.37294500000013
            ],
            [
              -67.839889,
              8.372268
            ],
            [
              -67.83989,
              8.37128
            ],
            [
              -67.839495,
              8.37018600000016
            ],
            [
              -67.839633,
              8.369149000000107
            ],
            [
              -67.840553,
              8.36798
            ],
            [
              -67.839998,
              8.366935
            ],
            [
              -67.83823399999989,
              8.365573
            ],
            [
              -67.837921,
              8.364983
            ],
            [
              -67.836265,
              8.364285
            ],
            [
              -67.835358,
              8.363018000000181
            ],
            [
              -67.83491,
              8.362615
            ],
            [
              -67.833787,
              8.361997
            ],
            [
              -67.833242,
              8.361411
            ],
            [
              -67.832768,
              8.360871
            ],
            [
              -67.831811,
              8.360455
            ],
            [
              -67.831712,
              8.359171
            ],
            [
              -67.831337,
              8.35789300000016
            ],
            [
              -67.83089,
              8.35657
            ],
            [
              -67.830899,
              8.35595000000012
            ],
            [
              -67.831207,
              8.355277
            ],
            [
              -67.830385,
              8.354652
            ],
            [
              -67.829376,
              8.353985
            ],
            [
              -67.829459,
              8.35359300000016
            ],
            [
              -67.829988,
              8.352455
            ],
            [
              -67.83078099999989,
              8.351794
            ],
            [
              -67.832089,
              8.351420000000132
            ],
            [
              -67.83319699999987,
              8.350362000000189
            ],
            [
              -67.833093,
              8.348871
            ],
            [
              -67.83197799999988,
              8.347563
            ],
            [
              -67.831044,
              8.347148000000175
            ],
            [
              -67.829103,
              8.347099
            ],
            [
              -67.8288629999999,
              8.346737
            ],
            [
              -67.829334,
              8.346106000000134
            ],
            [
              -67.830287,
              8.34534900000017
            ],
            [
              -67.831271,
              8.344937000000186
            ],
            [
              -67.832373,
              8.34466
            ],
            [
              -67.833297,
              8.34468500000014
            ],
            [
              -67.834298,
              8.345007000000123
            ],
            [
              -67.834961,
              8.344717000000117
            ],
            [
              -67.835065,
              8.344186
            ],
            [
              -67.834955,
              8.343453000000181
            ],
            [
              -67.83465699999988,
              8.342517000000157
            ],
            [
              -67.83393499999983,
              8.342281000000185
            ],
            [
              -67.83298899999988,
              8.342302000000132
            ],
            [
              -67.831881,
              8.342326000000185
            ],
            [
              -67.831291,
              8.341811000000178
            ],
            [
              -67.831395,
              8.341303
            ],
            [
              -67.83190799999988,
              8.340511000000106
            ],
            [
              -67.83261299999987,
              8.340013000000113
            ],
            [
              -67.833769,
              8.340079
            ],
            [
              -67.83572,
              8.340541
            ],
            [
              -67.836603,
              8.34077400000018
            ],
            [
              -67.837238,
              8.340277
            ],
            [
              -67.837579,
              8.339029
            ],
            [
              -67.836913,
              8.338171000000102
            ],
            [
              -67.83632299999988,
              8.337633
            ],
            [
              -67.836289,
              8.33712800000012
            ],
            [
              -67.83589199999983,
              8.335965
            ],
            [
              -67.8353,
              8.3353350000001
            ],
            [
              -67.835435,
              8.334137000000112
            ],
            [
              -67.83585899999986,
              8.333508000000108
            ],
            [
              -67.836633,
              8.33300800000012
            ],
            [
              -67.837535,
              8.332046000000105
            ],
            [
              -67.837474,
              8.331427
            ],
            [
              -67.836671,
              8.331629
            ],
            [
              -67.835697,
              8.331489
            ],
            [
              -67.835471,
              8.330667
            ],
            [
              -67.835452,
              8.33012100000019
            ],
            [
              -67.835716,
              8.329307000000142
            ],
            [
              -67.83665799999989,
              8.328454
            ],
            [
              -67.83681899999988,
              8.328385
            ],
            [
              -67.837001,
              8.327833
            ],
            [
              -67.837322,
              8.327281
            ],
            [
              -67.837435,
              8.326845
            ],
            [
              -67.837501,
              8.326157000000137
            ],
            [
              -67.837637,
              8.32572
            ],
            [
              -67.83797999999985,
              8.325099000000137
            ],
            [
              -67.83821,
              8.324777000000154
            ],
            [
              -67.838713,
              8.323949
            ],
            [
              -67.838734,
              8.32349
            ],
            [
              -67.83868399999983,
              8.322756
            ],
            [
              -67.83806,
              8.322644
            ],
            [
              -67.83748199999985,
              8.32244
            ],
            [
              -67.83701899999988,
              8.322144
            ],
            [
              -67.836417,
              8.32182500000016
            ],
            [
              -67.835423,
              8.3216
            ],
            [
              -67.83496,
              8.321372000000167
            ],
            [
              -67.83447499999983,
              8.321260000000109
            ],
            [
              -67.83368799999988,
              8.320873
            ],
            [
              -67.833248,
              8.32059900000013
            ],
            [
              -67.832851,
              8.319637000000114
            ],
            [
              -67.832616,
              8.318950000000143
            ],
            [
              -67.832545,
              8.318515
            ],
            [
              -67.832266,
              8.318057000000124
            ],
            [
              -67.832171,
              8.317690000000141
            ],
            [
              -67.83217,
              8.317369
            ],
            [
              -67.831498,
              8.316867
            ],
            [
              -67.830965,
              8.316411000000187
            ],
            [
              -67.830686,
              8.316136
            ],
            [
              -67.830614,
              8.315563
            ],
            [
              -67.831257,
              8.314941
            ],
            [
              -67.83236199999988,
              8.31431700000013
            ],
            [
              -67.83296,
              8.313856
            ],
            [
              -67.83365099999986,
              8.313463000000183
            ],
            [
              -67.8340649999999,
              8.313186
            ],
            [
              -67.8341989999999,
              8.312268
            ],
            [
              -67.834289,
              8.311785
            ],
            [
              -67.83456299999989,
              8.311257
            ],
            [
              -67.83480777299991,
              8.311195022999982
            ],
            [
              -67.835578,
              8.31100000000015
            ],
            [
              -67.8363169999999,
              8.310997
            ],
            [
              -67.83665699999989,
              8.309849
            ],
            [
              -67.836676,
              8.309091
            ],
            [
              -67.836373,
              8.308496
            ],
            [
              -67.835264,
              8.308363
            ],
            [
              -67.8340649999999,
              8.308506
            ],
            [
              -67.833097,
              8.308808000000113
            ],
            [
              -67.83281141699996,
              8.309040225000047
            ],
            [
              -67.832246,
              8.309500000000185
            ],
            [
              -67.830771,
              8.309942000000149
            ],
            [
              -67.83014699999984,
              8.309830000000147
            ],
            [
              -67.829518,
              8.308823000000132
            ],
            [
              -67.829191,
              8.307930000000113
            ],
            [
              -67.82932299999987,
              8.30680500000011
            ],
            [
              -67.829504,
              8.3058860000001
            ],
            [
              -67.82957850399998,
              8.305550732000086
            ],
            [
              -67.829662,
              8.305175
            ],
            [
              -67.829842,
              8.304394000000116
            ],
            [
              -67.83055899999982,
              8.304666
            ],
            [
              -67.830997,
              8.304389
            ],
            [
              -67.831111,
              8.304205000000138
            ],
            [
              -67.831246,
              8.30347
            ],
            [
              -67.831591,
              8.303239000000133
            ],
            [
              -67.832055,
              8.30365
            ],
            [
              -67.833141,
              8.303921
            ],
            [
              -67.833788,
              8.303919
            ],
            [
              -67.833784,
              8.303139
            ],
            [
              -67.833919,
              8.30245
            ],
            [
              -67.83475,
              8.302377
            ],
            [
              -67.835465,
              8.302375
            ],
            [
              -67.835881,
              8.30251
            ],
            [
              -67.83618499999983,
              8.303129
            ],
            [
              -67.83664799999985,
              8.303540000000169
            ],
            [
              -67.836925,
              8.303538000000174
            ],
            [
              -67.837015,
              8.302896
            ],
            [
              -67.837057,
              8.302047
            ],
            [
              -67.837006,
              8.301221000000112
            ],
            [
              -67.837049,
              8.30046300000015
            ],
            [
              -67.837162,
              8.300026
            ],
            [
              -67.836834,
              8.299156000000153
            ],
            [
              -67.835833,
              8.297394
            ],
            [
              -67.835808,
              8.297073000000125
            ],
            [
              -67.836014,
              8.296682
            ],
            [
              -67.836309,
              8.29567100000014
            ],
            [
              -67.8368559999999,
              8.294315
            ],
            [
              -67.83701699999983,
              8.294177000000161
            ],
            [
              -67.83715299999989,
              8.293603
            ],
            [
              -67.837307,
              8.29224900000014
            ],
            [
              -67.83728,
              8.291469
            ],
            [
              -67.8372476319999,
              8.291067457000167
            ],
            [
              -67.837206,
              8.290551000000164
            ],
            [
              -67.837411,
              8.289977
            ],
            [
              -67.83718931099997,
              8.289873478000061
            ],
            [
              -67.83703237299994,
              8.289800193000133
            ],
            [
              -67.8367474079999,
              8.289942686000074
            ],
            [
              -67.83664589699993,
              8.289934072000108
            ],
            [
              -67.83418741399993,
              8.291155927000034
            ],
            [
              -67.8246398949999,
              8.29590100300004
            ],
            [
              -67.79126266899988,
              8.312489341000173
            ],
            [
              -67.78196231799996,
              8.317111576000059
            ],
            [
              -67.518595,
              8.448004
            ],
            [
              -67.518947,
              8.44930600000015
            ],
            [
              -67.518516,
              8.450717
            ],
            [
              -67.517727,
              8.451606
            ],
            [
              -67.515078,
              8.451939
            ],
            [
              -67.5135049999999,
              8.45183500000013
            ],
            [
              -67.51157299999983,
              8.452245000000119
            ],
            [
              -67.510702,
              8.452562
            ],
            [
              -67.50907599999988,
              8.453171
            ],
            [
              -67.507887,
              8.453794
            ],
            [
              -67.506874,
              8.453953
            ],
            [
              -67.505602,
              8.453888000000177
            ],
            [
              -67.504672,
              8.45361
            ],
            [
              -67.5037559999999,
              8.452917000000127
            ],
            [
              -67.501764,
              8.451628
            ],
            [
              -67.49866599999984,
              8.453623000000107
            ],
            [
              -67.495441,
              8.453855000000146
            ],
            [
              -67.494187,
              8.454726
            ],
            [
              -67.492537,
              8.452621
            ],
            [
              -67.49270699999988,
              8.451746
            ],
            [
              -67.492539,
              8.450074
            ],
            [
              -67.49209699999989,
              8.44859
            ],
            [
              -67.49085,
              8.447347
            ],
            [
              -67.489158,
              8.44705400000015
            ],
            [
              -67.487365,
              8.447590000000105
            ],
            [
              -67.485615,
              8.447986000000185
            ],
            [
              -67.483407,
              8.44722
            ],
            [
              -67.481555,
              8.445712000000128
            ],
            [
              -67.480643,
              8.445108
            ],
            [
              -67.478788,
              8.444702
            ],
            [
              -67.476413,
              8.445041
            ],
            [
              -67.47514299999989,
              8.44508500000012
            ],
            [
              -67.473322,
              8.443967
            ],
            [
              -67.47251199999988,
              8.44262700000013
            ],
            [
              -67.471646,
              8.441975
            ],
            [
              -67.469613,
              8.4419630000001
            ],
            [
              -67.468576,
              8.442164
            ],
            [
              -67.467614,
              8.441308000000106
            ],
            [
              -67.46659999999986,
              8.440109000000177
            ],
            [
              -67.465715,
              8.438402000000167
            ],
            [
              -67.464583,
              8.437090000000126
            ],
            [
              -67.46385199999986,
              8.436322000000189
            ],
            [
              -67.462069,
              8.436122000000182
            ],
            [
              -67.460903,
              8.436784
            ],
            [
              -67.459753,
              8.437124
            ],
            [
              -67.45843799999989,
              8.437215
            ],
            [
              -67.457304,
              8.437119
            ],
            [
              -67.45546999999982,
              8.436621
            ],
            [
              -67.454121,
              8.43613900000014
            ],
            [
              -67.452219,
              8.435689
            ],
            [
              -67.450746,
              8.434703000000184
            ],
            [
              -67.44941,
              8.433601000000124
            ],
            [
              -67.448621,
              8.432100000000105
            ],
            [
              -67.44848499999989,
              8.430909000000156
            ],
            [
              -67.448002,
              8.429701
            ],
            [
              -67.4471989999999,
              8.428704
            ],
            [
              -67.44564,
              8.428065000000174
            ],
            [
              -67.443552,
              8.427594000000113
            ],
            [
              -67.442413,
              8.4272
            ],
            [
              -67.440642,
              8.426403000000164
            ],
            [
              -67.439519,
              8.425619000000154
            ],
            [
              -67.43864899999988,
              8.424738
            ],
            [
              -67.437628,
              8.423149
            ],
            [
              -67.436713,
              8.422361
            ],
            [
              -67.43588,
              8.422283000000164
            ],
            [
              -67.434306,
              8.422102000000109
            ],
            [
              -67.432829,
              8.4222180000001
            ],
            [
              -67.4321159999999,
              8.422391
            ],
            [
              -67.43145099999987,
              8.421346
            ],
            [
              -67.4314169999999,
              8.420704
            ],
            [
              -67.43133099999989,
              8.419765
            ],
            [
              -67.43011999999987,
              8.419234000000131
            ],
            [
              -67.429794,
              8.419056000000126
            ],
            [
              -67.42949299999987,
              8.41773
            ],
            [
              -67.429674,
              8.416167
            ],
            [
              -67.429898,
              8.414396
            ],
            [
              -67.429428,
              8.412614
            ],
            [
              -67.42669199999983,
              8.409424
            ],
            [
              -67.423147,
              8.406155000000126
            ],
            [
              -67.42197,
              8.403559
            ],
            [
              -67.4185849999999,
              8.4015950000001
            ],
            [
              -67.416553,
              8.400344000000189
            ],
            [
              -67.4175029999999,
              8.399204000000168
            ],
            [
              -67.41855,
              8.398292
            ],
            [
              -67.419467,
              8.39651
            ],
            [
              -67.42036999999988,
              8.393971
            ],
            [
              -67.420583,
              8.391604
            ],
            [
              -67.42019,
              8.388902
            ],
            [
              -67.417144,
              8.38778200000013
            ],
            [
              -67.41383699999989,
              8.390247000000159
            ],
            [
              -67.41061999999988,
              8.39128600000015
            ],
            [
              -67.408051,
              8.392338000000166
            ],
            [
              -67.405494,
              8.39277
            ],
            [
              -67.402404,
              8.391788000000133
            ],
            [
              -67.400438,
              8.390306
            ],
            [
              -67.39812599999988,
              8.390252
            ],
            [
              -67.395886,
              8.39028900000011
            ],
            [
              -67.39397,
              8.390389
            ],
            [
              -67.392448,
              8.390575000000126
            ],
            [
              -67.389811,
              8.389058
            ],
            [
              -67.38825499999984,
              8.38724800000017
            ],
            [
              -67.386372,
              8.385214000000133
            ],
            [
              -67.384018,
              8.383989
            ],
            [
              -67.381315,
              8.38268
            ],
            [
              -67.379529,
              8.380896
            ],
            [
              -67.378279,
              8.379425
            ],
            [
              -67.377415,
              8.377627000000132
            ],
            [
              -67.376211,
              8.376109
            ],
            [
              -67.374951,
              8.374065
            ],
            [
              -67.37396499999983,
              8.373140000000149
            ],
            [
              -67.37283999999983,
              8.372172000000148
            ],
            [
              -67.371169,
              8.371763
            ],
            [
              -67.368008,
              8.371953000000133
            ],
            [
              -67.36671,
              8.371745
            ],
            [
              -67.36505999999986,
              8.371175
            ],
            [
              -67.36358,
              8.372415
            ],
            [
              -67.362338,
              8.372734
            ],
            [
              -67.359989,
              8.371785000000102
            ],
            [
              -67.3579,
              8.371223000000157
            ],
            [
              -67.35494199999988,
              8.371248
            ],
            [
              -67.352764,
              8.370848
            ],
            [
              -67.351427,
              8.369677000000138
            ],
            [
              -67.34917,
              8.368727
            ],
            [
              -67.34609,
              8.36829500000016
            ],
            [
              -67.344496,
              8.368252000000155
            ],
            [
              -67.343549,
              8.368291
            ],
            [
              -67.341685,
              8.367357
            ],
            [
              -67.340764,
              8.366156000000103
            ],
            [
              -67.339823,
              8.366539
            ],
            [
              -67.338884,
              8.36834400000015
            ],
            [
              -67.338379,
              8.369889
            ],
            [
              -67.338008,
              8.371180000000152
            ],
            [
              -67.337166,
              8.371928
            ],
            [
              -67.335944,
              8.373370000000136
            ],
            [
              -67.3347859999999,
              8.374536
            ],
            [
              -67.3333209999999,
              8.375341000000162
            ],
            [
              -67.332618,
              8.374800000000164
            ],
            [
              -67.331476,
              8.374247
            ],
            [
              -67.331469,
              8.372479000000169
            ],
            [
              -67.331943,
              8.370498
            ],
            [
              -67.332078,
              8.368936
            ],
            [
              -67.332481,
              8.36505000000011
            ],
            [
              -67.33313,
              8.362286
            ],
            [
              -67.335668,
              8.359952
            ],
            [
              -67.335855,
              8.357402
            ],
            [
              -67.333836,
              8.355531
            ],
            [
              -67.33077999999989,
              8.35386
            ],
            [
              -67.328468,
              8.353691
            ],
            [
              -67.325884,
              8.353893000000141
            ],
            [
              -67.32361999999989,
              8.353907
            ],
            [
              -67.321401,
              8.353783
            ],
            [
              -67.318407,
              8.354336
            ],
            [
              -67.317156,
              8.35543500000017
            ],
            [
              -67.316071,
              8.356875000000116
            ],
            [
              -67.314989,
              8.358407
            ],
            [
              -67.312912,
              8.359886
            ],
            [
              -67.311263,
              8.362092000000132
            ],
            [
              -67.309879,
              8.364914
            ],
            [
              -67.308764,
              8.367295
            ],
            [
              -67.30715,
              8.367436000000168
            ],
            [
              -67.304673,
              8.365778
            ],
            [
              -67.30221599999987,
              8.363937
            ],
            [
              -67.29918,
              8.363389000000154
            ],
            [
              -67.296485,
              8.362446
            ],
            [
              -67.292531,
              8.360858000000178
            ],
            [
              -67.289205,
              8.359535000000108
            ],
            [
              -67.28672199999988,
              8.358956
            ],
            [
              -67.284075,
              8.358104
            ],
            [
              -67.28279799999984,
              8.357734000000164
            ],
            [
              -67.28080599999987,
              8.357399000000157
            ],
            [
              -67.278875,
              8.356605000000172
            ],
            [
              -67.2768119999999,
              8.354848000000118
            ],
            [
              -67.27555099999984,
              8.352666
            ],
            [
              -67.275143,
              8.351778
            ],
            [
              -67.274141,
              8.34989
            ],
            [
              -67.272744,
              8.349224000000163
            ],
            [
              -67.271629,
              8.348875
            ],
            [
              -67.2708889999999,
              8.348818000000165
            ],
            [
              -67.269662,
              8.348631000000125
            ],
            [
              -67.269002,
              8.347885
            ],
            [
              -67.268744,
              8.347636
            ],
            [
              -67.266579,
              8.346639000000152
            ],
            [
              -67.26345,
              8.346070000000168
            ],
            [
              -67.262337,
              8.345812000000137
            ],
            [
              -67.261052,
              8.344984000000181
            ],
            [
              -67.25976999999989,
              8.344293
            ],
            [
              -67.258072,
              8.343609
            ],
            [
              -67.25627999999989,
              8.342789
            ],
            [
              -67.255206,
              8.342118
            ],
            [
              -67.253909,
              8.341887
            ],
            [
              -67.25223199999988,
              8.342464
            ],
            [
              -67.251342,
              8.34307500000017
            ],
            [
              -67.25027399999988,
              8.344148000000132
            ],
            [
              -67.249409,
              8.344896000000176
            ],
            [
              -67.24869499999988,
              8.346376
            ],
            [
              -67.249209,
              8.348088000000132
            ],
            [
              -67.24956499999985,
              8.349987
            ],
            [
              -67.24916,
              8.352012000000116
            ],
            [
              -67.248214,
              8.35345
            ],
            [
              -67.24723399999988,
              8.354223
            ],
            [
              -67.2448639999999,
              8.354743
            ],
            [
              -67.243087,
              8.354863
            ],
            [
              -67.24186099999986,
              8.354722000000152
            ],
            [
              -67.240766,
              8.354235000000187
            ],
            [
              -67.239422,
              8.353981000000147
            ],
            [
              -67.23844,
              8.353262000000143
            ],
            [
              -67.23770599999989,
              8.352242000000103
            ],
            [
              -67.237303,
              8.351606
            ],
            [
              -67.23744799999986,
              8.350594
            ],
            [
              -67.237382,
              8.349448
            ],
            [
              -67.23637,
              8.34834
            ],
            [
              -67.235338,
              8.347439
            ],
            [
              -67.234176,
              8.346998
            ],
            [
              -67.23341099999988,
              8.346827
            ],
            [
              -67.23194,
              8.34591
            ],
            [
              -67.230985,
              8.345444
            ],
            [
              -67.229522,
              8.344939000000181
            ],
            [
              -67.228465,
              8.3453
            ],
            [
              -67.22765699999985,
              8.345313
            ],
            [
              -67.226434,
              8.345356
            ],
            [
              -67.225153,
              8.344734
            ],
            [
              -67.22408399999989,
              8.344384000000105
            ],
            [
              -67.22270999999989,
              8.343718
            ],
            [
              -67.221439,
              8.342270000000156
            ],
            [
              -67.220109,
              8.341511
            ],
            [
              -67.2191299999999,
              8.341045
            ],
            [
              -67.218196,
              8.340394000000174
            ],
            [
              -67.217368,
              8.339260000000138
            ],
            [
              -67.21608199999986,
              8.33834
            ],
            [
              -67.215099,
              8.337576
            ],
            [
              -67.21411499999982,
              8.336720000000128
            ],
            [
              -67.213028,
              8.336622
            ],
            [
              -67.211483,
              8.336808000000133
            ],
            [
              -67.210248,
              8.337539
            ],
            [
              -67.2090869999999,
              8.338544
            ],
            [
              -67.20791499999984,
              8.338861000000179
            ],
            [
              -67.206272,
              8.338703
            ],
            [
              -67.20425699999987,
              8.338391
            ],
            [
              -67.201781,
              8.33811
            ],
            [
              -67.200413,
              8.337764
            ],
            [
              -67.199511,
              8.337733000000128
            ],
            [
              -67.197976,
              8.337092
            ],
            [
              -67.1975589999999,
              8.337007
            ],
            [
              -67.19657,
              8.337321000000145
            ],
            [
              -67.195013,
              8.33810300000016
            ],
            [
              -67.194464,
              8.338456
            ],
            [
              -67.193207,
              8.33921
            ],
            [
              -67.19258799999989,
              8.339518000000169
            ],
            [
              -67.1908949999999,
              8.340462000000116
            ],
            [
              -67.19023,
              8.34074800000019
            ],
            [
              -67.188691,
              8.341278000000159
            ],
            [
              -67.186912,
              8.341237000000149
            ],
            [
              -67.185818,
              8.340704
            ],
            [
              -67.18414299999989,
              8.339996
            ],
            [
              -67.1837599999999,
              8.339381
            ],
            [
              -67.18335499999989,
              8.338495
            ],
            [
              -67.18357,
              8.336151000000143
            ],
            [
              -67.183488,
              8.33539500000012
            ],
            [
              -67.183092,
              8.33379600000012
            ],
            [
              -67.1821829999999,
              8.330529000000183
            ],
            [
              -67.182807,
              8.329334
            ],
            [
              -67.18263199999984,
              8.327273000000105
            ],
            [
              -67.18171,
              8.32569100000012
            ],
            [
              -67.180743,
              8.324157000000184
            ],
            [
              -67.17988499999984,
              8.323194000000115
            ],
            [
              -67.17858,
              8.321900000000142
            ],
            [
              -67.177249,
              8.320560000000114
            ],
            [
              -67.176439,
              8.318838
            ],
            [
              -67.174971,
              8.318374
            ],
            [
              -67.17396699999983,
              8.318747
            ],
            [
              -67.172827,
              8.319216
            ],
            [
              -67.17151399999989,
              8.319276000000116
            ],
            [
              -67.171117,
              8.31908
            ],
            [
              -67.1699789999999,
              8.318814
            ],
            [
              -67.167613,
              8.318353000000116
            ],
            [
              -67.16626399999984,
              8.317978
            ],
            [
              -67.16473,
              8.317539
            ],
            [
              -67.16338,
              8.317118
            ],
            [
              -67.16169699999989,
              8.316362
            ],
            [
              -67.160959,
              8.316337
            ],
            [
              -67.15893899999986,
              8.3166930000001
            ],
            [
              -67.15793799999989,
              8.31718
            ],
            [
              -67.157066,
              8.317343
            ],
            [
              -67.155885,
              8.31717
            ],
            [
              -67.15469699999989,
              8.316767
            ],
            [
              -67.153789,
              8.316471
            ],
            [
              -67.15176999999989,
              8.315265
            ],
            [
              -67.15059999999983,
              8.314679
            ],
            [
              -67.149535,
              8.313721
            ],
            [
              -67.14765199999988,
              8.31242
            ],
            [
              -67.146303,
              8.311218
            ],
            [
              -67.145437,
              8.310783000000129
            ],
            [
              -67.143139,
              8.311055
            ],
            [
              -67.14244899999989,
              8.311143
            ],
            [
              -67.14057099999985,
              8.312413000000163
            ],
            [
              -67.13935,
              8.31405500000011
            ],
            [
              -67.13857499999989,
              8.315179
            ],
            [
              -67.13655,
              8.316155000000151
            ],
            [
              -67.134563,
              8.315224
            ],
            [
              -67.132359,
              8.313977
            ],
            [
              -67.1308279999999,
              8.31287200000014
            ],
            [
              -67.12981899999983,
              8.3115
            ],
            [
              -67.128833,
              8.310059
            ],
            [
              -67.127802,
              8.307906000000116
            ],
            [
              -67.126882,
              8.306394
            ],
            [
              -67.12594,
              8.304905000000133
            ],
            [
              -67.124595,
              8.304622000000165
            ],
            [
              -67.123434,
              8.304356
            ],
            [
              -67.122378,
              8.303743000000111
            ],
            [
              -67.120724,
              8.30317
            ],
            [
              -67.119558,
              8.30272
            ],
            [
              -67.116968,
              8.301668000000177
            ],
            [
              -67.115741,
              8.301496000000157
            ],
            [
              -67.112472,
              8.301703
            ],
            [
              -67.11129099999988,
              8.302334
            ],
            [
              -67.109863,
              8.30242
            ],
            [
              -67.108379,
              8.30051
            ],
            [
              -67.107625,
              8.298373
            ],
            [
              -67.107984,
              8.297238000000107
            ],
            [
              -67.107089,
              8.294967000000156
            ],
            [
              -67.105985,
              8.293460000000152
            ],
            [
              -67.10485,
              8.29167800000016
            ],
            [
              -67.103782,
              8.28980200000018
            ],
            [
              -67.10203899999988,
              8.28852000000012
            ],
            [
              -67.102229,
              8.286309000000188
            ],
            [
              -67.102614,
              8.285265
            ],
            [
              -67.102742,
              8.283287
            ],
            [
              -67.102614,
              8.282028
            ],
            [
              -67.1011309999999,
              8.280187
            ],
            [
              -67.097681,
              8.280491
            ],
            [
              -67.09534899999989,
              8.282003
            ],
            [
              -67.092075,
              8.282853
            ],
            [
              -67.09071299999988,
              8.282776
            ],
            [
              -67.088919,
              8.281357
            ],
            [
              -67.08751499999988,
              8.279032
            ],
            [
              -67.08658799999984,
              8.278094
            ],
            [
              -67.085607,
              8.276859
            ],
            [
              -67.08418199999988,
              8.274580000000128
            ],
            [
              -67.082546,
              8.271411000000114
            ],
            [
              -67.08114099999989,
              8.270647000000167
            ],
            [
              -67.079716,
              8.270022
            ],
            [
              -67.079688,
              8.268232000000182
            ],
            [
              -67.07880299999988,
              8.267131
            ],
            [
              -67.078364,
              8.265468000000112
            ],
            [
              -67.077657,
              8.264937
            ],
            [
              -67.075038,
              8.262875000000122
            ],
            [
              -67.073298,
              8.262488
            ],
            [
              -67.07151799999986,
              8.261527000000171
            ],
            [
              -67.06891,
              8.259856
            ],
            [
              -67.06736099999989,
              8.259693
            ],
            [
              -67.065397,
              8.25961000000018
            ],
            [
              -67.063753,
              8.259358
            ],
            [
              -67.062073,
              8.257867
            ],
            [
              -67.060936,
              8.25679700000012
            ],
            [
              -67.059673,
              8.256993
            ],
            [
              -67.058753,
              8.257088
            ],
            [
              -67.057622,
              8.256224000000145
            ],
            [
              -67.057076,
              8.255688
            ],
            [
              -67.056229,
              8.255092000000104
            ],
            [
              -67.055217,
              8.255167
            ],
            [
              -67.054215,
              8.255608000000166
            ],
            [
              -67.052831,
              8.255624
            ],
            [
              -67.05102199999988,
              8.256065000000149
            ],
            [
              -67.04984999999982,
              8.257016000000135
            ],
            [
              -67.048375,
              8.257838000000106
            ],
            [
              -67.0460379999999,
              8.258363
            ],
            [
              -67.044594,
              8.257852000000184
            ],
            [
              -67.0425709999999,
              8.256486000000166
            ],
            [
              -67.04053299999987,
              8.255395000000135
            ],
            [
              -67.038491,
              8.254924
            ],
            [
              -67.037378,
              8.253922000000102
            ],
            [
              -67.036106,
              8.252971000000116
            ],
            [
              -67.033983,
              8.252089000000126
            ],
            [
              -67.033098,
              8.250988000000177
            ],
            [
              -67.032001,
              8.249711
            ],
            [
              -67.03024099999988,
              8.247808000000134
            ],
            [
              -67.027663,
              8.246365
            ],
            [
              -67.02545,
              8.245578
            ],
            [
              -67.023206,
              8.24529600000011
            ],
            [
              -67.02136599999983,
              8.24550900000014
            ],
            [
              -67.020275,
              8.245241
            ],
            [
              -67.019156,
              8.244813000000136
            ],
            [
              -67.01700199999988,
              8.244483000000173
            ],
            [
              -67.015779,
              8.246078000000182
            ],
            [
              -67.014722,
              8.24700300000012
            ],
            [
              -67.012385,
              8.247551
            ],
            [
              -67.01133599999986,
              8.24797
            ],
            [
              -67.0096329999999,
              8.24726
            ],
            [
              -67.009078,
              8.246403
            ],
            [
              -67.009097,
              8.245439
            ],
            [
              -67.009146,
              8.24389900000017
            ],
            [
              -67.008563,
              8.243686000000139
            ],
            [
              -67.006742,
              8.243691000000183
            ],
            [
              -67.005819,
              8.24367100000012
            ],
            [
              -67.005032,
              8.242774000000168
            ],
            [
              -67.004177,
              8.242706
            ],
            [
              -67.002869,
              8.242904
            ],
            [
              -67.001784,
              8.242865
            ],
            [
              -67.001318,
              8.243183000000101
            ],
            [
              -67.000141,
              8.242975000000115
            ],
            [
              -66.99938,
              8.24230800000015
            ],
            [
              -66.998688,
              8.24093
            ],
            [
              -66.998298,
              8.239668
            ],
            [
              -66.998276,
              8.238704
            ],
            [
              -66.998578,
              8.237878
            ],
            [
              -66.998855,
              8.237602000000152
            ],
            [
              -66.99948,
              8.237718
            ],
            [
              -67.000242,
              8.237581
            ],
            [
              -67.000751,
              8.2371
            ],
            [
              -67.000822,
              8.236159000000157
            ],
            [
              -67.000269,
              8.235332
            ],
            [
              -66.9992989999999,
              8.234573000000182
            ],
            [
              -66.99846899999989,
              8.233976000000155
            ],
            [
              -66.99770599999982,
              8.234227000000146
            ],
            [
              -66.996274,
              8.234547
            ],
            [
              -66.994565,
              8.234247
            ],
            [
              -66.993734,
              8.234131
            ],
            [
              -66.993318,
              8.234131
            ],
            [
              -66.99241699999982,
              8.234107000000165
            ],
            [
              -66.99121699999989,
              8.234013
            ],
            [
              -66.990156,
              8.233232
            ],
            [
              -66.990827,
              8.232016
            ],
            [
              -66.990945,
              8.230616000000168
            ],
            [
              -66.990258,
              8.227149000000168
            ],
            [
              -66.988622,
              8.225266
            ],
            [
              -66.987146,
              8.22379500000011
            ],
            [
              -66.98488599999985,
              8.221657000000164
            ],
            [
              -66.982556,
              8.220208000000184
            ],
            [
              -66.979926,
              8.21853
            ],
            [
              -66.978426,
              8.21722
            ],
            [
              -66.97665099999989,
              8.215726
            ],
            [
              -66.974943,
              8.214783000000182
            ],
            [
              -66.973695,
              8.215401000000156
            ],
            [
              -66.972079,
              8.215284
            ],
            [
              -66.971087,
              8.214457
            ],
            [
              -66.968827,
              8.212343
            ],
            [
              -66.968322,
              8.2109880000001
            ],
            [
              -66.968531,
              8.210277
            ],
            [
              -66.97009999999989,
              8.211151
            ],
            [
              -66.972523,
              8.212049
            ],
            [
              -66.97289399999988,
              8.21124600000013
            ],
            [
              -66.972273,
              8.209455
            ],
            [
              -66.969711,
              8.208603
            ],
            [
              -66.968673,
              8.207936000000132
            ],
            [
              -66.967913,
              8.206948000000125
            ],
            [
              -66.966761,
              8.205110000000104
            ],
            [
              -66.966787,
              8.203733
            ],
            [
              -66.96785199999988,
              8.202013
            ],
            [
              -66.96901,
              8.2003160000001
            ],
            [
              -66.970007,
              8.197838
            ],
            [
              -66.970958,
              8.19545200000016
            ],
            [
              -66.971885,
              8.193571000000134
            ],
            [
              -66.97131,
              8.192147
            ],
            [
              -66.969973,
              8.190952000000152
            ],
            [
              -66.96912,
              8.189873
            ],
            [
              -66.969699,
              8.188909
            ],
            [
              -66.970164,
              8.187097
            ],
            [
              -66.969705,
              8.185581
            ],
            [
              -66.969593,
              8.183492
            ],
            [
              -66.968557,
              8.181747
            ],
            [
              -66.967773,
              8.181172000000117
            ],
            [
              -66.966481,
              8.180574
            ],
            [
              -66.965003,
              8.180113
            ],
            [
              -66.96343499999989,
              8.179285000000107
            ],
            [
              -66.962417,
              8.179858
            ],
            [
              -66.962165,
              8.178802000000132
            ],
            [
              -66.9641069999999,
              8.17772500000018
            ],
            [
              -66.965725,
              8.176809
            ],
            [
              -66.966326,
              8.176259000000186
            ],
            [
              -66.968519,
              8.176904
            ],
            [
              -66.969214,
              8.175343
            ],
            [
              -66.967878,
              8.173781000000133
            ],
            [
              -66.965501,
              8.172584
            ],
            [
              -66.963656,
              8.171503000000143
            ],
            [
              -66.962202,
              8.170836
            ],
            [
              -66.960124,
              8.170099000000164
            ],
            [
              -66.957999,
              8.170372
            ],
            [
              -66.955716,
              8.168993000000114
            ],
            [
              -66.955002,
              8.167523000000187
            ],
            [
              -66.954889,
              8.166145
            ],
            [
              -66.955124,
              8.164149
            ],
            [
              -66.955682,
              8.161464000000137
            ],
            [
              -66.954555,
              8.159305
            ],
            [
              -66.95345,
              8.156986000000188
            ],
            [
              -66.953129,
              8.155654
            ],
            [
              -66.952878,
              8.154139000000157
            ],
            [
              -66.951516,
              8.153839
            ],
            [
              -66.951542,
              8.152347
            ],
            [
              -66.95242,
              8.151752
            ],
            [
              -66.952053,
              8.150764000000152
            ],
            [
              -66.951245,
              8.150327
            ],
            [
              -66.95011499999987,
              8.14972900000015
            ],
            [
              -66.94804,
              8.14793600000013
            ],
            [
              -66.946933,
              8.147063000000173
            ],
            [
              -66.945088,
              8.145592000000136
            ],
            [
              -66.944884,
              8.143893000000105
            ],
            [
              -66.945627,
              8.141369000000168
            ],
            [
              -66.94694599999985,
              8.139695000000188
            ],
            [
              -66.94806,
              8.136529
            ],
            [
              -66.947624,
              8.134624
            ],
            [
              -66.945546,
              8.134805
            ],
            [
              -66.944643,
              8.13625
            ],
            [
              -66.943348,
              8.137602
            ],
            [
              -66.94099299999988,
              8.137324000000149
            ],
            [
              -66.938547,
              8.135852
            ],
            [
              -66.938274,
              8.133396
            ],
            [
              -66.937932,
              8.131101
            ],
            [
              -66.938006,
              8.128415000000189
            ],
            [
              -66.93835799999982,
              8.125408
            ],
            [
              -66.93898399999983,
              8.123802
            ],
            [
              -66.941388,
              8.122175
            ],
            [
              -66.944185,
              8.120916
            ],
            [
              -66.945642,
              8.119288000000154
            ],
            [
              -66.946915,
              8.117591
            ],
            [
              -66.946804,
              8.114814000000138
            ],
            [
              -66.946093,
              8.112219
            ],
            [
              -66.944551,
              8.109785
            ],
            [
              -66.944299,
              8.108522
            ],
            [
              -66.94398,
              8.105997000000173
            ],
            [
              -66.944491,
              8.104184
            ],
            [
              -66.946041,
              8.102488000000108
            ],
            [
              -66.948261,
              8.10031
            ],
            [
              -66.949626,
              8.098773
            ],
            [
              -66.949929,
              8.096823000000143
            ],
            [
              -66.95014,
              8.09501
            ],
            [
              -66.95005,
              8.093541
            ],
            [
              -66.950955,
              8.091338000000178
            ],
            [
              -66.954765,
              8.090608
            ],
            [
              -66.957468,
              8.08992300000017
            ],
            [
              -66.958671,
              8.088133
            ],
            [
              -66.958674,
              8.086274
            ],
            [
              -66.961423,
              8.085657
            ],
            [
              -66.962511,
              8.083845000000167
            ],
            [
              -66.960597,
              8.082213000000138
            ],
            [
              -66.958566,
              8.082188
            ],
            [
              -66.955703,
              8.081978
            ],
            [
              -66.953672,
              8.081563000000187
            ],
            [
              -66.952889,
              8.08069
            ],
            [
              -66.951689,
              8.08009200000015
            ],
            [
              -66.950075,
              8.07885
            ],
            [
              -66.94943,
              8.078092
            ],
            [
              -66.948879,
              8.076416000000108
            ],
            [
              -66.949528,
              8.075177
            ],
            [
              -66.950799,
              8.074077
            ],
            [
              -66.95177099999984,
              8.072816000000103
            ],
            [
              -66.95145,
              8.071347
            ],
            [
              -66.948729,
              8.069622
            ],
            [
              -66.9460279999999,
              8.068793000000142
            ],
            [
              -66.94452799999988,
              8.068699
            ],
            [
              -66.942334,
              8.068949
            ],
            [
              -66.9405349999999,
              8.067983
            ],
            [
              -66.93795199999988,
              8.066879
            ],
            [
              -66.93619799999988,
              8.066349
            ],
            [
              -66.934491,
              8.065543
            ],
            [
              -66.93336099999988,
              8.06464700000015
            ],
            [
              -66.934056,
              8.063546000000144
            ],
            [
              -66.935236,
              8.062078
            ],
            [
              -66.93486999999988,
              8.060219
            ],
            [
              -66.93487099999987,
              8.059140000000127
            ],
            [
              -66.934023,
              8.055857
            ],
            [
              -66.932685,
              8.055419
            ],
            [
              -66.932757,
              8.05353700000012
            ],
            [
              -66.931604,
              8.053054000000145
            ],
            [
              -66.930012,
              8.052639000000113
            ],
            [
              -66.92765899999989,
              8.051627
            ],
            [
              -66.92604399999988,
              8.05038500000012
            ],
            [
              -66.923643,
              8.050773
            ],
            [
              -66.922696,
              8.050703000000112
            ],
            [
              -66.919211,
              8.050331
            ],
            [
              -66.917225,
              8.050857
            ],
            [
              -66.916301,
              8.0513380000001
            ],
            [
              -66.91466,
              8.052231
            ],
            [
              -66.912789,
              8.052803000000154
            ],
            [
              -66.910687,
              8.053718
            ],
            [
              -66.909647,
              8.05436
            ],
            [
              -66.908101,
              8.054013000000111
            ],
            [
              -66.9086329999999,
              8.053463
            ],
            [
              -66.909488,
              8.05275300000011
            ],
            [
              -66.910367,
              8.051836
            ],
            [
              -66.91,
              8.050343
            ],
            [
              -66.909146,
              8.050296
            ],
            [
              -66.908224,
              8.049836
            ],
            [
              -66.907487,
              8.048826
            ],
            [
              -66.90682,
              8.047425
            ],
            [
              -66.906176,
              8.046253
            ],
            [
              -66.90534799999989,
              8.044462000000124
            ],
            [
              -66.902927,
              8.042348
            ],
            [
              -66.900828,
              8.041198
            ],
            [
              -66.8997,
              8.039727
            ],
            [
              -66.897625,
              8.038118000000168
            ],
            [
              -66.896819,
              8.037038000000166
            ],
            [
              -66.89668299999988,
              8.035914
            ],
            [
              -66.896522,
              8.035386
            ],
            [
              -66.895649,
              8.03318000000013
            ],
            [
              -66.894404,
              8.032284
            ],
            [
              -66.891912,
              8.031569
            ],
            [
              -66.891405,
              8.031293000000176
            ],
            [
              -66.890989,
              8.031430000000114
            ],
            [
              -66.889285,
              8.02940800000016
            ],
            [
              -66.88812999999988,
              8.02959
            ],
            [
              -66.887646,
              8.02949800000016
            ],
            [
              -66.886426,
              8.027775
            ],
            [
              -66.88575799999984,
              8.026994
            ],
            [
              -66.884235,
              8.026235000000156
            ],
            [
              -66.882252,
              8.02467200000018
            ],
            [
              -66.881309,
              8.023018
            ],
            [
              -66.88006599999989,
              8.021134000000188
            ],
            [
              -66.87900799999983,
              8.019090000000176
            ],
            [
              -66.878642,
              8.017208
            ],
            [
              -66.878277,
              8.014843
            ],
            [
              -66.878187,
              8.013420000000167
            ],
            [
              -66.877959,
              8.012318000000107
            ],
            [
              -66.875375,
              8.01123600000011
            ],
            [
              -66.87410599999987,
              8.011051
            ],
            [
              -66.872906,
              8.010774
            ],
            [
              -66.87117699999982,
              8.0099
            ],
            [
              -66.869677,
              8.009875000000136
            ],
            [
              -66.868846,
              8.009851
            ],
            [
              -66.867554,
              8.009367000000168
            ],
            [
              -66.86552399999988,
              8.008768
            ],
            [
              -66.86439299999984,
              8.008583000000158
            ],
            [
              -66.862386,
              8.008190000000127
            ],
            [
              -66.861511,
              8.006766
            ],
            [
              -66.860543,
              8.005916000000127
            ],
            [
              -66.858834,
              8.006395000000111
            ],
            [
              -66.85768,
              8.006509000000165
            ],
            [
              -66.856342,
              8.006209000000183
            ],
            [
              -66.855166,
              8.005243
            ],
            [
              -66.85431299999988,
              8.004829
            ],
            [
              -66.852744,
              8.004322
            ],
            [
              -66.851569,
              8.003219
            ],
            [
              -66.850579,
              8.002254000000164
            ],
            [
              -66.849631,
              8.002987
            ],
            [
              -66.849745,
              8.003813
            ],
            [
              -66.8483609999999,
              8.003352
            ],
            [
              -66.847187,
              8.001606
            ],
            [
              -66.846959,
              8.000252
            ],
            [
              -66.847054,
              7.998852
            ],
            [
              -66.846479,
              7.997543000000121
            ],
            [
              -66.845649,
              7.997313
            ],
            [
              -66.844794,
              7.997862
            ],
            [
              -66.84417,
              7.998458000000142
            ],
            [
              -66.84278399999988,
              7.998938
            ],
            [
              -66.8414,
              7.998638
            ],
            [
              -66.84077899999988,
              7.997444
            ],
            [
              -66.83999399999988,
              7.997535000000141
            ],
            [
              -66.839507,
              7.998016000000177
            ],
            [
              -66.838631,
              7.997602
            ],
            [
              -66.837571,
              7.996820000000127
            ],
            [
              -66.83838,
              7.996339000000148
            ],
            [
              -66.839144,
              7.995491000000129
            ],
            [
              -66.839862,
              7.994506000000172
            ],
            [
              -66.840513,
              7.993083
            ],
            [
              -66.84054,
              7.991751000000136
            ],
            [
              -66.83936799999987,
              7.989772000000187
            ],
            [
              -66.837893,
              7.98921600000017
            ],
            [
              -66.83539999999982,
              7.989691
            ],
            [
              -66.833669,
              7.989985
            ],
            [
              -66.832263,
              7.98959
            ],
            [
              -66.831067,
              7.988461
            ],
            [
              -66.82971,
              7.987102
            ],
            [
              -66.828898,
              7.98873
            ],
            [
              -66.828364,
              7.989831
            ],
            [
              -66.827502,
              7.992815
            ],
            [
              -66.825934,
              7.992627000000141
            ],
            [
              -66.825315,
              7.991247000000158
            ],
            [
              -66.823749,
              7.990346
            ],
            [
              -66.822667,
              7.989539
            ],
            [
              -66.82112499999988,
              7.988202000000115
            ],
            [
              -66.819861,
              7.986728
            ],
            [
              -66.81845699999985,
              7.985506000000157
            ],
            [
              -66.816565,
              7.985569
            ],
            [
              -66.816862,
              7.986535
            ],
            [
              -66.816582,
              7.987384000000134
            ],
            [
              -66.81681,
              7.988488000000132
            ],
            [
              -66.817315,
              7.989431
            ],
            [
              -66.81661999999983,
              7.990485
            ],
            [
              -66.815901,
              7.991586000000154
            ],
            [
              -66.81463,
              7.992340000000183
            ],
            [
              -66.813826,
              7.991212000000132
            ],
            [
              -66.813276,
              7.989947
            ],
            [
              -66.812033,
              7.989002
            ],
            [
              -66.810604,
              7.988836000000163
            ],
            [
              -66.80945,
              7.988971000000163
            ],
            [
              -66.808595,
              7.989313
            ],
            [
              -66.807601,
              7.990068000000122
            ],
            [
              -66.805408,
              7.990681
            ],
            [
              -66.955956,
              8.329329
            ],
            [
              -66.971654,
              8.361733
            ],
            [
              -67.042815,
              8.520383
            ],
            [
              -67.098269,
              8.644364
            ],
            [
              -67.11207999999988,
              8.674322
            ],
            [
              -67.134769,
              8.719534
            ],
            [
              -67.18950299999983,
              8.881207000000131
            ],
            [
              -67.189651,
              8.881767
            ],
            [
              -67.19037999999989,
              8.882324000000153
            ],
            [
              -67.19096599999989,
              8.882655
            ],
            [
              -67.191344,
              8.883060000000114
            ],
            [
              -67.19200499999988,
              8.883642000000123
            ],
            [
              -67.19242,
              8.884665
            ],
            [
              -67.192418,
              8.885583000000167
            ],
            [
              -67.191569,
              8.887919000000181
            ],
            [
              -67.19096899999988,
              8.889033000000154
            ],
            [
              -67.190527,
              8.889915000000144
            ],
            [
              -67.189579,
              8.891978000000108
            ],
            [
              -67.188609,
              8.893056000000115
            ],
            [
              -67.187816,
              8.893784000000153
            ],
            [
              -67.185829,
              8.894837
            ],
            [
              -67.184829,
              8.894561000000124
            ],
            [
              -67.183481,
              8.894224000000122
            ],
            [
              -67.182466,
              8.894338000000175
            ],
            [
              -67.180759,
              8.895545
            ],
            [
              -67.18014099999988,
              8.89583400000015
            ],
            [
              -67.179379,
              8.896883
            ],
            [
              -67.178783,
              8.898181
            ],
            [
              -67.178547,
              8.898989
            ],
            [
              -67.177947,
              8.900058
            ],
            [
              -67.17751499999986,
              8.900366000000133
            ],
            [
              -67.17688,
              8.900907000000132
            ],
            [
              -67.17643199999986,
              8.901583
            ],
            [
              -67.17580499999985,
              8.902468000000113
            ],
            [
              -67.175281,
              8.902824000000123
            ],
            [
              -67.175029,
              8.902898
            ],
            [
              -67.174326,
              8.903533000000152
            ],
            [
              -67.17314399999987,
              8.904408
            ],
            [
              -67.17234399999984,
              8.904838
            ],
            [
              -67.17105699999985,
              8.905142
            ],
            [
              -67.170254,
              8.906444000000135
            ],
            [
              -67.1698909999999,
              8.906774
            ],
            [
              -67.16923,
              8.907178000000101
            ],
            [
              -67.168197,
              8.907522000000142
            ],
            [
              -67.16763,
              8.907993
            ],
            [
              -67.167038,
              8.908419
            ],
            [
              -67.166541,
              8.908912
            ],
            [
              -67.165663,
              8.909986000000117
            ],
            [
              -67.1655209999999,
              8.910861000000182
            ],
            [
              -67.16527699999989,
              8.911349
            ],
            [
              -67.16499,
              8.911928
            ],
            [
              -67.16451499999988,
              8.912421000000109
            ],
            [
              -67.163926,
              8.912961
            ],
            [
              -67.163286,
              8.913273000000117
            ],
            [
              -67.16273499999988,
              8.913446
            ],
            [
              -67.162115,
              8.91362
            ],
            [
              -67.16126699999984,
              8.913937000000146
            ],
            [
              -67.1607719999999,
              8.914545
            ],
            [
              -67.160302,
              8.915243
            ],
            [
              -67.159838,
              8.91619400000019
            ],
            [
              -67.159535,
              8.917141
            ],
            [
              -67.15906899999987,
              8.918023000000176
            ],
            [
              -67.158741,
              8.918833
            ],
            [
              -67.158157,
              8.919626000000108
            ],
            [
              -67.1578229999999,
              8.92018400000012
            ],
            [
              -67.157189,
              8.920795
            ],
            [
              -67.156495,
              8.922829
            ],
            [
              -67.156428,
              8.92294500000014
            ],
            [
              -67.15572,
              8.924383
            ],
            [
              -67.155618,
              8.924959000000115
            ],
            [
              -67.155515,
              8.925557
            ],
            [
              -67.154684,
              8.9267
            ],
            [
              -67.153858,
              8.928003000000103
            ],
            [
              -67.153396,
              8.929046
            ],
            [
              -67.153156,
              8.929694
            ],
            [
              -67.152754,
              8.931354
            ],
            [
              -67.1518569999999,
              8.932636000000116
            ],
            [
              -67.15136499999988,
              8.933358000000169
            ],
            [
              -67.150362,
              8.935032
            ],
            [
              -67.15023999999988,
              8.935791
            ],
            [
              -67.14967,
              8.937203000000125
            ],
            [
              -67.14923599999986,
              8.938475
            ],
            [
              -67.149221,
              8.938819
            ],
            [
              -67.1492439999999,
              8.939851
            ],
            [
              -67.148976,
              8.940316000000166
            ],
            [
              -67.14710799999989,
              8.941549
            ],
            [
              -67.1463179999999,
              8.942416
            ],
            [
              -67.145227,
              8.94321900000017
            ],
            [
              -67.14393799999988,
              8.944532
            ],
            [
              -67.143021,
              8.945929
            ],
            [
              -67.142223,
              8.947461000000146
            ],
            [
              -67.142054,
              8.948175000000106
            ],
            [
              -67.142441,
              8.948947
            ],
            [
              -67.14260599999983,
              8.950136000000157
            ],
            [
              -67.142543,
              8.951468
            ],
            [
              -67.142235,
              8.953196
            ],
            [
              -67.142388,
              8.953858
            ],
            [
              -67.142632,
              8.954449000000125
            ],
            [
              -67.143091,
              8.955334
            ],
            [
              -67.143631,
              8.955712
            ],
            [
              -67.143433,
              8.957185
            ],
            [
              -67.143177,
              8.958154
            ],
            [
              -67.143177,
              8.959186
            ],
            [
              -67.14323799999988,
              8.95985
            ],
            [
              -67.14366199999989,
              8.960208
            ],
            [
              -67.143961,
              8.961188000000107
            ],
            [
              -67.14422799999983,
              8.9628340000001
            ],
            [
              -67.144261,
              8.964301000000148
            ],
            [
              -67.14510899999988,
              8.966049000000169
            ],
            [
              -67.145916,
              8.96699500000011
            ],
            [
              -67.146427,
              8.968155
            ],
            [
              -67.147282,
              8.969169
            ],
            [
              -67.147902,
              8.97002700000013
            ],
            [
              -67.148472,
              8.971781000000135
            ],
            [
              -67.149292,
              8.973301000000163
            ],
            [
              -67.1500309999999,
              8.974271000000101
            ],
            [
              -67.150934,
              8.975375000000156
            ],
            [
              -67.151342,
              8.976032000000146
            ],
            [
              -67.152127,
              8.977024
            ],
            [
              -67.15298399999989,
              8.978153000000134
            ],
            [
              -67.15357199999988,
              8.979654
            ],
            [
              -67.153733,
              8.980637000000172
            ],
            [
              -67.153897,
              8.981803000000184
            ],
            [
              -67.15318599999983,
              8.983081
            ],
            [
              -67.1525769999999,
              8.983782000000133
            ],
            [
              -67.15214999999989,
              8.984342
            ],
            [
              -67.152327,
              8.985004000000174
            ],
            [
              -67.1528239999999,
              8.98552100000012
            ],
            [
              -67.153298,
              8.986061
            ],
            [
              -67.153345,
              8.987115
            ],
            [
              -67.15329,
              8.987759
            ],
            [
              -67.153097,
              8.988451000000111
            ],
            [
              -67.153095,
              8.989392000000123
            ],
            [
              -67.152761,
              8.98999600000019
            ],
            [
              -67.152157,
              8.990881
            ],
            [
              -67.151982,
              8.991366
            ],
            [
              -67.15243899999984,
              8.992159000000129
            ],
            [
              -67.152965,
              8.992951000000119
            ],
            [
              -67.15315,
              8.993979
            ],
            [
              -67.1530269999999,
              8.99467
            ],
            [
              -67.152867,
              8.995798
            ],
            [
              -67.152856,
              8.996349
            ],
            [
              -67.15323399999988,
              8.996691000000112
            ],
            [
              -67.153635,
              8.997339
            ],
            [
              -67.152789,
              8.99756
            ],
            [
              -67.152262,
              8.997653000000128
            ],
            [
              -67.152703,
              8.999194000000102
            ],
            [
              -67.15343,
              9.000882000000104
            ],
            [
              -67.15347699999984,
              9.00189
            ],
            [
              -67.15334999999988,
              9.00364
            ],
            [
              -67.15331,
              9.005271
            ],
            [
              -67.153639,
              9.005876000000171
            ],
            [
              -67.155175,
              9.007574000000147
            ],
            [
              -67.155288,
              9.008991000000151
            ],
            [
              -67.155692,
              9.011223
            ],
            [
              -67.156332,
              9.012549
            ],
            [
              -67.157116,
              9.013477
            ],
            [
              -67.159255,
              9.013725000000136
            ],
            [
              -67.15993,
              9.014315000000124
            ],
            [
              -67.16180699999984,
              9.014391
            ],
            [
              -67.16247699999985,
              9.015371
            ],
            [
              -67.164225,
              9.015659
            ],
            [
              -67.165565,
              9.017114
            ],
            [
              -67.167425,
              9.018797
            ],
            [
              -67.167721,
              9.019679
            ],
            [
              -67.1661069999999,
              9.021794
            ],
            [
              -67.16505,
              9.023425
            ],
            [
              -67.16480399999983,
              9.025088
            ],
            [
              -67.164909,
              9.026851000000136
            ],
            [
              -67.165003,
              9.029371
            ],
            [
              -67.164951,
              9.030727000000184
            ],
            [
              -67.16525899999982,
              9.034362
            ],
            [
              -67.165607,
              9.037353
            ],
            [
              -67.16647499999988,
              9.038094000000115
            ],
            [
              -67.16907,
              9.0396760000001
            ],
            [
              -67.17059,
              9.042017000000158
            ],
            [
              -67.169522,
              9.044429
            ],
            [
              -67.16974,
              9.047609
            ],
            [
              -67.16885599999989,
              9.04999
            ],
            [
              -67.167137,
              9.051811000000157
            ],
            [
              -67.16509999999988,
              9.053257
            ],
            [
              -67.162929,
              9.054847000000166
            ],
            [
              -67.16059799999988,
              9.056443
            ],
            [
              -67.158697,
              9.058341
            ],
            [
              -67.15744299999989,
              9.06122
            ],
            [
              -67.157463,
              9.06613
            ],
            [
              -67.158081,
              9.067962000000136
            ],
            [
              -67.159718,
              9.068852
            ],
            [
              -67.15995,
              9.07233
            ],
            [
              -67.160286,
              9.075091
            ],
            [
              -67.160131,
              9.077715
            ],
            [
              -67.1596469999999,
              9.081225
            ],
            [
              -67.15971999999982,
              9.083792000000187
            ],
            [
              -67.159993,
              9.087635
            ],
            [
              -67.160083,
              9.090063
            ],
            [
              -67.158851,
              9.090968
            ],
            [
              -67.159493,
              9.092316
            ],
            [
              -67.16034699999983,
              9.093747000000178
            ],
            [
              -67.160497,
              9.09498
            ],
            [
              -67.16041,
              9.096108000000129
            ],
            [
              -67.15993599999985,
              9.097346
            ],
            [
              -67.160049,
              9.099773000000141
            ],
            [
              -67.159922,
              9.101018000000124
            ],
            [
              -67.159946,
              9.102532000000167
            ],
            [
              -67.160242,
              9.103918
            ],
            [
              -67.160294,
              9.10802400000017
            ],
            [
              -67.16034799999983,
              9.108687000000145
            ],
            [
              -67.160518,
              9.109850000000108
            ],
            [
              -67.162128,
              9.111636
            ],
            [
              -67.163386,
              9.112314
            ],
            [
              -67.164877,
              9.113028000000156
            ],
            [
              -67.165161,
              9.11765000000014
            ],
            [
              -67.164452,
              9.120803
            ],
            [
              -67.164136,
              9.121965000000102
            ],
            [
              -67.163878,
              9.124868000000106
            ],
            [
              -67.16318,
              9.125775
            ],
            [
              -67.163791,
              9.126478000000134
            ],
            [
              -67.164997,
              9.127044
            ],
            [
              -67.166232,
              9.12871
            ],
            [
              -67.1667379999999,
              9.129651
            ],
            [
              -67.16685699999988,
              9.132193
            ],
            [
              -67.166866,
              9.13389100000012
            ],
            [
              -67.167073,
              9.134845000000155
            ],
            [
              -67.16791,
              9.136438000000169
            ],
            [
              -67.168584,
              9.136500000000126
            ],
            [
              -67.16888399999982,
              9.136486
            ],
            [
              -67.169454,
              9.136805000000152
            ],
            [
              -67.170268,
              9.137388
            ],
            [
              -67.171172,
              9.137416
            ],
            [
              -67.172068,
              9.137284
            ],
            [
              -67.17264599999987,
              9.137763000000177
            ],
            [
              -67.172866,
              9.13952
            ],
            [
              -67.17252599999989,
              9.14066
            ],
            [
              -67.17225799999983,
              9.141866
            ],
            [
              -67.172279,
              9.143310000000156
            ],
            [
              -67.172574,
              9.144674
            ],
            [
              -67.17264499999987,
              9.146186
            ],
            [
              -67.17278,
              9.147097000000144
            ],
            [
              -67.173344,
              9.147784000000115
            ],
            [
              -67.173937,
              9.148101
            ],
            [
              -67.174622,
              9.148415000000114
            ],
            [
              -67.175818,
              9.149233
            ],
            [
              -67.176571,
              9.14998
            ],
            [
              -67.177178,
              9.15059500000018
            ],
            [
              -67.17764099999988,
              9.151102
            ],
            [
              -67.178173,
              9.151101000000153
            ],
            [
              -67.17855,
              9.15124500000013
            ],
            [
              -67.179096,
              9.151542
            ],
            [
              -67.179656,
              9.152136000000155
            ],
            [
              -67.179726,
              9.152661
            ],
            [
              -67.18046,
              9.15451000000013
            ],
            [
              -67.180931,
              9.155177
            ],
            [
              -67.18146799999988,
              9.155773000000181
            ],
            [
              -67.181899,
              9.1560750000001
            ],
            [
              -67.182819,
              9.156951000000106
            ],
            [
              -67.183286,
              9.157550000000128
            ],
            [
              -67.18377,
              9.15801000000016
            ],
            [
              -67.183867,
              9.158098000000166
            ],
            [
              -67.183992,
              9.158803
            ],
            [
              -67.183898,
              9.160391000000175
            ],
            [
              -67.182597,
              9.164121
            ],
            [
              -67.183193,
              9.165471
            ],
            [
              -67.183858,
              9.166337
            ],
            [
              -67.184457,
              9.167274000000134
            ],
            [
              -67.185237,
              9.168134
            ],
            [
              -67.185655,
              9.16914800000012
            ],
            [
              -67.185818,
              9.171160000000157
            ],
            [
              -67.18534299999988,
              9.17338400000017
            ],
            [
              -67.185492,
              9.175099000000102
            ],
            [
              -67.185626,
              9.176975
            ],
            [
              -67.185855,
              9.178410000000156
            ],
            [
              -67.187161,
              9.18062300000014
            ],
            [
              -67.187985,
              9.181918000000167
            ],
            [
              -67.189396,
              9.182888000000105
            ],
            [
              -67.190073,
              9.183523
            ],
            [
              -67.191415,
              9.184518
            ],
            [
              -67.192262,
              9.184802
            ],
            [
              -67.193274,
              9.185169
            ],
            [
              -67.194569,
              9.185639
            ],
            [
              -67.195765,
              9.185976
            ],
            [
              -67.197233,
              9.187172
            ],
            [
              -67.1982589999999,
              9.188342
            ],
            [
              -67.19883,
              9.18916600000017
            ],
            [
              -67.200531,
              9.190902000000108
            ],
            [
              -67.20178,
              9.191902
            ],
            [
              -67.20384299999989,
              9.193461
            ],
            [
              -67.205069,
              9.193934000000127
            ],
            [
              -67.20615,
              9.194299000000115
            ],
            [
              -67.20758699999988,
              9.194349
            ],
            [
              -67.209647,
              9.193866000000185
            ],
            [
              -67.21154299999989,
              9.19382700000017
            ],
            [
              -67.21267199999988,
              9.194212
            ],
            [
              -67.21494,
              9.194225
            ],
            [
              -67.216308,
              9.194278000000168
            ],
            [
              -67.218053,
              9.194957
            ],
            [
              -67.219104,
              9.195645000000127
            ],
            [
              -67.220605,
              9.19706900000017
            ]
          ]
        ]
      }
    },
    {
      "type": "Feature",
      "properties": {
        "Pais": "Venezuela",
        "Estado": "Guárico",
        "Municipio": "Francisco De Miranda",
        "Parroquia": "El Calvario"
      },
      "geometry": {
        "type": "Polygon",
        "coordinates": [
          [
            [
              -66.686717,
              8.695966000000169
            ],
            [
              -66.686875,
              8.696839
            ],
            [
              -66.68743599999988,
              8.697756
            ],
            [
              -66.690861,
              8.710318000000143
            ],
            [
              -66.691677,
              8.721562
            ],
            [
              -66.690449,
              8.729885000000138
            ],
            [
              -66.686321,
              8.757676000000117
            ],
            [
              -66.6805609999999,
              8.778178
            ],
            [
              -66.667568,
              8.81253700000019
            ],
            [
              -66.66502,
              8.831858
            ],
            [
              -66.66585499999985,
              8.850535
            ],
            [
              -66.66594099999986,
              8.852464000000111
            ],
            [
              -66.66939699999989,
              8.86267
            ],
            [
              -66.670846,
              8.868397000000186
            ],
            [
              -66.671571,
              8.873408
            ],
            [
              -66.670121,
              8.881283
            ],
            [
              -66.665049,
              8.891305
            ],
            [
              -66.661425,
              8.893452
            ],
            [
              -66.654179,
              8.897747000000152
            ],
            [
              -66.6534539999999,
              8.904906
            ],
            [
              -66.652729,
              8.914929
            ],
            [
              -66.652729,
              8.92853
            ],
            [
              -66.65490299999988,
              8.939983000000154
            ],
            [
              -66.656353,
              8.949289
            ],
            [
              -66.656353,
              8.95573300000018
            ],
            [
              -66.656353,
              8.965754000000118
            ],
            [
              -66.659251,
              8.976492
            ],
            [
              -66.664324,
              8.987230000000125
            ],
            [
              -66.664324,
              8.995821
            ],
            [
              -66.6636,
              9.006559
            ],
            [
              -66.664325,
              9.031613000000164
            ],
            [
              -66.66939799999989,
              9.043068
            ],
            [
              -66.66939799999989,
              9.05308900000017
            ],
            [
              -66.670122,
              9.064543
            ],
            [
              -66.670122,
              9.069554
            ],
            [
              -66.671572,
              9.079577000000143
            ],
            [
              -66.675919,
              9.093893
            ],
            [
              -66.680993,
              9.109642000000122
            ],
            [
              -66.684616,
              9.123960000000125
            ],
            [
              -66.686066,
              9.131834
            ],
            [
              -66.691863,
              9.150446000000102
            ],
            [
              -66.69258899999983,
              9.156889000000149
            ],
            [
              -66.696937,
              9.171922000000166
            ],
            [
              -66.699835,
              9.181944
            ],
            [
              -66.70563299999986,
              9.196977
            ],
            [
              -66.71143099999989,
              9.209147000000144
            ],
            [
              -66.714329,
              9.211295
            ],
            [
              -66.715997,
              9.219103
            ],
            [
              -66.716758,
              9.221996000000104
            ],
            [
              -66.719574,
              9.227785
            ],
            [
              -66.722682,
              9.234131
            ],
            [
              -66.7282909999999,
              9.237279
            ],
            [
              -66.73750199999989,
              9.240632
            ],
            [
              -66.747393,
              9.243299
            ],
            [
              -66.753217,
              9.248037
            ],
            [
              -66.762207,
              9.250709000000143
            ],
            [
              -66.77431,
              9.259273000000121
            ],
            [
              -66.830303,
              9.240286
            ],
            [
              -66.96647499999989,
              9.196168
            ],
            [
              -66.995073,
              9.187149
            ],
            [
              -66.99772,
              9.186314
            ],
            [
              -67.001401,
              9.187185
            ],
            [
              -67.00325499999985,
              9.193174000000113
            ],
            [
              -67.012143,
              9.192203
            ],
            [
              -67.02902499999982,
              9.201074
            ],
            [
              -67.03240099999982,
              9.20224700000017
            ],
            [
              -67.046188,
              9.199136000000124
            ],
            [
              -67.064584,
              9.19959
            ],
            [
              -67.082358,
              9.197046
            ],
            [
              -67.09129499999983,
              9.195148
            ],
            [
              -67.0919,
              9.195236
            ],
            [
              -67.092443,
              9.194959
            ],
            [
              -67.095073,
              9.19378600000016
            ],
            [
              -67.096209,
              9.193345
            ],
            [
              -67.09800599999988,
              9.191177
            ],
            [
              -67.1009739999999,
              9.189805
            ],
            [
              -67.103239,
              9.187731
            ],
            [
              -67.104982,
              9.185909000000152
            ],
            [
              -67.106172,
              9.184617000000173
            ],
            [
              -67.108364,
              9.182499
            ],
            [
              -67.1091,
              9.180401
            ],
            [
              -67.11175999999989,
              9.17938700000019
            ],
            [
              -67.112853,
              9.177503
            ],
            [
              -67.113899,
              9.176607
            ],
            [
              -67.114281,
              9.173882000000162
            ],
            [
              -67.11516499999988,
              9.171984000000123
            ],
            [
              -67.115097,
              9.169531
            ],
            [
              -67.115267,
              9.167711
            ],
            [
              -67.116359,
              9.165802
            ],
            [
              -67.11711,
              9.163543000000175
            ],
            [
              -67.118008,
              9.161942
            ],
            [
              -67.120926,
              9.160504000000117
            ],
            [
              -67.12423599999983,
              9.160539000000142
            ],
            [
              -67.12779299999988,
              9.159921000000168
            ],
            [
              -67.131501,
              9.159526
            ],
            [
              -67.134649,
              9.157549000000188
            ],
            [
              -67.138933,
              9.156646
            ],
            [
              -67.139879,
              9.155089
            ],
            [
              -67.141303,
              9.152868000000126
            ],
            [
              -67.140996,
              9.150243
            ],
            [
              -67.140633,
              9.148423
            ],
            [
              -67.140679,
              9.146907
            ],
            [
              -67.14024099999989,
              9.144471000000124
            ],
            [
              -67.138712,
              9.14392000000015
            ],
            [
              -67.137753,
              9.143687
            ],
            [
              -67.13696,
              9.14207
            ],
            [
              -67.136812,
              9.140884000000142
            ],
            [
              -67.137512,
              9.13901600000014
            ],
            [
              -67.140889,
              9.13748800000019
            ],
            [
              -67.14303399999989,
              9.13636
            ],
            [
              -67.146044,
              9.135903
            ],
            [
              -67.147968,
              9.134991000000184
            ],
            [
              -67.14988,
              9.134814
            ],
            [
              -67.151912,
              9.134241
            ],
            [
              -67.154059,
              9.133134000000155
            ],
            [
              -67.155338,
              9.131264000000158
            ],
            [
              -67.157082,
              9.128477000000146
            ],
            [
              -67.160272,
              9.127921000000129
            ],
            [
              -67.162415,
              9.126747
            ],
            [
              -67.16318,
              9.125775
            ],
            [
              -67.163878,
              9.124868000000106
            ],
            [
              -67.164136,
              9.121965000000102
            ],
            [
              -67.164452,
              9.120803
            ],
            [
              -67.165161,
              9.11765000000014
            ],
            [
              -67.164877,
              9.113028000000156
            ],
            [
              -67.163386,
              9.112314
            ],
            [
              -67.162128,
              9.111636
            ],
            [
              -67.160518,
              9.109850000000108
            ],
            [
              -67.16034799999983,
              9.108687000000145
            ],
            [
              -67.160294,
              9.10802400000017
            ],
            [
              -67.160242,
              9.103918
            ],
            [
              -67.159946,
              9.102532000000167
            ],
            [
              -67.159922,
              9.101018000000124
            ],
            [
              -67.160049,
              9.099773000000141
            ],
            [
              -67.15993599999985,
              9.097346
            ],
            [
              -67.16041,
              9.096108000000129
            ],
            [
              -67.160497,
              9.09498
            ],
            [
              -67.16034699999983,
              9.093747000000178
            ],
            [
              -67.159493,
              9.092316
            ],
            [
              -67.158851,
              9.090968
            ],
            [
              -67.160083,
              9.090063
            ],
            [
              -67.159993,
              9.087635
            ],
            [
              -67.15971999999982,
              9.083792000000187
            ],
            [
              -67.1596469999999,
              9.081225
            ],
            [
              -67.160131,
              9.077715
            ],
            [
              -67.160286,
              9.075091
            ],
            [
              -67.15995,
              9.07233
            ],
            [
              -67.159718,
              9.068852
            ],
            [
              -67.158081,
              9.067962000000136
            ],
            [
              -67.157463,
              9.06613
            ],
            [
              -67.15744299999989,
              9.06122
            ],
            [
              -67.158697,
              9.058341
            ],
            [
              -67.16059799999988,
              9.056443
            ],
            [
              -67.162929,
              9.054847000000166
            ],
            [
              -67.16509999999988,
              9.053257
            ],
            [
              -67.167137,
              9.051811000000157
            ],
            [
              -67.16885599999989,
              9.04999
            ],
            [
              -67.16974,
              9.047609
            ],
            [
              -67.169522,
              9.044429
            ],
            [
              -67.17059,
              9.042017000000158
            ],
            [
              -67.16907,
              9.0396760000001
            ],
            [
              -67.16647499999988,
              9.038094000000115
            ],
            [
              -67.165607,
              9.037353
            ],
            [
              -67.16525899999982,
              9.034362
            ],
            [
              -67.164951,
              9.030727000000184
            ],
            [
              -67.165003,
              9.029371
            ],
            [
              -67.164909,
              9.026851000000136
            ],
            [
              -67.16480399999983,
              9.025088
            ],
            [
              -67.16505,
              9.023425
            ],
            [
              -67.1661069999999,
              9.021794
            ],
            [
              -67.167721,
              9.019679
            ],
            [
              -67.167425,
              9.018797
            ],
            [
              -67.165565,
              9.017114
            ],
            [
              -67.164225,
              9.015659
            ],
            [
              -67.16247699999985,
              9.015371
            ],
            [
              -67.16180699999984,
              9.014391
            ],
            [
              -67.15993,
              9.014315000000124
            ],
            [
              -67.159255,
              9.013725000000136
            ],
            [
              -67.157116,
              9.013477
            ],
            [
              -67.156332,
              9.012549
            ],
            [
              -67.155692,
              9.011223
            ],
            [
              -67.155288,
              9.008991000000151
            ],
            [
              -67.155175,
              9.007574000000147
            ],
            [
              -67.153639,
              9.005876000000171
            ],
            [
              -67.15331,
              9.005271
            ],
            [
              -67.15334999999988,
              9.00364
            ],
            [
              -67.15347699999984,
              9.00189
            ],
            [
              -67.15343,
              9.000882000000104
            ],
            [
              -67.152703,
              8.999194000000102
            ],
            [
              -67.152262,
              8.997653000000128
            ],
            [
              -67.152789,
              8.99756
            ],
            [
              -67.153635,
              8.997339
            ],
            [
              -67.15323399999988,
              8.996691000000112
            ],
            [
              -67.152856,
              8.996349
            ],
            [
              -67.152867,
              8.995798
            ],
            [
              -67.1530269999999,
              8.99467
            ],
            [
              -67.15315,
              8.993979
            ],
            [
              -67.152965,
              8.992951000000119
            ],
            [
              -67.15243899999984,
              8.992159000000129
            ],
            [
              -67.151982,
              8.991366
            ],
            [
              -67.152157,
              8.990881
            ],
            [
              -67.152761,
              8.98999600000019
            ],
            [
              -67.153095,
              8.989392000000123
            ],
            [
              -67.153097,
              8.988451000000111
            ],
            [
              -67.15329,
              8.987759
            ],
            [
              -67.153345,
              8.987115
            ],
            [
              -67.153298,
              8.986061
            ],
            [
              -67.1528239999999,
              8.98552100000012
            ],
            [
              -67.152327,
              8.985004000000174
            ],
            [
              -67.15214999999989,
              8.984342
            ],
            [
              -67.1525769999999,
              8.983782000000133
            ],
            [
              -67.15318599999983,
              8.983081
            ],
            [
              -67.153897,
              8.981803000000184
            ],
            [
              -67.153733,
              8.980637000000172
            ],
            [
              -67.15357199999988,
              8.979654
            ],
            [
              -67.15298399999989,
              8.978153000000134
            ],
            [
              -67.152127,
              8.977024
            ],
            [
              -67.151342,
              8.976032000000146
            ],
            [
              -67.150934,
              8.975375000000156
            ],
            [
              -67.1500309999999,
              8.974271000000101
            ],
            [
              -67.149292,
              8.973301000000163
            ],
            [
              -67.148472,
              8.971781000000135
            ],
            [
              -67.147902,
              8.97002700000013
            ],
            [
              -67.147282,
              8.969169
            ],
            [
              -67.146427,
              8.968155
            ],
            [
              -67.145916,
              8.96699500000011
            ],
            [
              -67.14510899999988,
              8.966049000000169
            ],
            [
              -67.144261,
              8.964301000000148
            ],
            [
              -67.14422799999983,
              8.9628340000001
            ],
            [
              -67.143961,
              8.961188000000107
            ],
            [
              -67.14366199999989,
              8.960208
            ],
            [
              -67.14323799999988,
              8.95985
            ],
            [
              -67.143177,
              8.959186
            ],
            [
              -67.143177,
              8.958154
            ],
            [
              -67.143433,
              8.957185
            ],
            [
              -67.143631,
              8.955712
            ],
            [
              -67.143091,
              8.955334
            ],
            [
              -67.142632,
              8.954449000000125
            ],
            [
              -67.142388,
              8.953858
            ],
            [
              -67.142235,
              8.953196
            ],
            [
              -67.142543,
              8.951468
            ],
            [
              -67.14260599999983,
              8.950136000000157
            ],
            [
              -67.142441,
              8.948947
            ],
            [
              -67.142054,
              8.948175000000106
            ],
            [
              -67.142223,
              8.947461000000146
            ],
            [
              -67.143021,
              8.945929
            ],
            [
              -67.14393799999988,
              8.944532
            ],
            [
              -67.145227,
              8.94321900000017
            ],
            [
              -67.1463179999999,
              8.942416
            ],
            [
              -67.14710799999989,
              8.941549
            ],
            [
              -67.148976,
              8.940316000000166
            ],
            [
              -67.1492439999999,
              8.939851
            ],
            [
              -67.149221,
              8.938819
            ],
            [
              -67.14923599999986,
              8.938475
            ],
            [
              -67.14967,
              8.937203000000125
            ],
            [
              -67.15023999999988,
              8.935791
            ],
            [
              -67.150362,
              8.935032
            ],
            [
              -67.15136499999988,
              8.933358000000169
            ],
            [
              -67.1518569999999,
              8.932636000000116
            ],
            [
              -67.152754,
              8.931354
            ],
            [
              -67.153156,
              8.929694
            ],
            [
              -67.153396,
              8.929046
            ],
            [
              -67.153858,
              8.928003000000103
            ],
            [
              -67.154684,
              8.9267
            ],
            [
              -67.155515,
              8.925557
            ],
            [
              -67.155618,
              8.924959000000115
            ],
            [
              -67.15572,
              8.924383
            ],
            [
              -67.156428,
              8.92294500000014
            ],
            [
              -67.156495,
              8.922829
            ],
            [
              -67.157189,
              8.920795
            ],
            [
              -67.1578229999999,
              8.92018400000012
            ],
            [
              -67.158157,
              8.919626000000108
            ],
            [
              -67.158741,
              8.918833
            ],
            [
              -67.15906899999987,
              8.918023000000176
            ],
            [
              -67.159535,
              8.917141
            ],
            [
              -67.159838,
              8.91619400000019
            ],
            [
              -67.160302,
              8.915243
            ],
            [
              -67.1607719999999,
              8.914545
            ],
            [
              -67.16126699999984,
              8.913937000000146
            ],
            [
              -67.162115,
              8.91362
            ],
            [
              -67.16273499999988,
              8.913446
            ],
            [
              -67.163286,
              8.913273000000117
            ],
            [
              -67.163926,
              8.912961
            ],
            [
              -67.16451499999988,
              8.912421000000109
            ],
            [
              -67.16499,
              8.911928
            ],
            [
              -67.16527699999989,
              8.911349
            ],
            [
              -67.1655209999999,
              8.910861000000182
            ],
            [
              -67.165663,
              8.909986000000117
            ],
            [
              -67.166541,
              8.908912
            ],
            [
              -67.167038,
              8.908419
            ],
            [
              -67.16763,
              8.907993
            ],
            [
              -67.168197,
              8.907522000000142
            ],
            [
              -67.16923,
              8.907178000000101
            ],
            [
              -67.1698909999999,
              8.906774
            ],
            [
              -67.170254,
              8.906444000000135
            ],
            [
              -67.17105699999985,
              8.905142
            ],
            [
              -67.17234399999984,
              8.904838
            ],
            [
              -67.17314399999987,
              8.904408
            ],
            [
              -67.174326,
              8.903533000000152
            ],
            [
              -67.175029,
              8.902898
            ],
            [
              -67.175281,
              8.902824000000123
            ],
            [
              -67.17580499999985,
              8.902468000000113
            ],
            [
              -67.17643199999986,
              8.901583
            ],
            [
              -67.17688,
              8.900907000000132
            ],
            [
              -67.17751499999986,
              8.900366000000133
            ],
            [
              -67.177947,
              8.900058
            ],
            [
              -67.178547,
              8.898989
            ],
            [
              -67.178783,
              8.898181
            ],
            [
              -67.179379,
              8.896883
            ],
            [
              -67.18014099999988,
              8.89583400000015
            ],
            [
              -67.180759,
              8.895545
            ],
            [
              -67.182466,
              8.894338000000175
            ],
            [
              -67.183481,
              8.894224000000122
            ],
            [
              -67.184829,
              8.894561000000124
            ],
            [
              -67.185829,
              8.894837
            ],
            [
              -67.187816,
              8.893784000000153
            ],
            [
              -67.188609,
              8.893056000000115
            ],
            [
              -67.189579,
              8.891978000000108
            ],
            [
              -67.190527,
              8.889915000000144
            ],
            [
              -67.19096899999988,
              8.889033000000154
            ],
            [
              -67.191569,
              8.887919000000181
            ],
            [
              -67.192418,
              8.885583000000167
            ],
            [
              -67.19242,
              8.884665
            ],
            [
              -67.19200499999988,
              8.883642000000123
            ],
            [
              -67.191344,
              8.883060000000114
            ],
            [
              -67.19096599999989,
              8.882655
            ],
            [
              -67.19037999999989,
              8.882324000000153
            ],
            [
              -67.189651,
              8.881767
            ],
            [
              -67.18950299999983,
              8.881207000000131
            ],
            [
              -67.134769,
              8.719534
            ],
            [
              -67.11207999999988,
              8.674322
            ],
            [
              -67.098269,
              8.644364
            ],
            [
              -67.042815,
              8.520383
            ],
            [
              -66.971654,
              8.361733
            ],
            [
              -66.955956,
              8.329329
            ],
            [
              -66.805408,
              7.990681
            ],
            [
              -66.805014,
              7.991369000000134
            ],
            [
              -66.804111,
              7.992423000000144
            ],
            [
              -66.80283899999989,
              7.99343000000016
            ],
            [
              -66.801568,
              7.994253000000185
            ],
            [
              -66.80038899999988,
              7.995146
            ],
            [
              -66.79951099999988,
              7.995671000000129
            ],
            [
              -66.798863,
              7.996244000000104
            ],
            [
              -66.798233,
              7.996658
            ],
            [
              -66.797064,
              7.996695000000102
            ],
            [
              -66.796094,
              7.997106
            ],
            [
              -66.794939,
              7.997656
            ],
            [
              -66.793322,
              7.998158
            ],
            [
              -66.791523,
              7.997559
            ],
            [
              -66.789745,
              7.997648
            ],
            [
              -66.78764399999989,
              7.998173000000179
            ],
            [
              -66.787042,
              7.998952000000145
            ],
            [
              -66.786532,
              8.000374
            ],
            [
              -66.785444,
              8.001566
            ],
            [
              -66.783411,
              8.002550000000156
            ],
            [
              -66.782163,
              8.003374000000122
            ],
            [
              -66.78181299999989,
              8.005187
            ],
            [
              -66.781788,
              8.006105000000105
            ],
            [
              -66.781621,
              8.008813
            ],
            [
              -66.78118099999989,
              8.009776000000102
            ],
            [
              -66.779886,
              8.010807000000113
            ],
            [
              -66.779146,
              8.01177
            ],
            [
              -66.77893299999988,
              8.014042
            ],
            [
              -66.779322,
              8.015603000000112
            ],
            [
              -66.779434,
              8.017554
            ],
            [
              -66.779592,
              8.018932
            ],
            [
              -66.778964,
              8.021409000000176
            ],
            [
              -66.778152,
              8.023152000000152
            ],
            [
              -66.77764099999985,
              8.025079
            ],
            [
              -66.777291,
              8.026731000000154
            ],
            [
              -66.777518,
              8.02843
            ],
            [
              -66.777861,
              8.030197
            ],
            [
              -66.7773969999999,
              8.03139
            ],
            [
              -66.77603,
              8.03361400000017
            ],
            [
              -66.7749409999999,
              8.035816000000125
            ],
            [
              -66.773969,
              8.036893
            ],
            [
              -66.772373,
              8.038267
            ],
            [
              -66.77093899999988,
              8.039918
            ],
            [
              -66.770383,
              8.040743
            ],
            [
              -66.769596,
              8.042096000000129
            ],
            [
              -66.76885499999986,
              8.043196
            ],
            [
              -66.76705,
              8.045213000000103
            ],
            [
              -66.76647,
              8.046314
            ],
            [
              -66.765588,
              8.048997
            ],
            [
              -66.76468299999988,
              8.050534
            ],
            [
              -66.763708,
              8.053241000000185
            ],
            [
              -66.7629879999999,
              8.055305
            ],
            [
              -66.762638,
              8.056820000000187
            ],
            [
              -66.76226799999984,
              8.057393000000161
            ],
            [
              -66.76168599999988,
              8.059733000000165
            ],
            [
              -66.76181999999989,
              8.061684000000128
            ],
            [
              -66.76165099999986,
              8.065034
            ],
            [
              -66.761807,
              8.067765000000179
            ],
            [
              -66.763278,
              8.071141
            ],
            [
              -66.763804,
              8.073345000000188
            ],
            [
              -66.764285,
              8.075205
            ],
            [
              -66.76501799999988,
              8.077845
            ],
            [
              -66.765867,
              8.079958
            ],
            [
              -66.76648599999987,
              8.082254000000148
            ],
            [
              -66.767219,
              8.084734
            ],
            [
              -66.767676,
              8.087075
            ],
            [
              -66.768225,
              8.08905
            ],
            [
              -66.76893599999988,
              8.091323
            ],
            [
              -66.76897599999984,
              8.0941
            ],
            [
              -66.768786,
              8.096532
            ],
            [
              -66.768273,
              8.098965
            ],
            [
              -66.768524,
              8.100664000000165
            ],
            [
              -66.768264,
              8.103279
            ],
            [
              -66.768374,
              8.10585
            ],
            [
              -66.768878,
              8.107457000000181
            ],
            [
              -66.770284,
              8.108469
            ],
            [
              -66.771714,
              8.109344
            ],
            [
              -66.772682,
              8.110080000000153
            ],
            [
              -66.773048,
              8.111296
            ],
            [
              -66.77240099999989,
              8.111915
            ],
            [
              -66.772837,
              8.113132
            ],
            [
              -66.772973,
              8.114349
            ],
            [
              -66.772441,
              8.114623000000165
            ],
            [
              -66.771469,
              8.115563000000122
            ],
            [
              -66.77179,
              8.116779
            ],
            [
              -66.77123199999988,
              8.118454
            ],
            [
              -66.770723,
              8.119119000000182
            ],
            [
              -66.770675,
              8.119991
            ],
            [
              -66.7712709999999,
              8.121873000000164
            ],
            [
              -66.771799,
              8.123435
            ],
            [
              -66.771748,
              8.125363
            ],
            [
              -66.77109699999983,
              8.127542
            ],
            [
              -66.770677,
              8.129561000000137
            ],
            [
              -66.770466,
              8.131213
            ],
            [
              -66.770322,
              8.133737000000167
            ],
            [
              -66.771034,
              8.135184000000152
            ],
            [
              -66.771748,
              8.135965000000112
            ],
            [
              -66.77181399999989,
              8.137457
            ],
            [
              -66.771489,
              8.138466000000108
            ],
            [
              -66.770769,
              8.140302000000133
            ],
            [
              -66.770695,
              8.142413
            ],
            [
              -66.770506,
              8.144685
            ],
            [
              -66.769045,
              8.14746
            ],
            [
              -66.768002,
              8.149133
            ],
            [
              -66.767282,
              8.151427000000126
            ],
            [
              -66.766792,
              8.153744000000188
            ],
            [
              -66.766947,
              8.156751
            ],
            [
              -66.766964,
              8.159184000000153
            ],
            [
              -66.76733,
              8.160974000000124
            ],
            [
              -66.768179,
              8.163293000000124
            ],
            [
              -66.767091,
              8.164738000000114
            ],
            [
              -66.765565,
              8.165492
            ],
            [
              -66.765376,
              8.167512000000158
            ],
            [
              -66.76618,
              8.169441
            ],
            [
              -66.76718999999986,
              8.17210400000016
            ],
            [
              -66.76744,
              8.173964
            ],
            [
              -66.766743,
              8.175661000000105
            ],
            [
              -66.76544699999988,
              8.177151
            ],
            [
              -66.764128,
              8.17829600000016
            ],
            [
              -66.763407,
              8.180658
            ],
            [
              -66.76314899999988,
              8.18249500000013
            ],
            [
              -66.76240499999989,
              8.18474300000014
            ],
            [
              -66.760041,
              8.18864
            ],
            [
              -66.759923,
              8.189994000000127
            ],
            [
              -66.760842,
              8.191855
            ],
            [
              -66.7621099999999,
              8.192866
            ],
            [
              -66.763328,
              8.195278
            ],
            [
              -66.764412,
              8.1961060000001
            ],
            [
              -66.76560999999987,
              8.196957000000168
            ],
            [
              -66.766324,
              8.197853
            ],
            [
              -66.766644,
              8.199437
            ],
            [
              -66.76839499999988,
              8.201047000000187
            ],
            [
              -66.769987,
              8.201577000000157
            ],
            [
              -66.770516,
              8.202772
            ],
            [
              -66.770419,
              8.204653000000121
            ],
            [
              -66.769493,
              8.205868000000123
            ],
            [
              -66.76868,
              8.207932
            ],
            [
              -66.768006,
              8.209767000000113
            ],
            [
              -66.768072,
              8.211259
            ],
            [
              -66.76764999999989,
              8.21440200000012
            ],
            [
              -66.76764499999985,
              8.216422
            ],
            [
              -66.767248,
              8.218487
            ],
            [
              -66.767124,
              8.222158
            ],
            [
              -66.766497,
              8.223534
            ],
            [
              -66.765176,
              8.22582800000015
            ],
            [
              -66.764895,
              8.22757200000018
            ],
            [
              -66.764659,
              8.229637
            ],
            [
              -66.764635,
              8.230187
            ],
            [
              -66.7646069999999,
              8.23239100000012
            ],
            [
              -66.764118,
              8.233996
            ],
            [
              -66.76323699999989,
              8.235532000000148
            ],
            [
              -66.761827,
              8.236379
            ],
            [
              -66.760461,
              8.23766200000017
            ],
            [
              -66.759467,
              8.238303
            ],
            [
              -66.758451,
              8.238416
            ],
            [
              -66.757431,
              8.23990600000019
            ],
            [
              -66.756251,
              8.240845
            ],
            [
              -66.75481799999989,
              8.241691
            ],
            [
              -66.752111,
              8.243477
            ],
            [
              -66.750379,
              8.243841
            ],
            [
              -66.74889999999988,
              8.244320000000187
            ],
            [
              -66.74785999999989,
              8.244571000000178
            ],
            [
              -66.74711999999988,
              8.245029
            ],
            [
              -66.746216,
              8.246244
            ],
            [
              -66.745012,
              8.247481
            ],
            [
              -66.74389899999983,
              8.249384000000134
            ],
            [
              -66.74288,
              8.250437
            ],
            [
              -66.74149199999988,
              8.251376000000107
            ],
            [
              -66.73899599999987,
              8.252889
            ],
            [
              -66.738624,
              8.253207
            ],
            [
              -66.738623,
              8.253941
            ],
            [
              -66.738806,
              8.254584
            ],
            [
              -66.738804,
              8.255617
            ],
            [
              -66.73845599999987,
              8.256006
            ],
            [
              -66.738132,
              8.256258000000116
            ],
            [
              -66.737808,
              8.256808000000149
            ],
            [
              -66.73745899999989,
              8.257726
            ],
            [
              -66.737388,
              8.258437
            ],
            [
              -66.737801,
              8.259585
            ],
            [
              -66.737798,
              8.260893
            ],
            [
              -66.737543,
              8.261169
            ],
            [
              -66.73687299999989,
              8.261581
            ],
            [
              -66.737053,
              8.26332600000012
            ],
            [
              -66.737859,
              8.264474
            ],
            [
              -66.739102,
              8.266175000000146
            ],
            [
              -66.740349,
              8.266108
            ],
            [
              -66.741296,
              8.26622500000019
            ],
            [
              -66.741479,
              8.266822
            ],
            [
              -66.74124399999988,
              8.268634
            ],
            [
              -66.740824,
              8.270676
            ],
            [
              -66.74061299999988,
              8.2717540000001
            ],
            [
              -66.740379,
              8.273245
            ],
            [
              -66.740097,
              8.275012000000174
            ],
            [
              -66.739609,
              8.276572000000101
            ],
            [
              -66.738982,
              8.278154
            ],
            [
              -66.738815,
              8.280013
            ],
            [
              -66.73962199999988,
              8.280909000000122
            ],
            [
              -66.7412829999999,
              8.281738000000132
            ],
            [
              -66.742505,
              8.28275
            ],
            [
              -66.7432879999999,
              8.283853
            ],
            [
              -66.743747,
              8.284886
            ],
            [
              -66.743606,
              8.286125
            ],
            [
              -66.743509,
              8.288191
            ],
            [
              -66.743136,
              8.289521
            ],
            [
              -66.74258,
              8.29039200000011
            ],
            [
              -66.742093,
              8.29108
            ],
            [
              -66.74107499999985,
              8.29195
            ],
            [
              -66.74070199999989,
              8.293326
            ],
            [
              -66.740886,
              8.293648
            ],
            [
              -66.741484,
              8.294659
            ],
            [
              -66.74132,
              8.295737
            ],
            [
              -66.740809,
              8.296884
            ],
            [
              -66.739627,
              8.298281
            ],
            [
              -66.739141,
              8.298762
            ],
            [
              -66.738513,
              8.300299
            ],
            [
              -66.73798,
              8.301308
            ],
            [
              -66.738046,
              8.302524000000119
            ],
            [
              -66.7389199999999,
              8.304133
            ],
            [
              -66.740258,
              8.305076
            ],
            [
              -66.740511,
              8.30581100000012
            ],
            [
              -66.74094499999984,
              8.307556
            ],
            [
              -66.740847,
              8.309943
            ],
            [
              -66.73961899999989,
              8.31157
            ],
            [
              -66.73786,
              8.312898000000132
            ],
            [
              -66.736912,
              8.31326300000012
            ],
            [
              -66.735199,
              8.31466
            ],
            [
              -66.734295,
              8.316127000000165
            ],
            [
              -66.734661,
              8.317505
            ],
            [
              -66.735764,
              8.319802
            ],
            [
              -66.736663,
              8.320790000000159
            ],
            [
              -66.7388289999999,
              8.323249
            ],
            [
              -66.73919699999988,
              8.324145000000101
            ],
            [
              -66.738707,
              8.32598
            ],
            [
              -66.7365769999999,
              8.327720000000113
            ],
            [
              -66.735693,
              8.330197
            ],
            [
              -66.73637,
              8.3305170000001
            ],
            [
              -66.73682899999989,
              8.335096
            ],
            [
              -66.73414,
              8.336541
            ],
            [
              -66.736213,
              8.339385
            ],
            [
              -66.73632,
              8.340394000000174
            ],
            [
              -66.736124,
              8.341339
            ],
            [
              -66.735709,
              8.343090000000132
            ],
            [
              -66.736753,
              8.347034000000178
            ],
            [
              -66.738552,
              8.349899
            ],
            [
              -66.738797,
              8.35095200000012
            ],
            [
              -66.738842,
              8.352537
            ],
            [
              -66.738396,
              8.353783
            ],
            [
              -66.73790499999984,
              8.355098000000169
            ],
            [
              -66.73773,
              8.3574890000001
            ],
            [
              -66.739008,
              8.35802400000017
            ],
            [
              -66.739884,
              8.361252
            ],
            [
              -66.7429479999999,
              8.363489
            ],
            [
              -66.740923,
              8.366292
            ],
            [
              -66.740879,
              8.36813
            ],
            [
              -66.74274099999985,
              8.36907
            ],
            [
              -66.743002,
              8.369595
            ],
            [
              -66.742958,
              8.371433
            ],
            [
              -66.74357299999986,
              8.372459000000106
            ],
            [
              -66.74403599999988,
              8.374268
            ],
            [
              -66.74466399999989,
              8.376235
            ],
            [
              -66.7436689999999,
              8.377879000000178
            ],
            [
              -66.742562,
              8.378077
            ],
            [
              -66.74548799999985,
              8.382053
            ],
            [
              -66.742764,
              8.384437000000105
            ],
            [
              -66.742745,
              8.386436000000117
            ],
            [
              -66.743099,
              8.387005000000158
            ],
            [
              -66.744639,
              8.388088
            ],
            [
              -66.744916,
              8.389716
            ],
            [
              -66.74463,
              8.390822000000128
            ],
            [
              -66.744748,
              8.392704
            ],
            [
              -66.7452009999999,
              8.393686000000116
            ],
            [
              -66.746324,
              8.394728
            ],
            [
              -66.74661399999985,
              8.395666000000176
            ],
            [
              -66.746476,
              8.397414
            ],
            [
              -66.746719,
              8.398284000000103
            ],
            [
              -66.748096,
              8.399208000000158
            ],
            [
              -66.748335,
              8.39984800000019
            ],
            [
              -66.748176,
              8.40171
            ],
            [
              -66.749108,
              8.403949
            ],
            [
              -66.74940399999986,
              8.405324000000121
            ],
            [
              -66.75003099999986,
              8.407268
            ],
            [
              -66.750913,
              8.409255
            ],
            [
              -66.75307,
              8.409686
            ],
            [
              -66.753873,
              8.412616000000185
            ],
            [
              -66.754214,
              8.413944000000129
            ],
            [
              -66.754691,
              8.41669400000012
            ],
            [
              -66.754761,
              8.418462
            ],
            [
              -66.756167,
              8.419868000000179
            ],
            [
              -66.756538,
              8.421678
            ],
            [
              -66.75707099999988,
              8.423440000000141
            ],
            [
              -66.757804,
              8.424625000000106
            ],
            [
              -66.75869499999988,
              8.425601
            ],
            [
              -66.759592,
              8.426967000000104
            ],
            [
              -66.760905,
              8.42826
            ],
            [
              -66.762541,
              8.429548000000125
            ],
            [
              -66.763463,
              8.431075
            ],
            [
              -66.762976,
              8.434187000000122
            ],
            [
              -66.7612,
              8.438134
            ],
            [
              -66.760466,
              8.438580000000115
            ],
            [
              -66.758474,
              8.43828400000018
            ],
            [
              -66.756374,
              8.438564
            ],
            [
              -66.75398199999984,
              8.439537
            ],
            [
              -66.75295199999988,
              8.440262
            ],
            [
              -66.751924,
              8.441217
            ],
            [
              -66.751299,
              8.442856
            ],
            [
              -66.751131,
              8.44412100000011
            ],
            [
              -66.751379,
              8.445381000000111
            ],
            [
              -66.752013,
              8.446062000000154
            ],
            [
              -66.75306599999988,
              8.447014
            ],
            [
              -66.75598,
              8.446209
            ],
            [
              -66.754723,
              8.449886000000163
            ],
            [
              -66.754558,
              8.451359
            ],
            [
              -66.754139,
              8.452834
            ],
            [
              -66.75315699999987,
              8.453743
            ],
            [
              -66.750731,
              8.450404
            ],
            [
              -66.751844,
              8.454104000000143
            ],
            [
              -66.74881099999982,
              8.455521000000147
            ],
            [
              -66.7452899999999,
              8.457815
            ],
            [
              -66.742763,
              8.461479000000168
            ],
            [
              -66.74261,
              8.462101
            ],
            [
              -66.742627,
              8.465882000000136
            ],
            [
              -66.741956,
              8.470195000000103
            ],
            [
              -66.741148,
              8.4720200000001
            ],
            [
              -66.740416,
              8.474350000000186
            ],
            [
              -66.74013,
              8.475434000000178
            ],
            [
              -66.739792,
              8.477804000000162
            ],
            [
              -66.740779,
              8.478986
            ],
            [
              -66.74124399999988,
              8.482586
            ],
            [
              -66.740708,
              8.483971
            ],
            [
              -66.741269,
              8.484446000000105
            ],
            [
              -66.740969,
              8.487941
            ],
            [
              -66.742253,
              8.488821
            ],
            [
              -66.742595,
              8.490172000000143
            ],
            [
              -66.74340499999988,
              8.490161000000114
            ],
            [
              -66.743576,
              8.492548
            ],
            [
              -66.744057,
              8.493943
            ],
            [
              -66.744409,
              8.496006
            ],
            [
              -66.744431,
              8.49765900000017
            ],
            [
              -66.744231,
              8.501678
            ],
            [
              -66.741618,
              8.503415000000189
            ],
            [
              -66.741132,
              8.505144
            ],
            [
              -66.741476,
              8.506655
            ],
            [
              -66.741995,
              8.507429000000116
            ],
            [
              -66.743255,
              8.508263
            ],
            [
              -66.744254,
              8.508618000000126
            ],
            [
              -66.746435,
              8.512213
            ],
            [
              -66.744637,
              8.5147
            ],
            [
              -66.745421,
              8.51821
            ],
            [
              -66.746428,
              8.52235000000013
            ],
            [
              -66.747414,
              8.523463
            ],
            [
              -66.74798699999985,
              8.524834000000112
            ],
            [
              -66.747914,
              8.526259
            ],
            [
              -66.746796,
              8.527398000000176
            ],
            [
              -66.743864,
              8.527398000000176
            ],
            [
              -66.743859,
              8.532512
            ],
            [
              -66.742434,
              8.534942000000171
            ],
            [
              -66.74164999999982,
              8.53679000000011
            ],
            [
              -66.741407,
              8.537666000000115
            ],
            [
              -66.742054,
              8.539357
            ],
            [
              -66.742888,
              8.541161000000102
            ],
            [
              -66.741933,
              8.542368000000181
            ],
            [
              -66.73944199999983,
              8.542859
            ],
            [
              -66.738093,
              8.542279
            ],
            [
              -66.737393,
              8.543574
            ],
            [
              -66.73828399999985,
              8.546182
            ],
            [
              -66.73878999999988,
              8.547691
            ],
            [
              -66.742506,
              8.548077
            ],
            [
              -66.740898,
              8.551454
            ],
            [
              -66.74056899999988,
              8.552745
            ],
            [
              -66.739128,
              8.55398
            ],
            [
              -66.739401,
              8.557529000000102
            ],
            [
              -66.739012,
              8.563503
            ],
            [
              -66.736466,
              8.567567
            ],
            [
              -66.73614,
              8.56917900000019
            ],
            [
              -66.734274,
              8.571825000000104
            ],
            [
              -66.734246,
              8.576255000000174
            ],
            [
              -66.73324999999988,
              8.577899000000116
            ],
            [
              -66.731922,
              8.578949000000136
            ],
            [
              -66.729637,
              8.579277000000104
            ],
            [
              -66.727951,
              8.579505000000154
            ],
            [
              -66.726725,
              8.58122
            ],
            [
              -66.726759,
              8.58204700000016
            ],
            [
              -66.727156,
              8.584063000000128
            ],
            [
              -66.72774,
              8.586192
            ],
            [
              -66.72849799999989,
              8.589573
            ],
            [
              -66.727351,
              8.593409
            ],
            [
              -66.72674399999988,
              8.594726
            ],
            [
              -66.726506,
              8.596016
            ],
            [
              -66.726221,
              8.597123000000181
            ],
            [
              -66.725732,
              8.598668000000146
            ],
            [
              -66.725676,
              8.599679
            ],
            [
              -66.725109,
              8.600513
            ],
            [
              -66.723189,
              8.600492
            ],
            [
              -66.722004,
              8.60007000000013
            ],
            [
              -66.720296,
              8.597248
            ],
            [
              -66.718304,
              8.600117000000125
            ],
            [
              -66.716269,
              8.60191200000014
            ],
            [
              -66.715822,
              8.603043
            ],
            [
              -66.71613599999989,
              8.604095
            ],
            [
              -66.716971,
              8.605991000000131
            ],
            [
              -66.71721899999989,
              8.607206
            ],
            [
              -66.716848,
              8.60891
            ],
            [
              -66.71500199999986,
              8.61095500000016
            ],
            [
              -66.713742,
              8.611843
            ],
            [
              -66.711891,
              8.611798
            ],
            [
              -66.71076099999988,
              8.613856
            ],
            [
              -66.709948,
              8.615291
            ],
            [
              -66.7095589999999,
              8.617340000000127
            ],
            [
              -66.710293,
              8.618663
            ],
            [
              -66.710242,
              8.620065
            ],
            [
              -66.709024,
              8.620608000000175
            ],
            [
              -66.707276,
              8.621343
            ],
            [
              -66.706084,
              8.622207000000174
            ],
            [
              -66.70404499999984,
              8.625681
            ],
            [
              -66.70435,
              8.629258
            ],
            [
              -66.704712,
              8.630333000000121
            ],
            [
              -66.70179399999984,
              8.633494
            ],
            [
              -66.700062,
              8.639505
            ],
            [
              -66.69930099999988,
              8.642759000000126
            ],
            [
              -66.699232,
              8.644552000000147
            ],
            [
              -66.70087499999983,
              8.646323000000109
            ],
            [
              -66.69915,
              8.647125
            ],
            [
              -66.698187,
              8.64948
            ],
            [
              -66.700451,
              8.652130000000113
            ],
            [
              -66.699235,
              8.655301000000122
            ],
            [
              -66.698819,
              8.657029
            ],
            [
              -66.699147,
              8.659115
            ],
            [
              -66.698863,
              8.660336000000143
            ],
            [
              -66.698341,
              8.661100000000147
            ],
            [
              -66.699154,
              8.663883000000169
            ],
            [
              -66.699612,
              8.66489600000017
            ],
            [
              -66.699818,
              8.665425
            ],
            [
              -66.700414,
              8.666691000000185
            ],
            [
              -66.700691,
              8.667083000000105
            ],
            [
              -66.701079,
              8.668233
            ],
            [
              -66.701793,
              8.668948
            ],
            [
              -66.702322,
              8.669594000000188
            ],
            [
              -66.7022,
              8.671386000000155
            ],
            [
              -66.70152,
              8.674049
            ],
            [
              -66.700912,
              8.675839000000167
            ],
            [
              -66.700702,
              8.676619
            ],
            [
              -66.70062799999988,
              8.677883000000179
            ],
            [
              -66.700485,
              8.67884700000019
            ],
            [
              -66.70013399999988,
              8.680270000000121
            ],
            [
              -66.699691,
              8.681187
            ],
            [
              -66.698994,
              8.682402
            ],
            [
              -66.6985499999999,
              8.683342000000152
            ],
            [
              -66.698363,
              8.683962
            ],
            [
              -66.69801299999989,
              8.68488
            ],
            [
              -66.697014,
              8.686438000000123
            ],
            [
              -66.69641,
              8.687171
            ],
            [
              -66.695575,
              8.688063000000113
            ],
            [
              -66.694996,
              8.688474
            ],
            [
              -66.693631,
              8.688928
            ],
            [
              -66.692289,
              8.689405000000136
            ],
            [
              -66.692032,
              8.690208000000155
            ],
            [
              -66.69209899999987,
              8.690898
            ],
            [
              -66.69209599999988,
              8.691633
            ],
            [
              -66.69130999999987,
              8.691929
            ],
            [
              -66.69013,
              8.692291000000182
            ],
            [
              -66.689295,
              8.693161
            ],
            [
              -66.6885989999999,
              8.693893
            ],
            [
              -66.687787,
              8.694763
            ],
            [
              -66.687277,
              8.695381
            ],
            [
              -66.686717,
              8.695966000000169
            ]
          ]
        ]
      }
    },
    {
      "type": "Feature",
      "properties": {
        "Pais": "Venezuela",
        "Estado": "Guárico",
        "Municipio": "Francisco De Miranda",
        "Parroquia": "El Rastro"
      },
      "geometry": {
        "type": "Polygon",
        "coordinates": [
          [
            [
              -67.521437,
              9.207859000000155
            ],
            [
              -67.522329,
              9.206865000000164
            ],
            [
              -67.522529,
              9.205374
            ],
            [
              -67.524211,
              9.203738
            ],
            [
              -67.525975,
              9.203113
            ],
            [
              -67.527556,
              9.202349
            ],
            [
              -67.529182,
              9.201723000000129
            ],
            [
              -67.530973,
              9.200709
            ],
            [
              -67.532133,
              9.200330000000179
            ],
            [
              -67.532794,
              9.199028000000112
            ],
            [
              -67.533834,
              9.196833
            ],
            [
              -67.5342849999999,
              9.195689
            ],
            [
              -67.5347349999999,
              9.194614000000115
            ],
            [
              -67.534102,
              9.193091
            ],
            [
              -67.533887,
              9.191458
            ],
            [
              -67.53410999999988,
              9.189967
            ],
            [
              -67.533134,
              9.188118000000145
            ],
            [
              -67.532204,
              9.186178
            ],
            [
              -67.532495,
              9.184872000000155
            ],
            [
              -67.532715,
              9.1836330000001
            ],
            [
              -67.532448,
              9.182574000000102
            ],
            [
              -67.53211399999986,
              9.18130600000012
            ],
            [
              -67.532266,
              9.179953000000125
            ],
            [
              -67.533429,
              9.179345
            ],
            [
              -67.53415199999989,
              9.178686
            ],
            [
              -67.53399499999989,
              9.178225000000111
            ],
            [
              -67.534625,
              9.177634
            ],
            [
              -67.536484,
              9.176804000000175
            ],
            [
              -67.537479,
              9.176769
            ],
            [
              -67.53793999999988,
              9.176935000000128
            ],
            [
              -67.53784,
              9.17766900000015
            ],
            [
              -67.537759,
              9.178909
            ],
            [
              -67.538349,
              9.18004100000013
            ],
            [
              -67.53915599999988,
              9.180302
            ],
            [
              -67.5400709999999,
              9.178979
            ],
            [
              -67.539505,
              9.177801
            ],
            [
              -67.539536,
              9.177021
            ],
            [
              -67.5408609999999,
              9.176346
            ],
            [
              -67.541677,
              9.175642
            ],
            [
              -67.540376,
              9.173882000000162
            ],
            [
              -67.539176,
              9.173593
            ],
            [
              -67.536776,
              9.173085000000128
            ],
            [
              -67.534437,
              9.17329000000018
            ],
            [
              -67.53435799999988,
              9.171957
            ],
            [
              -67.53622,
              9.170782000000145
            ],
            [
              -67.53885999999989,
              9.170488
            ],
            [
              -67.53910399999984,
              9.16918
            ],
            [
              -67.539325,
              9.167873000000156
            ],
            [
              -67.539069,
              9.165688
            ],
            [
              -67.539474,
              9.164497
            ],
            [
              -67.540107,
              9.1637
            ],
            [
              -67.54090899999989,
              9.162123000000122
            ],
            [
              -67.541683,
              9.161075
            ],
            [
              -67.54306299999985,
              9.161802
            ],
            [
              -67.544507,
              9.160898
            ],
            [
              -67.546134,
              9.160134
            ],
            [
              -67.54689,
              9.160923000000139
            ],
            [
              -67.548131,
              9.161672000000124
            ],
            [
              -67.550257,
              9.161878000000115
            ],
            [
              -67.551906,
              9.161184
            ],
            [
              -67.552592,
              9.159698
            ],
            [
              -67.553894,
              9.158999000000108
            ],
            [
              -67.555956,
              9.158676000000185
            ],
            [
              -67.557488,
              9.158164000000113
            ],
            [
              -67.55926099999988,
              9.156552000000147
            ],
            [
              -67.560506,
              9.154704
            ],
            [
              -67.561564,
              9.152900000000102
            ],
            [
              -67.563684,
              9.151406000000122
            ],
            [
              -67.564692,
              9.149993000000109
            ],
            [
              -67.565751,
              9.148189
            ],
            [
              -67.565981,
              9.145986
            ],
            [
              -67.565944,
              9.144974000000161
            ],
            [
              -67.565637,
              9.143317
            ],
            [
              -67.566342,
              9.142106000000183
            ],
            [
              -67.568185,
              9.140587
            ],
            [
              -67.56986,
              9.139525000000162
            ],
            [
              -67.571522,
              9.137635000000103
            ],
            [
              -67.57151499999986,
              9.135958
            ],
            [
              -67.570906,
              9.134388000000172
            ],
            [
              -67.57008999999988,
              9.132564
            ],
            [
              -67.569404,
              9.131776
            ],
            [
              -67.570013,
              9.131001
            ],
            [
              -67.569121,
              9.130004
            ],
            [
              -67.567901,
              9.129416
            ],
            [
              -67.56734999999986,
              9.12902000000014
            ],
            [
              -67.5674719999999,
              9.128286000000116
            ],
            [
              -67.56893899999989,
              9.127359000000183
            ],
            [
              -67.570169,
              9.126867000000175
            ],
            [
              -67.571126,
              9.126004
            ],
            [
              -67.570588,
              9.124298
            ],
            [
              -67.56938899999989,
              9.123895000000118
            ],
            [
              -67.5682609999999,
              9.123286000000178
            ],
            [
              -67.5676509999999,
              9.121832
            ],
            [
              -67.568234,
              9.118989
            ],
            [
              -67.569985,
              9.119743
            ],
            [
              -67.570872,
              9.121245
            ],
            [
              -67.572017,
              9.122475
            ],
            [
              -67.573192,
              9.123016
            ],
            [
              -67.5746769999999,
              9.122434000000169
            ],
            [
              -67.57600999999988,
              9.121024
            ],
            [
              -67.57700999999986,
              9.12046
            ],
            [
              -67.577984,
              9.12014900000014
            ],
            [
              -67.578475,
              9.122015000000147
            ],
            [
              -67.579986,
              9.121158
            ],
            [
              -67.58133899999984,
              9.120046000000116
            ],
            [
              -67.582142,
              9.120698
            ],
            [
              -67.582109,
              9.12173200000018
            ],
            [
              -67.582185,
              9.12338700000015
            ],
            [
              -67.58329599999985,
              9.12333
            ],
            [
              -67.584961,
              9.12337
            ],
            [
              -67.5869699999999,
              9.123644000000127
            ],
            [
              -67.588919,
              9.123090000000104
            ],
            [
              -67.58874,
              9.122376
            ],
            [
              -67.587678,
              9.119861
            ],
            [
              -67.587567,
              9.119377
            ],
            [
              -67.58854999999988,
              9.118216
            ],
            [
              -67.587792,
              9.117633000000126
            ],
            [
              -67.586573,
              9.116977
            ],
            [
              -67.5852579999999,
              9.116595
            ],
            [
              -67.584729,
              9.116268000000161
            ],
            [
              -67.583586,
              9.114878
            ],
            [
              -67.58378,
              9.11403
            ],
            [
              -67.58498,
              9.111859
            ],
            [
              -67.586393,
              9.11171400000012
            ],
            [
              -67.587273,
              9.111562000000163
            ],
            [
              -67.58813199999986,
              9.111249
            ],
            [
              -67.58938499999988,
              9.110757
            ],
            [
              -67.590341,
              9.109986000000163
            ],
            [
              -67.590325,
              9.109297
            ],
            [
              -67.589153,
              9.108549
            ],
            [
              -67.588676,
              9.107648000000154
            ],
            [
              -67.5875,
              9.107222
            ],
            [
              -67.586627,
              9.106661
            ],
            [
              -67.586449,
              9.105901
            ],
            [
              -67.586652,
              9.104042
            ],
            [
              -67.586918,
              9.10285
            ],
            [
              -67.587823,
              9.102538000000152
            ],
            [
              -67.589599,
              9.103016
            ],
            [
              -67.590617,
              9.102981
            ],
            [
              -67.59224,
              9.102654000000143
            ],
            [
              -67.592968,
              9.103856000000121
            ],
            [
              -67.592359,
              9.104654
            ],
            [
              -67.591787,
              9.106394000000137
            ],
            [
              -67.592988,
              9.106544
            ],
            [
              -67.594077,
              9.106349000000137
            ],
            [
              -67.596067,
              9.106232
            ],
            [
              -67.59808399999986,
              9.105840000000114
            ],
            [
              -67.598232,
              9.104945000000157
            ],
            [
              -67.597619,
              9.103675
            ],
            [
              -67.597106,
              9.101694000000123
            ],
            [
              -67.59721,
              9.1005
            ],
            [
              -67.59691699999985,
              9.097348
            ],
            [
              -67.596176,
              9.095043
            ],
            [
              -67.59734,
              9.094228
            ],
            [
              -67.59849599999984,
              9.094401000000119
            ],
            [
              -67.599696,
              9.094666000000188
            ],
            [
              -67.601349,
              9.093466
            ],
            [
              -67.602675,
              9.092699000000152
            ],
            [
              -67.603603,
              9.092364000000146
            ],
            [
              -67.60516399999989,
              9.091208
            ],
            [
              -67.606565,
              9.089821
            ],
            [
              -67.606064,
              9.089081000000135
            ],
            [
              -67.603524,
              9.088664
            ],
            [
              -67.602472,
              9.087412
            ],
            [
              -67.601602,
              9.086484
            ],
            [
              -67.601732,
              9.085015000000112
            ],
            [
              -67.6023019999999,
              9.083435000000122
            ],
            [
              -67.595397,
              9.076411
            ],
            [
              -67.594179,
              9.073387
            ],
            [
              -67.59359299999988,
              9.06823900000012
            ],
            [
              -67.597532,
              9.056561
            ],
            [
              -67.59632,
              9.05247700000018
            ],
            [
              -67.591072,
              9.050983
            ],
            [
              -67.585079,
              9.045100000000161
            ],
            [
              -67.579362,
              9.044213000000127
            ],
            [
              -67.572101,
              9.043333000000132
            ],
            [
              -67.56825999999984,
              9.03941
            ],
            [
              -67.564736,
              9.034123
            ],
            [
              -67.563546,
              9.026706
            ],
            [
              -67.56469,
              9.016858000000184
            ],
            [
              -67.564629,
              9.001863000000128
            ],
            [
              -67.561252,
              8.997787000000187
            ],
            [
              -67.554872,
              8.994752
            ],
            [
              -67.554619,
              8.994004000000189
            ],
            [
              -67.554063,
              8.993173000000183
            ],
            [
              -67.553342,
              8.992256000000168
            ],
            [
              -67.552958,
              8.991786000000161
            ],
            [
              -67.552047,
              8.99069100000014
            ],
            [
              -67.552058,
              8.989477
            ],
            [
              -67.552239,
              8.988556
            ],
            [
              -67.552291,
              8.987135
            ],
            [
              -67.551755,
              8.985434
            ],
            [
              -67.55081499999989,
              8.983355000000131
            ],
            [
              -67.550135,
              8.982253
            ],
            [
              -67.549582,
              8.980735
            ],
            [
              -67.54908,
              8.979376
            ],
            [
              -67.548349,
              8.978917000000138
            ],
            [
              -67.548048,
              8.978101
            ],
            [
              -67.547983,
              8.976684
            ],
            [
              -67.54752599999989,
              8.975278000000117
            ],
            [
              -67.54743999999988,
              8.973929
            ],
            [
              -67.547465,
              8.97239500000012
            ],
            [
              -67.54726199999982,
              8.970981
            ],
            [
              -67.546264,
              8.96927
            ],
            [
              -67.545917,
              8.967678000000149
            ],
            [
              -67.545642,
              8.966197
            ],
            [
              -67.54534799999982,
              8.96403
            ],
            [
              -67.544516,
              8.961696
            ],
            [
              -67.544388,
              8.960486000000117
            ],
            [
              -67.545894,
              8.958931
            ],
            [
              -67.54694599999988,
              8.957710000000134
            ],
            [
              -67.547048,
              8.95642400000014
            ],
            [
              -67.54747,
              8.954237
            ],
            [
              -67.547742,
              8.952466
            ],
            [
              -67.54744299999987,
              8.951719
            ],
            [
              -67.546261,
              8.95006
            ],
            [
              -67.54597699999988,
              8.949038
            ],
            [
              -67.54597499999983,
              8.948191000000179
            ],
            [
              -67.546261,
              8.946877000000143
            ],
            [
              -67.546305,
              8.946006
            ],
            [
              -67.546127,
              8.945484
            ],
            [
              -67.545644,
              8.944789
            ],
            [
              -67.54507299999989,
              8.943027
            ],
            [
              -67.54327299999989,
              8.944423000000143
            ],
            [
              -67.54156899999987,
              8.942321000000106
            ],
            [
              -67.54086499999988,
              8.941197
            ],
            [
              -67.53835,
              8.939851
            ],
            [
              -67.53594,
              8.941319
            ],
            [
              -67.533345,
              8.940388
            ],
            [
              -67.531534,
              8.941792
            ],
            [
              -67.530592,
              8.942827
            ],
            [
              -67.528699,
              8.943775000000187
            ],
            [
              -67.525387,
              8.946047
            ],
            [
              -67.52402499999982,
              8.947782
            ],
            [
              -67.52306,
              8.949619
            ],
            [
              -67.522586,
              8.950823000000128
            ],
            [
              -67.52109,
              8.95274400000011
            ],
            [
              -67.519575,
              8.953956
            ],
            [
              -67.517974,
              8.956201
            ],
            [
              -67.51657999999986,
              8.958417
            ],
            [
              -67.514876,
              8.960300000000188
            ],
            [
              -67.51394,
              8.962319
            ],
            [
              -67.5131209999999,
              8.96362500000015
            ],
            [
              -67.511543,
              8.965068
            ],
            [
              -67.510161,
              8.966894
            ],
            [
              -67.509568,
              8.968789
            ],
            [
              -67.510732,
              8.969831000000113
            ],
            [
              -67.510765,
              8.970975
            ],
            [
              -67.509302,
              8.970789000000138
            ],
            [
              -67.507179,
              8.971011
            ],
            [
              -67.50604299999986,
              8.97251
            ],
            [
              -67.50457399999982,
              8.973743000000127
            ],
            [
              -67.503473,
              8.974073
            ],
            [
              -67.502115,
              8.97434200000015
            ],
            [
              -67.501833,
              8.975456000000122
            ],
            [
              -67.501243,
              8.97595200000012
            ],
            [
              -67.499863,
              8.976259
            ],
            [
              -67.498859,
              8.975845000000163
            ],
            [
              -67.49779399999989,
              8.975801
            ],
            [
              -67.496745,
              8.975412
            ],
            [
              -67.49583799999988,
              8.975226
            ],
            [
              -67.495198,
              8.975585000000137
            ],
            [
              -67.495143,
              8.976205000000107
            ],
            [
              -67.494162,
              8.976779000000136
            ],
            [
              -67.493594,
              8.978214
            ],
            [
              -67.49329199999988,
              8.979116
            ],
            [
              -67.492362,
              8.979917
            ],
            [
              -67.491428,
              8.980512
            ],
            [
              -67.4906759999999,
              8.980988
            ],
            [
              -67.49004699999989,
              8.981806
            ],
            [
              -67.489444,
              8.982737
            ],
            [
              -67.488488,
              8.983402000000126
            ],
            [
              -67.487714,
              8.983924000000172
            ],
            [
              -67.486725,
              8.984130000000164
            ],
            [
              -67.485979,
              8.984881
            ],
            [
              -67.48508899999985,
              8.985384000000181
            ],
            [
              -67.484044,
              8.986187
            ],
            [
              -67.483291,
              8.986641
            ],
            [
              -67.4829299999999,
              8.987039000000152
            ],
            [
              -67.482042,
              8.987610000000132
            ],
            [
              -67.481412,
              8.988381000000174
            ],
            [
              -67.481029,
              8.988826
            ],
            [
              -67.480479,
              8.989022
            ],
            [
              -67.479605,
              8.989248000000146
            ],
            [
              -67.478844,
              8.989335
            ],
            [
              -67.478318,
              8.989599
            ],
            [
              -67.47783999999984,
              8.989908
            ],
            [
              -67.47737,
              8.990607000000125
            ],
            [
              -67.47708,
              8.991027
            ],
            [
              -67.476168,
              8.991598
            ],
            [
              -67.475829,
              8.991927
            ],
            [
              -67.47500899999989,
              8.992475000000127
            ],
            [
              -67.474376,
              8.993109
            ],
            [
              -67.47381,
              8.993649000000119
            ],
            [
              -67.473287,
              8.994028
            ],
            [
              -67.473249,
              8.994373000000166
            ],
            [
              -67.472912,
              8.994817000000126
            ],
            [
              -67.4726419999999,
              8.995144
            ],
            [
              -67.4723489999999,
              8.99547200000012
            ],
            [
              -67.471814,
              8.99631
            ],
            [
              -67.472573,
              8.998026
            ],
            [
              -67.472113,
              8.998575000000187
            ],
            [
              -67.471102,
              9.000664
            ],
            [
              -67.47146899999984,
              9.002552
            ],
            [
              -67.472546,
              9.004775000000166
            ],
            [
              -67.473003,
              9.005627000000175
            ],
            [
              -67.473315,
              9.006829000000153
            ],
            [
              -67.472742,
              9.007429
            ],
            [
              -67.471757,
              9.00715300000013
            ],
            [
              -67.471484,
              9.006775000000118
            ],
            [
              -67.47066,
              9.006468
            ],
            [
              -67.43706599999985,
              9.001003
            ],
            [
              -67.424791,
              8.999223
            ],
            [
              -67.420639,
              8.999941
            ],
            [
              -67.432056,
              9.035399
            ],
            [
              -67.434183,
              9.041448000000116
            ],
            [
              -67.436747,
              9.051737
            ],
            [
              -67.430554,
              9.05297300000018
            ],
            [
              -67.42726,
              9.060558000000185
            ],
            [
              -67.42273399999982,
              9.067241000000138
            ],
            [
              -67.424585,
              9.067991
            ],
            [
              -67.418939,
              9.080735
            ],
            [
              -67.41117,
              9.086520000000121
            ],
            [
              -67.407451,
              9.08789800000011
            ],
            [
              -67.405723,
              9.09214500000013
            ],
            [
              -67.40662299999985,
              9.096685
            ],
            [
              -67.403262,
              9.1148740000001
            ],
            [
              -67.403391,
              9.118962000000124
            ],
            [
              -67.402737,
              9.124569
            ],
            [
              -67.402861,
              9.129566000000182
            ],
            [
              -67.401761,
              9.13229600000011
            ],
            [
              -67.399596,
              9.132305000000144
            ],
            [
              -67.39728999999988,
              9.130194
            ],
            [
              -67.394975,
              9.129597000000103
            ],
            [
              -67.3917,
              9.134002
            ],
            [
              -67.38859899999989,
              9.135377000000119
            ],
            [
              -67.38564,
              9.138720000000149
            ],
            [
              -67.38530899999989,
              9.142206000000101
            ],
            [
              -67.38542699999988,
              9.148112
            ],
            [
              -67.383829,
              9.156297000000166
            ],
            [
              -67.38425499999988,
              9.156944
            ],
            [
              -67.385047,
              9.156999000000155
            ],
            [
              -67.386444,
              9.15767000000011
            ],
            [
              -67.38796899999988,
              9.158105
            ],
            [
              -67.38895,
              9.158795000000111
            ],
            [
              -67.390561,
              9.160558
            ],
            [
              -67.391323,
              9.161028000000101
            ],
            [
              -67.39350799999988,
              9.16171
            ],
            [
              -67.394537,
              9.162925
            ],
            [
              -67.395161,
              9.164871000000119
            ],
            [
              -67.3952149999999,
              9.166016000000184
            ],
            [
              -67.395298,
              9.166792
            ],
            [
              -67.395649,
              9.167855
            ],
            [
              -67.39609499999989,
              9.168478000000107
            ],
            [
              -67.397524,
              9.168849
            ],
            [
              -67.398319,
              9.169019000000105
            ],
            [
              -67.399095,
              9.1697640000001
            ],
            [
              -67.39945299999982,
              9.170482
            ],
            [
              -67.399666,
              9.171574000000135
            ],
            [
              -67.39956,
              9.172268
            ],
            [
              -67.399349,
              9.172691
            ],
            [
              -67.398678,
              9.173203000000115
            ],
            [
              -67.398026,
              9.1736
            ],
            [
              -67.397124,
              9.174582000000157
            ],
            [
              -67.39620599999984,
              9.175725
            ],
            [
              -67.395684,
              9.176943000000108
            ],
            [
              -67.395652,
              9.177724
            ],
            [
              -67.395942,
              9.178469
            ],
            [
              -67.396442,
              9.179754000000173
            ],
            [
              -67.397061,
              9.180621000000144
            ],
            [
              -67.398047,
              9.181885
            ],
            [
              -67.398806,
              9.182769
            ],
            [
              -67.399437,
              9.183888
            ],
            [
              -67.3997169999999,
              9.18539
            ],
            [
              -67.39942699999989,
              9.187102
            ],
            [
              -67.399232,
              9.187868
            ],
            [
              -67.398892,
              9.189490000000148
            ],
            [
              -67.398227,
              9.19110400000011
            ],
            [
              -67.397608,
              9.192211
            ],
            [
              -67.397493,
              9.192678000000114
            ],
            [
              -67.398923,
              9.193131000000108
            ],
            [
              -67.405075,
              9.195895
            ],
            [
              -67.410791,
              9.196782
            ],
            [
              -67.429634,
              9.200343
            ],
            [
              -67.443978,
              9.206042
            ],
            [
              -67.44769799999989,
              9.204665
            ],
            [
              -67.45327099999986,
              9.20373400000011
            ],
            [
              -67.461775,
              9.203701
            ],
            [
              -67.46609,
              9.205956
            ],
            [
              -67.47176599999989,
              9.21335500000015
            ],
            [
              -67.48118199999988,
              9.215893000000165
            ],
            [
              -67.493531,
              9.219480000000146
            ],
            [
              -67.505773,
              9.215191000000175
            ],
            [
              -67.518631,
              9.211355
            ],
            [
              -67.521437,
              9.207859000000155
            ]
          ]
        ]
      }
    },
    {
      "type": "Feature",
      "properties": {
        "Pais": "Venezuela",
        "Estado": "Guárico",
        "Municipio": "Francisco De Miranda",
        "Parroquia": "Guardatinajas"
      },
      "geometry": {
        "type": "Polygon",
        "coordinates": [
          [
            [
              -67.842004,
              9.229636
            ],
            [
              -67.85604799299989,
              9.230302973999983
            ],
            [
              -67.87081296299993,
              9.231004189000032
            ],
            [
              -67.87644984099995,
              9.231271894000031
            ],
            [
              -67.88002623299997,
              9.231441743000175
            ],
            [
              -67.8809491959999,
              9.231476865000047
            ],
            [
              -67.88088306399987,
              9.231410063
            ],
            [
              -67.88026602699989,
              9.230508045000022
            ],
            [
              -67.88022302799988,
              9.230163042000129
            ],
            [
              -67.88029236199992,
              9.22893936200012
            ],
            [
              -67.88030501799983,
              9.228716004000148
            ],
            [
              -67.88011300999995,
              9.22696795500002
            ],
            [
              -67.8794549719999,
              9.22551393200007
            ],
            [
              -67.8785839229999,
              9.224608911000018
            ],
            [
              -67.87782889399995,
              9.223567887000058
            ],
            [
              -67.87749386999985,
              9.222299863000103
            ],
            [
              -67.87753185699995,
              9.220622811000112
            ],
            [
              -67.87768086399996,
              9.21947579200014
            ],
            [
              -67.8776908509999,
              9.218349764000038
            ],
            [
              -67.8778338539999,
              9.217937746000075
            ],
            [
              -67.87844287499996,
              9.217047724000167
            ],
            [
              -67.87872988699996,
              9.215992694000079
            ],
            [
              -67.87873888099983,
              9.215005672000132
            ],
            [
              -67.87823585499996,
              9.214310655000077
            ],
            [
              -67.87742982599997,
              9.213958655000113
            ],
            [
              -67.87734281099995,
              9.213313632999984
            ],
            [
              -67.87755882199997,
              9.21237361600015
            ],
            [
              -67.8780238359999,
              9.212148602000184
            ],
            [
              -67.87807584099994,
              9.21155159000017
            ],
            [
              -67.87727379499995,
              9.210670574000062
            ],
            [
              -67.87697678299998,
              9.21023156200016
            ],
            [
              -67.8769847719999,
              9.209312547000081
            ],
            [
              -67.8770567759999,
              9.209083538000016
            ],
            [
              -67.8768817639999,
              9.20788651200013
            ],
            [
              -67.87720977799995,
              9.20745349100008
            ],
            [
              -67.87824480799998,
              9.205602449000025
            ],
            [
              -67.87854381499994,
              9.203238382000109
            ],
            [
              -67.87783877099997,
              9.201829355000143
            ],
            [
              -67.87778676399984,
              9.199875308
            ],
            [
              -67.87756774799993,
              9.19847227300005
            ],
            [
              -67.87695171599995,
              9.197546250000073
            ],
            [
              -67.87587065899993,
              9.196801238000035
            ],
            [
              -67.87469459599998,
              9.193848173000049
            ],
            [
              -67.8743085719999,
              9.19304015299997
            ],
            [
              -67.87405556299996,
              9.192762153000103
            ],
            [
              -67.87413456499996,
              9.191797126000097
            ],
            [
              -67.87405055099998,
              9.190785106000021
            ],
            [
              -67.87315750599998,
              9.18972007700006
            ],
            [
              -67.87269848499983,
              9.18939408
            ],
            [
              -67.87254747799994,
              9.188082041000087
            ],
            [
              -67.87244945799989,
              9.186127994000174
            ],
            [
              -67.87287647099998,
              9.184982961000173
            ],
            [
              -67.87327848599995,
              9.183952940000154
            ],
            [
              -67.87340448099997,
              9.182828910000012
            ],
            [
              -67.87313746599989,
              9.181630879000124
            ],
            [
              -67.87261243299997,
              9.18084486600003
            ],
            [
              -67.87229441799997,
              9.180266848000144
            ],
            [
              -67.87246241899999,
              9.179556833000106
            ],
            [
              -67.87225841499992,
              9.179117831000042
            ],
            [
              -67.87212740699994,
              9.178220801000066
            ],
            [
              -67.87199638699991,
              9.177276775999985
            ],
            [
              -67.87185938799996,
              9.177137783000148
            ],
            [
              -67.87110634499999,
              9.17600475800009
            ],
            [
              -67.87055431599998,
              9.175562743000057
            ],
            [
              -67.86958228299983,
              9.175621757000101
            ],
            [
              -67.86954826499993,
              9.174265727000034
            ],
            [
              -67.86879422999982,
              9.17324770300013
            ],
            [
              -67.86767317599998,
              9.171857669000076
            ],
            [
              -67.86724114999993,
              9.171002655000052
            ],
            [
              -67.86694813199995,
              9.170058632000178
            ],
            [
              -67.86628310899988,
              9.169408623000095
            ],
            [
              -67.86573507499992,
              9.168621605
            ],
            [
              -67.86558306399996,
              9.16754057300011
            ],
            [
              -67.86527104099997,
              9.166181541000071
            ],
            [
              -67.86507103099996,
              9.16532953
            ],
            [
              -67.86422398799994,
              9.164263507000044
            ],
            [
              -67.86219889799997,
              9.163049486000034
            ],
            [
              -67.86072782199994,
              9.162000472000102
            ],
            [
              -67.86029879799997,
              9.160847436999973
            ],
            [
              -67.85978776999997,
              9.158567381000182
            ],
            [
              -67.85975975599996,
              9.15645333800012
            ],
            [
              -67.85982275299995,
              9.15456928500015
            ],
            [
              -67.85999775099992,
              9.153123252000114
            ],
            [
              -67.85878868899994,
              9.151319215000171
            ],
            [
              -67.85870667199998,
              9.150078187000133
            ],
            [
              -67.85923068799997,
              9.148428142000114
            ],
            [
              -67.86005072199998,
              9.147287115000154
            ],
            [
              -67.86081974299992,
              9.146652092000068
            ],
            [
              -67.86133377199991,
              9.146082075000095
            ],
            [
              -67.86134575599993,
              9.144704038000043
            ],
            [
              -67.86097273199988,
              9.142493987000023
            ],
            [
              -67.86067870999989,
              9.141778973000044
            ],
            [
              -67.86011068899995,
              9.140600940000184
            ],
            [
              -67.85970565899993,
              9.139378916000112
            ],
            [
              -67.85950764599988,
              9.138159895000058
            ],
            [
              -67.85952163899998,
              9.136665852000021
            ],
            [
              -67.85945763599995,
              9.135998835000123
            ],
            [
              -67.85860458999997,
              9.135714831000087
            ],
            [
              -67.85814757799989,
              9.135135820000073
            ],
            [
              -67.85841157599998,
              9.134012794000057
            ],
            [
              -67.85851257299998,
              9.133094773000039
            ],
            [
              -67.85801355399991,
              9.13191774500018
            ],
            [
              -67.85825255499998,
              9.131092728
            ],
            [
              -67.85838554599997,
              9.129163679000044
            ],
            [
              -67.85843954899997,
              9.128337659000067
            ],
            [
              -67.85773750699997,
              9.126652617000104
            ],
            [
              -67.85664846099985,
              9.126871627000071
            ],
            [
              -67.85639745099996,
              9.126455615000111
            ],
            [
              -67.85659345199991,
              9.125193583000168
            ],
            [
              -67.85723347499993,
              9.123522547999983
            ],
            [
              -67.85726946399996,
              9.12205251000006
            ],
            [
              -67.85707044799994,
              9.12108548599997
            ],
            [
              -67.85666742599989,
              9.11954144800012
            ],
            [
              -67.85656341399994,
              9.118323419000149
            ],
            [
              -67.85657141499996,
              9.117381393000187
            ],
            [
              -67.8579504619999,
              9.115763353999967
            ],
            [
              -67.85944051899992,
              9.114743321000049
            ],
            [
              -67.86030355199995,
              9.113901296000108
            ],
            [
              -67.8608475659999,
              9.112574258999985
            ],
            [
              -67.86147458899984,
              9.112350249000087
            ],
            [
              -67.86237962999985,
              9.112038234000124
            ],
            [
              -67.86294365399988,
              9.111009206000062
            ],
            [
              -67.86253962799992,
              9.109626181000124
            ],
            [
              -67.86198959699982,
              9.109070171000155
            ],
            [
              -67.86151557599993,
              9.107755141000041
            ],
            [
              -67.86087953399988,
              9.106485108000015
            ],
            [
              -67.86039851699996,
              9.105906097000172
            ],
            [
              -67.85973148499994,
              9.105532090000054
            ],
            [
              -67.85903945399997,
              9.105272091000131
            ],
            [
              -67.85817942299997,
              9.10579210100019
            ],
            [
              -67.85729738299989,
              9.106105121000155
            ],
            [
              -67.85647434599991,
              9.105063091999966
            ],
            [
              -67.85611232599996,
              9.104118076000134
            ],
            [
              -67.85608298399995,
              9.104017660000181
            ],
            [
              -67.85550628099992,
              9.102044029000012
            ],
            [
              -67.85530726499996,
              9.10105400499998
            ],
            [
              -67.85555327399999,
              9.099378963000163
            ],
            [
              -67.8548672359999,
              9.098521940000182
            ],
            [
              -67.85464222799993,
              9.097829925000042
            ],
            [
              -67.85407719699998,
              9.096353895000107
            ],
            [
              -67.85316115199998,
              9.095379874000116
            ],
            [
              -67.85203209699989,
              9.09483986600003
            ],
            [
              -67.85104204999993,
              9.094324856000014
            ],
            [
              -67.85038001799995,
              9.093353838000155
            ],
            [
              -67.85129705399999,
              9.091661799000065
            ],
            [
              -67.85154105399994,
              9.090285760000143
            ],
            [
              -67.85146103499989,
              9.08888272400003
            ],
            [
              -67.85178104599999,
              9.08670367600007
            ],
            [
              -67.8519380429999,
              9.084682627000063
            ],
            [
              -67.85244105499999,
              9.082826573000148
            ],
            [
              -67.8534450819999,
              9.081756545000076
            ],
            [
              -67.85449512299994,
              9.08070951600007
            ],
            [
              -67.85531815899998,
              9.079177474000119
            ],
            [
              -67.85670220599985,
              9.077077412999984
            ],
            [
              -67.85726821599997,
              9.075796377000074
            ],
            [
              -67.85744722099986,
              9.073936328000059
            ],
            [
              -67.85804123099996,
              9.072150280000074
            ],
            [
              -67.85854524699994,
              9.070064225000067
            ],
            [
              -67.85895325399986,
              9.068436188000078
            ],
            [
              -67.86030530599999,
              9.067277149
            ],
            [
              -67.86123534399985,
              9.06666613100009
            ],
            [
              -67.86157934799996,
              9.064418081999975
            ],
            [
              -67.86198235599994,
              9.063319049000086
            ],
            [
              -67.86218335699994,
              9.061620002000097
            ],
            [
              -67.86236035199994,
              9.059874966000166
            ],
            [
              -67.86262636099991,
              9.058636928000055
            ],
            [
              -67.86330238699998,
              9.057999908000056
            ],
            [
              -67.86460444299996,
              9.05727788400003
            ],
            [
              -67.86463843399997,
              9.055967855000063
            ],
            [
              -67.86453442199996,
              9.054726826000149
            ],
            [
              -67.86494242899988,
              9.05302978800006
            ],
            [
              -67.86506743099994,
              9.052019754000185
            ],
            [
              -67.86576746199995,
              9.051291738000145
            ],
            [
              -67.86635348299984,
              9.050446712000053
            ],
            [
              -67.86647548299999,
              9.049735692000183
            ],
            [
              -67.86678348599997,
              9.048934668000186
            ],
            [
              -67.86722450599996,
              9.048709666000036
            ],
            [
              -67.86785353799996,
              9.048163654000177
            ],
            [
              -67.86897357299989,
              9.047048618000076
            ],
            [
              -67.86923657999989,
              9.046155594000084
            ],
            [
              -67.87086963899992,
              9.044493541000179
            ],
            [
              -67.87171567599995,
              9.0430545050001
            ],
            [
              -67.87156566299996,
              9.041742478000174
            ],
            [
              -67.87269869899995,
              9.039111404000096
            ],
            [
              -67.87398274199995,
              9.037814364000042
            ],
            [
              -67.87591581399994,
              9.036201313000106
            ],
            [
              -67.87743088099995,
              9.034929282000064
            ],
            [
              -67.87898893399989,
              9.033956242000045
            ],
            [
              -67.88066200299988,
              9.033076219000122
            ],
            [
              -67.88193204999988,
              9.030630151000082
            ],
            [
              -67.88296308499991,
              9.029146107000031
            ],
            [
              -67.88383311599989,
              9.027546068999982
            ],
            [
              -67.8840341159999,
              9.025756015000013
            ],
            [
              -67.88430511099995,
              9.023804971000061
            ],
            [
              -67.88429610399999,
              9.022310940000182
            ],
            [
              -67.88492912999988,
              9.021259904999965
            ],
            [
              -67.88496911499993,
              9.019422857000052
            ],
            [
              -67.88535113099988,
              9.018047822000028
            ],
            [
              -67.88658817899994,
              9.016795789000128
            ],
            [
              -67.88756921799995,
              9.015655755000125
            ],
            [
              -67.88852824899988,
              9.014401726000187
            ],
            [
              -67.88951328199994,
              9.012848681000037
            ],
            [
              -67.8899392909999,
              9.011749649000024
            ],
            [
              -67.89050131799996,
              9.011019623000038
            ],
            [
              -67.89196337399989,
              9.010344604000068
            ],
            [
              -67.89321642599998,
              9.009919585000148
            ],
            [
              -67.89376323999994,
              9.00986991000002
            ],
            [
              -67.89458147999989,
              9.00979557800008
            ],
            [
              -67.89614154299989,
              9.008569536000095
            ],
            [
              -67.89670756399994,
              9.007334511000124
            ],
            [
              -67.89685655999983,
              9.006255476000092
            ],
            [
              -67.89764057899993,
              9.00382742100004
            ],
            [
              -67.89767658099998,
              9.002425378999988
            ],
            [
              -67.89806757899993,
              9.000039329000117
            ],
            [
              -67.89840758799988,
              8.998158278000176
            ],
            [
              -67.89911161399988,
              8.996993247000148
            ],
            [
              -67.89964562899985,
              8.996700237000084
            ],
            [
              -67.90245673499999,
              8.993041135000169
            ],
            [
              -67.90349777299997,
              8.99124108300009
            ],
            [
              -67.90315274299996,
              8.989616042000023
            ],
            [
              -67.90379376899995,
              8.98729197900019
            ],
            [
              -67.90374775799995,
              8.985456942000155
            ],
            [
              -67.90493980099984,
              8.984595913000078
            ],
            [
              -67.90506037599994,
              8.982756087000041
            ],
            [
              -67.90506633599983,
              8.98266514800008
            ],
            [
              -67.90509479699995,
              8.982230854000022
            ],
            [
              -67.90506036899995,
              8.981410227000083
            ],
            [
              -67.90499377099997,
              8.979822800000079
            ],
            [
              -67.90372771299991,
              8.978505777000123
            ],
            [
              -67.90283266899985,
              8.977276743
            ],
            [
              -67.9034786869999,
              8.97536570200009
            ],
            [
              -67.90456371699997,
              8.97159159600011
            ],
            [
              -67.90464570199993,
              8.968952534000039
            ],
            [
              -67.90506029899996,
              8.967903238000133
            ],
            [
              -67.90551972599997,
              8.966740479000066
            ],
            [
              -67.90689078099996,
              8.96539543900019
            ],
            [
              -67.90824382999995,
              8.962651362000088
            ],
            [
              -67.90962586799998,
              8.958598260000088
            ],
            [
              -67.91216597399989,
              8.958182234000105
            ],
            [
              -67.91375804099994,
              8.957775223000112
            ],
            [
              -67.91402104699989,
              8.956694189000189
            ],
            [
              -67.91541510199988,
              8.95530314900003
            ],
            [
              -67.91585410299996,
              8.953463108000108
            ],
            [
              -67.91665513599997,
              8.952766086000167
            ],
            [
              -67.91697014299996,
              8.950285020000024
            ],
            [
              -67.9181911959999,
              8.949882008000088
            ],
            [
              -67.91847119199997,
              8.948318964000066
            ],
            [
              -67.91811016799994,
              8.945431892000158
            ],
            [
              -67.91905819799996,
              8.943563846000131
            ],
            [
              -67.92161230199997,
              8.942481807000036
            ],
            [
              -67.92328636299993,
              8.94131677100006
            ],
            [
              -67.9233600579999,
              8.941123356000162
            ],
            [
              -67.92418138799991,
              8.93896770800012
            ],
            [
              -67.92511842499994,
              8.938016678000167
            ],
            [
              -67.92607846299995,
              8.937157661000015
            ],
            [
              -67.92751851899999,
              8.935743621000086
            ],
            [
              -67.92831555099997,
              8.936583626000072
            ],
            [
              -67.92944159699994,
              8.935998611000059
            ],
            [
              -67.92977261099998,
              8.934778583000025
            ],
            [
              -67.93068664699996,
              8.933851558000129
            ],
            [
              -67.93147868599993,
              8.934255553000071
            ],
            [
              -67.93240972299986,
              8.934681566000052
            ],
            [
              -67.93376877899993,
              8.934185548000073
            ],
            [
              -67.93473782899991,
              8.935804578000102
            ],
            [
              -67.93613988199996,
              8.935101557999985
            ],
            [
              -67.93829198299994,
              8.935101547000102
            ],
            [
              -67.94008804099997,
              8.93265047400007
            ],
            [
              -67.94182611199994,
              8.93107242800005
            ],
            [
              -67.94466522499994,
              8.930514402000085
            ],
            [
              -67.94639731599989,
              8.932056434000117
            ],
            [
              -67.94789638399993,
              8.933508454000162
            ],
            [
              -67.94909142299997,
              8.931041385000071
            ],
            [
              -67.95072148199995,
              8.930083363
            ],
            [
              -67.95169551699996,
              8.928444313000114
            ],
            [
              -67.95256655799983,
              8.92788429900014
            ],
            [
              -67.95341759999997,
              8.929251321000095
            ],
            [
              -67.95522468099995,
              8.929392317000065
            ],
            [
              -67.95716875999994,
              8.92948731100006
            ],
            [
              -67.95835481299991,
              8.929887319000159
            ],
            [
              -67.95951486199988,
              8.93019632000005
            ],
            [
              -67.96077491299997,
              8.929173284000115
            ],
            [
              -67.96224997799999,
              8.928767267000183
            ],
            [
              -67.96379204499993,
              8.928154248
            ],
            [
              -67.96444006199994,
              8.926381197000126
            ],
            [
              -67.96626713899991,
              8.926338190000024
            ],
            [
              -67.96663313999994,
              8.924247135000144
            ],
            [
              -67.96847221499996,
              8.923287101000085
            ],
            [
              -67.97036229499992,
              8.922739084000114
            ],
            [
              -67.97152634299994,
              8.923323093000022
            ],
            [
              -67.97292940999995,
              8.924455109000121
            ],
            [
              -67.97419646399999,
              8.92400509099997
            ],
            [
              -67.97513048699989,
              8.921105017
            ],
            [
              -67.97701456999994,
              8.920074978000173
            ],
            [
              -67.9753804909999,
              8.91899096200018
            ],
            [
              -67.97558548799998,
              8.916946912000128
            ],
            [
              -67.97720355099995,
              8.915117863000091
            ],
            [
              -67.97814758299995,
              8.913019803
            ],
            [
              -67.97925361199998,
              8.910896756000113
            ],
            [
              -67.97956961299997,
              8.908507692000171
            ],
            [
              -67.9791935859999,
              8.906262639000147
            ],
            [
              -67.9801616229999,
              8.904256580000151
            ],
            [
              -67.98066363199996,
              8.902607541000066
            ],
            [
              -67.98153365399992,
              8.89944645900016
            ],
            [
              -67.98101861799995,
              8.897272418000114
            ],
            [
              -67.97968155899997,
              8.895864388000177
            ],
            [
              -67.97884651399988,
              8.893900342
            ],
            [
              -67.97853147999996,
              8.891059270000142
            ],
            [
              -67.97870447299994,
              8.888395209000066
            ],
            [
              -67.97879747199994,
              8.886605168000187
            ],
            [
              -67.97677536699996,
              8.884172113000034
            ],
            [
              -67.97572300399997,
              8.883799272000033
            ],
            [
              -67.97400924499993,
              8.883192106000024
            ],
            [
              -67.97109011599991,
              8.882879118000062
            ],
            [
              -67.96922103599991,
              8.883243133000121
            ],
            [
              -67.96684093999988,
              8.883406145000095
            ],
            [
              -67.96501186399996,
              8.883311162000155
            ],
            [
              -67.96340478399998,
              8.882502143000067
            ],
            [
              -67.96328777299988,
              8.880645100000152
            ],
            [
              -67.96361378199992,
              8.879012062000072
            ],
            [
              -67.96539384399995,
              8.877158013000042
            ],
            [
              -67.96661789199999,
              8.875194950000036
            ],
            [
              -67.96673589099998,
              8.873587916000133
            ],
            [
              -67.96708589399998,
              8.872069878000104
            ],
            [
              -67.96769691299994,
              8.871007846000168
            ],
            [
              -67.96746589299988,
              8.869335810000052
            ],
            [
              -67.96855693099991,
              8.867786763000026
            ],
            [
              -67.96818691399994,
              8.86609272100003
            ],
            [
              -67.96889092799995,
              8.865075696000133
            ],
            [
              -67.97115403399988,
              8.86470768099997
            ],
            [
              -67.97166543299983,
              8.863930044000028
            ],
            [
              -67.97253707599998,
              8.862604618000148
            ],
            [
              -67.97262006599993,
              8.86007956400016
            ],
            [
              -67.9714680269999,
              8.86045957500005
            ],
            [
              -67.97121800499991,
              8.859062537000113
            ],
            [
              -67.97160900499995,
              8.85710848900004
            ],
            [
              -67.97372109399998,
              8.855869448000135
            ],
            [
              -67.97474512999992,
              8.85455142000012
            ],
            [
              -67.9751231379999,
              8.853376386000093
            ],
            [
              -67.97628318999989,
              8.85189633900012
            ],
            [
              -67.97760923699991,
              8.850688308000088
            ],
            [
              -67.97832525099994,
              8.848868263000043
            ],
            [
              -67.97863425999998,
              8.84592818700014
            ],
            [
              -67.97945228399993,
              8.844795154999986
            ],
            [
              -67.98078133599995,
              8.843818131000148
            ],
            [
              -67.98273440899999,
              8.842833098000085
            ],
            [
              -67.98341244299985,
              8.841633065
            ],
            [
              -67.98465248599996,
              8.840931038000122
            ],
            [
              -67.98587153999983,
              8.840413025000146
            ],
            [
              -67.98720059199991,
              8.839412990000085
            ],
            [
              -67.98925967399992,
              8.839458980000188
            ],
            [
              -67.99036271099982,
              8.837175925
            ],
            [
              -67.98743158499997,
              8.835876908000103
            ],
            [
              -67.98593850599997,
              8.833162847000153
            ],
            [
              -67.98694653499996,
              8.830673784000169
            ],
            [
              -67.9886355999999,
              8.828911725000125
            ],
            [
              -67.99085869099991,
              8.829094722000093
            ],
            [
              -67.99274277299992,
              8.828110694000031
            ],
            [
              -67.99403481899998,
              8.826100637000081
            ],
            [
              -67.99290275399994,
              8.824460606000173
            ],
            [
              -67.99255872999998,
              8.822927565000043
            ],
            [
              -67.99292274399988,
              8.820743516000107
            ],
            [
              -67.99194568499996,
              8.81855146700019
            ],
            [
              -67.99396577199997,
              8.817360426000107
            ],
            [
              -67.99535782599992,
              8.817712422000113
            ],
            [
              -67.99471579999994,
              8.816342395
            ],
            [
              -67.99379574499983,
              8.81502137300015
            ],
            [
              -67.99344672799998,
              8.813075323000078
            ],
            [
              -67.99451774999989,
              8.81008124900012
            ],
            [
              -67.99502176599992,
              8.807965194000076
            ],
            [
              -67.99707684099997,
              8.805969134000122
            ],
            [
              -67.99854389699993,
              8.804944099000181
            ],
            [
              -67.99994596099987,
              8.804287079000176
            ],
            [
              -68.00171202599995,
              8.803336045000151
            ],
            [
              -68.00186003199997,
              8.802939034000076
            ],
            [
              -68.00192402999994,
              8.80256203200014
            ],
            [
              -68.00196802999994,
              8.802038018000133
            ],
            [
              -68.00213804199996,
              8.801452003000065
            ],
            [
              -68.00218204099997,
              8.800635987000021
            ],
            [
              -68.00218403499986,
              8.799860969000065
            ],
            [
              -68.00153399399989,
              8.798874944999966
            ],
            [
              -68.00149399599997,
              8.798057924000148
            ],
            [
              -68.00149798699994,
              8.796905893000144
            ],
            [
              -68.00251903199995,
              8.79602087100011
            ],
            [
              -68.00351006299996,
              8.794848838
            ],
            [
              -68.0048941149999,
              8.793583798000157
            ],
            [
              -68.00591115299994,
              8.79298577600008
            ],
            [
              -68.00720020599994,
              8.790779727000029
            ],
            [
              -68.00770521799996,
              8.789195679999978
            ],
            [
              -68.00700917599994,
              8.788347667999972
            ],
            [
              -68.00571312099999,
              8.787935658000038
            ],
            [
              -68.00573311099998,
              8.786627628000133
            ],
            [
              -68.00686316399992,
              8.78556960200018
            ],
            [
              -68.00850322799994,
              8.78476357000011
            ],
            [
              -68.00988627199996,
              8.782994524000117
            ],
            [
              -68.0105512909999,
              8.780652463000024
            ],
            [
              -68.01165632699997,
              8.77856140400013
            ],
            [
              -68.01322839699998,
              8.778238388000034
            ],
            [
              -68.01461345499996,
              8.777180361000148
            ],
            [
              -68.01564949199997,
              8.775663314000155
            ],
            [
              -68.01617849899992,
              8.774216274000139
            ],
            [
              -68.01749354899994,
              8.773021240000048
            ],
            [
              -68.01781556599985,
              8.772377221000113
            ],
            [
              -68.01965662799995,
              8.769000135000113
            ],
            [
              -68.0214326919999,
              8.767207081000095
            ],
            [
              -68.02307275599998,
              8.76631005400003
            ],
            [
              -68.02393079699993,
              8.767410073000178
            ],
            [
              -68.02608589799996,
              8.76892210300008
            ],
            [
              -68.02663992099997,
              8.768508085000065
            ],
            [
              -68.02610188399996,
              8.766144035000082
            ],
            [
              -68.02526684399999,
              8.765159017000087
            ],
            [
              -68.02436280299997,
              8.764311006000185
            ],
            [
              -68.02362077299995,
              8.76376099200013
            ],
            [
              -68.02255472199994,
              8.762843971000052
            ],
            [
              -68.0219746869999,
              8.761857957000188
            ],
            [
              -68.02217968899998,
              8.760801923000031
            ],
            [
              -68.02331374599993,
              8.761212929000067
            ],
            [
              -68.02428979799987,
              8.76313997200009
            ],
            [
              -68.02616588399991,
              8.764032985000028
            ],
            [
              -68.0266938979999,
              8.762539945000128
            ],
            [
              -68.02596985499997,
              8.759831887000018
            ],
            [
              -68.02460078299993,
              8.757974851000029
            ],
            [
              -68.02321071199992,
              8.756805822000047
            ],
            [
              -68.02172964699997,
              8.756325818000107
            ],
            [
              -68.02036559899989,
              8.75667283700011
            ],
            [
              -68.01930555499996,
              8.757959872000129
            ],
            [
              -68.01836052599998,
              8.759292905000052
            ],
            [
              -68.01673944499998,
              8.758353891000127
            ],
            [
              -68.0162964189999,
              8.757114875000127
            ],
            [
              -68.01606140199993,
              8.755439825000053
            ],
            [
              -68.01529235399988,
              8.753098777
            ],
            [
              -68.01473632799997,
              8.7526177740001
            ],
            [
              -68.0147793299999,
              8.75128674299998
            ],
            [
              -68.01586236299988,
              8.749999697000078
            ],
            [
              -68.01687440299997,
              8.747862650000116
            ],
            [
              -68.01684839299992,
              8.74666962100008
            ],
            [
              -68.01509131099994,
              8.746671628000172
            ],
            [
              -68.01333424299997,
              8.747041638000042
            ],
            [
              -68.01252420499998,
              8.746675638000113
            ],
            [
              -68.01178217299997,
              8.745735626000169
            ],
            [
              -68.01041611099993,
              8.745094608000045
            ],
            [
              -68.00986208799992,
              8.745600626000169
            ],
            [
              -68.00866103299984,
              8.746245642000076
            ],
            [
              -68.00801401199993,
              8.746131650000052
            ],
            [
              -68.00731897599991,
              8.74553563500001
            ],
            [
              -68.00666894599993,
              8.744572623000124
            ],
            [
              -68.00666593699998,
              8.743470589000083
            ],
            [
              -68.00740196099991,
              8.742000548000021
            ],
            [
              -68.00774878699985,
              8.741199479999977
            ],
            [
              -68.00776997899999,
              8.74115053300011
            ],
            [
              -68.00920002999993,
              8.73963348400008
            ],
            [
              -68.01158012399998,
              8.73894145600002
            ],
            [
              -68.01278217399994,
              8.738732450000157
            ],
            [
              -68.01333118699989,
              8.73662039200019
            ],
            [
              -68.01471624499999,
              8.73565436500013
            ],
            [
              -68.0162393039999,
              8.734159322000153
            ],
            [
              -68.01746334899991,
              8.733744308000098
            ],
            [
              -68.01792837899995,
              8.734570325000107
            ],
            [
              -68.01908643299993,
              8.735464335000188
            ],
            [
              -68.02050049799993,
              8.736724359
            ],
            [
              -68.02110353299992,
              8.737618383000097
            ],
            [
              -68.02112953199997,
              8.738858406000077
            ],
            [
              -68.01974347799995,
              8.739480435000132
            ],
            [
              -68.01903045299991,
              8.740629466000087
            ],
            [
              -68.02014150999992,
              8.741086473000166
            ],
            [
              -68.02155056399988,
              8.740487444000053
            ],
            [
              -68.02323763699997,
              8.740163434000067
            ],
            [
              -68.02476369699991,
              8.740413425000042
            ],
            [
              -68.02629075999994,
              8.740434419
            ],
            [
              -68.02760380799998,
              8.738412372000141
            ],
            [
              -68.02785280899997,
              8.73669032500004
            ],
            [
              -68.02662475899996,
              8.735475295000015
            ],
            [
              -68.02486567599993,
              8.734950296000022
            ],
            [
              -68.02370762299995,
              8.734171288000084
            ],
            [
              -68.02430463699994,
              8.73247223900006
            ],
            [
              -68.02506566399995,
              8.731575217000113
            ],
            [
              -68.02668072599988,
              8.730311180000058
            ],
            [
              -68.02732976099998,
              8.73092919000004
            ],
            [
              -68.02784279499997,
              8.732535227000142
            ],
            [
              -68.02888884299989,
              8.734646272000077
            ],
            [
              -68.02969588299999,
              8.733726249000085
            ],
            [
              -68.03054590099998,
              8.731590184000027
            ],
            [
              -68.03019388099995,
              8.72959413600006
            ],
            [
              -68.02962851699982,
              8.729014604999975
            ],
            [
              -68.02891881299996,
              8.728287118000083
            ],
            [
              -68.02639970899992,
              8.728819138000063
            ],
            [
              -68.02614269999998,
              8.72778611800004
            ],
            [
              -68.02496064199994,
              8.726962102000073
            ],
            [
              -68.02336657699993,
              8.72753813200012
            ],
            [
              -68.0225555319999,
              8.72669010900006
            ],
            [
              -68.02177150399996,
              8.727426131000186
            ],
            [
              -68.02193076299989,
              8.729014604999975
            ],
            [
              -68.02200852299995,
              8.729790193000042
            ],
            [
              -68.02208253699996,
              8.731695235000075
            ],
            [
              -68.02113550399991,
              8.732040242000153
            ],
            [
              -68.01951442299998,
              8.731056233000174
            ],
            [
              -68.01927940699989,
              8.729518190000022
            ],
            [
              -68.01929481799993,
              8.729014604999975
            ],
            [
              -68.01936439399992,
              8.726741126999968
            ],
            [
              -68.02014742599988,
              8.725523095000085
            ],
            [
              -68.02090645099997,
              8.723938054000143
            ],
            [
              -68.0203464189999,
              8.721712006000189
            ],
            [
              -68.02004038899997,
              8.719829966000077
            ],
            [
              -68.0190433489999,
              8.718453933000148
            ],
            [
              -68.01832230499986,
              8.716939898000021
            ],
            [
              -68.01686423899991,
              8.716184885000189
            ],
            [
              -68.0178762679999,
              8.714277839000147
            ],
            [
              -68.01935433599988,
              8.71367882200002
            ],
            [
              -68.01763824299991,
              8.711684780000098
            ],
            [
              -68.0156511699999,
              8.712215804000152
            ],
            [
              -68.01384709099995,
              8.711712800999976
            ],
            [
              -68.01238601699993,
              8.710039767000126
            ],
            [
              -68.01168897899998,
              8.708709733000035
            ],
            [
              -68.01184397499992,
              8.706298675000028
            ],
            [
              -68.01345803099997,
              8.70450562300016
            ],
            [
              -68.01463307599994,
              8.702874579000024
            ],
            [
              -68.01599513399987,
              8.702000553
            ],
            [
              -68.01717818899994,
              8.703444580000053
            ],
            [
              -68.01784820999995,
              8.703305582000098
            ],
            [
              -68.01837522799997,
              8.701376533000087
            ],
            [
              -68.01754018799988,
              8.700390509000044
            ],
            [
              -68.01580511099996,
              8.699819498000124
            ],
            [
              -68.01476205999995,
              8.698857481
            ],
            [
              -68.01097290099989,
              8.700125537000133
            ],
            [
              -68.00960885099994,
              8.700012542000138
            ],
            [
              -68.00826578899989,
              8.699371535000125
            ],
            [
              -68.00687672499998,
              8.698639521000132
            ],
            [
              -68.00602469199993,
              8.699879549000059
            ],
            [
              -68.00558166499997,
              8.69836552400011
            ],
            [
              -68.00495362699996,
              8.696736488000113
            ],
            [
              -68.00451460699998,
              8.697150492999981
            ],
            [
              -68.00433361299997,
              8.698551530000032
            ],
            [
              -68.00380459299998,
              8.699768568000025
            ],
            [
              -68.00278554899995,
              8.69898954700011
            ],
            [
              -68.00285154199992,
              8.697841524000069
            ],
            [
              -68.00328955399993,
              8.696968496000125
            ],
            [
              -68.00400257899997,
              8.695636457000148
            ],
            [
              -68.00531863599997,
              8.694808432000116
            ],
            [
              -68.00704770499993,
              8.692923378000103
            ],
            [
              -68.00861675599998,
              8.691750350000063
            ],
            [
              -68.00993281299998,
              8.690990320000026
            ],
            [
              -68.01043883399996,
              8.69002529100004
            ],
            [
              -68.00916577799995,
              8.689339289000145
            ],
            [
              -68.00902275199991,
              8.687640245000068
            ],
            [
              -68.01100783599986,
              8.68646721400006
            ],
            [
              -68.0133849319999,
              8.684673153000062
            ],
            [
              -68.01573902899997,
              8.68310810000014
            ],
            [
              -68.01648105899994,
              8.683727114000021
            ],
            [
              -68.01620705799996,
              8.685265160000085
            ],
            [
              -68.01646406699996,
              8.68632118000005
            ],
            [
              -68.01778212699992,
              8.686457176000147
            ],
            [
              -68.01861415699994,
              8.686134164000066
            ],
            [
              -68.01921217899996,
              8.685077134000153
            ],
            [
              -68.01911716699988,
              8.683930106000105
            ],
            [
              -68.01818812499994,
              8.682531085000107
            ],
            [
              -68.0173310909999,
              8.681775063000089
            ],
            [
              -68.01596602199993,
              8.681226057000117
            ],
            [
              -68.01448495599988,
              8.68070005200019
            ],
            [
              -68.01286588899995,
              8.680496062000032
            ],
            [
              -68.01239986299993,
              8.679188034000163
            ],
            [
              -68.01283686999994,
              8.678177006000169
            ],
            [
              -68.01322888299995,
              8.677648993000105
            ],
            [
              -68.01264585199993,
              8.675904944000138
            ],
            [
              -68.01328987399995,
              8.674434916000166
            ],
            [
              -68.01324086399995,
              8.673309882000183
            ],
            [
              -68.01155079399985,
              8.672600882000097
            ],
            [
              -68.01043773399994,
              8.671316850000096
            ],
            [
              -68.01071074099997,
              8.66961780400004
            ],
            [
              -68.01045272499994,
              8.668126779000033
            ],
            [
              -68.00996369699988,
              8.666589742000156
            ],
            [
              -68.0101206949999,
              8.664798696000105
            ],
            [
              -68.01067371199991,
              8.664108676000183
            ],
            [
              -68.01083271199991,
              8.662914652000154
            ],
            [
              -68.01167673499998,
              8.660757598000032
            ],
            [
              -68.01389382699989,
              8.660416569000176
            ],
            [
              -68.01354681299995,
              8.659142550000183
            ],
            [
              -68.0113317119999,
              8.657978527000068
            ],
            [
              -68.00934962099996,
              8.657046516000094
            ],
            [
              -68.00857057899998,
              8.656737513000053
            ],
            [
              -68.00725053299993,
              8.656924524000146
            ],
            [
              -68.00701751999992,
              8.656344507000028
            ],
            [
              -68.00771953799983,
              8.655652488000044
            ],
            [
              -68.00772253199989,
              8.653684441
            ],
            [
              -68.00711750299985,
              8.653618447000042
            ],
            [
              -68.00492441099993,
              8.652866441000185
            ],
            [
              -68.00317133399994,
              8.654481488000158
            ],
            [
              -68.00177227899997,
              8.654013486000167
            ],
            [
              -68.00142325799999,
              8.65343447400005
            ],
            [
              -68.00251829899997,
              8.650734401000022
            ],
            [
              -68.00248128799996,
              8.648923359000094
            ],
            [
              -68.0023682719999,
              8.646723301000122
            ],
            [
              -68.00260626099998,
              8.644409245000134
            ],
            [
              -68.00319327999995,
              8.642212199000085
            ],
            [
              -68.00483333199986,
              8.638976107000019
            ],
            [
              -68.00588437999994,
              8.638169085000072
            ],
            [
              -68.00810147399989,
              8.638060069000062
            ],
            [
              -68.00822372299996,
              8.638014135
            ],
            [
              -68.0082744799999,
              8.637995064000108
            ],
            [
              -68.00810246399988,
              8.63748105600007
            ],
            [
              -68.00717142299993,
              8.636089035000055
            ],
            [
              -68.00449129199995,
              8.63446100200008
            ],
            [
              -68.00239220099985,
              8.633643992000032
            ],
            [
              -68.0022781969999,
              8.632485966000104
            ],
            [
              -68.00333023699994,
              8.631562938000116
            ],
            [
              -68.00508229699994,
              8.629947890999972
            ],
            [
              -68.00695436899991,
              8.62740782300017
            ],
            [
              -68.00858942999997,
              8.626254790000019
            ],
            [
              -68.0109235349999,
              8.625798760000123
            ],
            [
              -68.01325762899995,
              8.625458748000085
            ],
            [
              -68.0163757549999,
              8.625230729000123
            ],
            [
              -68.01699378499995,
              8.623733693000077
            ],
            [
              -68.01804582299997,
              8.622463652000079
            ],
            [
              -68.01921286899989,
              8.622003631000098
            ],
            [
              -68.01874984499995,
              8.620382599000095
            ],
            [
              -68.01676974799983,
              8.618524561000186
            ],
            [
              -68.01513966399995,
              8.616898534000029
            ],
            [
              -68.01385859999993,
              8.61562151600009
            ],
            [
              -68.01281454299993,
              8.611914424000133
            ],
            [
              -68.01461761399992,
              8.612010425000165
            ],
            [
              -68.01619769299992,
              8.612272418000089
            ],
            [
              -68.0164316929999,
              8.611578403000124
            ],
            [
              -68.01526963499998,
              8.609028345000183
            ],
            [
              -68.01375656399989,
              8.607287316000054
            ],
            [
              -68.01195249799997,
              8.609510372000159
            ],
            [
              -68.0111854619999,
              8.609826383000097
            ],
            [
              -68.01060243999996,
              8.609824387000117
            ],
            [
              -68.01060443399996,
              8.60878236700006
            ],
            [
              -68.01084043999987,
              8.607278331000145
            ],
            [
              -68.01259250099997,
              8.605895285000088
            ],
            [
              -68.01495861099988,
              8.60641529000003
            ],
            [
              -68.01621165499984,
              8.60428523100012
            ],
            [
              -68.0175727059999,
              8.602987186000064
            ],
            [
              -68.01645064399997,
              8.601045149000072
            ],
            [
              -68.01490757799985,
              8.600487145000102
            ],
            [
              -68.01342249499999,
              8.598258098000144
            ],
            [
              -68.01366049599994,
              8.596059042999968
            ],
            [
              -68.01517756499999,
              8.595601031000115
            ],
            [
              -68.01774466699993,
              8.594797999000093
            ],
            [
              -68.02007875999988,
              8.594342974000028
            ],
            [
              -68.02101480299996,
              8.593071940000186
            ],
            [
              -68.02054976999995,
              8.591912911000122
            ],
            [
              -68.01856669199998,
              8.592022930999974
            ],
            [
              -68.01495153499991,
              8.591317926000045
            ],
            [
              -68.01277743499998,
              8.590705919000072
            ],
            [
              -68.01218840199994,
              8.589886903000036
            ],
            [
              -68.01215040199997,
              8.588893886
            ],
            [
              -68.01157637199998,
              8.587255851000123
            ],
            [
              -68.01072332699994,
              8.587342854000099
            ],
            [
              -68.01010530599996,
              8.588144871000111
            ],
            [
              -68.00982230499989,
              8.589565917000073
            ],
            [
              -68.01040033799995,
              8.592345979000072
            ],
            [
              -68.01017033899984,
              8.593865009000183
            ],
            [
              -68.00969831199995,
              8.59373300599998
            ],
            [
              -68.00824725399997,
              8.594491037000125
            ],
            [
              -68.00783223299999,
              8.5936110130001
            ],
            [
              -68.00680318299993,
              8.592281987000092
            ],
            [
              -68.00698818399997,
              8.590460951000068
            ],
            [
              -68.00702217899993,
              8.589788931999976
            ],
            [
              -68.00842523099993,
              8.587940881000122
            ],
            [
              -68.01041431299996,
              8.586979843000165
            ],
            [
              -68.01041230699997,
              8.58551680700009
            ],
            [
              -68.01210537299988,
              8.584656780999978
            ],
            [
              -68.01205036299996,
              8.582743734000076
            ],
            [
              -68.01310638999996,
              8.579736666000144
            ],
            [
              -68.01447344399998,
              8.577653611000187
            ],
            [
              -68.01532846999993,
              8.576386575000129
            ],
            [
              -68.0126163519999,
              8.57474155
            ],
            [
              -68.01066525999994,
              8.574752557000124
            ],
            [
              -68.0089151919999,
              8.574978570000098
            ],
            [
              -68.00646110199989,
              8.577170635000186
            ],
            [
              -68.00540905299988,
              8.578787677000037
            ],
            [
              -68.00377300099996,
              8.580171716000052
            ],
            [
              -68.00196891699989,
              8.581160756000031
            ],
            [
              -68.00103189399994,
              8.582550788000106
            ],
            [
              -67.99798975199991,
              8.581385776000161
            ],
            [
              -67.9992787839999,
              8.577350675000162
            ],
            [
              -67.99732933699988,
              8.574111694000123
            ],
            [
              -67.99707167599996,
              8.573683594000045
            ],
            [
              -67.99822571999988,
              8.572112552000078
            ],
            [
              -67.99896973799991,
              8.57053251299999
            ],
            [
              -67.9986947249999,
              8.568403467000053
            ],
            [
              -68.00202785499988,
              8.56660840800015
            ],
            [
              -68.00343390199998,
              8.565319362000082
            ],
            [
              -68.0037799129999,
              8.562228291
            ],
            [
              -68.00149679399993,
              8.559391239000092
            ],
            [
              -68.00080474099997,
              8.554497124000079
            ],
            [
              -68.00347184899994,
              8.553317089000075
            ],
            [
              -68.00603596899998,
              8.554482104000101
            ],
            [
              -68.00883408799996,
              8.554954096000074
            ],
            [
              -68.01081118899992,
              8.558316169000136
            ],
            [
              -68.01127421399997,
              8.56028520600006
            ],
            [
              -68.01290629199991,
              8.56086921299999
            ],
            [
              -68.0143073509999,
              8.560063195000112
            ],
            [
              -68.01302928299998,
              8.557397132000062
            ],
            [
              -68.0110501769999,
              8.554960081000104
            ],
            [
              -68.01070316199997,
              8.553455055000086
            ],
            [
              -68.01064514299998,
              8.550507982000056
            ],
            [
              -68.01094514699992,
              8.54859394000016
            ],
            [
              -68.01385927699988,
              8.54952893900014
            ],
            [
              -68.0156113509999,
              8.548375906000047
            ],
            [
              -68.01573233799996,
              8.546061851000161
            ],
            [
              -68.01375125099992,
              8.54482283200008
            ],
            [
              -68.01382331499991,
              8.544603415000097
            ],
            [
              -68.01422026799992,
              8.54339479600003
            ],
            [
              -68.01527429899988,
              8.540967734000105
            ],
            [
              -68.01655635199995,
              8.541434744000014
            ],
            [
              -68.01853743999999,
              8.542828758000098
            ],
            [
              -68.0192944719999,
              8.542437750999966
            ],
            [
              -68.02202258999995,
              8.541663714000151
            ],
            [
              -68.02308863299987,
              8.540990696000051
            ],
            [
              -68.02320762699986,
              8.53971766899997
            ],
            [
              -68.02227757799989,
              8.538210635000155
            ],
            [
              -68.02053149599993,
              8.536121589000174
            ],
            [
              -68.02449265499996,
              8.534502535000115
            ],
            [
              -68.02213553299998,
              8.529257418000043
            ],
            [
              -68.02169648899996,
              8.524821319000068
            ],
            [
              -68.02214148099995,
              8.519650192000029
            ],
            [
              -68.02129841699997,
              8.512433025000178
            ],
            [
              -68.0202273459999,
              8.507835928000077
            ],
            [
              -68.01722121399996,
              8.506973926000114
            ],
            [
              -68.01589313799997,
              8.50463987000012
            ],
            [
              -68.01543410299996,
              8.501308797000092
            ],
            [
              -68.01643913399994,
              8.497423702000049
            ],
            [
              -68.01700814199984,
              8.494885639000131
            ],
            [
              -68.01739514199988,
              8.492138564000129
            ],
            [
              -68.01645810799988,
              8.491484560000174
            ],
            [
              -68.01453400899993,
              8.490335542000139
            ],
            [
              -68.01190589399982,
              8.489911547000133
            ],
            [
              -68.0075617089999,
              8.489832564000096
            ],
            [
              -68.00357654299995,
              8.489024562000054
            ],
            [
              -68.0011154259999,
              8.488213560000077
            ],
            [
              -68.0007634019999,
              8.485434489999989
            ],
            [
              -68.00251946299989,
              8.482360417000109
            ],
            [
              -68.00362950499982,
              8.48079236700005
            ],
            [
              -68.00511755699995,
              8.478610312000058
            ],
            [
              -68.00738764399989,
              8.476690253000072
            ],
            [
              -68.00758463299996,
              8.474308203000021
            ],
            [
              -68.00559954699992,
              8.472585161999973
            ],
            [
              -68.00332142699989,
              8.468841087999976
            ],
            [
              -68.00202936399995,
              8.467173055000103
            ],
            [
              -67.99875220899986,
              8.465290025000058
            ],
            [
              -67.99703613699995,
              8.465053031000025
            ],
            [
              -67.99357799299992,
              8.465384049000022
            ],
            [
              -67.9897788369999,
              8.46597608899998
            ],
            [
              -67.98777274699995,
              8.466136094000035
            ],
            [
              -67.98553664999991,
              8.46639311600012
            ],
            [
              -67.98221251099994,
              8.466514140000015
            ],
            [
              -67.97856435799997,
              8.467654186
            ],
            [
              -67.97677028799995,
              8.467993202
            ],
            [
              -67.97413617199999,
              8.468971237
            ],
            [
              -67.97329813199991,
              8.468715235000161
            ],
            [
              -67.97255209699989,
              8.466457177
            ],
            [
              -67.97228507599993,
              8.463913123
            ],
            [
              -67.97200404399996,
              8.461759078000057
            ],
            [
              -67.97165502799993,
              8.45967602100012
            ],
            [
              -67.9709739839999,
              8.45723397300003
            ],
            [
              -67.97083896399994,
              8.455398926000157
            ],
            [
              -67.97128998099993,
              8.453917890000184
            ],
            [
              -67.97274202999989,
              8.452781864000144
            ],
            [
              -67.97450810399994,
              8.451202814000055
            ],
            [
              -67.97652118699995,
              8.44934275800017
            ],
            [
              -67.97805324999996,
              8.448664736000012
            ],
            [
              -67.98191139999989,
              8.44763468800005
            ],
            [
              -67.98409449399998,
              8.44712667500005
            ],
            [
              -67.98772364399997,
              8.446193631000085
            ],
            [
              -67.98901869899998,
              8.445245604000092
            ],
            [
              -67.98973271299991,
              8.44318454800009
            ],
            [
              -67.99020172799999,
              8.441496511000139
            ],
            [
              -67.99034572599999,
              8.438736442000106
            ],
            [
              -67.98931667899996,
              8.438185436000026
            ],
            [
              -67.9871595859999,
              8.437866436000093
            ],
            [
              -67.98437145799988,
              8.437171430000149
            ],
            [
              -67.98157333599983,
              8.436109427000076
            ],
            [
              -67.97954623799995,
              8.435350418999974
            ],
            [
              -67.97764714999994,
              8.434176390000118
            ],
            [
              -67.97579807299991,
              8.433183383000085
            ],
            [
              -67.97312994599986,
              8.431681361000187
            ],
            [
              -67.97098284499992,
              8.42878929700015
            ],
            [
              -67.96910275399989,
              8.426419260000102
            ],
            [
              -67.96767468499996,
              8.424636215000078
            ],
            [
              -67.96583059399995,
              8.422817188000124
            ],
            [
              -67.96337247799994,
              8.421448163000093
            ],
            [
              -67.96113237799989,
              8.420488150000153
            ],
            [
              -67.95898928399993,
              8.419732147000047
            ],
            [
              -67.95733821599993,
              8.419310146000043
            ],
            [
              -67.95760621099998,
              8.417902108000078
            ],
            [
              -67.95830423899992,
              8.416140067000185
            ],
            [
              -67.95943227499998,
              8.413955010000166
            ],
            [
              -67.9612153409999,
              8.412122957000179
            ],
            [
              -67.96349943299998,
              8.41101491700016
            ],
            [
              -67.96235036999997,
              8.408305857000187
            ],
            [
              -67.96095530799988,
              8.40693583400008
            ],
            [
              -67.95883619899996,
              8.404226779000169
            ],
            [
              -67.95703111899991,
              8.40210774400009
            ],
            [
              -67.95495001999996,
              8.400041700000031
            ],
            [
              -67.95343594499991,
              8.398513668000078
            ],
            [
              -67.95227288199993,
              8.396172623000098
            ],
            [
              -67.95081781399989,
              8.394183582000096
            ],
            [
              -67.94914572799985,
              8.392843561000177
            ],
            [
              -67.94685763299998,
              8.392779572999984
            ],
            [
              -67.94445352999992,
              8.392742584000075
            ],
            [
              -67.94304745999995,
              8.39185457100001
            ],
            [
              -67.94140538799996,
              8.390788553000107
            ],
            [
              -67.94014332699999,
              8.389186517000098
            ],
            [
              -67.93861324799997,
              8.386946473000023
            ],
            [
              -67.93771119999991,
              8.384898434000092
            ],
            [
              -67.93735418099988,
              8.383482393000122
            ],
            [
              -67.93646413299996,
              8.380929343000048
            ],
            [
              -67.93575108899995,
              8.378073281000184
            ],
            [
              -67.93674811199998,
              8.376258225000129
            ],
            [
              -67.9387511939999,
              8.374950186000149
            ],
            [
              -67.93856518599989,
              8.373943169000029
            ],
            [
              -67.93715511799991,
              8.372895149000044
            ],
            [
              -67.93488901899991,
              8.372785160999968
            ],
            [
              -67.9327129219999,
              8.372581160999971
            ],
            [
              -67.93033181999988,
              8.372543178000114
            ],
            [
              -67.92813873199998,
              8.372592181000186
            ],
            [
              -67.92506559999998,
              8.372570201000144
            ],
            [
              -67.92335721699993,
              8.372837969000102
            ],
            [
              -67.9230175059999,
              8.372891219000053
            ],
            [
              -67.92006738999999,
              8.374221258000034
            ],
            [
              -67.91771530199998,
              8.375377297000057
            ],
            [
              -67.91582821599997,
              8.37668333800002
            ],
            [
              -67.91393114799996,
              8.37757636900011
            ],
            [
              -67.91150804199998,
              8.377699387000177
            ],
            [
              -67.90913993899989,
              8.378189402000089
            ],
            [
              -67.90596881799996,
              8.37989146600006
            ],
            [
              -67.90505735499988,
              8.379912046000186
            ],
            [
              -67.90326669999996,
              8.379952474000163
            ],
            [
              -67.90282868299994,
              8.379962480000074
            ],
            [
              -67.90082958999994,
              8.379455480000047
            ],
            [
              -67.89857848999992,
              8.377989452000065
            ],
            [
              -67.89860047599996,
              8.375967411000033
            ],
            [
              -67.89950450899988,
              8.37509738600005
            ],
            [
              -67.90187360099998,
              8.37364233300002
            ],
            [
              -67.90397069599993,
              8.372400301000141
            ],
            [
              -67.90410267599992,
              8.369135222000068
            ],
            [
              -67.90190456999989,
              8.365968150000015
            ],
            [
              -67.90037749599992,
              8.363866119000079
            ],
            [
              -67.89852440399989,
              8.361633065000092
            ],
            [
              -67.89630029799997,
              8.359385031000045
            ],
            [
              -67.89427119699997,
              8.357523990000175
            ],
            [
              -67.89216109599988,
              8.354170929000134
            ],
            [
              -67.89036900999997,
              8.351591868000128
            ],
            [
              -67.88887393699997,
              8.349855841000135
            ],
            [
              -67.88708883699996,
              8.346610767000016
            ],
            [
              -67.88525075499996,
              8.345020749000128
            ],
            [
              -67.88312666799999,
              8.345045757000037
            ],
            [
              -67.88063455999992,
              8.345169769
            ],
            [
              -67.87866946699995,
              8.345099773000072
            ],
            [
              -67.87593035699996,
              8.344517781000036
            ],
            [
              -67.87358324999991,
              8.343903776000161
            ],
            [
              -67.87230818199993,
              8.342714750000027
            ],
            [
              -67.87184057799988,
              8.340854021000155
            ],
            [
              -67.87177415499991,
              8.340589703000148
            ],
            [
              -67.87078609599996,
              8.337785637000081
            ],
            [
              -67.87006906899995,
              8.337992654000118
            ],
            [
              -67.87001606699994,
              8.337950651000085
            ],
            [
              -67.86995306099993,
              8.338025647000052
            ],
            [
              -67.86888102099988,
              8.33833366600004
            ],
            [
              -67.8681349929999,
              8.340027712000051
            ],
            [
              -67.86771798599995,
              8.341663752999978
            ],
            [
              -67.86760498399991,
              8.342107757000122
            ],
            [
              -67.86699996399994,
              8.343912807000095
            ],
            [
              -67.86618293499993,
              8.345562851000011
            ],
            [
              -67.86547591799996,
              8.346956878000185
            ],
            [
              -67.86401585399994,
              8.348758928000052
            ],
            [
              -67.86200177699993,
              8.35057298300012
            ],
            [
              -67.86072872999995,
              8.351451016000055
            ],
            [
              -67.85917267299988,
              8.352083038000103
            ],
            [
              -67.8570475809999,
              8.352085046000127
            ],
            [
              -67.85476246899992,
              8.350183008000101
            ],
            [
              -67.85334440099996,
              8.34775595800005
            ],
            [
              -67.85254035199995,
              8.34595892100009
            ],
            [
              -67.85202031299997,
              8.343420864000166
            ],
            [
              -67.85207028999986,
              8.336527706000027
            ],
            [
              -67.85262430599994,
              8.334538655000017
            ],
            [
              -67.85434036399994,
              8.33181257700005
            ],
            [
              -67.85547240299996,
              8.330799547000083
            ],
            [
              -67.8569444609999,
              8.32954852000006
            ],
            [
              -67.85927555399996,
              8.327375448000055
            ],
            [
              -67.86019258099998,
              8.32611042200017
            ],
            [
              -67.86253567599988,
              8.32366834800007
            ],
            [
              -67.86396173399999,
              8.322652313000106
            ],
            [
              -67.86589180199991,
              8.320855264000045
            ],
            [
              -67.86744986099995,
              8.31841619700009
            ],
            [
              -67.86956293999998,
              8.316366145000131
            ],
            [
              -67.87149601499988,
              8.315164107000157
            ],
            [
              -67.87370110799992,
              8.312930041000016
            ],
            [
              -67.87547417299999,
              8.31198101900003
            ],
            [
              -67.87784627099995,
              8.310800974000188
            ],
            [
              -67.87935832899984,
              8.308591910000189
            ],
            [
              -67.88045135899995,
              8.305535838000083
            ],
            [
              -67.88043934499984,
              8.303287782000098
            ],
            [
              -67.87987631199996,
              8.301546748000078
            ],
            [
              -67.87839425199991,
              8.300681736000115
            ],
            [
              -67.87529111999993,
              8.303332813000168
            ],
            [
              -67.87393807699988,
              8.305081861000133
            ],
            [
              -67.87169998199988,
              8.305252877000044
            ],
            [
              -67.86833184199992,
              8.305862899999966
            ],
            [
              -67.8660527529999,
              8.307065944000044
            ],
            [
              -67.86379164499988,
              8.307327956000051
            ],
            [
              -67.86098053699982,
              8.308510001000059
            ],
            [
              -67.85981449299999,
              8.310694053000134
            ],
            [
              -67.85976150699992,
              8.313952131000065
            ],
            [
              -67.86009653499997,
              8.316360194000083
            ],
            [
              -67.8589294969999,
              8.318407239000067
            ],
            [
              -67.85661438599993,
              8.317132223999977
            ],
            [
              -67.85348724899995,
              8.314965185
            ],
            [
              -67.85089312699989,
              8.313462169
            ],
            [
              -67.84783899299998,
              8.31207514900018
            ],
            [
              -67.84517486099998,
              8.310251112000174
            ],
            [
              -67.84352879199992,
              8.309042091000038
            ],
            [
              -67.84217872199997,
              8.306868055000109
            ],
            [
              -67.84181768599996,
              8.303841979000026
            ],
            [
              -67.8422477009999,
              8.302164938999965
            ],
            [
              -67.84264369499988,
              8.298308843000143
            ],
            [
              -67.84265568699982,
              8.2960377980001
            ],
            [
              -67.84261867199996,
              8.29323873100003
            ],
            [
              -67.84267666599993,
              8.291104681000036
            ],
            [
              -67.84269165299997,
              8.289521642000068
            ],
            [
              -67.84219963399994,
              8.288078606000056
            ],
            [
              -67.84076756399992,
              8.287969618999966
            ],
            [
              -67.83881049399997,
              8.289056655000024
            ],
            [
              -67.83720435499998,
              8.28972790299997
            ],
            [
              -67.83718179299996,
              8.28973733200013
            ],
            [
              -67.83703741599999,
              8.289797671000088
            ],
            [
              -67.83703237299994,
              8.289800193000133
            ],
            [
              -67.83718931099997,
              8.289873478000061
            ],
            [
              -67.837411,
              8.289977
            ],
            [
              -67.837206,
              8.290551000000164
            ],
            [
              -67.8372476319999,
              8.291067457000167
            ],
            [
              -67.83728,
              8.291469
            ],
            [
              -67.837307,
              8.29224900000014
            ],
            [
              -67.83715299999989,
              8.293603
            ],
            [
              -67.83701699999983,
              8.294177000000161
            ],
            [
              -67.8368559999999,
              8.294315
            ],
            [
              -67.836309,
              8.29567100000014
            ],
            [
              -67.836014,
              8.296682
            ],
            [
              -67.835808,
              8.297073000000125
            ],
            [
              -67.835833,
              8.297394
            ],
            [
              -67.836834,
              8.299156000000153
            ],
            [
              -67.837162,
              8.300026
            ],
            [
              -67.837049,
              8.30046300000015
            ],
            [
              -67.837006,
              8.301221000000112
            ],
            [
              -67.837057,
              8.302047
            ],
            [
              -67.837015,
              8.302896
            ],
            [
              -67.836925,
              8.303538000000174
            ],
            [
              -67.83664799999985,
              8.303540000000169
            ],
            [
              -67.83618499999983,
              8.303129
            ],
            [
              -67.835881,
              8.30251
            ],
            [
              -67.835465,
              8.302375
            ],
            [
              -67.83475,
              8.302377
            ],
            [
              -67.833919,
              8.30245
            ],
            [
              -67.833784,
              8.303139
            ],
            [
              -67.833788,
              8.303919
            ],
            [
              -67.833141,
              8.303921
            ],
            [
              -67.832055,
              8.30365
            ],
            [
              -67.831591,
              8.303239000000133
            ],
            [
              -67.831246,
              8.30347
            ],
            [
              -67.831111,
              8.304205000000138
            ],
            [
              -67.830997,
              8.304389
            ],
            [
              -67.83055899999982,
              8.304666
            ],
            [
              -67.829842,
              8.304394000000116
            ],
            [
              -67.829662,
              8.305175
            ],
            [
              -67.82957850399998,
              8.305550732000086
            ],
            [
              -67.829504,
              8.3058860000001
            ],
            [
              -67.82932299999987,
              8.30680500000011
            ],
            [
              -67.829191,
              8.307930000000113
            ],
            [
              -67.829518,
              8.308823000000132
            ],
            [
              -67.83014699999984,
              8.309830000000147
            ],
            [
              -67.830771,
              8.309942000000149
            ],
            [
              -67.832246,
              8.309500000000185
            ],
            [
              -67.83281141699996,
              8.309040225000047
            ],
            [
              -67.833097,
              8.308808000000113
            ],
            [
              -67.8340649999999,
              8.308506
            ],
            [
              -67.835264,
              8.308363
            ],
            [
              -67.836373,
              8.308496
            ],
            [
              -67.836676,
              8.309091
            ],
            [
              -67.83665699999989,
              8.309849
            ],
            [
              -67.8363169999999,
              8.310997
            ],
            [
              -67.835578,
              8.31100000000015
            ],
            [
              -67.83480777299991,
              8.311195022999982
            ],
            [
              -67.83456299999989,
              8.311257
            ],
            [
              -67.834289,
              8.311785
            ],
            [
              -67.8341989999999,
              8.312268
            ],
            [
              -67.8340649999999,
              8.313186
            ],
            [
              -67.83365099999986,
              8.313463000000183
            ],
            [
              -67.83296,
              8.313856
            ],
            [
              -67.83236199999988,
              8.31431700000013
            ],
            [
              -67.831257,
              8.314941
            ],
            [
              -67.830614,
              8.315563
            ],
            [
              -67.830686,
              8.316136
            ],
            [
              -67.830965,
              8.316411000000187
            ],
            [
              -67.831498,
              8.316867
            ],
            [
              -67.83217,
              8.317369
            ],
            [
              -67.832171,
              8.317690000000141
            ],
            [
              -67.832266,
              8.318057000000124
            ],
            [
              -67.832545,
              8.318515
            ],
            [
              -67.832616,
              8.318950000000143
            ],
            [
              -67.832851,
              8.319637000000114
            ],
            [
              -67.833248,
              8.32059900000013
            ],
            [
              -67.83368799999988,
              8.320873
            ],
            [
              -67.83447499999983,
              8.321260000000109
            ],
            [
              -67.83496,
              8.321372000000167
            ],
            [
              -67.835423,
              8.3216
            ],
            [
              -67.836417,
              8.32182500000016
            ],
            [
              -67.83701899999988,
              8.322144
            ],
            [
              -67.83748199999985,
              8.32244
            ],
            [
              -67.83806,
              8.322644
            ],
            [
              -67.83868399999983,
              8.322756
            ],
            [
              -67.838734,
              8.32349
            ],
            [
              -67.838713,
              8.323949
            ],
            [
              -67.83821,
              8.324777000000154
            ],
            [
              -67.83797999999985,
              8.325099000000137
            ],
            [
              -67.837637,
              8.32572
            ],
            [
              -67.837501,
              8.326157000000137
            ],
            [
              -67.837435,
              8.326845
            ],
            [
              -67.837322,
              8.327281
            ],
            [
              -67.837001,
              8.327833
            ],
            [
              -67.83681899999988,
              8.328385
            ],
            [
              -67.83665799999989,
              8.328454
            ],
            [
              -67.835716,
              8.329307000000142
            ],
            [
              -67.835452,
              8.33012100000019
            ],
            [
              -67.835471,
              8.330667
            ],
            [
              -67.835697,
              8.331489
            ],
            [
              -67.836671,
              8.331629
            ],
            [
              -67.837474,
              8.331427
            ],
            [
              -67.837535,
              8.332046000000105
            ],
            [
              -67.836633,
              8.33300800000012
            ],
            [
              -67.83585899999986,
              8.333508000000108
            ],
            [
              -67.835435,
              8.334137000000112
            ],
            [
              -67.8353,
              8.3353350000001
            ],
            [
              -67.83589199999983,
              8.335965
            ],
            [
              -67.836289,
              8.33712800000012
            ],
            [
              -67.83632299999988,
              8.337633
            ],
            [
              -67.836913,
              8.338171000000102
            ],
            [
              -67.837579,
              8.339029
            ],
            [
              -67.837238,
              8.340277
            ],
            [
              -67.836603,
              8.34077400000018
            ],
            [
              -67.83572,
              8.340541
            ],
            [
              -67.833769,
              8.340079
            ],
            [
              -67.83261299999987,
              8.340013000000113
            ],
            [
              -67.83190799999988,
              8.340511000000106
            ],
            [
              -67.831395,
              8.341303
            ],
            [
              -67.831291,
              8.341811000000178
            ],
            [
              -67.831881,
              8.342326000000185
            ],
            [
              -67.83298899999988,
              8.342302000000132
            ],
            [
              -67.83393499999983,
              8.342281000000185
            ],
            [
              -67.83465699999988,
              8.342517000000157
            ],
            [
              -67.834955,
              8.343453000000181
            ],
            [
              -67.835065,
              8.344186
            ],
            [
              -67.834961,
              8.344717000000117
            ],
            [
              -67.834298,
              8.345007000000123
            ],
            [
              -67.833297,
              8.34468500000014
            ],
            [
              -67.832373,
              8.34466
            ],
            [
              -67.831271,
              8.344937000000186
            ],
            [
              -67.830287,
              8.34534900000017
            ],
            [
              -67.829334,
              8.346106000000134
            ],
            [
              -67.8288629999999,
              8.346737
            ],
            [
              -67.829103,
              8.347099
            ],
            [
              -67.831044,
              8.347148000000175
            ],
            [
              -67.83197799999988,
              8.347563
            ],
            [
              -67.833093,
              8.348871
            ],
            [
              -67.83319699999987,
              8.350362000000189
            ],
            [
              -67.832089,
              8.351420000000132
            ],
            [
              -67.83078099999989,
              8.351794
            ],
            [
              -67.829988,
              8.352455
            ],
            [
              -67.829459,
              8.35359300000016
            ],
            [
              -67.829376,
              8.353985
            ],
            [
              -67.830385,
              8.354652
            ],
            [
              -67.831207,
              8.355277
            ],
            [
              -67.830899,
              8.35595000000012
            ],
            [
              -67.83089,
              8.35657
            ],
            [
              -67.831337,
              8.35789300000016
            ],
            [
              -67.831712,
              8.359171
            ],
            [
              -67.831811,
              8.360455
            ],
            [
              -67.832768,
              8.360871
            ],
            [
              -67.833242,
              8.361411
            ],
            [
              -67.833787,
              8.361997
            ],
            [
              -67.83491,
              8.362615
            ],
            [
              -67.835358,
              8.363018000000181
            ],
            [
              -67.836265,
              8.364285
            ],
            [
              -67.837921,
              8.364983
            ],
            [
              -67.83823399999989,
              8.365573
            ],
            [
              -67.839998,
              8.366935
            ],
            [
              -67.840553,
              8.36798
            ],
            [
              -67.839633,
              8.369149000000107
            ],
            [
              -67.839495,
              8.37018600000016
            ],
            [
              -67.83989,
              8.37128
            ],
            [
              -67.839889,
              8.372268
            ],
            [
              -67.83942,
              8.37294500000013
            ],
            [
              -67.83902099999989,
              8.373666000000128
            ],
            [
              -67.838947,
              8.374494
            ],
            [
              -67.839392,
              8.375748000000101
            ],
            [
              -67.840596,
              8.37687
            ],
            [
              -67.841459,
              8.378252000000145
            ],
            [
              -67.842534,
              8.380755000000136
            ],
            [
              -67.84386299999989,
              8.383299000000136
            ],
            [
              -67.84489599999989,
              8.385068000000103
            ],
            [
              -67.846247,
              8.386531
            ],
            [
              -67.847424,
              8.387516000000176
            ],
            [
              -67.8468519999999,
              8.38874600000014
            ],
            [
              -67.84656599999988,
              8.390361
            ],
            [
              -67.847295,
              8.391953000000115
            ],
            [
              -67.84744399999988,
              8.393397
            ],
            [
              -67.848446,
              8.393766
            ],
            [
              -67.850902,
              8.393091
            ],
            [
              -67.85235099999989,
              8.391795000000172
            ],
            [
              -67.853364,
              8.393679
            ],
            [
              -67.85485399999988,
              8.394197000000133
            ],
            [
              -67.856115,
              8.395777000000123
            ],
            [
              -67.856324,
              8.396806
            ],
            [
              -67.854405,
              8.397768
            ],
            [
              -67.85383,
              8.397873000000175
            ],
            [
              -67.853651,
              8.399117000000103
            ],
            [
              -67.85460399999988,
              8.400406000000146
            ],
            [
              -67.856447,
              8.401169
            ],
            [
              -67.85793499999988,
              8.401572000000158
            ],
            [
              -67.85847299999989,
              8.40287000000012
            ],
            [
              -67.858204,
              8.403243
            ],
            [
              -67.856206,
              8.40374700000018
            ],
            [
              -67.855926,
              8.404649
            ],
            [
              -67.856039,
              8.406531000000143
            ],
            [
              -67.856752,
              8.408422
            ],
            [
              -67.85656299999988,
              8.40923
            ],
            [
              -67.854299,
              8.409235
            ],
            [
              -67.853442,
              8.410150000000101
            ],
            [
              -67.85293499999989,
              8.411195
            ],
            [
              -67.852913,
              8.413286
            ],
            [
              -67.853212,
              8.415232000000117
            ],
            [
              -67.852741,
              8.415840000000117
            ],
            [
              -67.852426,
              8.417202
            ],
            [
              -67.852341,
              8.418537000000185
            ],
            [
              -67.852663,
              8.419472
            ],
            [
              -67.85422299999988,
              8.421022000000107
            ],
            [
              -67.854503,
              8.422142
            ],
            [
              -67.853706,
              8.422642
            ],
            [
              -67.851097,
              8.421712000000184
            ],
            [
              -67.850181,
              8.421066000000167
            ],
            [
              -67.849975,
              8.419141
            ],
            [
              -67.849903,
              8.417994
            ],
            [
              -67.848538,
              8.417909
            ],
            [
              -67.847517,
              8.418736000000138
            ],
            [
              -67.846355,
              8.4204620000001
            ],
            [
              -67.84494199999989,
              8.422286
            ],
            [
              -67.844792,
              8.42279400000018
            ],
            [
              -67.8464019999999,
              8.423494000000176
            ],
            [
              -67.846548,
              8.424823000000174
            ],
            [
              -67.846822,
              8.425690000000145
            ],
            [
              -67.84739,
              8.426298
            ],
            [
              -67.849121,
              8.426213
            ],
            [
              -67.849173,
              8.427498000000185
            ],
            [
              -67.84903,
              8.428306
            ],
            [
              -67.847752,
              8.427967
            ],
            [
              -67.846701,
              8.428495
            ],
            [
              -67.846345,
              8.429078000000175
            ],
            [
              -67.84731499999987,
              8.43009
            ],
            [
              -67.847565,
              8.430911
            ],
            [
              -67.8468979999999,
              8.432029
            ],
            [
              -67.845718,
              8.432975
            ],
            [
              -67.845475,
              8.434474
            ],
            [
              -67.845558,
              8.436057000000119
            ],
            [
              -67.845835,
              8.43706200000014
            ],
            [
              -67.844778,
              8.438326
            ],
            [
              -67.843035,
              8.437883
            ],
            [
              -67.842434,
              8.438884
            ],
            [
              -67.84364799999986,
              8.441453
            ],
            [
              -67.843582,
              8.443614
            ],
            [
              -67.844755,
              8.443358
            ],
            [
              -67.846234,
              8.442383
            ],
            [
              -67.84818499999989,
              8.441834
            ],
            [
              -67.849701,
              8.443432000000143
            ],
            [
              -67.849373,
              8.445254
            ],
            [
              -67.847453,
              8.446147
            ],
            [
              -67.846495,
              8.447707
            ],
            [
              -67.84493599999985,
              8.448225
            ],
            [
              -67.84389699999986,
              8.449259000000154
            ],
            [
              -67.843215,
              8.449756
            ],
            [
              -67.843082,
              8.451
            ],
            [
              -67.84431599999988,
              8.451409
            ],
            [
              -67.8460199999999,
              8.45219800000018
            ],
            [
              -67.84696,
              8.453877
            ],
            [
              -67.846621,
              8.45622800000018
            ],
            [
              -67.84585499999986,
              8.458106000000157
            ],
            [
              -67.845631,
              8.459397
            ],
            [
              -67.846336,
              8.460944
            ],
            [
              -67.84413599999982,
              8.465771000000188
            ],
            [
              -67.843552,
              8.46750800000018
            ],
            [
              -67.842462,
              8.469347000000141
            ],
            [
              -67.8425289999999,
              8.471252000000163
            ],
            [
              -67.842699,
              8.473615000000109
            ],
            [
              -67.842861,
              8.475634000000184
            ],
            [
              -67.843588,
              8.47913300000016
            ],
            [
              -67.844297,
              8.480840000000171
            ],
            [
              -67.84776099999982,
              8.480763
            ],
            [
              -67.849136,
              8.479239
            ],
            [
              -67.85030299999983,
              8.478776
            ],
            [
              -67.852612,
              8.477668000000108
            ],
            [
              -67.853546,
              8.477096000000188
            ],
            [
              -67.855251,
              8.47786200000013
            ],
            [
              -67.8558139999999,
              8.478217
            ],
            [
              -67.85755199999988,
              8.480453000000125
            ],
            [
              -67.857904,
              8.481709000000137
            ],
            [
              -67.85709899999989,
              8.483863
            ],
            [
              -67.855964,
              8.485749000000112
            ],
            [
              -67.85672199999988,
              8.486559000000113
            ],
            [
              -67.858704,
              8.487342
            ],
            [
              -67.860294,
              8.489168000000177
            ],
            [
              -67.862281,
              8.49018
            ],
            [
              -67.863795,
              8.490721
            ],
            [
              -67.8648859999999,
              8.490903
            ],
            [
              -67.866054,
              8.491452000000152
            ],
            [
              -67.866273,
              8.493974
            ],
            [
              -67.86592599999989,
              8.49598
            ],
            [
              -67.865755,
              8.498557
            ],
            [
              -67.86691999999982,
              8.501013
            ],
            [
              -67.86812,
              8.501928
            ],
            [
              -67.86929,
              8.503602
            ],
            [
              -67.8694789999999,
              8.504769000000124
            ],
            [
              -67.869234,
              8.506199000000151
            ],
            [
              -67.868214,
              8.508037000000172
            ],
            [
              -67.866392,
              8.509226000000126
            ],
            [
              -67.86484599999989,
              8.510294
            ],
            [
              -67.864864,
              8.511075000000176
            ],
            [
              -67.866292,
              8.511893
            ],
            [
              -67.867173,
              8.512012
            ],
            [
              -67.867206,
              8.513458000000185
            ],
            [
              -67.867062,
              8.515253
            ],
            [
              -67.867906,
              8.516774000000112
            ],
            [
              -67.86922099999987,
              8.518674
            ],
            [
              -67.870421,
              8.520623
            ],
            [
              -67.871372,
              8.521774000000107
            ],
            [
              -67.872563,
              8.523356
            ],
            [
              -67.8730149999999,
              8.524863
            ],
            [
              -67.871996,
              8.526838
            ],
            [
              -67.872337,
              8.528600000000154
            ],
            [
              -67.873641,
              8.528961
            ],
            [
              -67.87646599999988,
              8.528232000000116
            ],
            [
              -67.87729699999988,
              8.528190000000166
            ],
            [
              -67.878808,
              8.528547
            ],
            [
              -67.880687,
              8.529884
            ],
            [
              -67.881819,
              8.530869000000166
            ],
            [
              -67.882152,
              8.531275000000164
            ],
            [
              -67.881679,
              8.531814000000168
            ],
            [
              -67.879711,
              8.53365
            ],
            [
              -67.878196,
              8.535108
            ],
            [
              -67.877371,
              8.536413
            ],
            [
              -67.876526,
              8.53788
            ],
            [
              -67.875351,
              8.540042
            ],
            [
              -67.876502,
              8.541855000000169
            ],
            [
              -67.877553,
              8.543325
            ],
            [
              -67.878317,
              8.545398
            ],
            [
              -67.879319,
              8.546754000000135
            ],
            [
              -67.880102,
              8.548667
            ],
            [
              -67.878822,
              8.54927000000015
            ],
            [
              -67.879669,
              8.550951000000111
            ],
            [
              -67.880988,
              8.553035
            ],
            [
              -67.881936,
              8.555035
            ],
            [
              -67.882787,
              8.5569
            ],
            [
              -67.883746,
              8.559383
            ],
            [
              -67.884538,
              8.560652
            ],
            [
              -67.885112,
              8.56252300000017
            ],
            [
              -67.886046,
              8.563927000000149
            ],
            [
              -67.88667199999986,
              8.565038
            ],
            [
              -67.886915,
              8.565561000000173
            ],
            [
              -67.887343,
              8.566080000000113
            ],
            [
              -67.888386,
              8.566195
            ],
            [
              -67.888484,
              8.566445000000101
            ],
            [
              -67.88812799999988,
              8.567028
            ],
            [
              -67.888073,
              8.567649
            ],
            [
              -67.888992,
              8.568433
            ],
            [
              -67.88848,
              8.569294000000127
            ],
            [
              -67.886477,
              8.570604000000174
            ],
            [
              -67.883652,
              8.571402
            ],
            [
              -67.880928,
              8.571531000000107
            ],
            [
              -67.87921399999988,
              8.573385
            ],
            [
              -67.878108,
              8.574512
            ],
            [
              -67.87837499999983,
              8.576091000000133
            ],
            [
              -67.875412,
              8.576893
            ],
            [
              -67.873708,
              8.577160000000106
            ],
            [
              -67.871896,
              8.576764
            ],
            [
              -67.870065,
              8.577563
            ],
            [
              -67.867946,
              8.578874000000155
            ],
            [
              -67.866227,
              8.579555
            ],
            [
              -67.86558799999983,
              8.580925
            ],
            [
              -67.8658109999999,
              8.582574
            ],
            [
              -67.864328,
              8.583388
            ],
            [
              -67.86376599999988,
              8.585101
            ],
            [
              -67.862566,
              8.586185
            ],
            [
              -67.86155299999984,
              8.586368000000107
            ],
            [
              -67.860995,
              8.588218
            ],
            [
              -67.861241,
              8.58989
            ],
            [
              -67.862614,
              8.591330000000141
            ],
            [
              -67.864857,
              8.59236
            ],
            [
              -67.865864,
              8.592888
            ],
            [
              -67.867845,
              8.593625000000145
            ],
            [
              -67.868985,
              8.594956000000138
            ],
            [
              -67.869289,
              8.596098
            ],
            [
              -67.86900599999984,
              8.597850000000108
            ],
            [
              -67.868799,
              8.598934
            ],
            [
              -67.868639,
              8.601005
            ],
            [
              -67.868599,
              8.602293
            ],
            [
              -67.868507,
              8.603306
            ],
            [
              -67.868098,
              8.604624000000172
            ],
            [
              -67.867368,
              8.606065
            ],
            [
              -67.86709799999988,
              8.607404000000145
            ],
            [
              -67.867205,
              8.610021000000131
            ],
            [
              -67.867151,
              8.610712
            ],
            [
              -67.866767,
              8.612122
            ],
            [
              -67.867576,
              8.614125
            ],
            [
              -67.86846899999989,
              8.614749000000188
            ],
            [
              -67.869526,
              8.616517000000101
            ],
            [
              -67.86930499999988,
              8.617946000000188
            ],
            [
              -67.869191,
              8.62004
            ],
            [
              -67.868774,
              8.622002
            ],
            [
              -67.86854,
              8.623914000000184
            ],
            [
              -67.867124,
              8.624657000000184
            ],
            [
              -67.8665539999999,
              8.626003
            ],
            [
              -67.86588599999988,
              8.62712
            ],
            [
              -67.86492699999985,
              8.627624
            ],
            [
              -67.86418099999986,
              8.628376
            ],
            [
              -67.86217999999985,
              8.629799
            ],
            [
              -67.859768,
              8.631529000000171
            ],
            [
              -67.8582669999999,
              8.632574
            ],
            [
              -67.8564439999999,
              8.633717
            ],
            [
              -67.853669,
              8.63368700000018
            ],
            [
              -67.851732,
              8.633891
            ],
            [
              -67.850307,
              8.634244
            ],
            [
              -67.848881,
              8.634574
            ],
            [
              -67.847127,
              8.63465900000017
            ],
            [
              -67.845028,
              8.632845000000145
            ],
            [
              -67.843764,
              8.63115
            ],
            [
              -67.842612,
              8.630302
            ],
            [
              -67.841176,
              8.629185
            ],
            [
              -67.838356,
              8.628168
            ],
            [
              -67.837421,
              8.629751000000113
            ],
            [
              -67.836367,
              8.631176
            ],
            [
              -67.833629,
              8.631765000000144
            ],
            [
              -67.83335099999982,
              8.630691000000127
            ],
            [
              -67.83181699999989,
              8.631369
            ],
            [
              -67.829599,
              8.632406
            ],
            [
              -67.827319,
              8.632755
            ],
            [
              -67.825383,
              8.633004
            ],
            [
              -67.8242479999999,
              8.631904
            ],
            [
              -67.824145,
              8.630413
            ],
            [
              -67.823789,
              8.629019000000142
            ],
            [
              -67.822171,
              8.627998
            ],
            [
              -67.82031499999982,
              8.62771800000013
            ],
            [
              -67.819458,
              8.627622
            ],
            [
              -67.81819,
              8.627765000000124
            ],
            [
              -67.817213,
              8.628499
            ],
            [
              -67.817136,
              8.630223000000115
            ],
            [
              -67.81781499999983,
              8.631610000000137
            ],
            [
              -67.817479,
              8.633087000000103
            ],
            [
              -67.815416,
              8.632834000000116
            ],
            [
              -67.814264,
              8.632975000000101
            ],
            [
              -67.812753,
              8.634708000000103
            ],
            [
              -67.8119569999999,
              8.636288
            ],
            [
              -67.812911,
              8.637576
            ],
            [
              -67.812985,
              8.638792
            ],
            [
              -67.812646,
              8.640133000000105
            ],
            [
              -67.81241199999988,
              8.642045
            ],
            [
              -67.811804,
              8.643759000000102
            ],
            [
              -67.810369,
              8.644709
            ],
            [
              -67.810019,
              8.646578
            ],
            [
              -67.80791399999987,
              8.64855400000016
            ],
            [
              -67.806594,
              8.649456
            ],
            [
              -67.80544899999984,
              8.650929
            ],
            [
              -67.80408399999988,
              8.65190100000018
            ],
            [
              -67.80237499999987,
              8.650951
            ],
            [
              -67.801031,
              8.65082
            ],
            [
              -67.799673,
              8.652113
            ],
            [
              -67.799454,
              8.653657000000123
            ],
            [
              -67.800376,
              8.654556000000127
            ],
            [
              -67.800326,
              8.656395
            ],
            [
              -67.798812,
              8.656911
            ],
            [
              -67.79803899999985,
              8.657479
            ],
            [
              -67.798024,
              8.659869
            ],
            [
              -67.798007,
              8.661156000000119
            ],
            [
              -67.799863,
              8.662470000000155
            ],
            [
              -67.8010809999999,
              8.66317800000013
            ],
            [
              -67.801973,
              8.663725
            ],
            [
              -67.801607,
              8.664606000000106
            ],
            [
              -67.801679,
              8.665474000000188
            ],
            [
              -67.8017109999999,
              8.666549000000145
            ],
            [
              -67.801727,
              8.667877
            ],
            [
              -67.80208299999987,
              8.668187000000103
            ],
            [
              -67.803562,
              8.668921000000125
            ],
            [
              -67.804277,
              8.66963200000015
            ],
            [
              -67.805134,
              8.67043
            ],
            [
              -67.806029,
              8.671754
            ],
            [
              -67.806657,
              8.672651
            ],
            [
              -67.807291,
              8.673754000000145
            ],
            [
              -67.80709,
              8.675523000000112
            ],
            [
              -67.80675,
              8.676541000000157
            ],
            [
              -67.806132,
              8.6783
            ],
            [
              -67.805609,
              8.679392000000178
            ],
            [
              -67.805185,
              8.680688
            ],
            [
              -67.805096,
              8.681584000000157
            ],
            [
              -67.805467,
              8.683153000000118
            ],
            [
              -67.805766,
              8.683877000000166
            ],
            [
              -67.805782,
              8.684403
            ],
            [
              -67.805471,
              8.684847000000104
            ],
            [
              -67.80529499999989,
              8.685929000000101
            ],
            [
              -67.805592,
              8.686561
            ],
            [
              -67.80565699999988,
              8.687200000000132
            ],
            [
              -67.805694,
              8.687657000000115
            ],
            [
              -67.805386,
              8.688193
            ],
            [
              -67.804764,
              8.688281
            ],
            [
              -67.803639,
              8.689322
            ],
            [
              -67.802892,
              8.689872
            ],
            [
              -67.802406,
              8.690619
            ],
            [
              -67.801972,
              8.691571000000124
            ],
            [
              -67.80170599999985,
              8.691968
            ],
            [
              -67.80033,
              8.691598
            ],
            [
              -67.798906,
              8.691137
            ],
            [
              -67.798127,
              8.691389000000186
            ],
            [
              -67.7977929999999,
              8.691812
            ],
            [
              -67.797804,
              8.692956000000152
            ],
            [
              -67.797768,
              8.694079000000158
            ],
            [
              -67.797467,
              8.694867000000158
            ],
            [
              -67.798355,
              8.695161000000155
            ],
            [
              -67.798952,
              8.695784000000174
            ],
            [
              -67.799564,
              8.696933
            ],
            [
              -67.79962199999989,
              8.697321000000159
            ],
            [
              -67.800519,
              8.698691
            ],
            [
              -67.800757,
              8.699691000000144
            ],
            [
              -67.800472,
              8.70100500000018
            ],
            [
              -67.800138,
              8.702206
            ],
            [
              -67.800382,
              8.702633
            ],
            [
              -67.801507,
              8.703928
            ],
            [
              -67.801886,
              8.70577100000014
            ],
            [
              -67.80129399999987,
              8.706865
            ],
            [
              -67.800945,
              8.707563000000107
            ],
            [
              -67.7995489999999,
              8.710376000000167
            ],
            [
              -67.799061,
              8.711856
            ],
            [
              -67.799567,
              8.71255
            ],
            [
              -67.80020299999984,
              8.712165
            ],
            [
              -67.801211,
              8.711837
            ],
            [
              -67.801398,
              8.712655
            ],
            [
              -67.800578,
              8.714649
            ],
            [
              -67.801132,
              8.716144
            ],
            [
              -67.802773,
              8.716117000000168
            ],
            [
              -67.804186,
              8.716968
            ],
            [
              -67.80432399999984,
              8.718475
            ],
            [
              -67.803216,
              8.719333000000177
            ],
            [
              -67.802259,
              8.719064000000117
            ],
            [
              -67.801107,
              8.718435000000113
            ],
            [
              -67.800359,
              8.71893800000015
            ],
            [
              -67.800481,
              8.719919000000118
            ],
            [
              -67.80216399999989,
              8.72051
            ],
            [
              -67.802782,
              8.721086
            ],
            [
              -67.803484,
              8.722118
            ],
            [
              -67.802888,
              8.723076
            ],
            [
              -67.802132,
              8.724084000000119
            ],
            [
              -67.80158499999987,
              8.725154
            ],
            [
              -67.801471,
              8.725981
            ],
            [
              -67.80029699999989,
              8.726956
            ],
            [
              -67.79975699999989,
              8.728209
            ],
            [
              -67.799514,
              8.730941000000144
            ],
            [
              -67.79982499999983,
              8.731275
            ],
            [
              -67.800867,
              8.730534
            ],
            [
              -67.801351,
              8.729718
            ],
            [
              -67.802154,
              8.728709
            ],
            [
              -67.803063,
              8.728177
            ],
            [
              -67.803938,
              8.728014
            ],
            [
              -67.804775,
              8.728149
            ],
            [
              -67.80537,
              8.72948200000019
            ],
            [
              -67.80621,
              8.731288
            ],
            [
              -67.806177,
              8.732503
            ],
            [
              -67.80549699999989,
              8.733760000000132
            ],
            [
              -67.80474,
              8.733943000000181
            ],
            [
              -67.804029,
              8.733369
            ],
            [
              -67.803167,
              8.732388000000128
            ],
            [
              -67.8024,
              8.732296000000133
            ],
            [
              -67.801752,
              8.732293
            ],
            [
              -67.80124599999988,
              8.733156
            ],
            [
              -67.800896,
              8.733853000000181
            ],
            [
              -67.80079399999988,
              8.73509300000012
            ],
            [
              -67.80061399999983,
              8.736037
            ],
            [
              -67.800106,
              8.737609
            ],
            [
              -67.7995049999999,
              8.738406000000168
            ],
            [
              -67.798037,
              8.738794
            ],
            [
              -67.797969,
              8.738842000000147
            ],
            [
              -67.797402,
              8.737691000000154
            ],
            [
              -67.7978389999999,
              8.73680800000011
            ],
            [
              -67.797854,
              8.735777
            ],
            [
              -67.797138,
              8.735821000000158
            ],
            [
              -67.796399,
              8.736622000000125
            ],
            [
              -67.795834,
              8.737051000000122
            ],
            [
              -67.79503199999982,
              8.737327
            ],
            [
              -67.794366,
              8.737485000000163
            ],
            [
              -67.793864,
              8.736928
            ],
            [
              -67.7942589999999,
              8.736206
            ],
            [
              -67.794611,
              8.735623
            ],
            [
              -67.794176,
              8.734193
            ],
            [
              -67.79329899999988,
              8.733487
            ],
            [
              -67.793055,
              8.73386100000016
            ],
            [
              -67.79266699999988,
              8.734811
            ],
            [
              -67.792478,
              8.735435000000166
            ],
            [
              -67.791191,
              8.734947
            ],
            [
              -67.790524,
              8.735059000000149
            ],
            [
              -67.790677,
              8.736337
            ],
            [
              -67.79003499999982,
              8.737295
            ],
            [
              -67.788972,
              8.738105000000132
            ],
            [
              -67.7884,
              8.736772000000144
            ],
            [
              -67.787804,
              8.735393
            ],
            [
              -67.787414,
              8.736252
            ],
            [
              -67.78721599999989,
              8.73738
            ],
            [
              -67.786897,
              8.738328
            ],
            [
              -67.786202,
              8.739059000000168
            ],
            [
              -67.785137,
              8.7374650000001
            ],
            [
              -67.784309,
              8.73684900000012
            ],
            [
              -67.782686,
              8.736738000000173
            ],
            [
              -67.782068,
              8.736962
            ],
            [
              -67.782179,
              8.738356
            ],
            [
              -67.782742,
              8.739369
            ],
            [
              -67.782721,
              8.74024
            ],
            [
              -67.782122,
              8.740327
            ],
            [
              -67.78129299999983,
              8.740443
            ],
            [
              -67.78086,
              8.740663
            ],
            [
              -67.780562,
              8.739962000000105
            ],
            [
              -67.780223,
              8.739468000000102
            ],
            [
              -67.77958,
              8.739602000000161
            ],
            [
              -67.778678,
              8.739652
            ],
            [
              -67.778286,
              8.738908
            ],
            [
              -67.77846699999986,
              8.737987
            ],
            [
              -67.778513,
              8.737207
            ],
            [
              -67.778514,
              8.736474000000158
            ],
            [
              -67.7778,
              8.735809
            ],
            [
              -67.776955,
              8.735376
            ],
            [
              -67.776308,
              8.736174
            ],
            [
              -67.775647,
              8.737293
            ],
            [
              -67.774961,
              8.737566
            ],
            [
              -67.775235,
              8.738977000000148
            ],
            [
              -67.774366,
              8.739324
            ],
            [
              -67.773651,
              8.739391000000126
            ],
            [
              -67.773574,
              8.740676
            ],
            [
              -67.773321,
              8.741508000000124
            ],
            [
              -67.772666,
              8.742031
            ],
            [
              -67.771791,
              8.741416000000129
            ],
            [
              -67.771203,
              8.741068000000155
            ],
            [
              -67.770546,
              8.741523000000143
            ],
            [
              -67.769466,
              8.7433410000001
            ],
            [
              -67.76967399999984,
              8.744869
            ],
            [
              -67.77133899999984,
              8.744888000000174
            ],
            [
              -67.77163,
              8.746115
            ],
            [
              -67.771461,
              8.747426
            ],
            [
              -67.771533,
              8.747492
            ],
            [
              -67.773031,
              8.748867
            ],
            [
              -67.773735,
              8.749212
            ],
            [
              -67.77375299999983,
              8.749807
            ],
            [
              -67.772633,
              8.750276
            ],
            [
              -67.771788,
              8.750622
            ],
            [
              -67.771879,
              8.752153
            ],
            [
              -67.77176099999986,
              8.753622
            ],
            [
              -67.77111,
              8.754283
            ],
            [
              -67.770143,
              8.755228
            ],
            [
              -67.76929799999988,
              8.755574
            ],
            [
              -67.7689309999999,
              8.757234
            ],
            [
              -67.770608,
              8.758421000000112
            ],
            [
              -67.771703,
              8.759441
            ],
            [
              -67.770676,
              8.75993
            ],
            [
              -67.769906,
              8.760457000000144
            ],
            [
              -67.769657,
              8.761449
            ],
            [
              -67.769331,
              8.762146
            ],
            [
              -67.76814,
              8.760991000000104
            ],
            [
              -67.76600699999983,
              8.760826000000122
            ],
            [
              -67.766469,
              8.761568
            ],
            [
              -67.767278,
              8.763101
            ],
            [
              -67.76776399999989,
              8.76391
            ],
            [
              -67.768018,
              8.765437
            ],
            [
              -67.767565,
              8.766527
            ],
            [
              -67.766327,
              8.766152
            ],
            [
              -67.765587,
              8.764594000000159
            ],
            [
              -67.765092,
              8.764288
            ],
            [
              -67.764778,
              8.76384000000013
            ],
            [
              -67.763656,
              8.764217
            ],
            [
              -67.762547,
              8.763472
            ],
            [
              -67.761938,
              8.762460000000146
            ],
            [
              -67.760591,
              8.762271000000169
            ],
            [
              -67.759371,
              8.764025000000117
            ],
            [
              -67.758536,
              8.765516
            ],
            [
              -67.75984999999986,
              8.76611800000012
            ],
            [
              -67.76080899999988,
              8.767257
            ],
            [
              -67.75968699999987,
              8.768435000000181
            ],
            [
              -67.75856099999987,
              8.76945400000011
            ],
            [
              -67.757453,
              8.770334000000105
            ],
            [
              -67.755159,
              8.769418000000144
            ],
            [
              -67.754429,
              8.769761
            ],
            [
              -67.7537329999999,
              8.770469
            ],
            [
              -67.752783,
              8.771184
            ],
            [
              -67.75218699999988,
              8.77138500000018
            ],
            [
              -67.751426,
              8.772255
            ],
            [
              -67.750668,
              8.773217
            ],
            [
              -67.749883,
              8.773263000000156
            ],
            [
              -67.749253,
              8.773099
            ],
            [
              -67.748455,
              8.773489
            ],
            [
              -67.747531,
              8.774319000000105
            ],
            [
              -67.7469789999999,
              8.774404
            ],
            [
              -67.746203,
              8.774771
            ],
            [
              -67.74556899999988,
              8.775225
            ],
            [
              -67.74513,
              8.775238000000115
            ],
            [
              -67.744293,
              8.775103000000115
            ],
            [
              -67.743825,
              8.774911
            ],
            [
              -67.74326699999983,
              8.774813000000108
            ],
            [
              -67.74222699999984,
              8.775646000000108
            ],
            [
              -67.741578,
              8.776375
            ],
            [
              -67.740934,
              8.777264
            ],
            [
              -67.739884,
              8.77775400000013
            ],
            [
              -67.73915399999987,
              8.777318
            ],
            [
              -67.738619,
              8.776441
            ],
            [
              -67.73353,
              8.770182
            ],
            [
              -67.734,
              8.769664
            ],
            [
              -67.734475,
              8.768528
            ],
            [
              -67.73483,
              8.767990000000111
            ],
            [
              -67.734872,
              8.767096
            ],
            [
              -67.734297,
              8.766426
            ],
            [
              -67.73336399999988,
              8.766134
            ],
            [
              -67.732706,
              8.765787000000103
            ],
            [
              -67.731602,
              8.766003
            ],
            [
              -67.73044599999986,
              8.766038
            ],
            [
              -67.730761,
              8.767311
            ],
            [
              -67.731005,
              8.768517
            ],
            [
              -67.730345,
              8.768858
            ],
            [
              -67.729323,
              8.768728
            ],
            [
              -67.728178,
              8.769151
            ],
            [
              -67.72727699999984,
              8.769178000000181
            ],
            [
              -67.72673,
              8.768691
            ],
            [
              -67.726169,
              8.768479
            ],
            [
              -67.725212,
              8.76896500000015
            ],
            [
              -67.724344,
              8.769335
            ],
            [
              -67.723398,
              8.768653
            ],
            [
              -67.72273499999989,
              8.768147000000113
            ],
            [
              -67.722188,
              8.768392000000176
            ],
            [
              -67.721469,
              8.768345000000181
            ],
            [
              -67.720002,
              8.767999000000145
            ],
            [
              -67.719108,
              8.768301
            ],
            [
              -67.718628,
              8.768499000000133
            ],
            [
              -67.718053,
              8.769386000000168
            ],
            [
              -67.71816499999989,
              8.770024
            ],
            [
              -67.719602,
              8.770919000000163
            ],
            [
              -67.719586,
              8.77195
            ],
            [
              -67.717504,
              8.771921000000134
            ],
            [
              -67.716811,
              8.771965
            ],
            [
              -67.715464,
              8.772555000000182
            ],
            [
              -67.714821,
              8.774291000000119
            ],
            [
              -67.715142,
              8.77577
            ],
            [
              -67.716196,
              8.77777600000013
            ],
            [
              -67.716224,
              8.779493000000116
            ],
            [
              -67.71589,
              8.780716
            ],
            [
              -67.715404,
              8.782265000000109
            ],
            [
              -67.714366,
              8.783945
            ],
            [
              -67.71282299999984,
              8.784953000000144
            ],
            [
              -67.711559,
              8.78599800000012
            ],
            [
              -67.71069399999982,
              8.787283
            ],
            [
              -67.71057599999989,
              8.789532000000122
            ],
            [
              -67.710007,
              8.791426000000172
            ],
            [
              -67.709509,
              8.793342
            ],
            [
              -67.709863,
              8.794362
            ],
            [
              -67.7109559999999,
              8.795337
            ],
            [
              -67.712103,
              8.796585000000164
            ],
            [
              -67.71232599999985,
              8.797883
            ],
            [
              -67.713188,
              8.798865000000148
            ],
            [
              -67.714282,
              8.799885000000188
            ],
            [
              -67.713799,
              8.801526
            ],
            [
              -67.71344999999985,
              8.80380300000013
            ],
            [
              -67.71320899999989,
              8.804268
            ],
            [
              -67.71170299999989,
              8.804176
            ],
            [
              -67.71041999999989,
              8.804626
            ],
            [
              -67.709351,
              8.805231
            ],
            [
              -67.708681,
              8.806029000000137
            ],
            [
              -67.70870699999989,
              8.806921
            ],
            [
              -67.709525,
              8.807996000000173
            ],
            [
              -67.710342,
              8.809002
            ],
            [
              -67.709806,
              8.810438
            ],
            [
              -67.708733,
              8.811706000000186
            ],
            [
              -67.707388,
              8.812388000000112
            ],
            [
              -67.706712,
              8.81144600000016
            ],
            [
              -67.70591599999989,
              8.810325000000148
            ],
            [
              -67.704811,
              8.809717
            ],
            [
              -67.702936,
              8.809681000000126
            ],
            [
              -67.69949,
              8.808983000000126
            ],
            [
              -67.697917,
              8.809762
            ],
            [
              -67.697664,
              8.812151
            ],
            [
              -67.698181,
              8.813212
            ],
            [
              -67.6982589999999,
              8.814286000000152
            ],
            [
              -67.697442,
              8.815616
            ],
            [
              -67.696731,
              8.817377
            ],
            [
              -67.696085,
              8.818221000000108
            ],
            [
              -67.695114,
              8.818273000000147
            ],
            [
              -67.693279,
              8.817228
            ],
            [
              -67.691785,
              8.818326
            ],
            [
              -67.69088099999988,
              8.819063000000142
            ],
            [
              -67.68930199999988,
              8.820438
            ],
            [
              -67.68774999999988,
              8.821148000000164
            ],
            [
              -67.686789,
              8.820719
            ],
            [
              -67.684285,
              8.82051900000016
            ],
            [
              -67.683524,
              8.820633
            ],
            [
              -67.681788,
              8.819792
            ],
            [
              -67.680559,
              8.81891300000018
            ],
            [
              -67.67974,
              8.81781500000011
            ],
            [
              -67.678305,
              8.819369
            ],
            [
              -67.6776789999999,
              8.820098000000144
            ],
            [
              -67.67667799999987,
              8.820677000000103
            ],
            [
              -67.675102,
              8.821388000000127
            ],
            [
              -67.674297,
              8.822351
            ],
            [
              -67.67338599999988,
              8.822836
            ],
            [
              -67.672278,
              8.82369400000016
            ],
            [
              -67.67174,
              8.825084
            ],
            [
              -67.66953,
              8.825447
            ],
            [
              -67.66759,
              8.82633
            ],
            [
              -67.66710099999989,
              8.827787
            ],
            [
              -67.66579899999988,
              8.828375
            ],
            [
              -67.66452,
              8.830497
            ],
            [
              -67.662586,
              8.831608000000188
            ],
            [
              -67.66080199999988,
              8.830722
            ],
            [
              -67.658906,
              8.830778
            ],
            [
              -67.656827,
              8.832443000000183
            ],
            [
              -67.6555,
              8.833742
            ],
            [
              -67.653617,
              8.834988
            ],
            [
              -67.652161,
              8.836634
            ],
            [
              -67.651369,
              8.838787
            ],
            [
              -67.651081,
              8.840834
            ],
            [
              -67.650346,
              8.843397
            ],
            [
              -67.649016,
              8.84536
            ],
            [
              -67.64687,
              8.847141
            ],
            [
              -67.64510299999989,
              8.848430000000121
            ],
            [
              -67.64348299999989,
              8.849966000000165
            ],
            [
              -67.641545,
              8.85094
            ],
            [
              -67.639688,
              8.8523
            ],
            [
              -67.638931,
              8.854109000000108
            ],
            [
              -67.638517,
              8.85576900000018
            ],
            [
              -67.638452,
              8.858291000000122
            ],
            [
              -67.637659,
              8.85966500000012
            ],
            [
              -67.636447,
              8.860915000000148
            ],
            [
              -67.63535699999989,
              8.862413000000117
            ],
            [
              -67.634211,
              8.863569
            ],
            [
              -67.634,
              8.865063
            ],
            [
              -67.63382499999989,
              8.866969000000154
            ],
            [
              -67.633246,
              8.868543000000159
            ],
            [
              -67.631971,
              8.870023
            ],
            [
              -67.63127999999989,
              8.872494
            ],
            [
              -67.630763,
              8.873814
            ],
            [
              -67.630223,
              8.875891
            ],
            [
              -67.628731,
              8.877103
            ],
            [
              -67.627804,
              8.878642000000184
            ],
            [
              -67.627674,
              8.8805
            ],
            [
              -67.626213,
              8.881986
            ],
            [
              -67.62538,
              8.88354500000014
            ],
            [
              -67.625054,
              8.885867
            ],
            [
              -67.62385599999982,
              8.88920000000013
            ],
            [
              -67.62263,
              8.89077
            ],
            [
              -67.620907,
              8.892012
            ],
            [
              -67.62040399999984,
              8.893813
            ],
            [
              -67.618891,
              8.895872
            ],
            [
              -67.61878999999988,
              8.897181
            ],
            [
              -67.618794,
              8.897296
            ],
            [
              -67.618319,
              8.900035
            ],
            [
              -67.617239,
              8.901097
            ],
            [
              -67.617062,
              8.903758
            ],
            [
              -67.617089,
              8.905452000000139
            ],
            [
              -67.616194,
              8.907287
            ],
            [
              -67.61599399999989,
              8.908369
            ],
            [
              -67.616471,
              8.909660000000144
            ],
            [
              -67.61628199999984,
              8.911085
            ],
            [
              -67.615424,
              8.911820000000148
            ],
            [
              -67.614252,
              8.91288500000013
            ],
            [
              -67.613368,
              8.91511
            ],
            [
              -67.61257099999983,
              8.917125000000112
            ],
            [
              -67.612259,
              8.918325000000152
            ],
            [
              -67.61158499999988,
              8.920589
            ],
            [
              -67.609607,
              8.920991
            ],
            [
              -67.608006,
              8.921656
            ],
            [
              -67.607052,
              8.922257
            ],
            [
              -67.60661,
              8.922179000000142
            ],
            [
              -67.60516599999988,
              8.923435000000154
            ],
            [
              -67.604003,
              8.925621
            ],
            [
              -67.60302999999982,
              8.928741
            ],
            [
              -67.600804,
              8.930959
            ],
            [
              -67.600138,
              8.931139
            ],
            [
              -67.597207,
              8.930607
            ],
            [
              -67.59483199999988,
              8.930907
            ],
            [
              -67.591889,
              8.930787
            ],
            [
              -67.58931,
              8.932009000000107
            ],
            [
              -67.587319,
              8.931976
            ],
            [
              -67.585661,
              8.932277
            ],
            [
              -67.584365,
              8.934651
            ],
            [
              -67.582882,
              8.935359000000176
            ],
            [
              -67.578458,
              8.934436000000176
            ],
            [
              -67.574231,
              8.93387300000012
            ],
            [
              -67.573243,
              8.934132
            ],
            [
              -67.572038,
              8.934877
            ],
            [
              -67.570271,
              8.935410000000104
            ],
            [
              -67.567904,
              8.935983
            ],
            [
              -67.5672239999999,
              8.937262
            ],
            [
              -67.564248,
              8.938357
            ],
            [
              -67.562173,
              8.939403
            ],
            [
              -67.561195,
              8.940004000000101
            ],
            [
              -67.56037,
              8.941883000000132
            ],
            [
              -67.56034299999988,
              8.94252500000016
            ],
            [
              -67.55892,
              8.942933000000153
            ],
            [
              -67.55743799999988,
              8.942885000000103
            ],
            [
              -67.554422,
              8.944210000000112
            ],
            [
              -67.551177,
              8.944054000000165
            ],
            [
              -67.549248,
              8.942164000000105
            ],
            [
              -67.546034,
              8.942282
            ],
            [
              -67.54507299999989,
              8.943027
            ],
            [
              -67.545644,
              8.944789
            ],
            [
              -67.546127,
              8.945484
            ],
            [
              -67.546305,
              8.946006
            ],
            [
              -67.546261,
              8.946877000000143
            ],
            [
              -67.54597499999983,
              8.948191000000179
            ],
            [
              -67.54597699999988,
              8.949038
            ],
            [
              -67.546261,
              8.95006
            ],
            [
              -67.54744299999987,
              8.951719
            ],
            [
              -67.547742,
              8.952466
            ],
            [
              -67.54747,
              8.954237
            ],
            [
              -67.547048,
              8.95642400000014
            ],
            [
              -67.54694599999988,
              8.957710000000134
            ],
            [
              -67.545894,
              8.958931
            ],
            [
              -67.544388,
              8.960486000000117
            ],
            [
              -67.544516,
              8.961696
            ],
            [
              -67.54534799999982,
              8.96403
            ],
            [
              -67.545642,
              8.966197
            ],
            [
              -67.545917,
              8.967678000000149
            ],
            [
              -67.546264,
              8.96927
            ],
            [
              -67.54726199999982,
              8.970981
            ],
            [
              -67.547465,
              8.97239500000012
            ],
            [
              -67.54743999999988,
              8.973929
            ],
            [
              -67.54752599999989,
              8.975278000000117
            ],
            [
              -67.547983,
              8.976684
            ],
            [
              -67.548048,
              8.978101
            ],
            [
              -67.548349,
              8.978917000000138
            ],
            [
              -67.54908,
              8.979376
            ],
            [
              -67.549582,
              8.980735
            ],
            [
              -67.550135,
              8.982253
            ],
            [
              -67.55081499999989,
              8.983355000000131
            ],
            [
              -67.551755,
              8.985434
            ],
            [
              -67.552291,
              8.987135
            ],
            [
              -67.552239,
              8.988556
            ],
            [
              -67.552058,
              8.989477
            ],
            [
              -67.552047,
              8.99069100000014
            ],
            [
              -67.552958,
              8.991786000000161
            ],
            [
              -67.553342,
              8.992256000000168
            ],
            [
              -67.554063,
              8.993173000000183
            ],
            [
              -67.554619,
              8.994004000000189
            ],
            [
              -67.554872,
              8.994752
            ],
            [
              -67.561252,
              8.997787000000187
            ],
            [
              -67.564629,
              9.001863000000128
            ],
            [
              -67.56469,
              9.016858000000184
            ],
            [
              -67.563546,
              9.026706
            ],
            [
              -67.564736,
              9.034123
            ],
            [
              -67.56825999999984,
              9.03941
            ],
            [
              -67.572101,
              9.043333000000132
            ],
            [
              -67.579362,
              9.044213000000127
            ],
            [
              -67.585079,
              9.045100000000161
            ],
            [
              -67.591072,
              9.050983
            ],
            [
              -67.59632,
              9.05247700000018
            ],
            [
              -67.597532,
              9.056561
            ],
            [
              -67.59359299999988,
              9.06823900000012
            ],
            [
              -67.594179,
              9.073387
            ],
            [
              -67.595397,
              9.076411
            ],
            [
              -67.6023019999999,
              9.083435000000122
            ],
            [
              -67.601732,
              9.085015000000112
            ],
            [
              -67.601602,
              9.086484
            ],
            [
              -67.602472,
              9.087412
            ],
            [
              -67.603524,
              9.088664
            ],
            [
              -67.606064,
              9.089081000000135
            ],
            [
              -67.606565,
              9.089821
            ],
            [
              -67.60516399999989,
              9.091208
            ],
            [
              -67.603603,
              9.092364000000146
            ],
            [
              -67.602675,
              9.092699000000152
            ],
            [
              -67.601349,
              9.093466
            ],
            [
              -67.599696,
              9.094666000000188
            ],
            [
              -67.59849599999984,
              9.094401000000119
            ],
            [
              -67.59734,
              9.094228
            ],
            [
              -67.596176,
              9.095043
            ],
            [
              -67.59691699999985,
              9.097348
            ],
            [
              -67.59721,
              9.1005
            ],
            [
              -67.597106,
              9.101694000000123
            ],
            [
              -67.597619,
              9.103675
            ],
            [
              -67.598232,
              9.104945000000157
            ],
            [
              -67.59808399999986,
              9.105840000000114
            ],
            [
              -67.596067,
              9.106232
            ],
            [
              -67.594077,
              9.106349000000137
            ],
            [
              -67.592988,
              9.106544
            ],
            [
              -67.591787,
              9.106394000000137
            ],
            [
              -67.592359,
              9.104654
            ],
            [
              -67.592968,
              9.103856000000121
            ],
            [
              -67.59224,
              9.102654000000143
            ],
            [
              -67.590617,
              9.102981
            ],
            [
              -67.589599,
              9.103016
            ],
            [
              -67.587823,
              9.102538000000152
            ],
            [
              -67.586918,
              9.10285
            ],
            [
              -67.586652,
              9.104042
            ],
            [
              -67.586449,
              9.105901
            ],
            [
              -67.586627,
              9.106661
            ],
            [
              -67.5875,
              9.107222
            ],
            [
              -67.588676,
              9.107648000000154
            ],
            [
              -67.589153,
              9.108549
            ],
            [
              -67.590325,
              9.109297
            ],
            [
              -67.590341,
              9.109986000000163
            ],
            [
              -67.58938499999988,
              9.110757
            ],
            [
              -67.58813199999986,
              9.111249
            ],
            [
              -67.587273,
              9.111562000000163
            ],
            [
              -67.586393,
              9.11171400000012
            ],
            [
              -67.58498,
              9.111859
            ],
            [
              -67.58378,
              9.11403
            ],
            [
              -67.583586,
              9.114878
            ],
            [
              -67.584729,
              9.116268000000161
            ],
            [
              -67.5852579999999,
              9.116595
            ],
            [
              -67.586573,
              9.116977
            ],
            [
              -67.587792,
              9.117633000000126
            ],
            [
              -67.58854999999988,
              9.118216
            ],
            [
              -67.587567,
              9.119377
            ],
            [
              -67.587678,
              9.119861
            ],
            [
              -67.58874,
              9.122376
            ],
            [
              -67.588919,
              9.123090000000104
            ],
            [
              -67.5869699999999,
              9.123644000000127
            ],
            [
              -67.584961,
              9.12337
            ],
            [
              -67.58329599999985,
              9.12333
            ],
            [
              -67.582185,
              9.12338700000015
            ],
            [
              -67.582109,
              9.12173200000018
            ],
            [
              -67.582142,
              9.120698
            ],
            [
              -67.58133899999984,
              9.120046000000116
            ],
            [
              -67.579986,
              9.121158
            ],
            [
              -67.578475,
              9.122015000000147
            ],
            [
              -67.577984,
              9.12014900000014
            ],
            [
              -67.57700999999986,
              9.12046
            ],
            [
              -67.57600999999988,
              9.121024
            ],
            [
              -67.5746769999999,
              9.122434000000169
            ],
            [
              -67.573192,
              9.123016
            ],
            [
              -67.572017,
              9.122475
            ],
            [
              -67.570872,
              9.121245
            ],
            [
              -67.569985,
              9.119743
            ],
            [
              -67.568234,
              9.118989
            ],
            [
              -67.5676509999999,
              9.121832
            ],
            [
              -67.5682609999999,
              9.123286000000178
            ],
            [
              -67.56938899999989,
              9.123895000000118
            ],
            [
              -67.570588,
              9.124298
            ],
            [
              -67.571126,
              9.126004
            ],
            [
              -67.570169,
              9.126867000000175
            ],
            [
              -67.56893899999989,
              9.127359000000183
            ],
            [
              -67.5674719999999,
              9.128286000000116
            ],
            [
              -67.56734999999986,
              9.12902000000014
            ],
            [
              -67.567901,
              9.129416
            ],
            [
              -67.569121,
              9.130004
            ],
            [
              -67.570013,
              9.131001
            ],
            [
              -67.569404,
              9.131776
            ],
            [
              -67.57008999999988,
              9.132564
            ],
            [
              -67.570906,
              9.134388000000172
            ],
            [
              -67.57151499999986,
              9.135958
            ],
            [
              -67.571522,
              9.137635000000103
            ],
            [
              -67.56986,
              9.139525000000162
            ],
            [
              -67.568185,
              9.140587
            ],
            [
              -67.566342,
              9.142106000000183
            ],
            [
              -67.565637,
              9.143317
            ],
            [
              -67.565944,
              9.144974000000161
            ],
            [
              -67.565981,
              9.145986
            ],
            [
              -67.565751,
              9.148189
            ],
            [
              -67.564692,
              9.149993000000109
            ],
            [
              -67.563684,
              9.151406000000122
            ],
            [
              -67.561564,
              9.152900000000102
            ],
            [
              -67.560506,
              9.154704
            ],
            [
              -67.55926099999988,
              9.156552000000147
            ],
            [
              -67.557488,
              9.158164000000113
            ],
            [
              -67.555956,
              9.158676000000185
            ],
            [
              -67.553894,
              9.158999000000108
            ],
            [
              -67.552592,
              9.159698
            ],
            [
              -67.551906,
              9.161184
            ],
            [
              -67.550257,
              9.161878000000115
            ],
            [
              -67.548131,
              9.161672000000124
            ],
            [
              -67.54689,
              9.160923000000139
            ],
            [
              -67.546134,
              9.160134
            ],
            [
              -67.544507,
              9.160898
            ],
            [
              -67.54306299999985,
              9.161802
            ],
            [
              -67.541683,
              9.161075
            ],
            [
              -67.54090899999989,
              9.162123000000122
            ],
            [
              -67.540107,
              9.1637
            ],
            [
              -67.539474,
              9.164497
            ],
            [
              -67.539069,
              9.165688
            ],
            [
              -67.539325,
              9.167873000000156
            ],
            [
              -67.53910399999984,
              9.16918
            ],
            [
              -67.53885999999989,
              9.170488
            ],
            [
              -67.53622,
              9.170782000000145
            ],
            [
              -67.53435799999988,
              9.171957
            ],
            [
              -67.534437,
              9.17329000000018
            ],
            [
              -67.536776,
              9.173085000000128
            ],
            [
              -67.539176,
              9.173593
            ],
            [
              -67.540376,
              9.173882000000162
            ],
            [
              -67.541677,
              9.175642
            ],
            [
              -67.5408609999999,
              9.176346
            ],
            [
              -67.539536,
              9.177021
            ],
            [
              -67.539505,
              9.177801
            ],
            [
              -67.5400709999999,
              9.178979
            ],
            [
              -67.53915599999988,
              9.180302
            ],
            [
              -67.538349,
              9.18004100000013
            ],
            [
              -67.537759,
              9.178909
            ],
            [
              -67.53784,
              9.17766900000015
            ],
            [
              -67.53793999999988,
              9.176935000000128
            ],
            [
              -67.537479,
              9.176769
            ],
            [
              -67.536484,
              9.176804000000175
            ],
            [
              -67.534625,
              9.177634
            ],
            [
              -67.53399499999989,
              9.178225000000111
            ],
            [
              -67.53415199999989,
              9.178686
            ],
            [
              -67.533429,
              9.179345
            ],
            [
              -67.532266,
              9.179953000000125
            ],
            [
              -67.53211399999986,
              9.18130600000012
            ],
            [
              -67.532448,
              9.182574000000102
            ],
            [
              -67.532715,
              9.1836330000001
            ],
            [
              -67.532495,
              9.184872000000155
            ],
            [
              -67.532204,
              9.186178
            ],
            [
              -67.533134,
              9.188118000000145
            ],
            [
              -67.53410999999988,
              9.189967
            ],
            [
              -67.533887,
              9.191458
            ],
            [
              -67.534102,
              9.193091
            ],
            [
              -67.5347349999999,
              9.194614000000115
            ],
            [
              -67.5342849999999,
              9.195689
            ],
            [
              -67.533834,
              9.196833
            ],
            [
              -67.532794,
              9.199028000000112
            ],
            [
              -67.532133,
              9.200330000000179
            ],
            [
              -67.530973,
              9.200709
            ],
            [
              -67.529182,
              9.201723000000129
            ],
            [
              -67.527556,
              9.202349
            ],
            [
              -67.525975,
              9.203113
            ],
            [
              -67.524211,
              9.203738
            ],
            [
              -67.522529,
              9.205374
            ],
            [
              -67.522329,
              9.206865000000164
            ],
            [
              -67.52386899999988,
              9.207892
            ],
            [
              -67.524847,
              9.209604000000127
            ],
            [
              -67.52573399999983,
              9.208763
            ],
            [
              -67.52734,
              9.210067
            ],
            [
              -67.527996,
              9.211614000000168
            ],
            [
              -67.52877399999983,
              9.211746
            ],
            [
              -67.529728,
              9.211908000000165
            ],
            [
              -67.842004,
              9.229636
            ]
          ]
        ]
      }
    }
  ]
}