{
  "type": "FeatureCollection",
  "features": [
    {
      "type": "Feature",
      "properties": {
        "Pais": "Venezuela",
        "Estado": "Zulia",
        "Municipio": "Miranda"
      },
      "geometry": {
        "type": "MultiPolygon",
        "coordinates": [
          [
            [
              [
                -71.27009672999992,
                10.974388757000156
              ],
              [
                -71.27027073599993,
                10.975123769
              ],
              [
                -71.27073275899994,
                10.975266769000143
              ],
              [
                -71.27123177799996,
                10.974541745000181
              ],
              [
                -71.27159178799997,
                10.973860724000076
              ],
              [
                -71.2720568019999,
                10.973797727999965
              ],
              [
                -71.27249282099984,
                10.974078729000041
              ],
              [
                -71.27276583899987,
                10.974425741000175
              ],
              [
                -71.27313685199994,
                10.974476729000116
              ],
              [
                -71.27365086899994,
                10.974254729000052
              ],
              [
                -71.27375387699993,
                10.973615713000129
              ],
              [
                -71.27420389199995,
                10.973095693000062
              ],
              [
                -71.27410087499993,
                10.972293678000085
              ],
              [
                -71.27482790299996,
                10.971845660000099
              ],
              [
                -71.2754779259999,
                10.971808654000085
              ],
              [
                -71.2760359479999,
                10.971793644000059
              ],
              [
                -71.27678597599999,
                10.971369631000073
              ],
              [
                -71.27756101499995,
                10.970785610000178
              ],
              [
                -71.27773500999996,
                10.970055598000158
              ],
              [
                -71.27795701699995,
                10.969257578000054
              ],
              [
                -71.27824802499998,
                10.968506552000065
              ],
              [
                -71.27934906899992,
                10.967926526000042
              ],
              [
                -71.28023710199994,
                10.967550511000127
              ],
              [
                -71.28114813499985,
                10.967173502000094
              ],
              [
                -71.2824811829999,
                10.966597471000114
              ],
              [
                -71.28411024899998,
                10.966345463000039
              ],
              [
                -71.28517829199996,
                10.966291450000085
              ],
              [
                -71.28540030799996,
                10.966935466000109
              ],
              [
                -71.28587633599989,
                10.967605484000103
              ],
              [
                -71.28642036199989,
                10.968413491000092
              ],
              [
                -71.28750539999987,
                10.968794495000168
              ],
              [
                -71.28845544899997,
                10.968876497000053
              ],
              [
                -71.28989850099998,
                10.968667475000132
              ],
              [
                -71.29062552899984,
                10.968219457000032
              ],
              [
                -71.29149255899989,
                10.967705441000135
              ],
              [
                -71.29240459699997,
                10.96730642600005
              ],
              [
                -71.29352763599996,
                10.966772411000022
              ],
              [
                -71.29395565599987,
                10.96611439000003
              ],
              [
                -71.29508369599995,
                10.965306360000113
              ],
              [
                -71.2962267449999,
                10.964956347000054
              ],
              [
                -71.29771879999998,
                10.96454232200017
              ],
              [
                -71.29879184299989,
                10.964213311000037
              ],
              [
                -71.29994989099987,
                10.964366299000062
              ],
              [
                -71.30049590399994,
                10.963642280000101
              ],
              [
                -71.30124893499988,
                10.962989258000107
              ],
              [
                -71.30182995699988,
                10.96292825900008
              ],
              [
                -71.30233497799986,
                10.963278261000085
              ],
              [
                -71.30337102499988,
                10.96379626099997
              ],
              [
                -71.30420906099994,
                10.963670257000047
              ],
              [
                -71.30553411899996,
                10.963574250000022
              ],
              [
                -71.30627814299999,
                10.963470242000085
              ],
              [
                -71.30686356699994,
                10.9633127030001
              ],
              [
                -71.30798020599985,
                10.963012213000127
              ],
              [
                -71.30916326399995,
                10.96302921
              ],
              [
                -71.31113933799992,
                10.962850197000023
              ],
              [
                -71.31295041199996,
                10.962852183000052
              ],
              [
                -71.31359742099994,
                10.96297960700008
              ],
              [
                -71.3141994689999,
                10.96309817700012
              ],
              [
                -71.3150065019999,
                10.963452185000108
              ],
              [
                -71.31576153099991,
                10.962707151000131
              ],
              [
                -71.31687056499993,
                10.961579117000042
              ],
              [
                -71.31720257499995,
                10.961220110000056
              ],
              [
                -71.31996170199989,
                10.961584098000174
              ],
              [
                -71.32265880599994,
                10.960709055000166
              ],
              [
                -71.32427787299997,
                10.961092054000119
              ],
              [
                -71.32582693199998,
                10.961472061000052
              ],
              [
                -71.32853803999996,
                10.960964028000035
              ],
              [
                -71.33179217999998,
                10.961065006000013
              ],
              [
                -71.33392527599983,
                10.961322003000078
              ],
              [
                -71.3374654129999,
                10.96115497
              ],
              [
                -71.33954750699996,
                10.961615966000124
              ],
              [
                -71.34211860799996,
                10.962066965000076
              ],
              [
                -71.34411369999992,
                10.962251958000024
              ],
              [
                -71.34626778599983,
                10.962623944000086
              ],
              [
                -71.34821486699997,
                10.96289894000006
              ],
              [
                -71.34964392799992,
                10.96252092300017
              ],
              [
                -71.35245104099994,
                10.96279391500019
              ],
              [
                -71.35485014399984,
                10.963606911000113
              ],
              [
                -71.35754927099998,
                10.964494925000054
              ],
              [
                -71.36032939399996,
                10.965866937000044
              ],
              [
                -71.36418655799997,
                10.966965942000115
              ],
              [
                -71.36689167899988,
                10.96760292900018
              ],
              [
                -71.36999680099996,
                10.96714990400011
              ],
              [
                -71.37308193199993,
                10.96752089000006
              ],
              [
                -71.37607205799998,
                10.967934886000023
              ],
              [
                -71.37946719899998,
                10.968885877000105
              ],
              [
                -71.38232831699992,
                10.968907864000073
              ],
              [
                -71.38534044999994,
                10.969391853000047
              ],
              [
                -71.38779854599983,
                10.969701849000103
              ],
              [
                -71.39123569799989,
                10.969896825000092
              ],
              [
                -71.39353079099999,
                10.970203818000186
              ],
              [
                -71.39591088199995,
                10.96991679000007
              ],
              [
                -71.39914702099998,
                10.96980977300018
              ],
              [
                -71.40116409699993,
                10.970063766000123
              ],
              [
                -71.40359720599997,
                10.97044175700006
              ],
              [
                -71.40559927899989,
                10.969458719000045
              ],
              [
                -71.40752436399998,
                10.969686709000086
              ],
              [
                -71.40881841199996,
                10.969099693000032
              ],
              [
                -71.41315359299983,
                10.96965967400007
              ],
              [
                -71.41896582799995,
                10.968880620000107
              ],
              [
                -71.42051489299996,
                10.96829859200011
              ],
              [
                -71.42160793499988,
                10.968324577000033
              ],
              [
                -71.42329400499995,
                10.968799587999968
              ],
              [
                -71.42559209399997,
                10.968052545000091
              ],
              [
                -71.43208235499998,
                10.967083477000187
              ],
              [
                -71.44155373099989,
                10.965038371000105
              ],
              [
                -71.44805399299986,
                10.963703286
              ],
              [
                -71.45320219399986,
                10.963389243000051
              ],
              [
                -71.4556482889999,
                10.962278204000029
              ],
              [
                -71.45790738299996,
                10.962171182000077
              ],
              [
                -71.46137852899994,
                10.961932158000025
              ],
              [
                -71.46441664799994,
                10.961362122000082
              ],
              [
                -71.46662172299995,
                10.95967306500006
              ],
              [
                -71.46699073199994,
                10.958881040000165
              ],
              [
                -71.46479765599986,
                10.960066091000101
              ],
              [
                -71.46360160499984,
                10.960473102000094
              ],
              [
                -71.46360559399989,
                10.959374083
              ],
              [
                -71.46445163499999,
                10.959027064000168
              ],
              [
                -71.46605269399987,
                10.958240033000152
              ],
              [
                -71.46781576299998,
                10.957503009000106
              ],
              [
                -71.46895280199993,
                10.956659976000083
              ],
              [
                -71.47036586099995,
                10.95593694500019
              ],
              [
                -71.47112387599998,
                10.954466913999966
              ],
              [
                -71.47123988199996,
                10.95420990200006
              ],
              [
                -71.4727159389999,
                10.954022887000122
              ],
              [
                -71.47584706499998,
                10.953454849000025
              ],
              [
                -71.47851117299996,
                10.953883841000163
              ],
              [
                -71.48084527399982,
                10.953549820000148
              ],
              [
                -71.48366138399996,
                10.953477797000119
              ],
              [
                -71.4864004939999,
                10.95276276200019
              ],
              [
                -71.48982063799991,
                10.952705740999988
              ],
              [
                -71.49307676299986,
                10.952712720000136
              ],
              [
                -71.49645189299997,
                10.95164667000006
              ],
              [
                -71.49894600599998,
                10.951430641
              ],
              [
                -71.49987103799998,
                10.950719627000183
              ],
              [
                -71.50125208699995,
                10.950339600000063
              ],
              [
                -71.5020171079999,
                10.949509577000072
              ],
              [
                -71.50307515399999,
                10.949030563000065
              ],
              [
                -71.50298714099995,
                10.947906534000026
              ],
              [
                -71.50119507099993,
                10.947933543000033
              ],
              [
                -71.50015403099997,
                10.94866557100005
              ],
              [
                -71.49888397799992,
                10.949253593000037
              ],
              [
                -71.49801094599991,
                10.94879858500002
              ],
              [
                -71.49788993099992,
                10.948062568000125
              ],
              [
                -71.4984659569999,
                10.947343549999971
              ],
              [
                -71.49783191699993,
                10.94664153399998
              ],
              [
                -71.49638386299995,
                10.946859555000174
              ],
              [
                -71.49444578599997,
                10.947180565999986
              ],
              [
                -71.49290273399993,
                10.948450613000034
              ],
              [
                -71.49198968899998,
                10.948680621000051
              ],
              [
                -71.49052963699995,
                10.949424655000144
              ],
              [
                -71.48903859099994,
                10.95046668600014
              ],
              [
                -71.48705050499996,
                10.95092371100003
              ],
              [
                -71.48467140699995,
                10.951188732000162
              ],
              [
                -71.48232331399998,
                10.951133749000178
              ],
              [
                -71.4829643349999,
                10.950621733000048
              ],
              [
                -71.48399137799998,
                10.950485722999986
              ],
              [
                -71.48497341199987,
                10.950279708000096
              ],
              [
                -71.48616546699992,
                10.950032693000026
              ],
              [
                -71.48745850999995,
                10.949467672000083
              ],
              [
                -71.48885757099998,
                10.949340659000143
              ],
              [
                -71.48993160099997,
                10.94822063099997
              ],
              [
                -71.48956458899994,
                10.947066603000053
              ],
              [
                -71.48878254399983,
                10.946728594000092
              ],
              [
                -71.48710347899998,
                10.946917609000025
              ],
              [
                -71.48576542799992,
                10.947413642000129
              ],
              [
                -71.48441337999998,
                10.948480671000027
              ],
              [
                -71.48268931299998,
                10.949516708000033
              ],
              [
                -71.48105425199998,
                10.949798729000179
              ],
              [
                -71.48000119999995,
                10.949133717000052
              ],
              [
                -71.47880515399993,
                10.948601717000088
              ],
              [
                -71.47751308499988,
                10.946304661999989
              ],
              [
                -71.47688903999995,
                10.944251618000123
              ],
              [
                -71.47592499199993,
                10.942809589000092
              ],
              [
                -71.47511295199996,
                10.941783573000123
              ],
              [
                -71.4752569549999,
                10.940664544000185
              ],
              [
                -71.47427289799992,
                10.939084514000172
              ],
              [
                -71.47306583299996,
                10.937109473000078
              ],
              [
                -71.47215178299996,
                10.935508429000151
              ],
              [
                -71.47124074199996,
                10.934754419000114
              ],
              [
                -71.46917865099988,
                10.93349240200007
              ],
              [
                -71.46729657699996,
                10.933425413000123
              ],
              [
                -71.46753957599998,
                10.932996401000139
              ],
              [
                -71.46896363499985,
                10.932777387000101
              ],
              [
                -71.4705357069999,
                10.933181388000094
              ],
              [
                -71.47031368599988,
                10.931802359000073
              ],
              [
                -71.46986965599996,
                10.93096734200003
              ],
              [
                -71.46867861099997,
                10.930206334000104
              ],
              [
                -71.46749655099995,
                10.929102308000097
              ],
              [
                -71.46541044899993,
                10.926947269000038
              ],
              [
                -71.46432639799986,
                10.925662245000126
              ],
              [
                -71.46176027299998,
                10.923152202000153
              ],
              [
                -71.45951716799993,
                10.92170217600011
              ],
              [
                -71.45817011399993,
                10.921671191000087
              ],
              [
                -71.45690207699994,
                10.923061227000176
              ],
              [
                -71.45570302899989,
                10.924544281000124
              ],
              [
                -71.45523700399997,
                10.923640252000041
              ],
              [
                -71.45657305099996,
                10.922274221000066
              ],
              [
                -71.45711707299995,
                10.920959172999972
              ],
              [
                -71.45689204899998,
                10.919740152000088
              ],
              [
                -71.45560898399987,
                10.918038123000088
              ],
              [
                -71.4545479329999,
                10.916731092000191
              ],
              [
                -71.45291485699988,
                10.91506705900008
              ],
              [
                -71.45103776499991,
                10.913878051000097
              ],
              [
                -71.44998872599996,
                10.913991060000114
              ],
              [
                -71.44922369199992,
                10.912943037000048
              ],
              [
                -71.44819664299996,
                10.912186024
              ],
              [
                -71.44549252099995,
                10.910542007000117
              ],
              [
                -71.44345442499997,
                10.909302990000015
              ],
              [
                -71.44153834799988,
                10.908708983000167
              ],
              [
                -71.43980127099996,
                10.90935501000007
              ],
              [
                -71.43852322499998,
                10.91026303600006
              ],
              [
                -71.43906624299996,
                10.90899400100011
              ],
              [
                -71.43958025499995,
                10.907975981000106
              ],
              [
                -71.43991126599997,
                10.906815941000048
              ],
              [
                -71.43907422099994,
                10.90494090500016
              ],
              [
                -71.43817817099995,
                10.903591881000068
              ],
              [
                -71.43619507199998,
                10.901964852000049
              ],
              [
                -71.43506102999987,
                10.90175485500015
              ],
              [
                -71.43368096699999,
                10.901149846000067
              ],
              [
                -71.43116686799988,
                10.901227863000088
              ],
              [
                -71.42906576999997,
                10.900651867000022
              ],
              [
                -71.42757671699985,
                10.90068587400009
              ],
              [
                -71.42610265999991,
                10.90101689800008
              ],
              [
                -71.4254166309999,
                10.901504909000096
              ],
              [
                -71.42424759499983,
                10.902690946000064
              ],
              [
                -71.42272053199997,
                10.904234997000174
              ],
              [
                -71.42075946099988,
                10.905471037000154
              ],
              [
                -71.41904640699988,
                10.906987087000175
              ],
              [
                -71.41734733899989,
                10.907978129000071
              ],
              [
                -71.4161312899999,
                10.908247139000139
              ],
              [
                -71.41507625799994,
                10.908611152000162
              ],
              [
                -71.41323418499991,
                10.909712194000122
              ],
              [
                -71.41186012899993,
                10.910733235000123
              ],
              [
                -71.41150612899986,
                10.911847262000038
              ],
              [
                -71.41007108099996,
                10.913439311000047
              ],
              [
                -71.40962106399985,
                10.913748321000014
              ],
              [
                -71.40769299499993,
                10.914596350000124
              ],
              [
                -71.40855701699991,
                10.913517321000086
              ],
              [
                -71.40937404499994,
                10.91248328800009
              ],
              [
                -71.40966304999995,
                10.911162259000093
              ],
              [
                -71.40942902299986,
                10.909347208000156
              ],
              [
                -71.41004104299998,
                10.908148178000033
              ],
              [
                -71.41112308399994,
                10.907647157000042
              ],
              [
                -71.41161709799997,
                10.906491125000173
              ],
              [
                -71.41287514599998,
                10.905468097999972
              ],
              [
                -71.41532423199993,
                10.904266053000072
              ],
              [
                -71.41673627899996,
                10.902651003000017
              ],
              [
                -71.41685126999988,
                10.900844948999975
              ],
              [
                -71.41681325899992,
                10.898644901000068
              ],
              [
                -71.41723425699996,
                10.896685849000107
              ],
              [
                -71.41700024199997,
                10.894893810000099
              ],
              [
                -71.41668421399993,
                10.892642749000117
              ],
              [
                -71.41700321399992,
                10.891986739000174
              ],
              [
                -71.41784324899999,
                10.891891729000122
              ],
              [
                -71.41880128299994,
                10.89074669100006
              ],
              [
                -71.41980931499995,
                10.88951065700013
              ],
              [
                -71.42098835899998,
                10.888874638000175
              ],
              [
                -71.4223603989999,
                10.886983575000102
              ],
              [
                -71.42346444099996,
                10.885612531000163
              ],
              [
                -71.42465647799997,
                10.88447349900008
              ],
              [
                -71.42679856399997,
                10.883424463000154
              ],
              [
                -71.42952867699995,
                10.88303143100012
              ],
              [
                -71.43174076399993,
                10.882923416000153
              ],
              [
                -71.43314282199998,
                10.883574424000187
              ],
              [
                -71.43372184599991,
                10.88367941700011
              ],
              [
                -71.43529191999994,
                10.884128425000142
              ],
              [
                -71.4368819849999,
                10.883777404000114
              ],
              [
                -71.43823102999994,
                10.882824371000027
              ],
              [
                -71.4399950859999,
                10.88110231200011
              ],
              [
                -71.44138114799995,
                10.880540294000127
              ],
              [
                -71.44319621799991,
                10.88046827800008
              ],
              [
                -71.44391624899998,
                10.88050827799998
              ],
              [
                -71.4448062809999,
                10.880231265000077
              ],
              [
                -71.44607231999993,
                10.878887217000056
              ],
              [
                -71.44662233699995,
                10.87734318500003
              ],
              [
                -71.4465723269999,
                10.875647142000105
              ],
              [
                -71.44676031599994,
                10.873706090000098
              ],
              [
                -71.44705030799986,
                10.871377026000118
              ],
              [
                -71.44716230099988,
                10.868745968000042
              ],
              [
                -71.44682027599993,
                10.86756993299997
              ],
              [
                -71.44636425299996,
                10.866253911000172
              ],
              [
                -71.44638423099997,
                10.863598849000027
              ],
              [
                -71.4457111879999,
                10.86076577300014
              ],
              [
                -71.44458112899991,
                10.85851872699999
              ],
              [
                -71.44442210299991,
                10.8555606540001
              ],
              [
                -71.4438940629999,
                10.854357635000156
              ],
              [
                -71.44380705499992,
                10.853210606000175
              ],
              [
                -71.442514,
                10.851920582000048
              ],
              [
                -71.44279299699997,
                10.850026534000165
              ],
              [
                -71.44161693199999,
                10.848739513000169
              ],
              [
                -71.44102389099993,
                10.84639045800003
              ],
              [
                -71.43890776399991,
                10.840821338000069
              ],
              [
                -71.43683864399998,
                10.835231217000171
              ],
              [
                -71.43517355099993,
                10.83116212100009
              ],
              [
                -71.43470751399991,
                10.828426059000037
              ],
              [
                -71.43401446699994,
                10.826394017000155
              ],
              [
                -71.43348443499997,
                10.824320964000094
              ],
              [
                -71.43258738499992,
                10.822078918000045
              ],
              [
                -71.43292239199991,
                10.820780889000048
              ],
              [
                -71.43290137699995,
                10.818811836000123
              ],
              [
                -71.43285135499991,
                10.817092793000086
              ],
              [
                -71.43253533399997,
                10.815802761999976
              ],
              [
                -71.43251932499999,
                10.814565742000127
              ],
              [
                -71.43269332199998,
                10.81225768000013
              ],
              [
                -71.43243630099994,
                10.811381664000123
              ],
              [
                -71.43250729399995,
                10.810421639000026
              ],
              [
                -71.43236829099999,
                10.809456614000169
              ],
              [
                -71.4319902659999,
                10.807867581000039
              ],
              [
                -71.43138822399999,
                10.80682256
              ],
              [
                -71.43182324399993,
                10.806168536000087
              ],
              [
                -71.43236425199996,
                10.804967508000175
              ],
              [
                -71.43245024799995,
                10.803412470000126
              ],
              [
                -71.43201522699991,
                10.802211437000153
              ],
              [
                -71.43214621999994,
                10.800680403000115
              ],
              [
                -71.43233721099983,
                10.798647351000113
              ],
              [
                -71.43243020599988,
                10.796794303000127
              ],
              [
                -71.43219519199988,
                10.795964287000174
              ],
              [
                -71.43297022099989,
                10.795639276000031
              ],
              [
                -71.43302147099996,
                10.795598762000054
              ],
              [
                -71.43372924799996,
                10.795039255
              ],
              [
                -71.43626434199996,
                10.794046210000033
              ],
              [
                -71.43939445699993,
                10.792517155000041
              ],
              [
                -71.44209456999988,
                10.792375127000014
              ],
              [
                -71.44615173899996,
                10.791898091000178
              ],
              [
                -71.44950587099999,
                10.7916340700001
              ],
              [
                -71.45334902399992,
                10.791335030000027
              ],
              [
                -71.4575792089999,
                10.792305030000023
              ],
              [
                -71.46271242599988,
                10.79341101600005
              ],
              [
                -71.46693159799992,
                10.793876999000133
              ],
              [
                -71.46969072299999,
                10.794147992999967
              ],
              [
                -71.47283285599997,
                10.79493198900019
              ],
              [
                -71.47482194799989,
                10.796261008000101
              ],
              [
                -71.47843609299997,
                10.796758001000114
              ],
              [
                -71.48090919699996,
                10.797342994000132
              ],
              [
                -71.48317829799993,
                10.797693989000095
              ],
              [
                -71.48472036399988,
                10.797409971000036
              ],
              [
                -71.48592440599987,
                10.796636943000067
              ],
              [
                -71.48774147499995,
                10.796472926000092
              ],
              [
                -71.48958755599989,
                10.797019928000054
              ],
              [
                -71.49189765699998,
                10.797623924999982
              ],
              [
                -71.4947177809999,
                10.798262922000049
              ],
              [
                -71.49828992099998,
                10.798597908000033
              ],
              [
                -71.5001000019999,
                10.798709905000123
              ],
              [
                -71.50079203099989,
                10.798889905000124
              ],
              [
                -71.50192508199996,
                10.799496902000158
              ],
              [
                -71.50449718199997,
                10.798976879
              ],
              [
                -71.50709228199997,
                10.798433845000034
              ],
              [
                -71.50919837999999,
                10.798736842000153
              ],
              [
                -71.51028442599988,
                10.799380852000127
              ],
              [
                -71.51357256299997,
                10.799503825000102
              ],
              [
                -71.51577365099985,
                10.799119808000057
              ],
              [
                -71.51809173899989,
                10.79857578200017
              ],
              [
                -71.52013182199994,
                10.79807774600016
              ],
              [
                -71.52247191799995,
                10.797648721000087
              ],
              [
                -71.5240659879999,
                10.798567736
              ],
              [
                -71.52529402899995,
                10.798502724000173
              ],
              [
                -71.52835515499999,
                10.797273678000067
              ],
              [
                -71.53039223899998,
                10.797530675000075
              ],
              [
                -71.53217929999994,
                10.796458630000132
              ],
              [
                -71.53879758599999,
                10.797665617000064
              ],
              [
                -71.54005162399989,
                10.796615582000129
              ],
              [
                -71.54433780499988,
                10.796030544000075
              ],
              [
                -71.5475989389999,
                10.79709154699998
              ],
              [
                -71.55045205399989,
                10.795816489
              ],
              [
                -71.55302415299997,
                10.79525046599997
              ],
              [
                -71.55506123699996,
                10.795346451000057
              ],
              [
                -71.55790636099982,
                10.796314462000112
              ],
              [
                -71.5600594529999,
                10.796548446000088
              ],
              [
                -71.56302556399999,
                10.795731405000083
              ],
              [
                -71.56627168799997,
                10.794503363000103
              ],
              [
                -71.56970481799993,
                10.79290829700011
              ],
              [
                -71.57271494799994,
                10.792778270000099
              ],
              [
                -71.57646310399991,
                10.793931270000087
              ],
              [
                -71.57970423499995,
                10.794007261000047
              ],
              [
                -71.58670555699996,
                10.79832831800013
              ],
              [
                -71.58712955799996,
                10.796291267000072
              ],
              [
                -71.58956664899989,
                10.794488201000092
              ],
              [
                -71.5921667419999,
                10.792639134000126
              ],
              [
                -71.59224073699983,
                10.79133511200007
              ],
              [
                -71.59083465999993,
                10.789248063000116
              ],
              [
                -71.59143968199999,
                10.788379042000088
              ],
              [
                -71.59305374599995,
                10.787078995000059
              ],
              [
                -71.58901855899995,
                10.785465981000186
              ],
              [
                -71.58409334699991,
                10.783508975000075
              ],
              [
                -71.57548598599988,
                10.78158898400011
              ],
              [
                -71.5704937559999,
                10.779081949000044
              ],
              [
                -71.56657932199994,
                10.777277201000118
              ],
              [
                -71.56610156699986,
                10.777056932000107
              ],
              [
                -71.56379445599993,
                10.774623894000058
              ],
              [
                -71.56245838699994,
                10.772583851000093
              ],
              [
                -71.56279338099995,
                10.769447770000056
              ],
              [
                -71.56255433599989,
                10.765188668000121
              ],
              [
                -71.56344335799992,
                10.762580606000142
              ],
              [
                -71.56240131899995,
                10.762509602000137
              ],
              [
                -71.56068725099988,
                10.762619623999967
              ],
              [
                -71.55330094599998,
                10.762876672000118
              ],
              [
                -71.55367395099995,
                10.76193865200014
              ],
              [
                -71.55388794699996,
                10.76061161600012
              ],
              [
                -71.5540299519999,
                10.75953558499998
              ],
              [
                -71.55303591099988,
                10.759098587999972
              ],
              [
                -71.55176085499983,
                10.759644606000052
              ],
              [
                -71.55050681499989,
                10.760626633000015
              ],
              [
                -71.5498297929999,
                10.762135675000025
              ],
              [
                -71.54881274999997,
                10.761675678000074
              ],
              [
                -71.54610663599988,
                10.76098168100009
              ],
              [
                -71.54189446299989,
                10.760330692000139
              ],
              [
                -71.53865831399992,
                10.758925679000129
              ],
              [
                -71.53697523699992,
                10.756884633000027
              ],
              [
                -71.53593116899987,
                10.754073579000135
              ],
              [
                -71.53606056099983,
                10.751943323000091
              ],
              [
                -71.53609091499993,
                10.751443488000064
              ],
              [
                -71.53609315999995,
                10.751406514
              ],
              [
                -71.53615415599995,
                10.751337513000067
              ],
              [
                -71.53641116499995,
                10.750509481000108
              ],
              [
                -71.53652315799991,
                10.747717422000107
              ],
              [
                -71.5363321189999,
                10.744608342000106
              ],
              [
                -71.53514304199996,
                10.739335228000073
              ],
              [
                -71.53083082799992,
                10.733744117000128
              ],
              [
                -71.52716763799998,
                10.729087022000158
              ],
              [
                -71.52474852299991,
                10.725852963000023
              ],
              [
                -71.52446650099995,
                10.72469094100012
              ],
              [
                -71.52414648299992,
                10.723373913000046
              ],
              [
                -71.52404146899994,
                10.722942894000028
              ],
              [
                -71.52425747099994,
                10.72074584800015
              ],
              [
                -71.52473047299992,
                10.718136772000094
              ],
              [
                -71.52612950399987,
                10.715346704000126
              ],
              [
                -71.52838657799992,
                10.712124605000099
              ],
              [
                -71.5299966199999,
                10.708808510999972
              ],
              [
                -71.53098764599991,
                10.705693439000186
              ],
              [
                -71.52852552599995,
                10.703202387000147
              ],
              [
                -71.52578539699982,
                10.701769369000033
              ],
              [
                -71.52334128899992,
                10.69938132699997
              ],
              [
                -71.52311351299988,
                10.698842508999974
              ],
              [
                -71.52253723699994,
                10.697479293000185
              ],
              [
                -71.5222922079999,
                10.695006236000097
              ],
              [
                -71.52367723299983,
                10.689698091000082
              ],
              [
                -71.52621331699999,
                10.686407001000134
              ],
              [
                -71.52978544299992,
                10.682894890000057
              ],
              [
                -71.53036245099997,
                10.682124870999985
              ],
              [
                -71.53102647699995,
                10.680603827000084
              ],
              [
                -71.53057443899985,
                10.677557753000144
              ],
              [
                -71.53056141299993,
                10.674901687000101
              ],
              [
                -71.53149744099994,
                10.6721106170001
              ],
              [
                -71.53384352099988,
                10.669895547000124
              ],
              [
                -71.53373050999994,
                10.668910525000172
              ],
              [
                -71.53008832599994,
                10.664872449000029
              ],
              [
                -71.52831224499988,
                10.66324142200017
              ],
              [
                -71.52190594299998,
                10.65661830800019
              ],
              [
                -71.52243592199989,
                10.650815162000185
              ],
              [
                -71.52500699399997,
                10.646987051000053
              ],
              [
                -71.52650604299993,
                10.64385796300013
              ],
              [
                -71.5265090339999,
                10.643590959999983
              ],
              [
                -71.52757207099995,
                10.64138790100003
              ],
              [
                -71.53062917099993,
                10.637614786000086
              ],
              [
                -71.5323002209999,
                10.636073738999983
              ],
              [
                -71.53159018699995,
                10.634946723000041
              ],
              [
                -71.53187119099994,
                10.634148691000064
              ],
              [
                -71.53177218399992,
                10.633562677999976
              ],
              [
                -71.5278990189999,
                10.632131678000064
              ],
              [
                -71.52255078199988,
                10.629523645
              ],
              [
                -71.51882062599998,
                10.62848164900015
              ],
              [
                -71.51448142999993,
                10.626940640999976
              ],
              [
                -71.51022624599995,
                10.624298603000057
              ],
              [
                -71.50655207299997,
                10.621720561000075
              ],
              [
                -71.50418696199995,
                10.619840532000069
              ],
              [
                -71.50210486299989,
                10.618438516000026
              ],
              [
                -71.50215186899987,
                10.618438516000026
              ],
              [
                -71.50082480299994,
                10.616996490000133
              ],
              [
                -71.49972875199995,
                10.616244479000159
              ],
              [
                -71.49893571899997,
                10.61560646300012
              ],
              [
                -71.49893171499997,
                10.614574434000076
              ],
              [
                -71.49855668599986,
                10.61342941800001
              ],
              [
                -71.49780664299988,
                10.611804380000024
              ],
              [
                -71.49747662099992,
                10.610613350000051
              ],
              [
                -71.49702945299998,
                10.609880320000173
              ],
              [
                -71.49245565999996,
                10.610783695000066
              ],
              [
                -71.49009338499991,
                10.611285977000023
              ],
              [
                -71.48708831299996,
                10.611924933000125
              ],
              [
                -71.48619809399997,
                10.612114217000169
              ],
              [
                -71.47834066999997,
                10.61378490900006
              ],
              [
                -71.460793,
                10.617516
              ],
              [
                -71.454645,
                10.615566
              ],
              [
                -71.439346,
                10.61463
              ],
              [
                -71.43528099999986,
                10.612154
              ],
              [
                -71.434271,
                10.611601
              ],
              [
                -71.43207299999989,
                10.612034
              ],
              [
                -71.430557,
                10.611128
              ],
              [
                -71.426459,
                10.611446
              ],
              [
                -71.42369899999989,
                10.613661
              ],
              [
                -71.420561,
                10.614441
              ],
              [
                -71.41928,
                10.614614000000131
              ],
              [
                -71.416605,
                10.614975000000186
              ],
              [
                -71.411343,
                10.615362
              ],
              [
                -71.403809,
                10.61393100000015
              ],
              [
                -71.398941,
                10.614006000000131
              ],
              [
                -71.397596,
                10.61475600000017
              ],
              [
                -71.394007,
                10.61688
              ],
              [
                -71.391706,
                10.617747
              ],
              [
                -71.388209,
                10.616934
              ],
              [
                -71.38396999999986,
                10.616048000000148
              ],
              [
                -71.38118899999989,
                10.617420000000152
              ],
              [
                -71.379459,
                10.617725000000178
              ],
              [
                -71.377488,
                10.614986
              ],
              [
                -71.376762,
                10.613509
              ],
              [
                -71.377397,
                10.611434000000145
              ],
              [
                -71.37712,
                10.610142000000167
              ],
              [
                -71.37531399999989,
                10.608724
              ],
              [
                -71.375293,
                10.610871
              ],
              [
                -71.37180199999983,
                10.611561000000165
              ],
              [
                -71.370287,
                10.610916
              ],
              [
                -71.36962,
                10.610295
              ],
              [
                -71.368581,
                10.606156
              ],
              [
                -71.367553,
                10.602315
              ],
              [
                -71.366756,
                10.601538
              ],
              [
                -71.36576999999988,
                10.60318100000012
              ],
              [
                -71.366031,
                10.605800000000102
              ],
              [
                -71.36439099999984,
                10.606871
              ],
              [
                -71.362915,
                10.608285
              ],
              [
                -71.359667,
                10.614733
              ],
              [
                -71.355848,
                10.61972100000014
              ],
              [
                -71.35398299999986,
                10.619817
              ],
              [
                -71.350842,
                10.618172
              ],
              [
                -71.34955899999983,
                10.614827
              ],
              [
                -71.349125,
                10.613462
              ],
              [
                -71.34832099999988,
                10.61202
              ],
              [
                -71.347134,
                10.611968
              ],
              [
                -71.34615799999989,
                10.611926000000153
              ],
              [
                -71.343461,
                10.609324000000129
              ],
              [
                -71.342567,
                10.607184000000188
              ],
              [
                -71.34194799999989,
                10.603794
              ],
              [
                -71.33986,
                10.603661
              ],
              [
                -71.33752,
                10.603661
              ],
              [
                -71.33665599999989,
                10.601103000000137
              ],
              [
                -71.337391,
                10.599536000000114
              ],
              [
                -71.337762,
                10.597638000000131
              ],
              [
                -71.3375779999999,
                10.594788
              ],
              [
                -71.33752,
                10.593927
              ],
              [
                -71.33694499999984,
                10.590274000000136
              ],
              [
                -71.336303,
                10.586399000000142
              ],
              [
                -71.33744599999989,
                10.584335
              ],
              [
                -71.337103,
                10.579092
              ],
              [
                -71.33556,
                10.578369
              ],
              [
                -71.33139,
                10.575496
              ],
              [
                -71.330061,
                10.574594
              ],
              [
                -71.32819499999988,
                10.573725
              ],
              [
                -71.3275,
                10.572607000000119
              ],
              [
                -71.3257119999999,
                10.572406000000171
              ],
              [
                -71.324135,
                10.573151000000166
              ],
              [
                -71.3236,
                10.574004
              ],
              [
                -71.32307,
                10.574849000000142
              ],
              [
                -71.320849,
                10.575281000000189
              ],
              [
                -71.318823,
                10.574316000000124
              ],
              [
                -71.315384,
                10.572057
              ],
              [
                -71.313031,
                10.570121
              ],
              [
                -71.311593,
                10.569507000000101
              ],
              [
                -71.309678,
                10.568162
              ],
              [
                -71.308367,
                10.566479
              ],
              [
                -71.302281,
                10.564917
              ],
              [
                -71.30091999999985,
                10.564404000000138
              ],
              [
                -71.295712,
                10.56509
              ],
              [
                -71.29287,
                10.565083000000186
              ],
              [
                -71.29025899999988,
                10.564323000000172
              ],
              [
                -71.288272,
                10.561683
              ],
              [
                -71.28613,
                10.56067
              ],
              [
                -71.28396799999985,
                10.559564
              ],
              [
                -71.282458,
                10.557486
              ],
              [
                -71.27968,
                10.554828
              ],
              [
                -71.276126,
                10.552519000000132
              ],
              [
                -71.273744,
                10.547965
              ],
              [
                -71.273576,
                10.546216000000186
              ],
              [
                -71.27181699999988,
                10.545762
              ],
              [
                -71.270346,
                10.544994000000145
              ],
              [
                -71.268911,
                10.54362900000018
              ],
              [
                -71.267751,
                10.54247800000013
              ],
              [
                -71.267511,
                10.540796
              ],
              [
                -71.266002,
                10.539659000000142
              ],
              [
                -71.263343,
                10.53836200000012
              ],
              [
                -71.261656,
                10.538343000000168
              ],
              [
                -71.259468,
                10.538339000000178
              ],
              [
                -71.25872899999985,
                10.53908
              ],
              [
                -71.256861,
                10.537831
              ],
              [
                -71.25560899999988,
                10.537126000000171
              ],
              [
                -71.25391,
                10.536122
              ],
              [
                -71.25189399999988,
                10.53378
              ],
              [
                -71.248676,
                10.530101000000172
              ],
              [
                -71.24725,
                10.528414
              ],
              [
                -71.244698,
                10.527047
              ],
              [
                -71.242425,
                10.526673000000187
              ],
              [
                -71.23791199999988,
                10.525582000000156
              ],
              [
                -71.23542,
                10.523665
              ],
              [
                -71.232183,
                10.52107
              ],
              [
                -71.23052599999983,
                10.520661000000132
              ],
              [
                -71.230265,
                10.52059700000018
              ],
              [
                -71.2277509999999,
                10.522157000000107
              ],
              [
                -71.220316,
                10.523457
              ],
              [
                -71.217209,
                10.523891
              ],
              [
                -71.214698,
                10.524729
              ],
              [
                -71.212499,
                10.52520600000014
              ],
              [
                -71.207826,
                10.522986000000117
              ],
              [
                -71.206783,
                10.520872
              ],
              [
                -71.2064309999999,
                10.51905
              ],
              [
                -71.20587999999987,
                10.516786
              ],
              [
                -71.203606,
                10.515516
              ],
              [
                -71.200275,
                10.517507000000137
              ],
              [
                -71.19679899999988,
                10.51972300000017
              ],
              [
                -71.193451,
                10.520519
              ],
              [
                -71.19213699999989,
                10.519983
              ],
              [
                -71.191857,
                10.518071
              ],
              [
                -71.191687,
                10.51712700000013
              ],
              [
                -71.1901749999999,
                10.515414000000135
              ],
              [
                -71.189405,
                10.51450100000011
              ],
              [
                -71.18717599999985,
                10.515253000000143
              ],
              [
                -71.1862,
                10.515162
              ],
              [
                -71.183945,
                10.513588
              ],
              [
                -71.182011,
                10.513205
              ],
              [
                -71.179577,
                10.512758000000133
              ],
              [
                -71.177583,
                10.51243600000015
              ],
              [
                -71.175298,
                10.51160300000015
              ],
              [
                -71.171286,
                10.508983
              ],
              [
                -71.16955999999988,
                10.508162
              ],
              [
                -71.167506,
                10.508414
              ],
              [
                -71.165706,
                10.507728000000156
              ],
              [
                -71.1643959999999,
                10.50510300000019
              ],
              [
                -71.1627,
                10.502792000000113
              ],
              [
                -71.161289,
                10.499772000000178
              ],
              [
                -71.15982,
                10.497837000000118
              ],
              [
                -71.158157,
                10.49619500000017
              ],
              [
                -71.1466559999999,
                10.458359
              ],
              [
                -71.055559,
                10.449422
              ],
              [
                -70.95914531199998,
                10.449368936000155
              ],
              [
                -70.92766391299995,
                10.449351610000122
              ],
              [
                -70.89138206799993,
                10.449331641000185
              ],
              [
                -70.8795467349999,
                10.449325128000112
              ],
              [
                -70.87922600899992,
                10.449322270000039
              ],
              [
                -70.87938104999995,
                10.449350423000112
              ],
              [
                -70.88120613099989,
                10.450080434000029
              ],
              [
                -70.88241417599994,
                10.450085429000012
              ],
              [
                -70.88384124299995,
                10.450358430000165
              ],
              [
                -70.88484428599992,
                10.451151440000046
              ],
              [
                -70.88585333899994,
                10.452150458000062
              ],
              [
                -70.88644336599998,
                10.453116474000069
              ],
              [
                -70.88637738199992,
                10.455344536000041
              ],
              [
                -70.88664339199983,
                10.45634555700019
              ],
              [
                -70.88722643299991,
                10.457817590000047
              ],
              [
                -70.88813646999989,
                10.45861360300006
              ],
              [
                -70.88918552599995,
                10.459403609000049
              ],
              [
                -70.89084959299993,
                10.46054162900009
              ],
              [
                -70.89194465499997,
                10.46199566000007
              ],
              [
                -70.89351772099991,
                10.462470660000065
              ],
              [
                -70.89493678499997,
                10.463203665000094
              ],
              [
                -70.89621284699996,
                10.464537692000079
              ],
              [
                -70.89763590499996,
                10.464695691999964
              ],
              [
                -70.89953799199992,
                10.465297694000071
              ],
              [
                -70.9012390709999,
                10.466112694000174
              ],
              [
                -70.90222210199988,
                10.466331692000153
              ],
              [
                -70.90323415399996,
                10.4667106980001
              ],
              [
                -70.90485020699998,
                10.465669660000117
              ],
              [
                -70.90671928299992,
                10.46523964500011
              ],
              [
                -70.90899237799988,
                10.465116624000188
              ],
              [
                -70.91229952499998,
                10.46599262000018
              ],
              [
                -70.91397260099984,
                10.466693637
              ],
              [
                -70.91512464699997,
                10.467778647000046
              ],
              [
                -70.91653670499988,
                10.467593631000057
              ],
              [
                -70.91805576899998,
                10.467152621000139
              ],
              [
                -70.91902581299996,
                10.466981609000015
              ],
              [
                -70.92050786599992,
                10.46679459500018
              ],
              [
                -70.92205493899996,
                10.467201588000023
              ],
              [
                -70.92355999199998,
                10.467012575000126
              ],
              [
                -70.92531506999995,
                10.46667855800007
              ],
              [
                -70.92695912699992,
                10.465773523000053
              ],
              [
                -70.92949524399995,
                10.467248546000178
              ],
              [
                -70.93553449199999,
                10.467825523000045
              ],
              [
                -70.93740957599994,
                10.467601504000072
              ],
              [
                -70.93865962899991,
                10.468132511000022
              ],
              [
                -70.93992168199998,
                10.468365508000034
              ],
              [
                -70.94151974299996,
                10.468173491000073
              ],
              [
                -70.94296680199994,
                10.467666472000133
              ],
              [
                -70.94369183099997,
                10.467113445999985
              ],
              [
                -70.9440278379999,
                10.466712437000126
              ],
              [
                -70.94432885999993,
                10.467390450000039
              ],
              [
                -70.9445508739999,
                10.467773457000021
              ],
              [
                -70.94525089699994,
                10.467841460000045
              ],
              [
                -70.94553990899993,
                10.467464444000086
              ],
              [
                -70.94559490699999,
                10.467003435000038
              ],
              [
                -70.9453248929999,
                10.466576426000188
              ],
              [
                -70.94546989299994,
                10.466067417000033
              ],
              [
                -70.94597592099996,
                10.466577427000175
              ],
              [
                -70.9467899529999,
                10.46661942500009
              ],
              [
                -70.94733097799991,
                10.46609640100013
              ],
              [
                -70.94773399199994,
                10.466334406000044
              ],
              [
                -70.94809400999998,
                10.466689410000072
              ],
              [
                -70.94871403099995,
                10.466462408000154
              ],
              [
                -70.94901504899997,
                10.466429402000074
              ],
              [
                -70.94897503999994,
                10.465902384000174
              ],
              [
                -70.94979007699999,
                10.465944383000021
              ],
              [
                -70.95046910499997,
                10.465416366999989
              ],
              [
                -70.95105313099987,
                10.465488368000024
              ],
              [
                -70.95139214699992,
                10.465913378000039
              ],
              [
                -70.95182415399995,
                10.465623360000166
              ],
              [
                -70.95206316699995,
                10.46511035399999
              ],
              [
                -70.95259118599995,
                10.46490833900009
              ],
              [
                -70.95280619899995,
                10.465108339000096
              ],
              [
                -70.95277719399996,
                10.465613362000056
              ],
              [
                -70.95309421499996,
                10.466062366000074
              ],
              [
                -70.95377524599985,
                10.46626837000008
              ],
              [
                -70.95475829399999,
                10.467176381000172
              ],
              [
                -70.95540531699999,
                10.467750388000127
              ],
              [
                -70.9565723639999,
                10.467894389000037
              ],
              [
                -70.95765142399995,
                10.468890403000046
              ],
              [
                -70.95788343199996,
                10.469571419999966
              ],
              [
                -70.95754243099998,
                10.471189465
              ],
              [
                -70.95723842599995,
                10.471841478000044
              ],
              [
                -70.95822546599999,
                10.472152477000122
              ],
              [
                -70.95770245499989,
                10.47320250700011
              ],
              [
                -70.95685542099989,
                10.473598529000014
              ],
              [
                -70.95675342199996,
                10.474726556
              ],
              [
                -70.95673942699995,
                10.475690578000012
              ],
              [
                -70.95626441099984,
                10.476096590000054
              ],
              [
                -70.95636742199991,
                10.477768627000103
              ],
              [
                -70.95666243699998,
                10.478423639000141
              ],
              [
                -70.95662245199998,
                10.47984767700018
              ],
              [
                -70.95762249199993,
                10.480548685000088
              ],
              [
                -70.95830952699993,
                10.480249679000053
              ],
              [
                -70.95850053799995,
                10.481092702000069
              ],
              [
                -70.95766850199993,
                10.481946718000017
              ],
              [
                -70.95697248199997,
                10.482658747000073
              ],
              [
                -70.95730050199995,
                10.483427756000026
              ],
              [
                -70.95857655499992,
                10.483361751000132
              ],
              [
                -70.95979160199983,
                10.483572753000033
              ],
              [
                -70.96151067399995,
                10.483537739000155
              ],
              [
                -70.96300373799994,
                10.483693729000095
              ],
              [
                -70.96383978599994,
                10.485064760000114
              ],
              [
                -70.96445681199998,
                10.486145777000104
              ],
              [
                -70.96473983699997,
                10.4869618030001
              ],
              [
                -70.96542886399993,
                10.487397809000129
              ],
              [
                -70.96638989899998,
                10.487639807000107
              ],
              [
                -70.9674099419999,
                10.48755980300001
              ],
              [
                -70.96899500399996,
                10.486978769000075
              ],
              [
                -70.97014106099994,
                10.48721476999998
              ],
              [
                -70.97069408399994,
                10.487746787000049
              ],
              [
                -70.97115310599992,
                10.48825879500015
              ],
              [
                -70.97107410199993,
                10.488674798000034
              ],
              [
                -70.97041708099994,
                10.489201820000119
              ],
              [
                -70.96922203499992,
                10.48960983500018
              ],
              [
                -70.96854001499997,
                10.490068850000057
              ],
              [
                -70.96861501699988,
                10.490914866000082
              ],
              [
                -70.96915605099997,
                10.491791886000158
              ],
              [
                -70.97007809299998,
                10.492976915999975
              ],
              [
                -70.97105513099996,
                10.493677925000156
              ],
              [
                -70.9715231699999,
                10.495152960999974
              ],
              [
                -70.97118214799991,
                10.495393963000026
              ],
              [
                -70.97068212899995,
                10.49502096100008
              ],
              [
                -70.97028511099995,
                10.494988964000186
              ],
              [
                -70.97014811799988,
                10.495750975000078
              ],
              [
                -70.97028612599996,
                10.496410991000175
              ],
              [
                -70.97075014999996,
                10.497061012000017
              ],
              [
                -70.97065815299999,
                10.497798024000076
              ],
              [
                -70.97057215199999,
                10.498696049000046
              ],
              [
                -70.97088716699994,
                10.499787072000174
              ],
              [
                -70.97132019499998,
                10.50020808500011
              ],
              [
                -70.97203921999994,
                10.500161075000108
              ],
              [
                -70.97260024599984,
                10.5002570690001
              ],
              [
                -70.97305726899998,
                10.500723078000021
              ],
              [
                -70.97336027799992,
                10.501424091
              ],
              [
                -70.97401431099996,
                10.501517092000142
              ],
              [
                -70.97473634099993,
                10.501561090000052
              ],
              [
                -70.97559338099995,
                10.501486088000092
              ],
              [
                -70.97689443399997,
                10.50146507800008
              ],
              [
                -70.97811347799984,
                10.50176807000014
              ],
              [
                -70.97899652299998,
                10.501761064000107
              ],
              [
                -70.97993655299996,
                10.501362049000022
              ],
              [
                -70.98160262199997,
                10.501145032000068
              ],
              [
                -70.98248365599994,
                10.501069025000106
              ],
              [
                -70.98324169599994,
                10.501479039000117
              ],
              [
                -70.98398472699995,
                10.501477035000107
              ],
              [
                -70.98472374399984,
                10.500626000000125
              ],
              [
                -70.98496175299988,
                10.50011299400012
              ],
              [
                -70.98607880099996,
                10.500143981000122
              ],
              [
                -70.98701484199995,
                10.50102999600017
              ],
              [
                -70.98765387399999,
                10.502041019000046
              ],
              [
                -70.98914893699987,
                10.502265016000024
              ],
              [
                -70.99071301799995,
                10.50315302600012
              ],
              [
                -70.99109303699998,
                10.504104049000034
              ],
              [
                -70.99063002599985,
                10.504854071000125
              ],
              [
                -70.9908540319999,
                10.505994099000134
              ],
              [
                -70.99056303299989,
                10.506325103000165
              ],
              [
                -70.99127405899992,
                10.507402121999974
              ],
              [
                -70.9923171069999,
                10.508009131000051
              ],
              [
                -70.99375517399994,
                10.508626142000026
              ],
              [
                -70.99441620899995,
                10.508924147000073
              ],
              [
                -70.99477623099989,
                10.5099451640001
              ],
              [
                -70.99526025199998,
                10.510525180000116
              ],
              [
                -70.99623928599988,
                10.510606176000067
              ],
              [
                -70.99683432299992,
                10.511022175000107
              ],
              [
                -70.99721933999996,
                10.51139918600012
              ],
              [
                -70.99829938799996,
                10.51172918800006
              ],
              [
                -70.99890240099995,
                10.510998168000185
              ],
              [
                -70.99959143099994,
                10.510034142000166
              ],
              [
                -71.00025944699996,
                10.509162117000074
              ],
              [
                -70.99973840299992,
                10.505441021000024
              ],
              [
                -71.00114945099989,
                10.504543992000151
              ],
              [
                -71.00295053499997,
                10.504872996000188
              ],
              [
                -71.00408457999993,
                10.505498002000024
              ],
              [
                -71.00524163799992,
                10.506146009000076
              ],
              [
                -71.00609767699996,
                10.50665501200018
              ],
              [
                -71.00690771399991,
                10.507163021
              ],
              [
                -71.00784174999995,
                10.507080013000063
              ],
              [
                -71.00868578099994,
                10.50676700400004
              ],
              [
                -71.00906679499997,
                10.506153979000032
              ],
              [
                -71.00991382699993,
                10.505567959000018
              ],
              [
                -71.0112228719999,
                10.505326950999972
              ],
              [
                -71.01239092299994,
                10.505244935000121
              ],
              [
                -71.01385398799994,
                10.505690939999965
              ],
              [
                -71.01534005299993,
                10.506158939999978
              ],
              [
                -71.01698712399997,
                10.506810953000013
              ],
              [
                -71.01772015699999,
                10.507842965000123
              ],
              [
                -71.01805217899982,
                10.509192004000113
              ],
              [
                -71.01726415999997,
                10.510509039000112
              ],
              [
                -71.01872422299994,
                10.511250050000058
              ],
              [
                -71.01955425899996,
                10.51198705500019
              ],
              [
                -71.01939626799992,
                10.513286088000143
              ],
              [
                -71.01957728399998,
                10.513539754000135
              ],
              [
                -71.01996930099989,
                10.51408910500004
              ],
              [
                -71.02051032599991,
                10.515439136000111
              ],
              [
                -71.02051433199995,
                10.516900174
              ],
              [
                -71.01984331599988,
                10.518286209000053
              ],
              [
                -71.01966432099988,
                10.519493241000077
              ],
              [
                -71.01880428699997,
                10.52099228000003
              ],
              [
                -71.01780625899988,
                10.522353318
              ],
              [
                -71.01750726099993,
                10.523811355000134
              ],
              [
                -71.0178942789999,
                10.524544378000087
              ],
              [
                -71.01846130699994,
                10.525757401000021
              ],
              [
                -71.01900633999998,
                10.526834422000036
              ],
              [
                -71.01927335399995,
                10.527840445000095
              ],
              [
                -71.01900235599993,
                10.528864470000144
              ],
              [
                -71.01972338099989,
                10.529007468000088
              ],
              [
                -71.02036441199994,
                10.529947492000076
              ],
              [
                -71.02064744099988,
                10.531455522000158
              ],
              [
                -71.02079644899993,
                10.532529553000074
              ],
              [
                -71.02096646099989,
                10.53376257500014
              ],
              [
                -71.02078746599994,
                10.534947613000156
              ],
              [
                -71.02069446999997,
                10.536703657000146
              ],
              [
                -71.02134249699992,
                10.537050654000154
              ],
              [
                -71.02233454399993,
                10.537925672000085
              ],
              [
                -71.02202955299992,
                10.539770715000088
              ],
              [
                -71.02171054399992,
                10.540954748000047
              ],
              [
                -71.02065750899999,
                10.542999809000094
              ],
              [
                -71.02026750099998,
                10.544250833000035
              ],
              [
                -71.02002150199996,
                10.545229862000099
              ],
              [
                -71.02037252899999,
                10.546920900000032
              ],
              [
                -71.02086954999999,
                10.548065928000142
              ],
              [
                -71.02177160299982,
                10.548688938000168
              ],
              [
                -71.02287564999995,
                10.549838952000073
              ],
              [
                -71.0234226799999,
                10.550800972000104
              ],
              [
                -71.0236866919999,
                10.551990003000185
              ],
              [
                -71.02346069099997,
                10.553197036000142
              ],
              [
                -71.02320969199997,
                10.554541065000024
              ],
              [
                -71.02304869799997,
                10.556114113000149
              ],
              [
                -71.02341071799998,
                10.556983128000013
              ],
              [
                -71.02473378099995,
                10.557496136
              ],
              [
                -71.02572782499993,
                10.558165146000135
              ],
              [
                -71.0264188509999,
                10.558787152000093
              ],
              [
                -71.02760490299994,
                10.559070147000114
              ],
              [
                -71.02780291499994,
                10.559961169000132
              ],
              [
                -71.02779192299994,
                10.560805188000074
              ],
              [
                -71.02789494099994,
                10.561833219000164
              ],
              [
                -71.02813994799993,
                10.562724241000126
              ],
              [
                -71.02793595499998,
                10.564046275000123
              ],
              [
                -71.02733493299996,
                10.565387302000147
              ],
              [
                -71.02571387599994,
                10.566195335000089
              ],
              [
                -71.02506885099996,
                10.567399367000064
              ],
              [
                -71.02486785999992,
                10.568493397000168
              ],
              [
                -71.02503087399992,
                10.57025143800007
              ],
              [
                -71.02486687799995,
                10.57207448500003
              ],
              [
                -71.02477089199982,
                10.574013538000145
              ],
              [
                -71.02499890199994,
                10.574402541000097
              ],
              [
                -71.02560092799985,
                10.574749551000025
              ],
              [
                -71.02645696699989,
                10.575281553000139
              ],
              [
                -71.02783702399995,
                10.575018538000165
              ],
              [
                -71.02840303599999,
                10.574498517
              ],
              [
                -71.02970809799996,
                10.574645521000093
              ],
              [
                -71.0303271329999,
                10.575448537000113
              ],
              [
                -71.03147017299989,
                10.575457529000118
              ],
              [
                -71.03245421799994,
                10.575146517000178
              ],
              [
                -71.03353425999995,
                10.574561489000075
              ],
              [
                -71.03440528599992,
                10.573998470000106
              ],
              [
                -71.03543132599998,
                10.574029469000095
              ],
              [
                -71.03678338199995,
                10.574108453000065
              ],
              [
                -71.03727140899991,
                10.574226455000087
              ],
              [
                -71.03729340499996,
                10.574317462000067
              ],
              [
                -71.03828845299995,
                10.574918464000064
              ],
              [
                -71.03916349799988,
                10.575746489000096
              ],
              [
                -71.0396155229999,
                10.576845505000051
              ],
              [
                -71.04004154499995,
                10.578171532000056
              ],
              [
                -71.0414276059999,
                10.579209559000105
              ],
              [
                -71.04270166499998,
                10.579881558000181
              ],
              [
                -71.04348970699982,
                10.58029756700006
              ],
              [
                -71.0446427579999,
                10.58131058500004
              ],
              [
                -71.04663684999997,
                10.582193590000145
              ],
              [
                -71.04767789899995,
                10.58281760400007
              ],
              [
                -71.04794491399991,
                10.583823627000129
              ],
              [
                -71.04832493399994,
                10.58505864600005
              ],
              [
                -71.04849395299988,
                10.586428688000069
              ],
              [
                -71.04765892899997,
                10.587813719000053
              ],
              [
                -71.04722391199988,
                10.588973759000112
              ],
              [
                -71.04750893899984,
                10.590344782000102
              ],
              [
                -71.04797996999997,
                10.59178582100003
              ],
              [
                -71.04827698199995,
                10.592266824000149
              ],
              [
                -71.04849399999989,
                10.593500851000044
              ],
              [
                -71.04976005799995,
                10.594810885000072
              ],
              [
                -71.05113912099989,
                10.596326913999974
              ],
              [
                -71.05245018799985,
                10.597797936
              ],
              [
                -71.05334224099994,
                10.59915096800006
              ],
              [
                -71.05334124799992,
                10.600976012999979
              ],
              [
                -71.05330425299991,
                10.602002035000169
              ],
              [
                -71.0537582749999,
                10.602964054999973
              ],
              [
                -71.05437630499995,
                10.60385806700009
              ],
              [
                -71.05534835299994,
                10.604459081000073
              ],
              [
                -71.05707242799991,
                10.604586073000064
              ],
              [
                -71.05858748699995,
                10.604712062000146
              ],
              [
                -71.06076057299998,
                10.604478049000022
              ],
              [
                -71.06333468399998,
                10.603882014000021
              ],
              [
                -71.06482074899992,
                10.604350014000033
              ],
              [
                -71.06581878799994,
                10.60476902500011
              ],
              [
                -71.06657282499998,
                10.605984045000127
              ],
              [
                -71.0669788489999,
                10.607059068000183
              ],
              [
                -71.06724287299988,
                10.608270093999977
              ],
              [
                -71.06744188899984,
                10.60909311000006
              ],
              [
                -71.06766090399992,
                10.610167140000101
              ],
              [
                -71.06757990599988,
                10.61103316599997
              ],
              [
                -71.06801193199993,
                10.61190317400002
              ],
              [
                -71.06882495999997,
                10.612115184000174
              ],
              [
                -71.06971299499997,
                10.612031172000172
              ],
              [
                -71.07079204399992,
                10.61153715100005
              ],
              [
                -71.0718750769999,
                10.610815126999967
              ],
              [
                -71.07274311299994,
                10.610412116000134
              ],
              [
                -71.07400516399986,
                10.610262104000128
              ],
              [
                -71.07512521499996,
                10.610270090000085
              ],
              [
                -71.07581624199997,
                10.610915107999972
              ],
              [
                -71.07621025699996,
                10.611123113000076
              ],
              [
                -71.07629126799998,
                10.61205913100008
              ],
              [
                -71.07629928199987,
                10.613245161000123
              ],
              [
                -71.07653529399994,
                10.614821199000176
              ],
              [
                -71.07700732899991,
                10.61617123000002
              ],
              [
                -71.07746635099988,
                10.616767234000122
              ],
              [
                -71.07842538499983,
                10.616569225000035
              ],
              [
                -71.07936742299995,
                10.615847202000054
              ],
              [
                -71.08032945999997,
                10.615443185000117
              ],
              [
                -71.08131149499997,
                10.615269181000087
              ],
              [
                -71.08167951899998,
                10.615659177000055
              ],
              [
                -71.08225454899991,
                10.616325197000094
              ],
              [
                -71.08280857699992,
                10.616763202000186
              ],
              [
                -71.08271157399992,
                10.617013213000178
              ],
              [
                -71.08293857899997,
                10.617517217000113
              ],
              [
                -71.08358561399984,
                10.618024223000134
              ],
              [
                -71.08359962099985,
                10.618754245000162
              ],
              [
                -71.08400863399993,
                10.619532264000156
              ],
              [
                -71.08458566299998,
                10.620062270000119
              ],
              [
                -71.08368963799984,
                10.620762297000056
              ],
              [
                -71.08321261399988,
                10.621557315000075
              ],
              [
                -71.08367364599991,
                10.621994326999982
              ],
              [
                -71.08373264899984,
                10.622815345000106
              ],
              [
                -71.08374565099996,
                10.62363736900005
              ],
              [
                -71.08418368099996,
                10.624028369000087
              ],
              [
                -71.08467169599999,
                10.624146370000176
              ],
              [
                -71.08571174199989,
                10.624906387000067
              ],
              [
                -71.0867757929999,
                10.625645390000045
              ],
              [
                -71.08681080199989,
                10.626512408000167
              ],
              [
                -71.08651679199988,
                10.627559445000031
              ],
              [
                -71.0860337879999,
                10.628855477000172
              ],
              [
                -71.08613279999992,
                10.630202507000035
              ],
              [
                -71.08620681299993,
                10.631663545000151
              ],
              [
                -71.08586379999997,
                10.632915574000094
              ],
              [
                -71.08582081199995,
                10.634420615000181
              ],
              [
                -71.08573281599996,
                10.635811648000072
              ],
              [
                -71.08548081299989,
                10.637269685000035
              ],
              [
                -71.08428477399997,
                10.63771670000017
              ],
              [
                -71.08320073599998,
                10.638597727000104
              ],
              [
                -71.08192469099998,
                10.639796773000057
              ],
              [
                -71.0815566789999,
                10.641231810000022
              ],
              [
                -71.0811206699999,
                10.642436845000134
              ],
              [
                -71.08054665599991,
                10.64355087500013
              ],
              [
                -71.08059966599996,
                10.644828904000121
              ],
              [
                -71.08086867799994,
                10.64567492000009
              ],
              [
                -71.08146771399993,
                10.646226932000161
              ],
              [
                -71.08220474199999,
                10.646939945000042
              ],
              [
                -71.08308278999988,
                10.647607950000179
              ],
              [
                -71.08272477699995,
                10.648266976000173
              ],
              [
                -71.08159373299998,
                10.64907900300011
              ],
              [
                -71.08110972499998,
                10.65046703500002
              ],
              [
                -71.08163675699996,
                10.651178051000102
              ],
              [
                -71.08253779299991,
                10.651870061000125
              ],
              [
                -71.08329682999994,
                10.652719077000029
              ],
              [
                -71.08321083099992,
                10.653905107000128
              ],
              [
                -71.08293183099994,
                10.65561414800004
              ],
              [
                -71.08282183899996,
                10.656936181000106
              ],
              [
                -71.08322885599989,
                10.657897208000122
              ],
              [
                -71.08346687699998,
                10.659313238000038
              ],
              [
                -71.08332988899991,
                10.660886274000177
              ],
              [
                -71.08349590599988,
                10.662485313000047
              ],
              [
                -71.08542598399998,
                10.663024309000036
              ],
              [
                -71.08630404399997,
                10.665744381000025
              ],
              [
                -71.0871020809999,
                10.666533395000158
              ],
              [
                -71.08797612699993,
                10.66833142500002
              ],
              [
                -71.08820814099994,
                10.669685454999978
              ],
              [
                -71.08790514499992,
                10.671099502
              ],
              [
                -71.08731112099997,
                10.671914517000062
              ],
              [
                -71.08730113199994,
                10.672509530000127
              ],
              [
                -71.08763914399992,
                10.673063543000069
              ],
              [
                -71.08824217299991,
                10.673095538000155
              ],
              [
                -71.08884219999999,
                10.673241541000039
              ],
              [
                -71.08938521999983,
                10.674072560000184
              ],
              [
                -71.08995125299992,
                10.674836577000065
              ],
              [
                -71.09123731499994,
                10.675587581
              ],
              [
                -71.09243636399992,
                10.676016583000148
              ],
              [
                -71.09363541199986,
                10.676400590000071
              ],
              [
                -71.09478946499996,
                10.676760591000061
              ],
              [
                -71.09535349999999,
                10.677684604000035
              ],
              [
                -71.0959395299999,
                10.678676624000047
              ],
              [
                -71.09645954999985,
                10.679439648000141
              ],
              [
                -71.09669456499995,
                10.680610670000021
              ],
              [
                -71.09654256599998,
                10.681385689000138
              ],
              [
                -71.09628956799997,
                10.68261772
              ],
              [
                -71.09598456299989,
                10.684192768000116
              ],
              [
                -71.09519753799998,
                10.68546279800006
              ],
              [
                -71.09521045199995,
                10.685628920000113
              ],
              [
                -71.09531155699989,
                10.686928838000028
              ],
              [
                -71.09555157299997,
                10.687778851000132
              ],
              [
                -71.09588458499996,
                10.688675880000176
              ],
              [
                -71.09637316999988,
                10.689314363000165
              ],
              [
                -71.0964516219999,
                10.689416884000025
              ],
              [
                -71.09650062299994,
                10.690584915000102
              ],
              [
                -71.09591161099996,
                10.691147932999968
              ],
              [
                -71.09508157499994,
                10.692188967000163
              ],
              [
                -71.09410554699986,
                10.692334980000055
              ],
              [
                -71.09338751399997,
                10.692277975000025
              ],
              [
                -71.09178244199984,
                10.692506994000098
              ],
              [
                -71.09020138699992,
                10.692781008
              ],
              [
                -71.08884033799995,
                10.69369903800009
              ],
              [
                -71.08849931999998,
                10.694610073000092
              ],
              [
                -71.08878333999985,
                10.695644087
              ],
              [
                -71.08897235499995,
                10.696813122000037
              ],
              [
                -71.08940838299998,
                10.698399151000046
              ],
              [
                -71.09011441799993,
                10.699187172000165
              ],
              [
                -71.09102746999997,
                10.70007018500013
              ],
              [
                -71.09080746099988,
                10.700708208000094
              ],
              [
                -71.0904434549999,
                10.70161822600005
              ],
              [
                -71.09010344199999,
                10.702505255000176
              ],
              [
                -71.08971543099995,
                10.703529281000158
              ],
              [
                -71.09054846699996,
                10.703656279000029
              ],
              [
                -71.09145050399991,
                10.703760276000025
              ],
              [
                -71.09268355899997,
                10.703573263000067
              ],
              [
                -71.09363460099996,
                10.703586253000083
              ],
              [
                -71.09406761799983,
                10.704027263000171
              ],
              [
                -71.09460464399996,
                10.705157284000109
              ],
              [
                -71.09507266999992,
                10.706308308000132
              ],
              [
                -71.09545070099995,
                10.707228337000174
              ],
              [
                -71.09601772699995,
                10.707969342000126
              ],
              [
                -71.09614072999995,
                10.708932369000138
              ],
              [
                -71.09584073799988,
                10.710209407999969
              ],
              [
                -71.09597574799994,
                10.711790437000161
              ],
              [
                -71.09530672899996,
                10.712924475000023
              ],
              [
                -71.09426569099998,
                10.71412251400011
              ],
              [
                -71.09390868299988,
                10.714689528000122
              ],
              [
                -71.09325566599995,
                10.716235571000084
              ],
              [
                -71.0927356439999,
                10.716823587000022
              ],
              [
                -71.09268865899986,
                10.718172617000107
              ],
              [
                -71.09304267299984,
                10.71918464700019
              ],
              [
                -71.09314168299994,
                10.720170663000033
              ],
              [
                -71.09249967099993,
                10.721076686000117
              ],
              [
                -71.09278668199988,
                10.721949710000104
              ],
              [
                -71.09333070699995,
                10.722689721000108
              ],
              [
                -71.09356872499995,
                10.723677747000124
              ],
              [
                -71.09317171799995,
                10.725181785000075
              ],
              [
                -71.0927117139999,
                10.726342819000024
              ],
              [
                -71.0927097249999,
                10.727806849000046
              ],
              [
                -71.09293024299996,
                10.728048164000029
              ],
              [
                -71.0929897549999,
                10.728113288000088
              ],
              [
                -71.09332474999991,
                10.72847987
              ],
              [
                -71.09494682699983,
                10.729944895000187
              ],
              [
                -71.09486082699982,
                10.73085892000006
              ],
              [
                -71.0953278589999,
                10.73207894400008
              ],
              [
                -71.09563587199989,
                10.733021962000123
              ],
              [
                -71.09564088099995,
                10.73409698800009
              ],
              [
                -71.09550788699988,
                10.735125020000055
              ],
              [
                -71.09527988499985,
                10.735910032000163
              ],
              [
                -71.09710795299992,
                10.736040027000172
              ],
              [
                -71.0970358589999,
                10.736071069000104
              ],
              [
                -71.09589791299999,
                10.73656104600002
              ],
              [
                -71.09479487299996,
                10.737427079000042
              ],
              [
                -71.09480763299996,
                10.73748510500019
              ],
              [
                -71.09494587699993,
                10.738114092000103
              ],
              [
                -71.09462887699988,
                10.739048115
              ],
              [
                -71.0948148889999,
                10.740332151000018
              ],
              [
                -71.09512791499998,
                10.741069161000098
              ],
              [
                -71.09555693599992,
                10.741762179000034
              ],
              [
                -71.09596495499994,
                10.74231718500016
              ],
              [
                -71.09660898499993,
                10.74262418900014
              ],
              [
                -71.09724900799995,
                10.743182197000124
              ],
              [
                -71.09800505099992,
                10.743742214
              ],
              [
                -71.09894409499998,
                10.74444322300019
              ],
              [
                -71.09976912799993,
                10.74502723300003
              ],
              [
                -71.10032015099995,
                10.745401240000149
              ],
              [
                -71.1007981759999,
                10.745911250000063
              ],
              [
                -71.10076617999994,
                10.74641426300002
              ],
              [
                -71.10084718899998,
                10.74712526999997
              ],
              [
                -71.10082418899992,
                10.747102270000028
              ],
              [
                -71.10018516699989,
                10.747824303000186
              ],
              [
                -71.09957614499996,
                10.748182306000047
              ],
              [
                -71.09866210899992,
                10.748718329000098
              ],
              [
                -71.09760607399994,
                10.749412350000057
              ],
              [
                -71.09666403699998,
                10.750245378000045
              ],
              [
                -71.09553799499997,
                10.751006402000144
              ],
              [
                -71.09505398499988,
                10.752166443000078
              ],
              [
                -71.09554700799993,
                10.75315745800009
              ],
              [
                -71.09631804899993,
                10.754198481000174
              ],
              [
                -71.09723708299998,
                10.754761489000032
              ],
              [
                -71.0978321209999,
                10.755227497000078
              ],
              [
                -71.09853715099996,
                10.756038506000095
              ],
              [
                -71.09811313899996,
                10.756444518000137
              ],
              [
                -71.0975241139999,
                10.756939541000122
              ],
              [
                -71.0975831159999,
                10.757603555000173
              ],
              [
                -71.09803214799985,
                10.758457574000033
              ],
              [
                -71.09869718099998,
                10.758924574000162
              ],
              [
                -71.09935921199997,
                10.759551595000062
              ],
              [
                -71.09931321899995,
                10.760855617000118
              ],
              [
                -71.09908221699993,
                10.76215666100012
              ],
              [
                -71.09844319599995,
                10.762925676000066
              ],
              [
                -71.09773717099995,
                10.763487702000077
              ],
              [
                -71.09760716699992,
                10.764309714000035
              ],
              [
                -71.09770617699996,
                10.765340749000188
              ],
              [
                -71.09822919899989,
                10.765919759000099
              ],
              [
                -71.09830820999997,
                10.766744774000074
              ],
              [
                -71.0977611919999,
                10.767514794000022
              ],
              [
                -71.09714716999997,
                10.768192813000041
              ],
              [
                -71.0969701709999,
                10.769036844000027
              ],
              [
                -71.09702317999995,
                10.769975866999971
              ],
              [
                -71.09745220199989,
                10.770714874000134
              ],
              [
                -71.09852825599995,
                10.771553895000181
              ],
              [
                -71.09951830099999,
                10.772002895000185
              ],
              [
                -71.10034933899988,
                10.772243901000081
              ],
              [
                -71.10126538199995,
                10.772920905000092
              ],
              [
                -71.10143738899995,
                10.773701929000083
              ],
              [
                -71.10166039799992,
                10.774253932000022
              ],
              [
                -71.10178740899994,
                10.774964951000129
              ],
              [
                -71.10157241199994,
                10.775304965000032
              ],
              [
                -71.10199242599998,
                10.776546997000139
              ],
              [
                -71.10258046599995,
                10.777425009000126
              ],
              [
                -71.10331849699998,
                10.777688011
              ],
              [
                -71.10436253399996,
                10.777702998000109
              ],
              [
                -71.10524157199995,
                10.777852996000092
              ],
              [
                -71.10630061899991,
                10.778349000999981
              ],
              [
                -71.10684665299988,
                10.778997024000034
              ],
              [
                -71.10771768799998,
                10.779605027000173
              ],
              [
                -71.10857172699997,
                10.77984603300007
              ],
              [
                -71.10926875599989,
                10.779811026000061
              ],
              [
                -71.10936776599993,
                10.780773048000128
              ],
              [
                -71.10989379099993,
                10.781261051000058
              ],
              [
                -71.1109658289999,
                10.780979046000084
              ],
              [
                -71.11127684699989,
                10.780389021000019
              ],
              [
                -71.11218487799994,
                10.78021901500017
              ],
              [
                -71.11312791699999,
                10.7807130220001
              ],
              [
                -71.11360194699995,
                10.781475041000022
              ],
              [
                -71.11393995999998,
                10.782075054000188
              ],
              [
                -71.11442999199983,
                10.783249078000154
              ],
              [
                -71.11493101899998,
                10.78382808800012
              ],
              [
                -71.11580105999985,
                10.784505092000188
              ],
              [
                -71.11695210999994,
                10.785048102000133
              ],
              [
                -71.11762213099996,
                10.78517209800009
              ],
              [
                -71.1183811649999,
                10.785595107
              ],
              [
                -71.11844318099998,
                10.786030112000049
              ],
              [
                -71.11840717699994,
                10.786762134000014
              ],
              [
                -71.11872119599997,
                10.787430154000049
              ],
              [
                -71.1189342159999,
                10.788531171000102
              ],
              [
                -71.11992325699993,
                10.789072183000144
              ],
              [
                -71.12103430999997,
                10.789225182999985
              ],
              [
                -71.12190634899997,
                10.78976418600007
              ],
              [
                -71.12231735899996,
                10.790136196000162
              ],
              [
                -71.12244337599992,
                10.790916215000095
              ],
              [
                -71.12297139899982,
                10.791290210000057
              ],
              [
                -71.12365543699991,
                10.792009231000122
              ],
              [
                -71.12424246099994,
                10.792956244000038
              ],
              [
                -71.12452948299995,
                10.793784261000098
              ],
              [
                -71.12540951399995,
                10.79391125900014
              ],
              [
                -71.12644656499992,
                10.7943382630001
              ],
              [
                -71.12709259299993,
                10.794530266000095
              ],
              [
                -71.12778962299996,
                10.794472258999974
              ],
              [
                -71.12825863199993,
                10.794204247000039
              ],
              [
                -71.12870565599997,
                10.793798234000121
              ],
              [
                -71.12908465999982,
                10.793369222000138
              ],
              [
                -71.12947768099991,
                10.793443222
              ],
              [
                -71.12946168799994,
                10.794381252
              ],
              [
                -71.12935268699988,
                10.79536427700009
              ],
              [
                -71.12961770099997,
                10.796145289000037
              ],
              [
                -71.12992772399986,
                10.797019306000152
              ],
              [
                -71.1307207609999,
                10.798129330000165
              ],
              [
                -71.13108378399994,
                10.798638347000065
              ],
              [
                -71.13104878499996,
                10.799324356000113
              ],
              [
                -71.13105778999983,
                10.800148378000074
              ],
              [
                -71.13129881099997,
                10.800998403000165
              ],
              [
                -71.13135482199988,
                10.801777417000096
              ],
              [
                -71.13150582599997,
                10.802465435000045
              ],
              [
                -71.13170183799991,
                10.803200447000108
              ],
              [
                -71.13234086899996,
                10.803873468000063
              ],
              [
                -71.13334991899995,
                10.804551476000029
              ],
              [
                -71.13466098099997,
                10.805257485000084
              ],
              [
                -71.13567501999995,
                10.805660484000157
              ],
              [
                -71.13675506899995,
                10.806248490000144
              ],
              [
                -71.13774410999997,
                10.806766502000187
              ],
              [
                -71.13900517499997,
                10.807676509000089
              ],
              [
                -71.13959919699982,
                10.80823451800012
              ],
              [
                -71.14025422899994,
                10.809250543000076
              ],
              [
                -71.14105127299996,
                10.810131557000147
              ],
              [
                -71.14162230699998,
                10.810711572000116
              ],
              [
                -71.14263534099996,
                10.81116157700012
              ],
              [
                -71.14362738299997,
                10.811472576000028
              ],
              [
                -71.14398640099989,
                10.81086055500009
              ],
              [
                -71.14413339999999,
                10.810358547000135
              ],
              [
                -71.14416440399998,
                10.809947535000049
              ],
              [
                -71.1446334129999,
                10.809656523000115
              ],
              [
                -71.14528144999997,
                10.809734519000187
              ],
              [
                -71.14567146899998,
                10.809969520000152
              ],
              [
                -71.14652849799984,
                10.810072525000066
              ],
              [
                -71.14708752399997,
                10.809943519000058
              ],
              [
                -71.14730452999999,
                10.809466497000187
              ],
              [
                -71.1477745439999,
                10.809106484000154
              ],
              [
                -71.14805955899993,
                10.80874447500014
              ],
              [
                -71.14850157199993,
                10.8086824720001
              ],
              [
                -71.14882559099993,
                10.808732479000014
              ],
              [
                -71.14921660199985,
                10.808921480000151
              ],
              [
                -71.14952961599988,
                10.809612489000187
              ],
              [
                -71.14972663299994,
                10.810324512000022
              ],
              [
                -71.15004264999999,
                10.810832513000094
              ],
              [
                -71.15021465699994,
                10.811613537000028
              ],
              [
                -71.15062367999991,
                10.812122542000111
              ],
              [
                -71.15112371399982,
                10.812747553000065
              ],
              [
                -71.15204074999991,
                10.813447569000061
              ],
              [
                -71.15275178399997,
                10.813892574000022
              ],
              [
                -71.15374481999999,
                10.814180572000055
              ],
              [
                -71.15494787599994,
                10.814426578000166
              ],
              [
                -71.15621793599996,
                10.81476557700006
              ],
              [
                -71.15628152599999,
                10.81477951800008
              ],
              [
                -71.15755898499998,
                10.815059569000027
              ],
              [
                -71.15871103899991,
                10.8155335780001
              ],
              [
                -71.15952407699996,
                10.815499575000047
              ],
              [
                -71.16057210999998,
                10.815262554000071
              ],
              [
                -71.1612701439999,
                10.815135545000146
              ],
              [
                -71.16151915599994,
                10.815504552
              ],
              [
                -71.16183216999997,
                10.816195573000073
              ],
              [
                -71.16219918799987,
                10.816475582000066
              ],
              [
                -71.16281021699996,
                10.817376594
              ],
              [
                -71.16349825099996,
                10.817844599000068
              ],
              [
                -71.16439429599995,
                10.81840661400014
              ],
              [
                -71.1657743589999,
                10.819089621999979
              ],
              [
                -71.16688340299993,
                10.81940261800014
              ],
              [
                -71.16761844299998,
                10.81982562800016
              ],
              [
                -71.16752043599996,
                10.820144628000037
              ],
              [
                -71.16789746299997,
                10.82115665800012
              ],
              [
                -71.16811147599992,
                10.822257674000127
              ],
              [
                -71.16872150099988,
                10.823227698999972
              ],
              [
                -71.16937153599991,
                10.82321369300007
              ],
              [
                -71.17081258999997,
                10.823051676999967
              ],
              [
                -71.17202064599991,
                10.822977667000089
              ],
              [
                -71.17286066799994,
                10.82271465499997
              ],
              [
                -71.17341069799988,
                10.823111662000088
              ],
              [
                -71.1738187169999,
                10.82368967900004
              ],
              [
                -71.17417974099993,
                10.824289692000036
              ],
              [
                -71.17484177199992,
                10.824939701000062
              ],
              [
                -71.1752937949999,
                10.825678719999985
              ],
              [
                -71.17608283599992,
                10.82701674700013
              ],
              [
                -71.17688187799996,
                10.82780576000016
              ],
              [
                -71.17771090699989,
                10.828206762000093
              ],
              [
                -71.17835594299999,
                10.82849076600013
              ],
              [
                -71.1793499829999,
                10.828710769000168
              ],
              [
                -71.18064304399996,
                10.829049768000061
              ],
              [
                -71.18159007899999,
                10.82933776699997
              ],
              [
                -71.18248812099995,
                10.829739774000132
              ],
              [
                -71.18307915199989,
                10.830456785000024
              ],
              [
                -71.18352917699991,
                10.831309800000156
              ],
              [
                -71.18401919799987,
                10.832506824000063
              ],
              [
                -71.18444222699998,
                10.833610854000142
              ],
              [
                -71.18501525799996,
                10.834008854000047
              ],
              [
                -71.18551527899984,
                10.834632872000157
              ],
              [
                -71.18625030699991,
                10.835078869000029
              ],
              [
                -71.18698034699992,
                10.835820890000036
              ],
              [
                -71.18720236299998,
                10.836441906000061
              ],
              [
                -71.18793539399996,
                10.837024912000174
              ],
              [
                -71.18831740999997,
                10.83778493300008
              ],
              [
                -71.18851043199993,
                10.838725953000164
              ],
              [
                -71.18898045499992,
                10.839761976000148
              ],
              [
                -71.18945347999988,
                10.840592995000065
              ],
              [
                -71.18959649399994,
                10.841762019000157
              ],
              [
                -71.18921448799995,
                10.842374040000095
              ],
              [
                -71.18943150399997,
                10.843315060000123
              ],
              [
                -71.18977251799993,
                10.843709065000155
              ],
              [
                -71.19004152799988,
                10.844262073000095
              ],
              [
                -71.19023453799997,
                10.845226093000065
              ],
              [
                -71.19026754899994,
                10.846004114000038
              ],
              [
                -71.19095957799993,
                10.846289123000133
              ],
              [
                -71.19178761399996,
                10.846690125000066
              ],
              [
                -71.19254664799996,
                10.847112128999981
              ],
              [
                -71.19353669299988,
                10.84758413000003
              ],
              [
                -71.19449474199985,
                10.84858114900004
              ],
              [
                -71.19510977899995,
                10.849254170000052
              ],
              [
                -71.19532578999997,
                10.850218190000021
              ],
              [
                -71.19565980699997,
                10.851092207000136
              ],
              [
                -71.19608783499996,
                10.851830221000114
              ],
              [
                -71.19630784199995,
                10.85254323800001
              ],
              [
                -71.19661685999995,
                10.85353126300015
              ],
              [
                -71.19674287799995,
                10.854334282000082
              ],
              [
                -71.19698989199998,
                10.854772290000085
              ],
              [
                -71.19718689799993,
                10.855507301000046
              ],
              [
                -71.19722190599998,
                10.856217327000024
              ],
              [
                -71.19730091799994,
                10.857019342
              ],
              [
                -71.19797294899996,
                10.85709733699997
              ],
              [
                -71.1987379759999,
                10.857108329000027
              ],
              [
                -71.19917299099995,
                10.857457338000188
              ],
              [
                -71.19932200899984,
                10.858260358000052
              ],
              [
                -71.19947301399998,
                10.858994376
              ],
              [
                -71.19957403299998,
                10.859865391000028
              ],
              [
                -71.20007804999995,
                10.860284406000176
              ],
              [
                -71.19988105399989,
                10.860922417000097
              ],
              [
                -71.19991905299986,
                10.861472435000167
              ],
              [
                -71.20030407099983,
                10.862026447000176
              ],
              [
                -71.20054809399994,
                10.862670463000143
              ],
              [
                -71.20058309099983,
                10.863380477000078
              ],
              [
                -71.20084410999993,
                10.864437503000147
              ],
              [
                -71.20104112799999,
                10.865126515000156
              ],
              [
                -71.20119414199985,
                10.86567752500008
              ],
              [
                -71.20065311699994,
                10.866127540000093
              ],
              [
                -71.20043110999995,
                10.866948560000026
              ],
              [
                -71.19956208299988,
                10.867530583000132
              ],
              [
                -71.19899406199988,
                10.868232608000028
              ],
              [
                -71.19847304599995,
                10.86884263100012
              ],
              [
                -71.19817903599994,
                10.86979965400019
              ],
              [
                -71.19823904199995,
                10.870372660000157
              ],
              [
                -71.19829404799998,
                10.871242682
              ],
              [
                -71.19881607799988,
                10.87191369300001
              ],
              [
                -71.19903809299996,
                10.87251170900015
              ],
              [
                -71.19919210099994,
                10.873062719000075
              ],
              [
                -71.19984913099995,
                10.873987748000161
              ],
              [
                -71.20067018099991,
                10.874868763000109
              ],
              [
                -71.2013022139999,
                10.875952783000116
              ],
              [
                -71.20195724699994,
                10.877037809000171
              ],
              [
                -71.20255928099982,
                10.878464834
              ],
              [
                -71.20300430499998,
                10.879614865000065
              ],
              [
                -71.20346633799988,
                10.88115489400019
              ],
              [
                -71.20380135999983,
                10.881937915000037
              ],
              [
                -71.20379235199988,
                10.88250992900015
              ],
              [
                -71.20376136099998,
                10.882920941000066
              ],
              [
                -71.20395737299992,
                10.883701953000184
              ],
              [
                -71.2046194049999,
                10.884374973000092
              ],
              [
                -71.20530743899991,
                10.884864973000106
              ],
              [
                -71.20611846699995,
                10.88492196600015
              ],
              [
                -71.20702050499989,
                10.885163976000115
              ],
              [
                -71.20791654999988,
                10.88570297900003
              ],
              [
                -71.20811655799992,
                10.886208994000071
              ],
              [
                -71.20885259099998,
                10.886584998000046
              ],
              [
                -71.20942562199997,
                10.88705100500016
              ],
              [
                -71.20976463899996,
                10.887582006000116
              ],
              [
                -71.20966063899994,
                10.888290035000182
              ],
              [
                -71.20924962699996,
                10.88926806
              ],
              [
                -71.20863660899994,
                10.889854079000088
              ],
              [
                -71.20888162499989,
                10.890453087000083
              ],
              [
                -71.20891163399995,
                10.891460118000055
              ],
              [
                -71.20915264299992,
                10.89231013
              ],
              [
                -71.20939765899993,
                10.892885145000093
              ],
              [
                -71.20987667799989,
                10.89341815500012
              ],
              [
                -71.21095773299999,
                10.894028168000034
              ],
              [
                -71.21113473999998,
                10.894511171000147
              ],
              [
                -71.2116107679999,
                10.895182182000156
              ],
              [
                -71.21209178499993,
                10.895600191000028
              ],
              [
                -71.21270982399989,
                10.89613519900007
              ],
              [
                -71.21323284599993,
                10.896760209999968
              ],
              [
                -71.2132828529999,
                10.897928241000102
              ],
              [
                -71.21375587799997,
                10.89878126800005
              ],
              [
                -71.21444290799997,
                10.899340268000117
              ],
              [
                -71.21464292799988,
                10.8998692830001
              ],
              [
                -71.21526395799992,
                10.900244283000063
              ],
              [
                -71.21590698299985,
                10.900642295000125
              ],
              [
                -71.21664601899988,
                10.90088129100019
              ],
              [
                -71.21689102399989,
                10.90148031100017
              ],
              [
                -71.21692503899999,
                10.902235321000092
              ],
              [
                -71.21681803599989,
                10.903057345000093
              ],
              [
                -71.2168060379999,
                10.90383536700017
              ],
              [
                -71.21692505799996,
                10.905050391000145
              ],
              [
                -71.2170250609999,
                10.905966413999977
              ],
              [
                -71.21712107999986,
                10.907180445000165
              ],
              [
                -71.21717008199983,
                10.90846247200011
              ],
              [
                -71.21718509199991,
                10.908966490000068
              ],
              [
                -71.21720810199997,
                10.91036252500004
              ],
              [
                -71.21715410799999,
                10.912237568000023
              ],
              [
                -71.21759414399992,
                10.91363960800004
              ],
              [
                -71.21762614999989,
                10.914509630000055
              ],
              [
                -71.21749715099998,
                10.91530864200007
              ],
              [
                -71.2172561399999,
                10.91585466500004
              ],
              [
                -71.21750415899993,
                10.916315672999986
              ],
              [
                -71.21773016999998,
                10.916684679000184
              ],
              [
                -71.21814018699996,
                10.91714869000009
              ],
              [
                -71.21849720399996,
                10.918022707000034
              ],
              [
                -71.21890622799992,
                10.91855471200006
              ],
              [
                -71.21936325099983,
                10.918973727000036
              ],
              [
                -71.22004728899992,
                10.919691730000181
              ],
              [
                -71.22071131799999,
                10.920250743000167
              ],
              [
                -71.22119033699994,
                10.920760753000081
              ],
              [
                -71.22203637299992,
                10.921527772000047
              ],
              [
                -71.22279340999995,
                10.922087777000115
              ],
              [
                -71.22322543399991,
                10.92261978199997
              ],
              [
                -71.22286542299997,
                10.923300804
              ],
              [
                -71.22281841699998,
                10.923346804000118
              ],
              [
                -71.22206540799993,
                10.925371868000127
              ],
              [
                -71.22144838299994,
                10.926186883000184
              ],
              [
                -71.22106238099991,
                10.927096913000128
              ],
              [
                -71.22058735599995,
                10.927753930000051
              ],
              [
                -71.22013134699995,
                10.928616955000166
              ],
              [
                -71.21997535199995,
                10.92962198700019
              ],
              [
                -71.21996635699998,
                10.930194001000075
              ],
              [
                -71.22022937399998,
                10.931135021000102
              ],
              [
                -71.22044838699998,
                10.931916033000107
              ],
              [
                -71.22097241499995,
                10.932519048000131
              ],
              [
                -71.22163943399994,
                10.932871047000049
              ],
              [
                -71.22223646999998,
                10.93326905900011
              ],
              [
                -71.22302050299999,
                10.933600056000046
              ],
              [
                -71.22368652899996,
                10.933998067000061
              ],
              [
                -71.22449557199991,
                10.934238068000127
              ],
              [
                -71.22483158599994,
                10.934952077000105
              ],
              [
                -71.22593463699997,
                10.935631090000072
              ],
              [
                -71.22676567499991,
                10.935918096000023
              ],
              [
                -71.22761671199999,
                10.936341093000124
              ],
              [
                -71.22877475999996,
                10.936518098000079
              ],
              [
                -71.22987179599994,
                10.936144080000076
              ],
              [
                -71.23084583899998,
                10.936181075000036
              ],
              [
                -71.23205189699996,
                10.93624306700002
              ],
              [
                -71.23321093799996,
                10.936351060000163
              ],
              [
                -71.23496701499994,
                10.93683305900015
              ],
              [
                -71.23584105299994,
                10.937326062000182
              ],
              [
                -71.23671409699989,
                10.937887071000148
              ],
              [
                -71.23761413699992,
                10.938174077000099
              ],
              [
                -71.23862817599996,
                10.93860007700016
              ],
              [
                -71.23985322899989,
                10.938961082999981
              ],
              [
                -71.24089128399999,
                10.939296087000173
              ],
              [
                -71.24176532199994,
                10.939811084000098
              ],
              [
                -71.24238635199998,
                10.940140095
              ],
              [
                -71.24295837799997,
                10.940629103000163
              ],
              [
                -71.24413242899993,
                10.941263108000157
              ],
              [
                -71.24489345999996,
                10.94157110500015
              ],
              [
                -71.24556248899995,
                10.941786108000088
              ],
              [
                -71.2461435109999,
                10.941771109000172
              ],
              [
                -71.24667753799986,
                10.941733099000032
              ],
              [
                -71.24688654199991,
                10.941713101000175
              ],
              [
                -71.2479565829999,
                10.941614093000112
              ],
              [
                -71.24940563799998,
                10.940970066000034
              ],
              [
                -71.2500606619999,
                10.940682056000185
              ],
              [
                -71.25075769199992,
                10.940623043000187
              ],
              [
                -71.25140672299989,
                10.940678050000031
              ],
              [
                -71.25202974999996,
                10.940892047999967
              ],
              [
                -71.25258177799998,
                10.941197055000089
              ],
              [
                -71.2527817859999,
                10.941749058000028
              ],
              [
                -71.25312680799993,
                10.941960066000092
              ],
              [
                -71.25372282799998,
                10.942380073000095
              ],
              [
                -71.25422485899992,
                10.942959084000108
              ],
              [
                -71.25488588499991,
                10.943655091999972
              ],
              [
                -71.25563892699995,
                10.944466113000033
              ],
              [
                -71.25607093899998,
                10.944975119000048
              ],
              [
                -71.25688498199986,
                10.944918115000121
              ],
              [
                -71.2577380159999,
                10.945250117000057
              ],
              [
                -71.25836503899984,
                10.945236111000156
              ],
              [
                -71.2588490579999,
                10.945426117000068
              ],
              [
                -71.25952108899992,
                10.945504112000037
              ],
              [
                -71.2606191299999,
                10.945107094000036
              ],
              [
                -71.26177717799999,
                10.945261087000063
              ],
              [
                -71.26270921399998,
                10.94499907900007
              ],
              [
                -71.26398326999998,
                10.94515406500011
              ],
              [
                -71.26455930399987,
                10.94543707600019
              ],
              [
                -71.26534333599989,
                10.94574507200008
              ],
              [
                -71.26595736799999,
                10.946531096000115
              ],
              [
                -71.26685140399996,
                10.94723010700011
              ],
              [
                -71.2675364349999,
                10.947880115000089
              ],
              [
                -71.26769544199993,
                10.948088121000069
              ],
              [
                -71.26803546399998,
                10.948596132999967
              ],
              [
                -71.2680504629999,
                10.94912313900005
              ],
              [
                -71.26778545699989,
                10.94971415700013
              ],
              [
                -71.26773046099999,
                10.950240171000132
              ],
              [
                -71.26809247799991,
                10.950817184000186
              ],
              [
                -71.26866351199999,
                10.951374198000053
              ],
              [
                -71.26897952799993,
                10.95188120600011
              ],
              [
                -71.26924954299989,
                10.952411214000051
              ],
              [
                -71.2695675569999,
                10.952873226000122
              ],
              [
                -71.26983057399991,
                10.953769239000053
              ],
              [
                -71.27049260599989,
                10.954488260000176
              ],
              [
                -71.27094763099996,
                10.955066265000085
              ],
              [
                -71.27150866399995,
                10.956241294000051
              ],
              [
                -71.27159366899997,
                10.956722310999965
              ],
              [
                -71.27162867699991,
                10.957386325000016
              ],
              [
                -71.27161867699988,
                10.957981337999968
              ],
              [
                -71.27130766999994,
                10.958595357000092
              ],
              [
                -71.2711176599999,
                10.958844363000082
              ],
              [
                -71.27080064899997,
                10.95977738099998
              ],
              [
                -71.27017863499992,
                10.960890418000133
              ],
              [
                -71.26960561399994,
                10.961889446000043
              ],
              [
                -71.26924461099992,
                10.962662468000076
              ],
              [
                -71.26916060899998,
                10.963530493
              ],
              [
                -71.26916060899998,
                10.96355349300012
              ],
              [
                -71.26890861599992,
                10.964739525000027
              ],
              [
                -71.26887261299998,
                10.965494546000059
              ],
              [
                -71.2690726209999,
                10.966068557000028
              ],
              [
                -71.26943164799997,
                10.966851566000116
              ],
              [
                -71.26937564699995,
                10.96740058000006
              ],
              [
                -71.26936564599998,
                10.96801760000011
              ],
              [
                -71.26951466499997,
                10.968820620000145
              ],
              [
                -71.26972768599995,
                10.97001364900018
              ],
              [
                -71.26985369199997,
                10.970838663000052
              ],
              [
                -71.27002770899998,
                10.97155068700016
              ],
              [
                -71.27003970499999,
                10.972191700000167
              ],
              [
                -71.27003154999994,
                10.972704916000168
              ],
              [
                -71.27001971599992,
                10.973449735000088
              ],
              [
                -71.27009672999992,
                10.974388757000156
              ]
            ]
          ],
          [
            [
              [
                -71.49881588999989,
                10.935994269
              ],
              [
                -71.49861887999992,
                10.936448279000103
              ],
              [
                -71.49798286599997,
                10.937692316000096
              ],
              [
                -71.49822590299993,
                10.941041392000102
              ],
              [
                -71.49944317399991,
                10.941882462000024
              ],
              [
                -71.49961476999994,
                10.94200102600007
              ],
              [
                -71.49994097399991,
                10.942226416000096
              ],
              [
                -71.50205206399994,
                10.942689410000185
              ],
              [
                -71.50227657499988,
                10.942818137000074
              ],
              [
                -71.50445717699984,
                10.94406842400008
              ],
              [
                -71.50598524499998,
                10.944392427000139
              ],
              [
                -71.50936438499997,
                10.945179424000173
              ],
              [
                -71.5105014269999,
                10.944793404
              ],
              [
                -71.51360655199994,
                10.944731383000146
              ],
              [
                -71.51481659699988,
                10.943269343000111
              ],
              [
                -71.51558661399991,
                10.941600292000146
              ],
              [
                -71.51568560499993,
                10.93986024600008
              ],
              [
                -71.51418154099991,
                10.939352242000098
              ],
              [
                -71.51319148599998,
                10.937564205000058
              ],
              [
                -71.51152941399994,
                10.935843175000116
              ],
              [
                -71.50947132199991,
                10.934808168000188
              ],
              [
                -71.50787225699997,
                10.935033179000072
              ],
              [
                -71.50569815699993,
                10.933997167000143
              ],
              [
                -71.50245601899991,
                10.933623191000095
              ],
              [
                -71.50043293799985,
                10.933628194000107
              ],
              [
                -71.49984590999986,
                10.93384320600012
              ],
              [
                -71.49914189999998,
                10.935017238000114
              ],
              [
                -71.49881588999989,
                10.935994269
              ]
            ]
          ]
        ]
      }
    }
  ]
}