{
  "type": "FeatureCollection",
  "features": [
    {
      "type": "Feature",
      "properties": {
        "Pais": "Venezuela",
        "Estado": "Falcón",
        "Municipio": "Monseñor Iturriza"
      },
      "geometry": {
        "type": "Polygon",
        "coordinates": [
          [
            [
              -68.33462236699995,
              11.046975819000124
            ],
            [
              -68.3361334519999,
              11.05019489700004
            ],
            [
              -68.33779154299998,
              11.053895987000033
            ],
            [
              -68.33876761099998,
              11.057899087000123
            ],
            [
              -68.3393216469999,
              11.059503129000177
            ],
            [
              -68.33929786199997,
              11.060417108000024
            ],
            [
              -68.3395236209999,
              11.06022119100004
            ],
            [
              -68.339752,
              11.060023000000115
            ],
            [
              -68.341664,
              11.058563000000106
            ],
            [
              -68.3424409999999,
              11.058056
            ],
            [
              -68.343667,
              11.057719
            ],
            [
              -68.344756,
              11.056767
            ],
            [
              -68.345631,
              11.055683
            ],
            [
              -68.346779,
              11.055119
            ],
            [
              -68.34713233199994,
              11.055015964000063
            ],
            [
              -68.34776627099995,
              11.054831099000126
            ],
            [
              -68.348329,
              11.054667000000165
            ],
            [
              -68.3488119999999,
              11.054526
            ],
            [
              -68.350749,
              11.053088
            ],
            [
              -68.352116,
              11.052103000000102
            ],
            [
              -68.353117,
              11.05058
            ],
            [
              -68.354376,
              11.048383000000115
            ],
            [
              -68.355677,
              11.04747
            ],
            [
              -68.357953,
              11.047191000000112
            ],
            [
              -68.359689,
              11.046769
            ],
            [
              -68.361069,
              11.046908000000144
            ],
            [
              -68.36272,
              11.046718
            ],
            [
              -68.36363199999988,
              11.047538
            ],
            [
              -68.36437,
              11.048731000000146
            ],
            [
              -68.365859,
              11.048615000000154
            ],
            [
              -68.3665539999999,
              11.047744
            ],
            [
              -68.367577,
              11.04619700000012
            ],
            [
              -68.36844,
              11.044724
            ],
            [
              -68.370512,
              11.043166000000156
            ],
            [
              -68.372119,
              11.042358
            ],
            [
              -68.37396199999989,
              11.043125000000146
            ],
            [
              -68.37568,
              11.043599
            ],
            [
              -68.377554,
              11.043149000000142
            ],
            [
              -68.37921199999988,
              11.042477000000133
            ],
            [
              -68.38161799999983,
              11.041872000000183
            ],
            [
              -68.382927,
              11.042703000000188
            ],
            [
              -68.383602,
              11.044104000000118
            ],
            [
              -68.3840919999999,
              11.045557
            ],
            [
              -68.38489,
              11.046472000000108
            ],
            [
              -68.386446,
              11.046216
            ],
            [
              -68.387852,
              11.045713
            ],
            [
              -68.388903,
              11.045037
            ],
            [
              -68.391312,
              11.044501
            ],
            [
              -68.394153,
              11.045122000000163
            ],
            [
              -68.395741,
              11.045897000000139
            ],
            [
              -68.39778699999988,
              11.045695000000137
            ],
            [
              -68.399602,
              11.044856
            ],
            [
              -68.400922,
              11.04382800000019
            ],
            [
              -68.403354,
              11.043314000000123
            ],
            [
              -68.405001,
              11.043055
            ],
            [
              -68.40564599999982,
              11.042071000000135
            ],
            [
              -68.40544999999986,
              11.04031
            ],
            [
              -68.40597,
              11.039077
            ],
            [
              -68.406352,
              11.037917000000164
            ],
            [
              -68.407067,
              11.035485
            ],
            [
              -68.406939,
              11.033676
            ],
            [
              -68.40694299999984,
              11.031634
            ],
            [
              -68.40686699999986,
              11.029248000000166
            ],
            [
              -68.40635999999984,
              11.02798
            ],
            [
              -68.40499199999988,
              11.027495000000101
            ],
            [
              -68.40391199999988,
              11.028723
            ],
            [
              -68.403274,
              11.02991500000013
            ],
            [
              -68.402343,
              11.029990000000112
            ],
            [
              -68.401694,
              11.029369
            ],
            [
              -68.402351,
              11.028039000000149
            ],
            [
              -68.402967,
              11.026894
            ],
            [
              -68.402931,
              11.025771
            ],
            [
              -68.40274199999988,
              11.02426300000019
            ],
            [
              -68.40185899999983,
              11.023625000000152
            ],
            [
              -68.400742,
              11.023707000000172
            ],
            [
              -68.398521,
              11.02426
            ],
            [
              -68.396596,
              11.023128
            ],
            [
              -68.396915,
              11.021442
            ],
            [
              -68.39778199999989,
              11.020841000000189
            ],
            [
              -68.398763,
              11.020167
            ],
            [
              -68.398314,
              11.018529
            ],
            [
              -68.39823899999988,
              11.016902
            ],
            [
              -68.398428,
              11.015542000000153
            ],
            [
              -68.39749499999988,
              11.014080000000149
            ],
            [
              -68.395751,
              11.013493
            ],
            [
              -68.394776,
              11.012171000000137
            ],
            [
              -68.396068,
              11.011028
            ],
            [
              -68.39777999999984,
              11.010583
            ],
            [
              -68.398465,
              11.009414000000106
            ],
            [
              -68.398645,
              11.00849
            ],
            [
              -68.3979599999999,
              11.006768
            ],
            [
              -68.39753699999989,
              11.005932000000143
            ],
            [
              -68.397767,
              11.005099000000143
            ],
            [
              -68.39917,
              11.004503
            ],
            [
              -68.398916,
              11.003135000000157
            ],
            [
              -68.399316,
              11.001057000000174
            ],
            [
              -68.399864,
              10.999226
            ],
            [
              -68.401141,
              10.998336000000108
            ],
            [
              -68.402704,
              10.998378
            ],
            [
              -68.40386499999988,
              10.999672000000146
            ],
            [
              -68.404375,
              11.001010000000178
            ],
            [
              -68.405175,
              11.001260000000116
            ],
            [
              -68.4059089999999,
              11.000869
            ],
            [
              -68.406238,
              10.999482
            ],
            [
              -68.407085,
              10.998996
            ],
            [
              -68.40773599999989,
              10.999663000000112
            ],
            [
              -68.408466,
              11.000627000000122
            ],
            [
              -68.409879,
              11.0010410000001
            ],
            [
              -68.410639,
              11.000764
            ],
            [
              -68.411104,
              10.999992000000134
            ],
            [
              -68.411848,
              10.998477
            ],
            [
              -68.4130679999999,
              10.998713
            ],
            [
              -68.414556,
              10.999308
            ],
            [
              -68.415696,
              10.999203
            ],
            [
              -68.416071,
              10.997814
            ],
            [
              -68.414598,
              10.996867
            ],
            [
              -68.414966,
              10.996609
            ],
            [
              -68.41644899999989,
              10.99630800000017
            ],
            [
              -68.417381,
              10.99633800000015
            ],
            [
              -68.41732,
              10.99542300000013
            ],
            [
              -68.416887,
              10.994582
            ],
            [
              -68.417037,
              10.993822
            ],
            [
              -68.422679,
              10.994620000000111
            ],
            [
              -68.423687,
              10.993664
            ],
            [
              -68.424332,
              10.991888
            ],
            [
              -68.424997,
              10.989882000000136
            ],
            [
              -68.425127,
              10.987886
            ],
            [
              -68.426127,
              10.987869
            ],
            [
              -68.426697,
              10.988593
            ],
            [
              -68.427452,
              10.989245
            ],
            [
              -68.428691,
              10.989613
            ],
            [
              -68.429587,
              10.990378000000135
            ],
            [
              -68.429752,
              10.991933000000188
            ],
            [
              -68.431127,
              10.992047
            ],
            [
              -68.432044,
              10.991230000000144
            ],
            [
              -68.432952,
              10.989908000000185
            ],
            [
              -68.434212,
              10.98876300000012
            ],
            [
              -68.435491,
              10.988719
            ],
            [
              -68.43739499999987,
              10.988526
            ],
            [
              -68.439779,
              10.987798
            ],
            [
              -68.441255,
              10.986993
            ],
            [
              -68.441031,
              10.986195
            ],
            [
              -68.440412,
              10.985334
            ],
            [
              -68.4394,
              10.984618000000182
            ],
            [
              -68.43857,
              10.983624000000134
            ],
            [
              -68.438249,
              10.982506
            ],
            [
              -68.439217,
              10.981963
            ],
            [
              -68.43933,
              10.980356000000143
            ],
            [
              -68.43988499999983,
              10.978811000000178
            ],
            [
              -68.441559,
              10.977362
            ],
            [
              -68.44334,
              10.976667
            ],
            [
              -68.444513,
              10.9772660000001
            ],
            [
              -68.4458939999999,
              10.977792
            ],
            [
              -68.447266,
              10.977792
            ],
            [
              -68.448071,
              10.977274
            ],
            [
              -68.44831099999988,
              10.976284
            ],
            [
              -68.44764099999986,
              10.975149
            ],
            [
              -68.446778,
              10.973628000000133
            ],
            [
              -68.445188,
              10.973106000000143
            ],
            [
              -68.444062,
              10.97252900000018
            ],
            [
              -68.444164,
              10.971702000000164
            ],
            [
              -68.445731,
              10.9708040000001
            ],
            [
              -68.44792399999983,
              10.969804000000124
            ],
            [
              -68.448254,
              10.968698
            ],
            [
              -68.44805,
              10.967602
            ],
            [
              -68.447217,
              10.966470000000129
            ],
            [
              -68.44767799999988,
              10.966210000000103
            ],
            [
              -68.44898099999989,
              10.966256
            ],
            [
              -68.450583,
              10.966069000000175
            ],
            [
              -68.45168499999988,
              10.966577
            ],
            [
              -68.452572,
              10.966768000000116
            ],
            [
              -68.45331,
              10.966435000000104
            ],
            [
              -68.45384499999989,
              10.965005
            ],
            [
              -68.453862,
              10.963261
            ],
            [
              -68.45433999999989,
              10.961213
            ],
            [
              -68.455519,
              10.960781000000168
            ],
            [
              -68.456135,
              10.961481000000163
            ],
            [
              -68.456179,
              10.96274
            ],
            [
              -68.456151,
              10.963841
            ],
            [
              -68.457667,
              10.964067000000114
            ],
            [
              -68.45825799999989,
              10.963278000000173
            ],
            [
              -68.458421,
              10.9619
            ],
            [
              -68.45900399999988,
              10.960584
            ],
            [
              -68.460199,
              10.959738000000186
            ],
            [
              -68.462076,
              10.959316000000115
            ],
            [
              -68.464743,
              10.958835
            ],
            [
              -68.4664,
              10.957798
            ],
            [
              -68.468367,
              10.957238000000132
            ],
            [
              -68.469933,
              10.956225000000131
            ],
            [
              -68.470475,
              10.95527600000014
            ],
            [
              -68.47134099999988,
              10.954184
            ],
            [
              -68.474414,
              10.953008
            ],
            [
              -68.4740829999999,
              10.951272000000131
            ],
            [
              -68.473427,
              10.949587000000179
            ],
            [
              -68.473195,
              10.948216
            ],
            [
              -68.4733399999999,
              10.947182000000112
            ],
            [
              -68.474349,
              10.946317000000136
            ],
            [
              -68.475898,
              10.945740000000171
            ],
            [
              -68.477032,
              10.94540000000012
            ],
            [
              -68.477925,
              10.945980000000134
            ],
            [
              -68.479353,
              10.946552
            ],
            [
              -68.480608,
              10.946484000000112
            ],
            [
              -68.481283,
              10.945143
            ],
            [
              -68.481273,
              10.944525
            ],
            [
              -68.481193,
              10.943292000000156
            ],
            [
              -68.481148,
              10.942602
            ],
            [
              -68.481351,
              10.940879000000166
            ],
            [
              -68.483403,
              10.939812000000131
            ],
            [
              -68.4854969999999,
              10.938470000000109
            ],
            [
              -68.486691,
              10.937556
            ],
            [
              -68.487696,
              10.93648400000012
            ],
            [
              -68.489016,
              10.936095
            ],
            [
              -68.49099199999989,
              10.936061000000109
            ],
            [
              -68.49158299999988,
              10.935294
            ],
            [
              -68.49094,
              10.934365000000128
            ],
            [
              -68.49044,
              10.933663000000138
            ],
            [
              -68.490571,
              10.93315600000011
            ],
            [
              -68.491027,
              10.932621
            ],
            [
              -68.492338,
              10.931750000000136
            ],
            [
              -68.49296,
              10.93139600000012
            ],
            [
              -68.493553,
              10.930721
            ],
            [
              -68.493501,
              10.92898
            ],
            [
              -68.493049,
              10.926971
            ],
            [
              -68.492971,
              10.925138000000175
            ],
            [
              -68.49360899999982,
              10.924325
            ],
            [
              -68.494298,
              10.92520700000017
            ],
            [
              -68.4951,
              10.925858
            ],
            [
              -68.49613,
              10.926299000000142
            ],
            [
              -68.497389,
              10.926392
            ],
            [
              -68.498235,
              10.925552000000152
            ],
            [
              -68.49557599999986,
              10.923764000000176
            ],
            [
              -68.494813,
              10.922631
            ],
            [
              -68.49570599999987,
              10.921814
            ],
            [
              -68.49765499999984,
              10.920107
            ],
            [
              -68.498526,
              10.919359
            ],
            [
              -68.499378,
              10.918863
            ],
            [
              -68.500647,
              10.918222
            ],
            [
              -68.501378,
              10.917476
            ],
            [
              -68.502271,
              10.916658
            ],
            [
              -68.50207399999988,
              10.914979000000187
            ],
            [
              -68.502913,
              10.915067
            ],
            [
              -68.50398599999988,
              10.915635
            ],
            [
              -68.5052419999999,
              10.915514
            ],
            [
              -68.505725,
              10.914526
            ],
            [
              -68.50595099999987,
              10.913356
            ],
            [
              -68.50657399999989,
              10.91257400000012
            ],
            [
              -68.50736599999988,
              10.912753
            ],
            [
              -68.507953,
              10.913507
            ],
            [
              -68.508517,
              10.91451300000017
            ],
            [
              -68.509681,
              10.91459900000018
            ],
            [
              -68.50993,
              10.913337
            ],
            [
              -68.509923,
              10.912168000000122
            ],
            [
              -68.509778,
              10.911298
            ],
            [
              -68.510546,
              10.911454
            ],
            [
              -68.510947,
              10.912300000000187
            ],
            [
              -68.511346,
              10.912895
            ],
            [
              -68.512118,
              10.913556
            ],
            [
              -68.51348799999988,
              10.913090000000182
            ],
            [
              -68.514437,
              10.912192000000118
            ],
            [
              -68.515337,
              10.910927000000129
            ],
            [
              -68.51622,
              10.910739
            ],
            [
              -68.51610899999986,
              10.911679000000163
            ],
            [
              -68.515608,
              10.913401
            ],
            [
              -68.515125,
              10.91441200000014
            ],
            [
              -68.51436399999989,
              10.915470000000141
            ],
            [
              -68.514253,
              10.916342000000157
            ],
            [
              -68.515423,
              10.917414
            ],
            [
              -68.51624,
              10.917776000000117
            ],
            [
              -68.517264,
              10.917817000000127
            ],
            [
              -68.517928,
              10.916049
            ],
            [
              -68.518043,
              10.915842000000168
            ],
            [
              -68.518633,
              10.917146
            ],
            [
              -68.51873299999988,
              10.918291000000124
            ],
            [
              -68.52013,
              10.918514
            ],
            [
              -68.520891,
              10.91741
            ],
            [
              -68.52097799999984,
              10.916401
            ],
            [
              -68.521295,
              10.914955000000134
            ],
            [
              -68.521944,
              10.914333
            ],
            [
              -68.52269699999988,
              10.915682
            ],
            [
              -68.522823,
              10.917286000000104
            ],
            [
              -68.522574,
              10.91831900000011
            ],
            [
              -68.523413,
              10.918681
            ],
            [
              -68.523972,
              10.918679
            ],
            [
              -68.52464599999985,
              10.918538000000126
            ],
            [
              -68.525755,
              10.917249
            ],
            [
              -68.526658,
              10.916488000000129
            ],
            [
              -68.527803,
              10.917307
            ],
            [
              -68.527835,
              10.918705000000102
            ],
            [
              -68.526914,
              10.920246
            ],
            [
              -68.526827,
              10.921370000000138
            ],
            [
              -68.527708,
              10.92079200000012
            ],
            [
              -68.52877199999989,
              10.91968700000018
            ],
            [
              -68.530312,
              10.920436000000109
            ],
            [
              -68.531087,
              10.921532
            ],
            [
              -68.531674,
              10.922446
            ],
            [
              -68.53351699999985,
              10.923102
            ],
            [
              -68.534454,
              10.924175
            ],
            [
              -68.534084,
              10.924451000000147
            ],
            [
              -68.532055,
              10.923842
            ],
            [
              -68.53093699999988,
              10.923710000000142
            ],
            [
              -68.530359,
              10.924263
            ],
            [
              -68.529878,
              10.925572
            ],
            [
              -68.530744,
              10.926348
            ],
            [
              -68.531931,
              10.926319
            ],
            [
              -68.532633,
              10.926980000000128
            ],
            [
              -68.5334759999999,
              10.927893
            ],
            [
              -68.534371,
              10.929608
            ],
            [
              -68.535375,
              10.930038
            ],
            [
              -68.535648,
              10.929120000000125
            ],
            [
              -68.535803,
              10.927813000000128
            ],
            [
              -68.536237,
              10.926504
            ],
            [
              -68.5370999999999,
              10.92679800000019
            ],
            [
              -68.537129,
              10.92776
            ],
            [
              -68.536878,
              10.92847200000017
            ],
            [
              -68.536884,
              10.929527
            ],
            [
              -68.537629,
              10.92947700000019
            ],
            [
              -68.53822999999988,
              10.928878000000168
            ],
            [
              -68.53847799999988,
              10.927547000000175
            ],
            [
              -68.539358,
              10.926901
            ],
            [
              -68.539736,
              10.927793000000122
            ],
            [
              -68.54030499999988,
              10.929533
            ],
            [
              -68.541125,
              10.930468
            ],
            [
              -68.541775,
              10.930098
            ],
            [
              -68.54167599999988,
              10.929136
            ],
            [
              -68.54113299999983,
              10.927901000000134
            ],
            [
              -68.540916,
              10.92666400000013
            ],
            [
              -68.541139,
              10.925104
            ],
            [
              -68.542213,
              10.925787
            ],
            [
              -68.54226799999986,
              10.927139000000182
            ],
            [
              -68.542229,
              10.928377000000125
            ],
            [
              -68.542862,
              10.92903900000016
            ],
            [
              -68.543629,
              10.928760000000182
            ],
            [
              -68.543695,
              10.928049000000158
            ],
            [
              -68.544123,
              10.925754000000154
            ],
            [
              -68.54465,
              10.924422
            ],
            [
              -68.547063,
              10.923333
            ],
            [
              -68.549067,
              10.923827
            ],
            [
              -68.55003,
              10.92526700000019
            ],
            [
              -68.549337,
              10.926027
            ],
            [
              -68.547988,
              10.926125000000127
            ],
            [
              -68.547459,
              10.927113000000134
            ],
            [
              -68.548695,
              10.92752
            ],
            [
              -68.550068,
              10.927513
            ],
            [
              -68.551049,
              10.92815000000013
            ],
            [
              -68.551977,
              10.927687
            ],
            [
              -68.552647,
              10.926858
            ],
            [
              -68.55998,
              10.923521000000108
            ],
            [
              -68.560115,
              10.922809
            ],
            [
              -68.559827,
              10.92139
            ],
            [
              -68.560075,
              10.920151
            ],
            [
              -68.56054099999983,
              10.920332
            ],
            [
              -68.56141,
              10.9215650000001
            ],
            [
              -68.562324,
              10.922546000000125
            ],
            [
              -68.563325,
              10.922587000000135
            ],
            [
              -68.56428,
              10.92272
            ],
            [
              -68.5654239999999,
              10.92331
            ],
            [
              -68.567242,
              10.923691000000133
            ],
            [
              -68.568613,
              10.92334
            ],
            [
              -68.568324,
              10.921737000000121
            ],
            [
              -68.5670889999999,
              10.921697
            ],
            [
              -68.56546,
              10.921659
            ],
            [
              -68.565478,
              10.920903
            ],
            [
              -68.56699,
              10.920804
            ],
            [
              -68.56813099999988,
              10.92070600000011
            ],
            [
              -68.567707,
              10.919952
            ],
            [
              -68.566681,
              10.919682
            ],
            [
              -68.565076,
              10.919805000000167
            ],
            [
              -68.565697,
              10.91867800000017
            ],
            [
              -68.566691,
              10.91752700000012
            ],
            [
              -68.56750699999986,
              10.917867
            ],
            [
              -68.56907799999982,
              10.919555
            ],
            [
              -68.570172,
              10.919573000000128
            ],
            [
              -68.571404,
              10.91936
            ],
            [
              -68.572942,
              10.919719000000157
            ],
            [
              -68.574495,
              10.918749000000162
            ],
            [
              -68.573907,
              10.917766
            ],
            [
              -68.573043,
              10.917358
            ],
            [
              -68.57229399999989,
              10.916582000000119
            ],
            [
              -68.572569,
              10.915985
            ],
            [
              -68.573383,
              10.915774
            ],
            [
              -68.574663,
              10.915836
            ],
            [
              -68.574667,
              10.916478
            ],
            [
              -68.575399,
              10.918263
            ],
            [
              -68.576466,
              10.917570000000126
            ],
            [
              -68.577342,
              10.916327000000138
            ],
            [
              -68.577357,
              10.915042
            ],
            [
              -68.577556,
              10.913414
            ],
            [
              -68.57782899999984,
              10.912358
            ],
            [
              -68.578902,
              10.91276500000015
            ],
            [
              -68.579302,
              10.913428
            ],
            [
              -68.57991599999986,
              10.914846000000182
            ],
            [
              -68.581013,
              10.915437
            ],
            [
              -68.583178,
              10.915517
            ],
            [
              -68.58519799999988,
              10.914842
            ],
            [
              -68.585806,
              10.915275000000122
            ],
            [
              -68.58557899999988,
              10.916147
            ],
            [
              -68.585721,
              10.916536
            ],
            [
              -68.586625,
              10.916073
            ],
            [
              -68.587208,
              10.916184
            ],
            [
              -68.587423,
              10.917100000000175
            ],
            [
              -68.5878689999999,
              10.91774
            ],
            [
              -68.58855,
              10.918609000000117
            ],
            [
              -68.589275,
              10.919315
            ],
            [
              -68.590627,
              10.919561
            ],
            [
              -68.59178899999989,
              10.919164
            ],
            [
              -68.59273899999988,
              10.918586000000175
            ],
            [
              -68.592884,
              10.919457000000136
            ],
            [
              -68.593007,
              10.920397
            ],
            [
              -68.594474,
              10.920573000000104
            ],
            [
              -68.595471,
              10.920085
            ],
            [
              -68.596357,
              10.92031
            ],
            [
              -68.597477,
              10.920741000000135
            ],
            [
              -68.598924,
              10.92149000000012
            ],
            [
              -68.600442,
              10.922330000000159
            ],
            [
              -68.60114,
              10.922258
            ],
            [
              -68.602923,
              10.920849
            ],
            [
              -68.604251,
              10.921163
            ],
            [
              -68.60569599999985,
              10.921431
            ],
            [
              -68.606584,
              10.922022
            ],
            [
              -68.607632,
              10.922132000000147
            ],
            [
              -68.608233,
              10.921487
            ],
            [
              -68.609205,
              10.92070200000012
            ],
            [
              -68.610254,
              10.920972
            ],
            [
              -68.611004,
              10.921816
            ],
            [
              -68.6117799999999,
              10.923027000000104
            ],
            [
              -68.612942,
              10.922815000000128
            ],
            [
              -68.613455,
              10.92232300000012
            ],
            [
              -68.613387,
              10.919534000000112
            ],
            [
              -68.613331,
              10.918136
            ],
            [
              -68.614168,
              10.91797200000019
            ],
            [
              -68.615102,
              10.918402
            ],
            [
              -68.615781,
              10.918926
            ],
            [
              -68.616879,
              10.919677
            ],
            [
              -68.617429,
              10.918276000000105
            ],
            [
              -68.61776899999984,
              10.917013
            ],
            [
              -68.61822399999983,
              10.91536
            ],
            [
              -68.61860599999989,
              10.913158000000124
            ],
            [
              -68.619138,
              10.912742
            ],
            [
              -68.6200209999999,
              10.912463000000173
            ],
            [
              -68.620469,
              10.912176
            ],
            [
              -68.62110799999988,
              10.911494000000118
            ],
            [
              -68.622298,
              10.91192400000017
            ],
            [
              -68.622606,
              10.912816
            ],
            [
              -68.622424,
              10.913527000000101
            ],
            [
              -68.621727,
              10.91366900000014
            ],
            [
              -68.620963,
              10.914269
            ],
            [
              -68.622152,
              10.914629000000161
            ],
            [
              -68.623246,
              10.914601000000175
            ],
            [
              -68.623946,
              10.914895000000172
            ],
            [
              -68.6249059999999,
              10.915761
            ],
            [
              -68.625821,
              10.916925
            ],
            [
              -68.627079,
              10.917194000000109
            ],
            [
              -68.627487,
              10.915587
            ],
            [
              -68.62689799999987,
              10.914467
            ],
            [
              -68.626446,
              10.912842000000126
            ],
            [
              -68.627962,
              10.913361
            ],
            [
              -68.629078,
              10.913286
            ],
            [
              -68.6303089999999,
              10.912936
            ],
            [
              -68.631492,
              10.912288000000103
            ],
            [
              -68.632466,
              10.911756000000139
            ],
            [
              -68.633346,
              10.911086000000125
            ],
            [
              -68.634251,
              10.910807000000148
            ],
            [
              -68.635368,
              10.910663000000113
            ],
            [
              -68.63517,
              10.908876
            ],
            [
              -68.6348579999999,
              10.907388
            ],
            [
              -68.63517699999983,
              10.90640000000019
            ],
            [
              -68.63606,
              10.906189
            ],
            [
              -68.63743499999987,
              10.906572
            ],
            [
              -68.637953,
              10.907417000000123
            ],
            [
              -68.638123,
              10.908586
            ],
            [
              -68.638874,
              10.909544
            ],
            [
              -68.63992799999988,
              10.910387000000185
            ],
            [
              -68.640723,
              10.91100200000011
            ],
            [
              -68.640427,
              10.912081
            ],
            [
              -68.6398999999999,
              10.913344
            ],
            [
              -68.639047,
              10.914541000000156
            ],
            [
              -68.640167,
              10.914902
            ],
            [
              -68.641447,
              10.914964000000168
            ],
            [
              -68.641906,
              10.913976000000162
            ],
            [
              -68.641504,
              10.912992
            ],
            [
              -68.641989,
              10.912508000000173
            ],
            [
              -68.643361,
              10.912295000000142
            ],
            [
              -68.644357,
              10.911556
            ],
            [
              -68.646792,
              10.910282
            ],
            [
              -68.64788699999986,
              10.910551
            ],
            [
              -68.647941,
              10.91165100000012
            ],
            [
              -68.6476459999999,
              10.912845000000175
            ],
            [
              -68.647933,
              10.913944000000129
            ],
            [
              -68.649257,
              10.913685
            ],
            [
              -68.649622,
              10.9125820000001
            ],
            [
              -68.649987,
              10.911365000000103
            ],
            [
              -68.65051499999987,
              10.91026200000016
            ],
            [
              -68.65221499999984,
              10.910414000000117
            ],
            [
              -68.653543,
              10.910774
            ],
            [
              -68.655319,
              10.911796
            ],
            [
              -68.655898,
              10.911449000000118
            ],
            [
              -68.656959,
              10.909953
            ],
            [
              -68.658462,
              10.908478000000173
            ],
            [
              -68.66095,
              10.908304000000157
            ],
            [
              -68.662823,
              10.906506
            ],
            [
              -68.664095,
              10.905124000000114
            ],
            [
              -68.665332,
              10.902137
            ],
            [
              -68.66658599999988,
              10.901810000000182
            ],
            [
              -68.667226,
              10.903526
            ],
            [
              -68.667607,
              10.904784
            ],
            [
              -68.668359,
              10.905904
            ],
            [
              -68.669102,
              10.905647
            ],
            [
              -68.669188,
              10.90457
            ],
            [
              -68.670114,
              10.903923
            ],
            [
              -68.671141,
              10.904376
            ],
            [
              -68.67200099999985,
              10.904256
            ],
            [
              -68.673065,
              10.903196
            ],
            [
              -68.67382899999984,
              10.902596000000187
            ],
            [
              -68.675317,
              10.902542
            ],
            [
              -68.677062,
              10.902395
            ],
            [
              -68.677532,
              10.903172
            ],
            [
              -68.677188,
              10.903862000000117
            ],
            [
              -68.676775,
              10.904712000000131
            ],
            [
              -68.677179,
              10.906017
            ],
            [
              -68.677904,
              10.906586000000118
            ],
            [
              -68.679135,
              10.90625800000015
            ],
            [
              -68.679199,
              10.905341000000135
            ],
            [
              -68.67921399999989,
              10.904195000000186
            ],
            [
              -68.680901,
              10.902375
            ],
            [
              -68.682345,
              10.902481
            ],
            [
              -68.683237,
              10.90376
            ],
            [
              -68.68324699999988,
              10.90525
            ],
            [
              -68.68299899999988,
              10.906352
            ],
            [
              -68.68374399999988,
              10.906417000000147
            ],
            [
              -68.684555,
              10.905954
            ],
            [
              -68.685435,
              10.905307000000164
            ],
            [
              -68.687531,
              10.905456
            ],
            [
              -68.688555,
              10.90547400000014
            ],
            [
              -68.689698,
              10.905834
            ],
            [
              -68.68986699999988,
              10.906819
            ],
            [
              -68.68973299999982,
              10.90757600000012
            ],
            [
              -68.68889999999982,
              10.908269
            ],
            [
              -68.687857,
              10.908985
            ],
            [
              -68.686482,
              10.90867100000014
            ],
            [
              -68.685385,
              10.908265000000142
            ],
            [
              -68.685015,
              10.908702
            ],
            [
              -68.685257,
              10.90998500000012
            ],
            [
              -68.68568,
              10.910670000000152
            ],
            [
              -68.68724,
              10.910662
            ],
            [
              -68.688263,
              10.910473
            ],
            [
              -68.690003,
              10.909776
            ],
            [
              -68.691565,
              10.910111
            ],
            [
              -68.69236099999983,
              10.910817
            ],
            [
              -68.693277,
              10.912073
            ],
            [
              -68.694562,
              10.91293700000017
            ],
            [
              -68.695864,
              10.912701
            ],
            [
              -68.695622,
              10.911304
            ],
            [
              -68.694709,
              10.910484
            ],
            [
              -68.694144,
              10.909524
            ],
            [
              -68.694724,
              10.909337000000164
            ],
            [
              -68.695776,
              10.909973
            ],
            [
              -68.697242,
              10.91003400000011
            ],
            [
              -68.697675,
              10.908702
            ],
            [
              -68.697667,
              10.907373
            ],
            [
              -68.697885,
              10.905239
            ],
            [
              -68.698509,
              10.904639000000145
            ],
            [
              -68.700002,
              10.905158
            ],
            [
              -68.70028599999989,
              10.905936000000167
            ],
            [
              -68.699806,
              10.907109
            ],
            [
              -68.701345,
              10.9076510000001
            ],
            [
              -68.702553,
              10.907369
            ],
            [
              -68.703807,
              10.906926000000169
            ],
            [
              -68.704687,
              10.90634800000015
            ],
            [
              -68.70549299999988,
              10.905105000000162
            ],
            [
              -68.70544499999988,
              10.904876
            ],
            [
              -68.703951,
              10.904105000000186
            ],
            [
              -68.704589,
              10.902061000000174
            ],
            [
              -68.705092,
              10.900844000000177
            ],
            [
              -68.705744,
              10.900909
            ],
            [
              -68.707307,
              10.90142800000018
            ],
            [
              -68.70709,
              10.900237
            ],
            [
              -68.706712,
              10.899528
            ],
            [
              -68.705729,
              10.89864
            ],
            [
              -68.70460899999989,
              10.89809600000018
            ],
            [
              -68.70474599999989,
              10.897751
            ],
            [
              -68.705232,
              10.89745
            ],
            [
              -68.706165,
              10.897652
            ],
            [
              -68.707334,
              10.898539
            ],
            [
              -68.70835999999986,
              10.898877000000141
            ],
            [
              -68.708354,
              10.897960000000126
            ],
            [
              -68.708182,
              10.896678000000122
            ],
            [
              -68.708216,
              10.89479800000015
            ],
            [
              -68.70877,
              10.894061000000136
            ],
            [
              -68.70922899999988,
              10.89321
            ],
            [
              -68.710016,
              10.89245
            ],
            [
              -68.710831,
              10.892606000000171
            ],
            [
              -68.711089,
              10.892856
            ],
            [
              -68.710791,
              10.893592
            ],
            [
              -68.71077299999985,
              10.894348
            ],
            [
              -68.710664,
              10.895449
            ],
            [
              -68.711134,
              10.896134
            ],
            [
              -68.71222499999982,
              10.895624000000112
            ],
            [
              -68.71245,
              10.89449900000011
            ],
            [
              -68.713374,
              10.89344
            ],
            [
              -68.713088,
              10.892456
            ],
            [
              -68.712408,
              10.891749000000118
            ],
            [
              -68.711675,
              10.890125
            ],
            [
              -68.712321,
              10.889228
            ],
            [
              -68.712917,
              10.887826
            ],
            [
              -68.713701,
              10.886744
            ],
            [
              -68.7144919999999,
              10.886763
            ],
            [
              -68.715311,
              10.887400000000184
            ],
            [
              -68.716436,
              10.88854
            ],
            [
              -68.71744399999989,
              10.889750000000106
            ],
            [
              -68.718103,
              10.890869000000123
            ],
            [
              -68.719126,
              10.890680000000145
            ],
            [
              -68.719259,
              10.889717
            ],
            [
              -68.718622,
              10.888368000000185
            ],
            [
              -68.719121,
              10.886577000000102
            ],
            [
              -68.720093,
              10.8856770000001
            ],
            [
              -68.721048,
              10.885833
            ],
            [
              -68.72212,
              10.886148000000162
            ],
            [
              -68.7228209999999,
              10.886511000000155
            ],
            [
              -68.72381499999989,
              10.885519000000158
            ],
            [
              -68.724718,
              10.884872
            ],
            [
              -68.72593199999989,
              10.885485000000187
            ],
            [
              -68.727453,
              10.886760000000152
            ],
            [
              -68.729316,
              10.887025
            ],
            [
              -68.731105,
              10.886533
            ],
            [
              -68.731397,
              10.885133
            ],
            [
              -68.731344,
              10.884125
            ],
            [
              -68.731524,
              10.883207
            ],
            [
              -68.733153,
              10.88326700000016
            ],
            [
              -68.733918,
              10.88282700000019
            ],
            [
              -68.734144,
              10.881817
            ],
            [
              -68.7344839999999,
              10.880486
            ],
            [
              -68.735251,
              10.880458
            ],
            [
              -68.73623,
              10.880636
            ],
            [
              -68.737534,
              10.880698
            ],
            [
              -68.738342,
              10.879753
            ],
            [
              -68.73906099999988,
              10.879337
            ],
            [
              -68.739797,
              10.878118
            ],
            [
              -68.74092899999988,
              10.876896
            ],
            [
              -68.740923,
              10.876001
            ],
            [
              -68.739869,
              10.874976
            ],
            [
              -68.74014299999988,
              10.874218
            ],
            [
              -68.74076699999989,
              10.873687000000132
            ],
            [
              -68.742225,
              10.872464
            ],
            [
              -68.743893,
              10.871446000000162
            ],
            [
              -68.74471999999986,
              10.869951
            ],
            [
              -68.74515,
              10.868184
            ],
            [
              -68.745798,
              10.86763
            ],
            [
              -68.746865,
              10.867142
            ],
            [
              -68.748395,
              10.866377000000114
            ],
            [
              -68.74997599999989,
              10.866116
            ],
            [
              -68.750051,
              10.866987000000165
            ],
            [
              -68.749455,
              10.868228000000158
            ],
            [
              -68.748607,
              10.870159
            ],
            [
              -68.747587,
              10.870715
            ],
            [
              -68.74829,
              10.871330000000171
            ],
            [
              -68.74968499999989,
              10.871253
            ],
            [
              -68.750915,
              10.87081000000012
            ],
            [
              -68.751726,
              10.870324
            ],
            [
              -68.752773,
              10.870204
            ],
            [
              -68.7539349999999,
              10.870129
            ],
            [
              -68.755315,
              10.871084
            ],
            [
              -68.755811,
              10.87225
            ],
            [
              -68.755705,
              10.873695
            ],
            [
              -68.757197,
              10.87414500000017
            ],
            [
              -68.758425,
              10.873404000000164
            ],
            [
              -68.758909,
              10.872668
            ],
            [
              -68.7579219999999,
              10.871298
            ],
            [
              -68.756939,
              10.870364000000166
            ],
            [
              -68.755933,
              10.86959
            ],
            [
              -68.75592099999989,
              10.867940000000146
            ],
            [
              -68.756779,
              10.867408000000182
            ],
            [
              -68.757916,
              10.866988
            ],
            [
              -68.758954,
              10.865745
            ],
            [
              -68.759876,
              10.86447900000013
            ],
            [
              -68.760413,
              10.864682
            ],
            [
              -68.761743,
              10.865248000000179
            ],
            [
              -68.762315,
              10.863823
            ],
            [
              -68.762894,
              10.863476000000105
            ],
            [
              -68.763619,
              10.863839
            ],
            [
              -68.76488399999988,
              10.865092
            ],
            [
              -68.766231,
              10.864695
            ],
            [
              -68.76573,
              10.863047000000108
            ],
            [
              -68.7654629999999,
              10.861352
            ],
            [
              -68.764849,
              10.860049
            ],
            [
              -68.7652619999999,
              10.859176000000105
            ],
            [
              -68.76741699999985,
              10.85799400000019
            ],
            [
              -68.769113,
              10.857618000000173
            ],
            [
              -68.770368,
              10.857404
            ],
            [
              -68.771011,
              10.856255
            ],
            [
              -68.769844,
              10.855734
            ],
            [
              -68.767844,
              10.855768
            ],
            [
              -68.76758099999984,
              10.854807000000108
            ],
            [
              -68.768389,
              10.85386300000016
            ],
            [
              -68.769101,
              10.852575000000172
            ],
            [
              -68.769721,
              10.851402000000121
            ],
            [
              -68.770202,
              10.850299000000177
            ],
            [
              -68.770991,
              10.850019
            ],
            [
              -68.771535,
              10.8511850000001
            ],
            [
              -68.771701,
              10.851758
            ],
            [
              -68.772729,
              10.852325000000121
            ],
            [
              -68.77374599999985,
              10.851402000000121
            ],
            [
              -68.775254,
              10.850775000000112
            ],
            [
              -68.77633,
              10.851525000000152
            ],
            [
              -68.777054,
              10.85202500000014
            ],
            [
              -68.77864,
              10.852497000000142
            ],
            [
              -68.78008299999988,
              10.852650000000153
            ],
            [
              -68.781049,
              10.85101600000013
            ],
            [
              -68.781668,
              10.849683
            ],
            [
              -68.782565,
              10.848142
            ],
            [
              -68.782908,
              10.847383
            ],
            [
              -68.783595,
              10.84570500000018
            ],
            [
              -68.78347,
              10.844468000000177
            ],
            [
              -68.78398,
              10.84419
            ],
            [
              -68.784729,
              10.844851
            ],
            [
              -68.788933,
              10.843933000000106
            ],
            [
              -68.78907,
              10.843519000000128
            ],
            [
              -68.78897,
              10.842488000000117
            ],
            [
              -68.788799,
              10.841343
            ],
            [
              -68.78970299999986,
              10.840948
            ],
            [
              -68.7907029999999,
              10.840759
            ],
            [
              -68.791794,
              10.840386
            ],
            [
              -68.793076,
              10.840631
            ],
            [
              -68.794218,
              10.840991
            ],
            [
              -68.79615099999984,
              10.841186
            ],
            [
              -68.796566,
              10.840656
            ],
            [
              -68.796211,
              10.839856000000111
            ],
            [
              -68.795765,
              10.839240000000132
            ],
            [
              -68.7966,
              10.83896
            ],
            [
              -68.797977,
              10.839548
            ],
            [
              -68.799702,
              10.840019
            ],
            [
              -68.80028,
              10.839466000000186
            ],
            [
              -68.800222,
              10.83793
            ],
            [
              -68.800143,
              10.836601
            ],
            [
              -68.79927799999984,
              10.836033000000157
            ],
            [
              -68.798457,
              10.835075000000131
            ],
            [
              -68.798079,
              10.834275
            ],
            [
              -68.799425,
              10.833785000000148
            ],
            [
              -68.800793,
              10.83311300000014
            ],
            [
              -68.801347,
              10.832399
            ],
            [
              -68.801458,
              10.831688
            ],
            [
              -68.8018679999999,
              10.830470000000162
            ],
            [
              -68.800926,
              10.828802000000167
            ],
            [
              -68.799964,
              10.827753
            ],
            [
              -68.7993249999999,
              10.82612900000015
            ],
            [
              -68.800084,
              10.8249560000001
            ],
            [
              -68.801299,
              10.825637
            ],
            [
              -68.801632,
              10.826689000000101
            ],
            [
              -68.802386,
              10.828014000000167
            ],
            [
              -68.803998,
              10.828945
            ],
            [
              -68.80590699999988,
              10.82925500000016
            ],
            [
              -68.806859,
              10.828951
            ],
            [
              -68.806507,
              10.828472
            ],
            [
              -68.80573499999986,
              10.827835
            ],
            [
              -68.80465399999986,
              10.82642
            ],
            [
              -68.8046,
              10.825319
            ],
            [
              -68.80578,
              10.82435
            ],
            [
              -68.806522,
              10.823979
            ],
            [
              -68.807546,
              10.824042000000134
            ],
            [
              -68.807888,
              10.823168000000123
            ],
            [
              -68.808342,
              10.821584000000144
            ],
            [
              -68.80835399999984,
              10.819888000000162
            ],
            [
              -68.8079489999999,
              10.818629
            ],
            [
              -68.808288,
              10.81716
            ],
            [
              -68.808516,
              10.816448
            ],
            [
              -68.809744,
              10.815822
            ],
            [
              -68.810956,
              10.816113
            ],
            [
              -68.811473,
              10.816821
            ],
            [
              -68.811553,
              10.818287
            ],
            [
              -68.812375,
              10.819429000000184
            ],
            [
              -68.813254,
              10.81875900000017
            ],
            [
              -68.812709,
              10.817295000000172
            ],
            [
              -68.8121139999999,
              10.815372
            ],
            [
              -68.811428,
              10.813748000000146
            ],
            [
              -68.81218899999988,
              10.812918
            ],
            [
              -68.81331099999989,
              10.813691
            ],
            [
              -68.814039,
              10.81465
            ],
            [
              -68.815532,
              10.815168
            ],
            [
              -68.816953,
              10.815481
            ],
            [
              -68.81844299999989,
              10.81547200000017
            ],
            [
              -68.8192279999999,
              10.814642
            ],
            [
              -68.818868,
              10.81306300000017
            ],
            [
              -68.819022,
              10.81187
            ],
            [
              -68.820301,
              10.811793
            ],
            [
              -68.821971,
              10.811073
            ],
            [
              -68.82332,
              10.810996
            ],
            [
              -68.82368799999989,
              10.810375000000136
            ],
            [
              -68.825756,
              10.810157
            ],
            [
              -68.825567,
              10.809699
            ],
            [
              -68.82435399999986,
              10.809225
            ],
            [
              -68.82272399999988,
              10.808937000000185
            ],
            [
              -68.82216,
              10.808161
            ],
            [
              -68.823035,
              10.806895000000168
            ],
            [
              -68.82398299999988,
              10.806087000000105
            ],
            [
              -68.825095,
              10.80546100000015
            ],
            [
              -68.825672,
              10.804885000000127
            ],
            [
              -68.824877,
              10.804293000000143
            ],
            [
              -68.82314199999985,
              10.80230900000015
            ],
            [
              -68.82306099999988,
              10.800751
            ],
            [
              -68.823519,
              10.799785
            ],
            [
              -68.824822,
              10.79989200000017
            ],
            [
              -68.826591,
              10.79997400000019
            ],
            [
              -68.826785,
              10.80105
            ],
            [
              -68.827095,
              10.80208
            ],
            [
              -68.8284369999999,
              10.80113200000011
            ],
            [
              -68.829574,
              10.800735
            ],
            [
              -68.831151,
              10.800107
            ],
            [
              -68.83226599999989,
              10.799780000000112
            ],
            [
              -68.832347,
              10.798152
            ],
            [
              -68.832685,
              10.79666
            ],
            [
              -68.833047,
              10.795167
            ],
            [
              -68.833613,
              10.793032
            ],
            [
              -68.835443,
              10.791967000000113
            ],
            [
              -68.837656,
              10.792366
            ],
            [
              -68.83884499999988,
              10.792841000000124
            ],
            [
              -68.840248,
              10.793749000000105
            ],
            [
              -68.841624,
              10.794268
            ],
            [
              -68.84305599999988,
              10.79293
            ],
            [
              -68.84325699999988,
              10.791714000000127
            ],
            [
              -68.843877,
              10.790518000000134
            ],
            [
              -68.844121,
              10.788958
            ],
            [
              -68.843411,
              10.787197000000162
            ],
            [
              -68.84387,
              10.786392000000149
            ],
            [
              -68.844642,
              10.786961000000133
            ],
            [
              -68.845019,
              10.787554
            ],
            [
              -68.846494,
              10.788784
            ],
            [
              -68.848826,
              10.78966400000013
            ],
            [
              -68.849939,
              10.78915300000017
            ],
            [
              -68.850495,
              10.788829
            ],
            [
              -68.85012,
              10.788441
            ],
            [
              -68.84905099999986,
              10.788608000000181
            ],
            [
              -68.848352,
              10.788429000000122
            ],
            [
              -68.848276,
              10.787512000000106
            ],
            [
              -68.84901799999989,
              10.787187000000188
            ],
            [
              -68.84996799999988,
              10.7867
            ],
            [
              -68.851432,
              10.786462
            ],
            [
              -68.852534,
              10.784574000000191
            ],
            [
              -68.853575,
              10.78372
            ],
            [
              -68.8545089999999,
              10.784265
            ],
            [
              -68.85563699999989,
              10.785771000000125
            ],
            [
              -68.85617999999988,
              10.786961000000133
            ],
            [
              -68.856887,
              10.788103000000149
            ],
            [
              -68.85864,
              10.78928400000018
            ],
            [
              -68.860035,
              10.789299000000142
            ],
            [
              -68.860114,
              10.78734900000012
            ],
            [
              -68.8597549999999,
              10.785861
            ],
            [
              -68.859862,
              10.784599000000128
            ],
            [
              -68.86052,
              10.782395000000179
            ],
            [
              -68.861021,
              10.780879
            ],
            [
              -68.861591,
              10.779248
            ],
            [
              -68.86262799999986,
              10.777866
            ],
            [
              -68.86396799999989,
              10.776689
            ],
            [
              -68.865848,
              10.776059000000146
            ],
            [
              -68.86766299999988,
              10.776208
            ],
            [
              -68.869599,
              10.776884
            ],
            [
              -68.870578,
              10.7775
            ],
            [
              -68.870552,
              10.777577000000178
            ],
            [
              -68.87065,
              10.777545
            ],
            [
              -68.87079099999988,
              10.777634
            ],
            [
              -68.87088199999988,
              10.777471000000105
            ],
            [
              -68.872596,
              10.778645
            ],
            [
              -68.87833199999989,
              10.777665000000184
            ],
            [
              -68.8810759999999,
              10.776439000000153
            ],
            [
              -68.88369399999982,
              10.775459
            ],
            [
              -68.885565,
              10.773866
            ],
            [
              -68.885851,
              10.772683
            ],
            [
              -68.885591,
              10.772065000000111
            ],
            [
              -68.88511899999986,
              10.771128
            ],
            [
              -68.88415799999984,
              10.770217000000116
            ],
            [
              -68.882311,
              10.768853
            ],
            [
              -68.882982,
              10.768413
            ],
            [
              -68.883007,
              10.768573000000174
            ],
            [
              -68.88432999999986,
              10.768244000000152
            ],
            [
              -68.88560799999982,
              10.76803000000018
            ],
            [
              -68.886067,
              10.767271000000108
            ],
            [
              -68.885757,
              10.76624100000015
            ],
            [
              -68.884846,
              10.765674000000104
            ],
            [
              -68.883631,
              10.764902000000177
            ],
            [
              -68.882667,
              10.763441000000114
            ],
            [
              -68.883056,
              10.762659
            ],
            [
              -68.88394,
              10.762676
            ],
            [
              -68.884687,
              10.76297
            ],
            [
              -68.885388,
              10.763493000000153
            ],
            [
              -68.886068,
              10.764199000000133
            ],
            [
              -68.887517,
              10.765199
            ],
            [
              -68.888844,
              10.765283
            ],
            [
              -68.889351,
              10.764615
            ],
            [
              -68.888833,
              10.763862000000131
            ],
            [
              -68.888148,
              10.762307
            ],
            [
              -68.888142,
              10.761550000000113
            ],
            [
              -68.888552,
              10.76040200000017
            ],
            [
              -68.888356,
              10.759005
            ],
            [
              -68.887094,
              10.758164
            ],
            [
              -68.886067,
              10.757666
            ],
            [
              -68.884921,
              10.756802
            ],
            [
              -68.88414,
              10.755041000000176
            ],
            [
              -68.88387199999988,
              10.753414
            ],
            [
              -68.88524199999989,
              10.75308500000017
            ],
            [
              -68.886896,
              10.753373000000181
            ],
            [
              -68.889017,
              10.754071
            ],
            [
              -68.88977,
              10.755235
            ],
            [
              -68.891688,
              10.756623000000161
            ],
            [
              -68.893012,
              10.756385
            ],
            [
              -68.893564,
              10.755533000000185
            ],
            [
              -68.893791,
              10.754890000000103
            ],
            [
              -68.893226,
              10.753953
            ],
            [
              -68.893396,
              10.751683000000128
            ],
            [
              -68.89397,
              10.750740000000121
            ],
            [
              -68.895477,
              10.75002
            ],
            [
              -68.89647,
              10.749051000000179
            ],
            [
              -68.896792,
              10.74859
            ],
            [
              -68.896877,
              10.747535000000141
            ],
            [
              -68.897335,
              10.74657
            ],
            [
              -68.89824099999987,
              10.74622
            ],
            [
              -68.899497,
              10.746258000000182
            ],
            [
              -68.900683,
              10.746228
            ],
            [
              -68.90215199999989,
              10.746747000000141
            ],
            [
              -68.902708,
              10.746422
            ],
            [
              -68.9030709999999,
              10.745274000000109
            ],
            [
              -68.902996,
              10.744449
            ],
            [
              -68.903497,
              10.743093000000101
            ],
            [
              -68.905212,
              10.742235
            ],
            [
              -68.906257,
              10.741976
            ],
            [
              -68.907743,
              10.741692
            ],
            [
              -68.90881199999984,
              10.741594
            ],
            [
              -68.909553,
              10.741153
            ],
            [
              -68.910499,
              10.740139000000113
            ],
            [
              -68.910492,
              10.739222
            ],
            [
              -68.910581,
              10.738603
            ],
            [
              -68.912066,
              10.738112000000115
            ],
            [
              -68.912816,
              10.738956000000144
            ],
            [
              -68.913309,
              10.739571
            ],
            [
              -68.913806,
              10.740669000000139
            ],
            [
              -68.914975,
              10.741464000000178
            ],
            [
              -68.917005,
              10.742345
            ],
            [
              -68.917702,
              10.742341
            ],
            [
              -68.918979,
              10.742035000000158
            ],
            [
              -68.919668,
              10.740862000000106
            ],
            [
              -68.920035,
              10.740126000000146
            ],
            [
              -68.920914,
              10.739502000000186
            ],
            [
              -68.921281,
              10.738766
            ],
            [
              -68.920532,
              10.738174
            ],
            [
              -68.919925,
              10.73788
            ],
            [
              -68.919158,
              10.737999000000173
            ],
            [
              -68.91822499999984,
              10.737593000000174
            ],
            [
              -68.917964,
              10.736929
            ],
            [
              -68.918075,
              10.736149
            ],
            [
              -68.918535,
              10.735413000000108
            ],
            [
              -68.91959999999989,
              10.734764
            ],
            [
              -68.92031999999989,
              10.73476
            ],
            [
              -68.921113,
              10.735053000000164
            ],
            [
              -68.921167,
              10.735993000000121
            ],
            [
              -68.921431,
              10.737068
            ],
            [
              -68.922043,
              10.738050000000158
            ],
            [
              -68.922953,
              10.738366000000156
            ],
            [
              -68.924024,
              10.738474
            ],
            [
              -68.924856,
              10.737804
            ],
            [
              -68.92556799999988,
              10.73653800000011
            ],
            [
              -68.926465,
              10.73524900000018
            ],
            [
              -68.927155,
              10.734190000000126
            ],
            [
              -68.926824,
              10.733482
            ],
            [
              -68.925615,
              10.733535000000131
            ],
            [
              -68.924501,
              10.733794
            ],
            [
              -68.92289599999987,
              10.733804
            ],
            [
              -68.92229,
              10.733808000000181
            ],
            [
              -68.92198499999989,
              10.73337400000014
            ],
            [
              -68.922094,
              10.732457000000124
            ],
            [
              -68.922694,
              10.731834
            ],
            [
              -68.923486,
              10.731875000000116
            ],
            [
              -68.924321,
              10.731503
            ],
            [
              -68.925456,
              10.730969
            ],
            [
              -68.926035,
              10.730575
            ],
            [
              -68.92644299999989,
              10.72924300000011
            ],
            [
              -68.92643399999986,
              10.727914000000112
            ],
            [
              -68.92735299999987,
              10.726464
            ],
            [
              -68.928114,
              10.725588000000187
            ],
            [
              -68.92926199999988,
              10.72367700000018
            ],
            [
              -68.930395,
              10.722730000000183
            ],
            [
              -68.931738,
              10.721988
            ],
            [
              -68.93247899999989,
              10.721571
            ],
            [
              -68.934132,
              10.721744000000115
            ],
            [
              -68.935251,
              10.722058000000175
            ],
            [
              -68.93692799999985,
              10.722483000000125
            ],
            [
              -68.938211,
              10.722956
            ],
            [
              -68.9385549999999,
              10.722381
            ],
            [
              -68.938457,
              10.721694
            ],
            [
              -68.93826599999989,
              10.72103
            ],
            [
              -68.937655,
              10.720232
            ],
            [
              -68.937153,
              10.718309
            ],
            [
              -68.937523,
              10.718055
            ],
            [
              -68.938568,
              10.71784200000019
            ],
            [
              -68.9391903589999,
              10.717551441000069
            ],
            [
              -68.939564,
              10.717377000000113
            ],
            [
              -68.94060499999989,
              10.716568000000109
            ],
            [
              -68.941411,
              10.715601
            ],
            [
              -68.942053,
              10.714267000000177
            ],
            [
              -68.94274,
              10.712933
            ],
            [
              -68.9426381699999,
              10.712711290000072
            ],
            [
              -68.942362,
              10.71211
            ],
            [
              -68.940747,
              10.710768
            ],
            [
              -68.939441,
              10.710203
            ],
            [
              -68.93885199999988,
              10.709175
            ],
            [
              -68.93862799999982,
              10.707319
            ],
            [
              -68.939087,
              10.706468
            ],
            [
              -68.939992,
              10.706165
            ],
            [
              -68.940757,
              10.705862
            ],
            [
              -68.941707,
              10.705397
            ],
            [
              -68.9425075179999,
              10.705025217000127
            ],
            [
              -68.94302424499995,
              10.704842038000152
            ],
            [
              -68.94340221299996,
              10.697642847
            ],
            [
              -68.94199915899998,
              10.69872088600016
            ],
            [
              -68.94138112899998,
              10.69785586900008
            ],
            [
              -68.94022606599998,
              10.69683784700004
            ],
            [
              -68.93870099499998,
              10.696008832000075
            ],
            [
              -68.93778896299995,
              10.69567783500014
            ],
            [
              -68.93633989799997,
              10.695261830000106
            ],
            [
              -68.93553885799992,
              10.694629819000113
            ],
            [
              -68.9338617869999,
              10.694469821000041
            ],
            [
              -68.93229271499985,
              10.693779813000162
            ],
            [
              -68.93098365199995,
              10.69336182000012
            ],
            [
              -68.93007360699988,
              10.693191813000169
            ],
            [
              -68.92894556499994,
              10.693966839000154
            ],
            [
              -68.92816654099994,
              10.694759873000066
            ],
            [
              -68.9275265039999,
              10.694010850000154
            ],
            [
              -68.92455037899998,
              10.69412287800003
            ],
            [
              -68.92378434699998,
              10.69422588100008
            ],
            [
              -68.9222922859999,
              10.694017883000129
            ],
            [
              -68.92162326999988,
              10.69588994000003
            ],
            [
              -68.92049022299994,
              10.696343956000135
            ],
            [
              -68.91934817399994,
              10.696221962000152
            ],
            [
              -68.91769010499996,
              10.695785961000013
            ],
            [
              -68.91598202499995,
              10.69516695200008
            ],
            [
              -68.9144129529999,
              10.694476943000097
            ],
            [
              -68.91305788899996,
              10.694082944000058
            ],
            [
              -68.91212584899995,
              10.693980945000078
            ],
            [
              -68.91206685599985,
              10.694694969000182
            ],
            [
              -68.91163483899999,
              10.69539098600012
            ],
            [
              -68.91091781299997,
              10.695632002000025
            ],
            [
              -68.90985575699995,
              10.694634982000082
            ],
            [
              -68.90956174499996,
              10.693673951999983
            ],
            [
              -68.90821768399996,
              10.69401497900003
            ],
            [
              -68.90662762099993,
              10.695050011000092
            ],
            [
              -68.90513455399986,
              10.694773012000155
            ],
            [
              -68.90342047499996,
              10.693693999000118
            ],
            [
              -68.90270743799994,
              10.692691974000127
            ],
            [
              -68.9018344029999,
              10.691876956000158
            ],
            [
              -68.90149037999998,
              10.69070892500008
            ],
            [
              -68.90036232699998,
              10.689920917000052
            ],
            [
              -68.89953728099994,
              10.689173906000178
            ],
            [
              -68.8991032539999,
              10.688167882000073
            ],
            [
              -68.89934826299998,
              10.687451858000145
            ],
            [
              -68.89872522799988,
              10.686264837000067
            ],
            [
              -68.89757718099992,
              10.685728827000105
            ],
            [
              -68.89647212899996,
              10.684962814000073
            ],
            [
              -68.89571109199989,
              10.683847787000104
            ],
            [
              -68.89625410099995,
              10.682827756000165
            ],
            [
              -68.89548906399989,
              10.681481733000112
            ],
            [
              -68.8941149989999,
              10.681340737000141
            ],
            [
              -68.89313095999984,
              10.680917728000054
            ],
            [
              -68.89287293999996,
              10.679219686000067
            ],
            [
              -68.89227189999997,
              10.677940665
            ],
            [
              -68.8913038579999,
              10.67696563800007
            ],
            [
              -68.89110383499997,
              10.676025622000111
            ],
            [
              -68.89113683499994,
              10.67517459000004
            ],
            [
              -68.89130884299988,
              10.674205564000147
            ],
            [
              -68.8916268509999,
              10.673695548000069
            ],
            [
              -68.89233687299986,
              10.672949533000065
            ],
            [
              -68.89171884299998,
              10.672107515
            ],
            [
              -68.89081579199996,
              10.670809481000106
            ],
            [
              -68.89037376799996,
              10.669274452000025
            ],
            [
              -68.89032875099997,
              10.66782640800011
            ],
            [
              -68.89054575499989,
              10.666788381000117
            ],
            [
              -68.89104077499991,
              10.665631354000027
            ],
            [
              -68.89107476799995,
              10.664826334
            ],
            [
              -68.89096575399992,
              10.66379330000018
            ],
            [
              -68.88964668599994,
              10.661459252000157
            ],
            [
              -68.88971067299997,
              10.659419197000034
            ],
            [
              -68.8904706969999,
              10.657369145000018
            ],
            [
              -68.89107870899994,
              10.656009101000109
            ],
            [
              -68.89077569299991,
              10.654318060000094
            ],
            [
              -68.8900531729999,
              10.653694681000104
            ],
            [
              -68.88868358399992,
              10.652513022000107
            ],
            [
              -68.88865198999997,
              10.652516327000114
            ],
            [
              -68.8886179999999,
              10.652487000000121
            ],
            [
              -68.88652612999994,
              10.651174746000095
            ],
            [
              -68.886509,
              10.651164
            ],
            [
              -68.88495747499991,
              10.6506842390001
            ],
            [
              -68.8823982959999,
              10.649642988000153
            ],
            [
              -68.87840412299983,
              10.649537011000177
            ],
            [
              -68.87817516599989,
              10.649540886000068
            ],
            [
              -68.87485797299996,
              10.649597034000067
            ],
            [
              -68.87394195699994,
              10.649586492000083
            ],
            [
              -68.87378565599994,
              10.649584693000065
            ],
            [
              -68.87260088499988,
              10.64957105600007
            ],
            [
              -68.86932874399997,
              10.64968407900011
            ],
            [
              -68.86533957599994,
              10.649967107000066
            ],
            [
              -68.86153641199996,
              10.65024813600013
            ],
            [
              -68.85813826499998,
              10.649607142000036
            ],
            [
              -68.8544801079999,
              10.650344177000022
            ],
            [
              -68.85110596699997,
              10.649748191000072
            ],
            [
              -68.84799882799985,
              10.649974216000032
            ],
            [
              -68.84569973599997,
              10.649936223000168
            ],
            [
              -68.84347764299997,
              10.650402249000024
            ],
            [
              -68.84158057299993,
              10.652535322
            ],
            [
              -68.84010553299998,
              10.654961387000128
            ],
            [
              -68.83857947599995,
              10.656999452999969
            ],
            [
              -68.83659540799994,
              10.65952353
            ],
            [
              -68.8360862379999,
              10.660047207000105
            ],
            [
              -68.83392831199995,
              10.662266616000124
            ],
            [
              -68.83230324999988,
              10.664060680000091
            ],
            [
              -68.83088019999991,
              10.66536872100005
            ],
            [
              -68.82985216899993,
              10.666601753000123
            ],
            [
              -68.82958114099989,
              10.666946987000074
            ],
            [
              -68.82866512299995,
              10.668113803000153
            ],
            [
              -68.82741207899994,
              10.669902850000142
            ],
            [
              -68.82641205399995,
              10.671526909000136
            ],
            [
              -68.82554701399988,
              10.672803941000097
            ],
            [
              -68.82449598299996,
              10.674083978000056
            ],
            [
              -68.82376395299997,
              10.674899006000146
            ],
            [
              -68.82324293899995,
              10.675826031000042
            ],
            [
              -68.82251691999988,
              10.677101076000099
            ],
            [
              -68.82151688299996,
              10.678702123000164
            ],
            [
              -68.82026084599994,
              10.68026116699997
            ],
            [
              -68.81885179199998,
              10.682489230000044
            ],
            [
              -68.81789076299992,
              10.683583266000142
            ],
            [
              -68.81683572099996,
              10.68458730000009
            ],
            [
              -68.81593968399989,
              10.685382322000123
            ],
            [
              -68.81518166099988,
              10.68599134200008
            ],
            [
              -68.81446762799993,
              10.686507367000047
            ],
            [
              -68.81370960499993,
              10.687161382000113
            ],
            [
              -68.81272356499989,
              10.688095410000074
            ],
            [
              -68.81182553999992,
              10.688775442000065
            ],
            [
              -68.81090549599992,
              10.68943246200007
            ],
            [
              -68.81055149499991,
              10.690702503000068
            ],
            [
              -68.81047449499994,
              10.691784531000053
            ],
            [
              -68.80979847499998,
              10.693288572000085
            ],
            [
              -68.80835841299995,
              10.693447584000069
            ],
            [
              -68.80601532099996,
              10.693894607000061
            ],
            [
              -68.80437324699989,
              10.694515636000176
            ],
            [
              -68.80282918699993,
              10.693939634000117
            ],
            [
              -68.80144712299989,
              10.693314616000123
            ],
            [
              -68.80032206499999,
              10.692755617000103
            ],
            [
              -68.79875599699989,
              10.69224961000009
            ],
            [
              -68.79707991999987,
              10.692180620000045
            ],
            [
              -68.79547285599995,
              10.692019628000082
            ],
            [
              -68.79384679099996,
              10.69220364
            ],
            [
              -68.79261274899983,
              10.693692691000024
            ],
            [
              -68.79207973699994,
              10.695402729000136
            ],
            [
              -68.79191573899988,
              10.696945779000089
            ],
            [
              -68.79212275299994,
              10.698345811000081
            ],
            [
              -68.79281378399992,
              10.699462838000045
            ],
            [
              -68.79317480999998,
              10.700285853000025
            ],
            [
              -68.79356182999993,
              10.701268877000189
            ],
            [
              -68.79258680399988,
              10.703007925
            ],
            [
              -68.79127175299988,
              10.703761950000171
            ],
            [
              -68.78884265799991,
              10.704692996000063
            ],
            [
              -68.78738659899994,
              10.705335024000078
            ],
            [
              -68.78594453699992,
              10.705355029999964
            ],
            [
              -68.78332442199985,
              10.705967065000095
            ],
            [
              -68.78238338899996,
              10.70687708800017
            ],
            [
              -68.78212938799999,
              10.708559133000165
            ],
            [
              -68.78181138999997,
              10.710657193000031
            ],
            [
              -68.78076635699995,
              10.712396242000125
            ],
            [
              -68.7788562859999,
              10.71382628800012
            ],
            [
              -68.77608517599992,
              10.715199342000062
            ],
            [
              -68.77385609099997,
              10.717139405000069
            ],
            [
              -68.77301606299994,
              10.718530445000056
            ],
            [
              -68.77467066899999,
              10.719414102000087
            ],
            [
              -68.77482115099997,
              10.719494468000164
            ],
            [
              -68.77627621399995,
              10.720324478000066
            ],
            [
              -68.77806829799988,
              10.721955508
            ],
            [
              -68.77933136999997,
              10.724030558000095
            ],
            [
              -68.77995840299997,
              10.725516594000169
            ],
            [
              -68.77993341299992,
              10.726965620000158
            ],
            [
              -68.77889937299989,
              10.72785366000005
            ],
            [
              -68.77720430599999,
              10.72808466600003
            ],
            [
              -68.77529121999999,
              10.727697671000044
            ],
            [
              -68.77365615099995,
              10.72728367700006
            ],
            [
              -68.77243608499998,
              10.726564659000076
            ],
            [
              -68.77029499399993,
              10.72659567800008
            ],
            [
              -68.76788389399985,
              10.727134702000114
            ],
            [
              -68.76637283199994,
              10.727248720000091
            ],
            [
              -68.76368771599994,
              10.7266187190001
            ],
            [
              -68.76160062399998,
              10.725475698000139
            ],
            [
              -68.75974753699995,
              10.72444369100009
            ],
            [
              -68.75607836899997,
              10.723298681000074
            ],
            [
              -68.75441929499993,
              10.72281668000005
            ],
            [
              -68.75241220699985,
              10.722384678000026
            ],
            [
              -68.75031511699996,
              10.722206685000117
            ],
            [
              -68.74810702299999,
              10.722306705000051
            ],
            [
              -68.74624393699992,
              10.722194708000075
            ],
            [
              -68.74559289199988,
              10.72192292300008
            ],
            [
              -68.74469887099997,
              10.72154970600019
            ],
            [
              -68.74292079499992,
              10.720861697000032
            ],
            [
              -68.74043268499997,
              10.721011716000078
            ],
            [
              -68.73842160899989,
              10.721890751000103
            ],
            [
              -68.7368745419999,
              10.722693782000022
            ],
            [
              -68.73509847599985,
              10.723776826000062
            ],
            [
              -68.73417644399996,
              10.724317840000083
            ],
            [
              -68.73207835899996,
              10.725681891000079
            ],
            [
              -68.72971126099998,
              10.726104920000182
            ],
            [
              -68.72733415399995,
              10.725816918000135
            ],
            [
              -68.72567907799993,
              10.725609926000061
            ],
            [
              -68.72271396699995,
              10.726478975000134
            ],
            [
              -68.72062787999988,
              10.727037001000099
            ],
            [
              -68.71896181199997,
              10.727658029000168
            ],
            [
              -68.7173187439999,
              10.728278052
            ],
            [
              -68.71572268299991,
              10.728945081000063
            ],
            [
              -68.7140736049999,
              10.729151088000151
            ],
            [
              -68.71175650799995,
              10.728195084999982
            ],
            [
              -68.71067645599993,
              10.727497067000172
            ],
            [
              -68.70819135099993,
              10.72780709500006
            ],
            [
              -68.70696230399994,
              10.72805411000013
            ],
            [
              -68.70522222999995,
              10.72842312900002
            ],
            [
              -68.70335914299989,
              10.728288131000056
            ],
            [
              -68.70175708399995,
              10.728494150000131
            ],
            [
              -68.70027102099988,
              10.7287221630001
            ],
            [
              -68.69892195499995,
              10.728786182000135
            ],
            [
              -68.69772290199984,
              10.727929162000123
            ],
            [
              -68.69691885599991,
              10.726997143000176
            ],
            [
              -68.69604281499983,
              10.725929122000025
            ],
            [
              -68.69495375999998,
              10.72463309900013
            ],
            [
              -68.69338869899997,
              10.724171093000109
            ],
            [
              -68.69206164999991,
              10.725754144000064
            ],
            [
              -68.69141162499989,
              10.727487195000037
            ],
            [
              -68.69020058399997,
              10.729045234000068
            ],
            [
              -68.68967256599996,
              10.72953525500003
            ],
            [
              -68.68829251199992,
              10.730589289000022
            ],
            [
              -68.68619642799996,
              10.730457296000054
            ],
            [
              -68.68514337599993,
              10.730080300000111
            ],
            [
              -68.68316629199995,
              10.730062314
            ],
            [
              -68.68196323899997,
              10.730538326000158
            ],
            [
              -68.67936313099995,
              10.73098835400009
            ],
            [
              -68.67822108199988,
              10.73082035900012
            ],
            [
              -68.6779359759999,
              10.730709570000101
            ],
            [
              -68.67667702099993,
              10.730220352000117
            ],
            [
              -68.67554396399998,
              10.72908633600008
            ],
            [
              -68.67506293099996,
              10.728011312000149
            ],
            [
              -68.67460790299998,
              10.7270982820001
            ],
            [
              -68.67400987999997,
              10.725979257000176
            ],
            [
              -68.67322183099998,
              10.724518233000083
            ],
            [
              -68.67145775199992,
              10.723209205000103
            ],
            [
              -68.67012968699999,
              10.723089210000012
            ],
            [
              -68.66784259299993,
              10.724201253000103
            ],
            [
              -68.66718357699995,
              10.725314291000188
            ],
            [
              -68.66594553599992,
              10.726573328000029
            ],
            [
              -68.66463648399997,
              10.727787370000101
            ],
            [
              -68.66306542199999,
              10.728567401000078
            ],
            [
              -68.66138035299986,
              10.729533432000153
            ],
            [
              -68.65957728699988,
              10.730340462000129
            ],
            [
              -68.65791521699992,
              10.73121350000008
            ],
            [
              -68.65667316599985,
              10.732219534000023
            ],
            [
              -68.65559513599999,
              10.73336157000017
            ],
            [
              -68.65430309599992,
              10.735724642000093
            ],
            [
              -68.65355906899993,
              10.737390679000043
            ],
            [
              -68.65278404399993,
              10.738504723000176
            ],
            [
              -68.65021094599985,
              10.740793788000133
            ],
            [
              -68.64891390199989,
              10.742858850000118
            ],
            [
              -68.64729385599998,
              10.74508791900007
            ],
            [
              -68.64639082599996,
              10.747054983000112
            ],
            [
              -68.64591981199999,
              10.748281010000028
            ],
            [
              -68.64459976699999,
              10.750345079
            ],
            [
              -68.64358473799996,
              10.752590144000067
            ],
            [
              -68.64272871399999,
              10.754602203
            ],
            [
              -68.64163067699991,
              10.755928241000106
            ],
            [
              -68.64021263199999,
              10.757672294000088
            ],
            [
              -68.63919559299995,
              10.758123318000116
            ],
            [
              -68.6382545489999,
              10.759079341000074
            ],
            [
              -68.63750938399988,
              10.759745966000082
            ],
            [
              -68.63710651099996,
              10.760106376000067
            ],
            [
              -68.63629948299996,
              10.76064639600014
            ],
            [
              -68.63547244699993,
              10.761370418000183
            ],
            [
              -68.63422639799995,
              10.76212345000016
            ],
            [
              -68.63312236199982,
              10.763058484000055
            ],
            [
              -68.63188531599997,
              10.764455522
            ],
            [
              -68.6311279809999,
              10.765722850000088
            ],
            [
              -68.63081126499998,
              10.766252844000064
            ],
            [
              -68.63074927499991,
              10.766356578000114
            ],
            [
              -68.63015030099996,
              10.76688568500009
            ],
            [
              -68.62980511899997,
              10.767190604000177
            ],
            [
              -68.62916322299998,
              10.767757627000094
            ],
            [
              -68.62737415299983,
              10.769575685000063
            ],
            [
              -68.62615310399997,
              10.770420718000082
            ],
            [
              -68.62460003899997,
              10.770878734000178
            ],
            [
              -68.62353699899995,
              10.771398758000032
            ],
            [
              -68.62247495399993,
              10.771987772000102
            ],
            [
              -68.62146392599993,
              10.772875812000052
            ],
            [
              -68.62000626799994,
              10.773398468000096
            ],
            [
              -68.61815111099992,
              10.774063650000073
            ],
            [
              -68.61768819499997,
              10.774325324000074
            ],
            [
              -68.61673502999997,
              10.78073362900011
            ],
            [
              -68.61660777099996,
              10.781589212000142
            ],
            [
              -68.61644299999989,
              10.782697000000155
            ],
            [
              -68.618541,
              10.792394
            ],
            [
              -68.62059,
              10.799268
            ],
            [
              -68.624252,
              10.807974
            ],
            [
              -68.625217,
              10.820767
            ],
            [
              -68.617296,
              10.829512
            ],
            [
              -68.608756,
              10.834754
            ],
            [
              -68.58537299999989,
              10.842708000000187
            ],
            [
              -68.57033599999988,
              10.847624000000167
            ],
            [
              -68.552988,
              10.856252
            ],
            [
              -68.548755,
              10.861787000000163
            ],
            [
              -68.547717,
              10.867795
            ],
            [
              -68.545224,
              10.867585
            ],
            [
              -68.538649,
              10.869442
            ],
            [
              -68.533235,
              10.868455
            ],
            [
              -68.52176899999984,
              10.871472
            ],
            [
              -68.512043,
              10.875515
            ],
            [
              -68.504648,
              10.877086000000133
            ],
            [
              -68.497771,
              10.876306000000113
            ],
            [
              -68.488258,
              10.875042000000121
            ],
            [
              -68.477136,
              10.872997
            ],
            [
              -68.467495,
              10.87578
            ],
            [
              -68.4292789999999,
              10.865332
            ],
            [
              -68.402542,
              10.860794
            ],
            [
              -68.388607,
              10.875376
            ],
            [
              -68.3877169999999,
              10.875001000000111
            ],
            [
              -68.374723,
              10.873347
            ],
            [
              -68.36976882599998,
              10.872743433000096
            ],
            [
              -68.34921827299996,
              10.870239761999983
            ],
            [
              -68.323857,
              10.867150000000152
            ],
            [
              -68.265624,
              10.866895
            ],
            [
              -68.25872855999995,
              10.866095354000095
            ],
            [
              -68.245627,
              10.86457600000017
            ],
            [
              -68.23689430899992,
              10.862363890000097
            ],
            [
              -68.21955393599995,
              10.857971336000105
            ],
            [
              -68.21787531099989,
              10.85754611699997
            ],
            [
              -68.2178541109999,
              10.857550544000105
            ],
            [
              -68.21877715799997,
              10.858566569000061
            ],
            [
              -68.22059423799988,
              10.859731588000102
            ],
            [
              -68.22097826899994,
              10.861172619
            ],
            [
              -68.22108628199999,
              10.862821658000144
            ],
            [
              -68.22200032799987,
              10.86354667500018
            ],
            [
              -68.22156330799993,
              10.864169694000111
            ],
            [
              -68.21998724499991,
              10.864963726999974
            ],
            [
              -68.22008826399991,
              10.865902751000078
            ],
            [
              -68.22153232499994,
              10.865911741000104
            ],
            [
              -68.22235436999995,
              10.866843760000052
            ],
            [
              -68.22326740999989,
              10.867476775000114
            ],
            [
              -68.22464046999988,
              10.867417758000101
            ],
            [
              -68.22590951699993,
              10.866168725000023
            ],
            [
              -68.22615151499997,
              10.864538674000073
            ],
            [
              -68.22710054399988,
              10.863864649
            ],
            [
              -68.22905262699993,
              10.863502629000095
            ],
            [
              -68.23112271699995,
              10.863345611000057
            ],
            [
              -68.23099172099995,
              10.864377642000079
            ],
            [
              -68.22965266599994,
              10.865582686000153
            ],
            [
              -68.2286446359999,
              10.867425739000112
            ],
            [
              -68.22853163399998,
              10.867816743000162
            ],
            [
              -68.22749858599997,
              10.866817723999986
            ],
            [
              -68.22705556599988,
              10.866730727000174
            ],
            [
              -68.2259245219999,
              10.867841769999984
            ],
            [
              -68.22586452699994,
              10.868941797000161
            ],
            [
              -68.22679757299994,
              10.86923179500019
            ],
            [
              -68.22819763399997,
              10.869607796000139
            ],
            [
              -68.22846264999998,
              10.87061382100012
            ],
            [
              -68.22739860699994,
              10.871402848000116
            ],
            [
              -68.22628656399996,
              10.872055873000079
            ],
            [
              -68.22499950499997,
              10.871242867000149
            ],
            [
              -68.22505349999989,
              10.869339807000074
            ],
            [
              -68.22402044099994,
              10.868386787000077
            ],
            [
              -68.22278939499995,
              10.868673807
            ],
            [
              -68.22209736999997,
              10.869344827000134
            ],
            [
              -68.22245739399995,
              10.870601856000121
            ],
            [
              -68.22304942199997,
              10.871810885000059
            ],
            [
              -68.2235714549999,
              10.873020919000169
            ],
            [
              -68.22432649799987,
              10.87418294000014
            ],
            [
              -68.22484952499997,
              10.875392974000079
            ],
            [
              -68.22541955899999,
              10.87671700400017
            ],
            [
              -68.22626460299989,
              10.877511021000089
            ],
            [
              -68.22672561799993,
              10.877026003000083
            ],
            [
              -68.22645959499988,
              10.875858976000075
            ],
            [
              -68.22644959499985,
              10.874643936999973
            ],
            [
              -68.22702260599993,
              10.873721914000157
            ],
            [
              -68.22735863499992,
              10.874841946000117
            ],
            [
              -68.22732763999994,
              10.876675994000152
            ],
            [
              -68.22712863699996,
              10.877893021000034
            ],
            [
              -68.22676763599998,
              10.879203055000062
            ],
            [
              -68.22685064799998,
              10.880692098999987
            ],
            [
              -68.22688465399995,
              10.881861126
            ],
            [
              -68.22756669699999,
              10.882771150000167
            ],
            [
              -68.22859574499995,
              10.883334159000128
            ],
            [
              -68.23032681599994,
              10.884258167000041
            ],
            [
              -68.23217190799983,
              10.884928177
            ],
            [
              -68.23092085699994,
              10.885696204000055
            ],
            [
              -68.22931078599999,
              10.88523020200006
            ],
            [
              -68.22784371199998,
              10.885106211
            ],
            [
              -68.22720868899995,
              10.884333194000078
            ],
            [
              -68.22692066099984,
              10.883396170000026
            ],
            [
              -68.2263816389999,
              10.882920157000171
            ],
            [
              -68.22565860299994,
              10.88276616000013
            ],
            [
              -68.22524358899989,
              10.88325117800008
            ],
            [
              -68.22422855399992,
              10.884361215000183
            ],
            [
              -68.22470759099997,
              10.885870252000075
            ],
            [
              -68.22513560999994,
              10.886920279000037
            ],
            [
              -68.22679068799994,
              10.88722526700019
            ],
            [
              -68.22899777499993,
              10.886723245000042
            ],
            [
              -68.2312068729999,
              10.886427219999973
            ],
            [
              -68.23325796299997,
              10.886751220000122
            ],
            [
              -68.23533304799997,
              10.88716722200013
            ],
            [
              -68.2370601319999,
              10.887678219
            ],
            [
              -68.23895722499992,
              10.888966244000073
            ],
            [
              -68.24071630299989,
              10.890485266000042
            ],
            [
              -68.24198937899996,
              10.892352309000046
            ],
            [
              -68.24323744199995,
              10.894014350000134
            ],
            [
              -68.24437650299996,
              10.896478407000188
            ],
            [
              -68.24530054899992,
              10.898303450000128
            ],
            [
              -68.24597560099994,
              10.900910514000032
            ],
            [
              -68.24633362499998,
              10.90193853400018
            ],
            [
              -68.2473536679999,
              10.901493517
            ],
            [
              -68.24856871899988,
              10.901985525000043
            ],
            [
              -68.24964976699982,
              10.903121553000062
            ],
            [
              -68.25045181699994,
              10.904374582000116
            ],
            [
              -68.25087783599992,
              10.905149599000026
            ],
            [
              -68.25126386699998,
              10.906750638000062
            ],
            [
              -68.25144088099995,
              10.908376677000035
            ],
            [
              -68.25122088899997,
              10.909822713000153
            ],
            [
              -68.25029785399988,
              10.91070274700013
            ],
            [
              -68.2485837879999,
              10.91170478800018
            ],
            [
              -68.2473837419999,
              10.912862825000161
            ],
            [
              -68.24762575799997,
              10.913960852000116
            ],
            [
              -68.24828878699992,
              10.915237875000173
            ],
            [
              -68.24959885799996,
              10.915935892000107
            ],
            [
              -68.25050789799997,
              10.916132884000092
            ],
            [
              -68.25160894099992,
              10.916901901000188
            ],
            [
              -68.25192096399996,
              10.917999927000096
            ],
            [
              -68.25248399099985,
              10.918406939000022
            ],
            [
              -68.25290901699992,
              10.91915895600016
            ],
            [
              -68.25365705399992,
              10.919449960000065
            ],
            [
              -68.25507811499989,
              10.919596952000177
            ],
            [
              -68.25685019299988,
              10.919900946000098
            ],
            [
              -68.25774223299999,
              10.920785971000043
            ],
            [
              -68.25869327299995,
              10.92029594700017
            ],
            [
              -68.2600603219999,
              10.919640922000099
            ],
            [
              -68.26082035299993,
              10.91867088700019
            ],
            [
              -68.25986131299999,
              10.918197880000037
            ],
            [
              -68.25929727899995,
              10.917515871000035
            ],
            [
              -68.25807922199988,
              10.916748853000172
            ],
            [
              -68.25664814999993,
              10.915478835000044
            ],
            [
              -68.25578011699997,
              10.914730818000066
            ],
            [
              -68.25483905899995,
              10.913615791000097
            ],
            [
              -68.25401301499988,
              10.912294766000116
            ],
            [
              -68.25332797899995,
              10.911131739000098
            ],
            [
              -68.25329096699983,
              10.909619695
            ],
            [
              -68.2535119769999,
              10.908264666000093
            ],
            [
              -68.25436800999995,
              10.907614635000016
            ],
            [
              -68.25472200599984,
              10.905548585000133
            ],
            [
              -68.25380496599996,
              10.904503564000095
            ],
            [
              -68.25205788699992,
              10.904336566000154
            ],
            [
              -68.2512608429999,
              10.903679556000156
            ],
            [
              -68.25255589599993,
              10.902704515000039
            ],
            [
              -68.25329992099995,
              10.90258250900007
            ],
            [
              -68.25377793599995,
              10.901408477000075
            ],
            [
              -68.25431895299988,
              10.899432427000022
            ],
            [
              -68.25423993999993,
              10.898378390000119
            ],
            [
              -68.2538619209999,
              10.897648380000078
            ],
            [
              -68.25306287799998,
              10.8969003630001
            ],
            [
              -68.25300787099985,
              10.895846338000013
            ],
            [
              -68.25352887999998,
              10.894190293000065
            ],
            [
              -68.25444393299983,
              10.89509931200007
            ],
            [
              -68.25473695499983,
              10.896609343000023
            ],
            [
              -68.2551439739999,
              10.897911379000107
            ],
            [
              -68.25630702399997,
              10.89778536100016
            ],
            [
              -68.2569760479999,
              10.897114341000076
            ],
            [
              -68.25689404099995,
              10.895717311000112
            ],
            [
              -68.25744005099995,
              10.894290264000063
            ],
            [
              -68.25893111999994,
              10.894482262000167
            ],
            [
              -68.26065919699994,
              10.895039271000144
            ],
            [
              -68.26161423799988,
              10.895121262000089
            ],
            [
              -68.26347531299996,
              10.894966244000045
            ],
            [
              -68.26515138999997,
              10.895042235
            ],
            [
              -68.26781050299991,
              10.895612234000055
            ],
            [
              -68.27021161599998,
              10.895978236000133
            ],
            [
              -68.27301173699993,
              10.896685230000173
            ],
            [
              -68.27545885199999,
              10.89712023300018
            ],
            [
              -68.27816796499997,
              10.898056237
            ],
            [
              -68.28073208099994,
              10.89839823300008
            ],
            [
              -68.28206114099987,
              10.898684231000118
            ],
            [
              -68.28336519999993,
              10.898785223000118
            ],
            [
              -68.28511827799997,
              10.899502228000188
            ],
            [
              -68.28740938399989,
              10.900649246000057
            ],
            [
              -68.28960648699996,
              10.901613256000076
            ],
            [
              -68.29154556899982,
              10.902374262000137
            ],
            [
              -68.29369567799989,
              10.903384284000026
            ],
            [
              -68.29605077999997,
              10.903820280000048
            ],
            [
              -68.29802885599997,
              10.903732264000041
            ],
            [
              -68.30036396199989,
              10.904512271000044
            ],
            [
              -68.30181302999989,
              10.905231276000109
            ],
            [
              -68.30412414099999,
              10.90587328200013
            ],
            [
              -68.30615623099999,
              10.906656282000085
            ],
            [
              -68.30862834599998,
              10.907136279999975
            ],
            [
              -68.31005440099995,
              10.907878298000071
            ],
            [
              -68.31190149199989,
              10.908731306000163
            ],
            [
              -68.31322354499997,
              10.908122282000022
            ],
            [
              -68.31450660399997,
              10.908500282000034
            ],
            [
              -68.31628468299994,
              10.909491303000038
            ],
            [
              -68.31641270199998,
              10.910796332000132
            ],
            [
              -68.31644771399993,
              10.91207936700016
            ],
            [
              -68.31763875899998,
              10.91250336800016
            ],
            [
              -68.31936784199996,
              10.91315137200013
            ],
            [
              -68.31986086299997,
              10.913628391000088
            ],
            [
              -68.32038188899992,
              10.914631411000073
            ],
            [
              -68.32076191899995,
              10.915430433000154
            ],
            [
              -68.32213397299995,
              10.915256415000101
            ],
            [
              -68.32343502699996,
              10.915059397000164
            ],
            [
              -68.32478207999992,
              10.91468038700009
            ],
            [
              -68.3265691599999,
              10.914089359
            ],
            [
              -68.32824023099988,
              10.913522336000085
            ],
            [
              -68.33001029799988,
              10.913551321000057
            ],
            [
              -68.33175236999995,
              10.91312129400012
            ],
            [
              -68.33392545099991,
              10.911404244000153
            ],
            [
              -68.33531751199996,
              10.91090921600005
            ],
            [
              -68.33756360499984,
              10.90955716600007
            ],
            [
              -68.33923167099994,
              10.908692134000091
            ],
            [
              -68.34034571399991,
              10.908246112000143
            ],
            [
              -68.34206278699997,
              10.907633088000068
            ],
            [
              -68.34346284799989,
              10.908078090000117
            ],
            [
              -68.3452709149999,
              10.907189050999989
            ],
            [
              -68.34699670299989,
              10.906522294000183
            ],
            [
              -68.34721999199996,
              10.906436026000108
            ],
            [
              -68.3482850399999,
              10.905783996000025
            ],
            [
              -68.34922008599983,
              10.906210008000073
            ],
            [
              -68.35045713299996,
              10.906656004000013
            ],
            [
              -68.35125417599988,
              10.907267025000067
            ],
            [
              -68.35021013899996,
              10.907621034000101
            ],
            [
              -68.34916108499993,
              10.907494037
            ],
            [
              -68.34842606599994,
              10.908579074000158
            ],
            [
              -68.34862008099992,
              10.909425091000116
            ],
            [
              -68.34953612599998,
              10.910287115000187
            ],
            [
              -68.35028715699991,
              10.911013126000114
            ],
            [
              -68.35152721999992,
              10.911643135000133
            ],
            [
              -68.35288527899996,
              10.912477143000046
            ],
            [
              -68.35403333999989,
              10.913291166000135
            ],
            [
              -68.35515438999994,
              10.913692168000125
            ],
            [
              -68.35605343399988,
              10.915242201000183
            ],
            [
              -68.35589743699995,
              10.916069229000072
            ],
            [
              -68.35607045099988,
              10.917099248000113
            ],
            [
              -68.35689248399996,
              10.91798526700012
            ],
            [
              -68.3579695439999,
              10.918616282000016
            ],
            [
              -68.35952860699985,
              10.918486265000183
            ],
            [
              -68.36154668499995,
              10.91775523500013
            ],
            [
              -68.36289774999989,
              10.917856226000026
            ],
            [
              -68.36365578599998,
              10.919201257
            ],
            [
              -68.36413181799986,
              10.920411291000107
            ],
            [
              -68.36440483399997,
              10.9222423330001
            ],
            [
              -68.36439384499994,
              10.923595374000058
            ],
            [
              -68.36371383099998,
              10.925573422000127
            ],
            [
              -68.36276779699989,
              10.926545456999975
            ],
            [
              -68.36130473499998,
              10.926881471000058
            ],
            [
              -68.36131073499996,
              10.927614499000185
            ],
            [
              -68.36262080499989,
              10.928335504000017
            ],
            [
              -68.36398286399998,
              10.929559533000145
            ],
            [
              -68.36362386199994,
              10.931007569000087
            ],
            [
              -68.36237081099989,
              10.931500586000084
            ],
            [
              -68.3609957509999,
              10.931376595000017
            ],
            [
              -68.35997471499996,
              10.93170761500005
            ],
            [
              -68.35911266999989,
              10.931647619000103
            ],
            [
              -68.35771360399997,
              10.93140962000001
            ],
            [
              -68.35645855199994,
              10.931674633
            ],
            [
              -68.35522950599994,
              10.932144650000112
            ],
            [
              -68.35406546199988,
              10.932156660000032
            ],
            [
              -68.35311842099998,
              10.933059694000121
            ],
            [
              -68.35250939299993,
              10.932607687000143
            ],
            [
              -68.35074031999994,
              10.932624691000115
            ],
            [
              -68.34920325099995,
              10.932593707000024
            ],
            [
              -68.34714315599985,
              10.931330682000066
            ],
            [
              -68.34699686199991,
              10.931197719000181
            ],
            [
              -68.34594609999994,
              10.930242665000037
            ],
            [
              -68.34440703099995,
              10.929982660000064
            ],
            [
              -68.34282996199994,
              10.93073169700017
            ],
            [
              -68.34139591199994,
              10.931708726000068
            ],
            [
              -68.34042887599986,
              10.932886770000039
            ],
            [
              -68.33933482799995,
              10.932943775000012
            ],
            [
              -68.33830777899993,
              10.932586775000175
            ],
            [
              -68.33712172899988,
              10.932736786000078
            ],
            [
              -68.33565967299995,
              10.93332380400011
            ],
            [
              -68.33356658299988,
              10.93355082800008
            ],
            [
              -68.33299955599995,
              10.932684805000122
            ],
            [
              -68.33243552199991,
              10.932071796000116
            ],
            [
              -68.3315264819999,
              10.931965799000125
            ],
            [
              -68.33020042899989,
              10.932001803999981
            ],
            [
              -68.32834434899996,
              10.932799835000026
            ],
            [
              -68.32702130099995,
              10.93324785700014
            ],
            [
              -68.32539723699995,
              10.933882887000095
            ],
            [
              -68.32375116599997,
              10.934609918000149
            ],
            [
              -68.32277812999996,
              10.93510093499998
            ],
            [
              -68.32166408699999,
              10.935592958000143
            ],
            [
              -68.32041903399988,
              10.936865996000108
            ],
            [
              -68.31932599099997,
              10.937014009
            ],
            [
              -68.31795193799996,
              10.936982018000094
            ],
            [
              -68.31648086399991,
              10.936492010000052
            ],
            [
              -68.31573282699992,
              10.93615500500016
            ],
            [
              -68.31532881499999,
              10.935264987000096
            ],
            [
              -68.31576081699995,
              10.934068948000117
            ],
            [
              -68.31475777599996,
              10.93387295000008
            ],
            [
              -68.31368672699983,
              10.933882961000108
            ],
            [
              -68.31265967899992,
              10.933548961000042
            ],
            [
              -68.31146863399988,
              10.933147949000045
            ],
            [
              -68.31060359499998,
              10.93272095400016
            ],
            [
              -68.31010256399992,
              10.931419911999967
            ],
            [
              -68.3094475339999,
              10.931035913000073
            ],
            [
              -68.30818847099994,
              10.930864914999972
            ],
            [
              -68.30700441999983,
              10.931174935000058
            ],
            [
              -68.30595737799996,
              10.93134494200018
            ],
            [
              -68.30481833299996,
              10.931447947000095
            ],
            [
              -68.30406930299989,
              10.931088947000035
            ],
            [
              -68.30269323699997,
              10.930734942000129
            ],
            [
              -68.30138217299998,
              10.929945929000155
            ],
            [
              -68.30016211499998,
              10.92883491300006
            ],
            [
              -68.29857504599994,
              10.928391911000176
            ],
            [
              -68.29785701499998,
              10.928810922000139
            ],
            [
              -68.29679430499988,
              10.928821071000186
            ],
            [
              -68.29638995399989,
              10.9288249330001
            ],
            [
              -68.2943128579999,
              10.92824992800007
            ],
            [
              -68.29407084199994,
              10.927174902000104
            ],
            [
              -68.29436784799992,
              10.926529888000061
            ],
            [
              -68.29327280399991,
              10.926448891000177
            ],
            [
              -68.29250176799997,
              10.926203887000156
            ],
            [
              -68.29208374799992,
              10.926345900000115
            ],
            [
              -68.29077968999997,
              10.9262899040001
            ],
            [
              -68.28989065599995,
              10.92572489600002
            ],
            [
              -68.28876460099985,
              10.924841883000056
            ],
            [
              -68.2870875289999,
              10.924674884000012
            ],
            [
              -68.28591947399997,
              10.924273883000183
            ],
            [
              -68.28595546299994,
              10.923080851
            ],
            [
              -68.28622546799988,
              10.922001824
            ],
            [
              -68.28675048999992,
              10.920872787000121
            ],
            [
              -68.2875715109999,
              10.918916733000117
            ],
            [
              -68.28849054499989,
              10.917555692
            ],
            [
              -68.28917956399988,
              10.916494650000175
            ],
            [
              -68.28953458099994,
              10.917086670000117
            ],
            [
              -68.29014760999996,
              10.91795168800013
            ],
            [
              -68.29068763699996,
              10.918496702000084
            ],
            [
              -68.29128765999997,
              10.917917683000042
            ],
            [
              -68.29196669499993,
              10.918346690000078
            ],
            [
              -68.29255171799991,
              10.918684689000088
            ],
            [
              -68.29350675899991,
              10.918813685000089
            ],
            [
              -68.29399577899994,
              10.918739679
            ],
            [
              -68.29517683499989,
              10.91804065399998
            ],
            [
              -68.29581884699996,
              10.916979623000032
            ],
            [
              -68.29506481099986,
              10.915955603000043
            ],
            [
              -68.29303972799988,
              10.916021613
            ],
            [
              -68.29321373599998,
              10.91718865200005
            ],
            [
              -68.29263771899997,
              10.91785866600003
            ],
            [
              -68.29197968399995,
              10.917223650999972
            ],
            [
              -68.29192167199994,
              10.915963629000032
            ],
            [
              -68.29189267199996,
              10.915275608
            ],
            [
              -68.29034159099996,
              10.913594567000132
            ],
            [
              -68.28975055799998,
              10.91266054800019
            ],
            [
              -68.28816049399995,
              10.91178254
            ],
            [
              -68.28701343799997,
              10.911128524000105
            ],
            [
              -68.28512234499993,
              10.910459519000085
            ],
            [
              -68.28374227999996,
              10.909784515000183
            ],
            [
              -68.28257223499998,
              10.909039504000077
            ],
            [
              -68.28207120299999,
              10.907715462000112
            ],
            [
              -68.28163717199988,
              10.905977427000096
            ],
            [
              -68.28065412599989,
              10.905459413000074
            ],
            [
              -68.2799490829999,
              10.904641401000049
            ],
            [
              -68.27949905799989,
              10.903820384000085
            ],
            [
              -68.27805299599999,
              10.903421383000023
            ],
            [
              -68.27653092899988,
              10.902496369000062
            ],
            [
              -68.27494985899989,
              10.902695376000054
            ],
            [
              -68.27322979199994,
              10.902986396000188
            ],
            [
              -68.27186773799997,
              10.904237440000145
            ],
            [
              -68.27088669099999,
              10.903903440000022
            ],
            [
              -68.2696086389999,
              10.90416744800018
            ],
            [
              -68.26875060599997,
              10.904588470000022
            ],
            [
              -68.2678435659999,
              10.90464347600016
            ],
            [
              -68.26647250499997,
              10.904862489000038
            ],
            [
              -68.26495643699991,
              10.90453349500018
            ],
            [
              -68.26309836799993,
              10.905009511000117
            ],
            [
              -68.2623153369999,
              10.906071547000067
            ],
            [
              -68.26188532199996,
              10.907405587000142
            ],
            [
              -68.2621523499999,
              10.908617622000179
            ],
            [
              -68.26320239899991,
              10.90897462100014
            ],
            [
              -68.26353441599997,
              10.909635631000128
            ],
            [
              -68.26451546299995,
              10.909970636000025
            ],
            [
              -68.2660735209999,
              10.90984061800009
            ],
            [
              -68.2674195809999,
              10.909392608000132
            ],
            [
              -68.26884064099988,
              10.909470599000144
            ],
            [
              -68.26966068499996,
              10.910035607000168
            ],
            [
              -68.27060072499995,
              10.911057628000094
            ],
            [
              -68.27149177099994,
              10.911805645000072
            ],
            [
              -68.27243182199999,
              10.91278265799997
            ],
            [
              -68.27283684099996,
              10.913878685000157
            ],
            [
              -68.27338587399998,
              10.915340728000103
            ],
            [
              -68.27404390999982,
              10.916113745000189
            ],
            [
              -68.27435793199993,
              10.91732576700008
            ],
            [
              -68.27453595299994,
              10.919042814000136
            ],
            [
              -68.27397393599989,
              10.921340878000024
            ],
            [
              -68.27359793499994,
              10.92356794200009
            ],
            [
              -68.27262289999999,
              10.923897957000122
            ],
            [
              -68.27164585299988,
              10.92402196400019
            ],
            [
              -68.27051181399997,
              10.924697989000094
            ],
            [
              -68.26921076099995,
              10.924985009000011
            ],
            [
              -68.26875274199989,
              10.925952027000108
            ],
            [
              -68.26792071399996,
              10.926556058000074
            ],
            [
              -68.26762470299991,
              10.927316073000156
            ],
            [
              -68.26770171599998,
              10.928163096000162
            ],
            [
              -68.26821973699992,
              10.928845118000083
            ],
            [
              -68.26885376599989,
              10.9294351260001
            ],
            [
              -68.2691177879999,
              10.930304144000047
            ],
            [
              -68.26977481699998,
              10.930871151000133
            ],
            [
              -68.27013284099996,
              10.931899183000098
            ],
            [
              -68.2702408539999,
              10.933594223000057
            ],
            [
              -68.27057987799998,
              10.935103262000098
            ],
            [
              -68.27149692899991,
              10.936080287000038
            ],
            [
              -68.27231897299998,
              10.936920305000058
            ],
            [
              -68.27335101499995,
              10.93785032400001
            ],
            [
              -68.27505809199988,
              10.938613330000067
            ],
            [
              -68.27672017499998,
              10.939697347000163
            ],
            [
              -68.27846226399998,
              10.941835388000072
            ],
            [
              -68.28033934999996,
              10.943467424000062
            ],
            [
              -68.28167842099998,
              10.944807449000052
            ],
            [
              -68.28326150699996,
              10.947405508000145
            ],
            [
              -68.28519961199993,
              10.950755584000035
            ],
            [
              -68.28729571399998,
              10.953440639000064
            ],
            [
              -68.28949283399999,
              10.956972717000099
            ],
            [
              -68.29159595399989,
              10.960527808000165
            ],
            [
              -68.29345605099996,
              10.962824852000153
            ],
            [
              -68.29586217499991,
              10.966354931000126
            ],
            [
              -68.29781627399996,
              10.968764977000035
            ],
            [
              -68.29984837999996,
              10.972069052000109
            ],
            [
              -68.30241350699993,
              10.975139125000055
            ],
            [
              -68.30477162999989,
              10.978371194000033
            ],
            [
              -68.30642672399989,
              10.981266257000016
            ],
            [
              -68.30765178599984,
              10.98285829200006
            ],
            [
              -68.30897985599995,
              10.985481352000022
            ],
            [
              -68.31029992599991,
              10.987325395000084
            ],
            [
              -68.31143799299991,
              10.98960644400006
            ],
            [
              -68.31255405199988,
              10.991934499000081
            ],
            [
              -68.31388013399993,
              10.994419558000061
            ],
            [
              -68.31546921299997,
              10.99653860900014
            ],
            [
              -68.3155052109999,
              10.996751606000089
            ],
            [
              -68.31589924099995,
              10.999106675000178
            ],
            [
              -68.31748834299998,
              11.002945766000153
            ],
            [
              -68.31974547599992,
              11.007970885000134
            ],
            [
              -68.32200160199983,
              11.012858002000144
            ],
            [
              -68.32395771699993,
              11.018003126000053
            ],
            [
              -68.32557779199993,
              11.02220520300017
            ],
            [
              -68.32616329599989,
              11.02372385700005
            ],
            [
              -68.32707490599995,
              11.026348327000164
            ],
            [
              -68.32877099999985,
              11.029428398000164
            ],
            [
              -68.33116414799997,
              11.035899551000114
            ],
            [
              -68.33295226599995,
              11.042332713
            ],
            [
              -68.33462236699995,
              11.046975819000124
            ]
          ]
        ]
      }
    }
  ]
}