{"type": "FeatureCollection", "features": [{"type": "Feature", "properties": {"Pais": "Venezuela", "Estado": "Apure", "Municipio": "Mu\u00f1oz", "Parroquia": "Bruzual"}, "geometry": {"type": "Polygon", "coordinates": [[[-69.41598252599982, 8.067113078999967], [-69.41698357099995, 8.068047093000189], [-69.41813461899989, 8.068204090999984], [-69.42076672699989, 8.068223082000088], [-69.42141075699988, 8.068371084000034], [-69.42339083699994, 8.067277048000108], [-69.42552591799995, 8.06703203000012], [-69.42554865299996, 8.067029429000172], [-69.42690698199988, 8.066874026], [-69.42896506799991, 8.066678013000057], [-69.43095415199991, 8.066479989000186], [-69.43331624599995, 8.066057969000099], [-69.43456429699995, 8.065962971000033], [-69.43463635999996, 8.065918675000091], [-69.43489130699999, 8.06576196399999], [-69.43724640799996, 8.06435191900016], [-69.43792342699987, 8.063880904000143], [-69.43980050399995, 8.06209585900018], [-69.44099654099995, 8.060920824], [-69.44314862099992, 8.059255781], [-69.44463168399989, 8.057533730999978], [-69.44560171099994, 8.05612469800019], [-69.44610073199993, 8.055282677999969], [-69.44685975699986, 8.054054644000189], [-69.4480217929999, 8.052166592999981], [-69.44913582999999, 8.050462555000024], [-69.45023487599997, 8.049606530000176], [-69.45142192899993, 8.049028506000127], [-69.45249515799992, 8.047884631000102], [-69.45298699299985, 8.047360418000153], [-69.45303198599993, 8.047312463000026], [-69.45472004399988, 8.045513418000098], [-69.45996024299995, 8.040635281000164], [-69.45996582099997, 8.040631877000067], [-69.45999156699997, 8.037920276000136], [-69.46003803299982, 8.036626055000056], [-69.46025621599995, 8.030548912000029], [-69.46081679799994, 8.014934838999977], [-69.46087699999987, 8.013258], [-69.435549, 7.67681], [-69.43455099999989, 7.678624], [-69.434371, 7.680166], [-69.43425499999984, 7.682300000000112], [-69.434232, 7.682300000000112], [-69.433078, 7.682987], [-69.43201399999987, 7.684408], [-69.431922, 7.684844], [-69.432082, 7.685693000000185], [-69.4325199999999, 7.686406], [-69.433118, 7.687623000000144], [-69.433786, 7.688863], [-69.433693, 7.689368000000115], [-69.432977, 7.690491000000122], [-69.432514, 7.691156], [-69.432906, 7.691478], [-69.433668, 7.691640000000177], [-69.434522, 7.691412000000128], [-69.43458999999984, 7.69177900000011], [-69.434266, 7.692949000000112], [-69.43401099999988, 7.693614], [-69.433941, 7.694486], [-69.433548, 7.695059], [-69.433662, 7.696115], [-69.434124, 7.696231], [-69.43477, 7.696438000000114], [-69.435739, 7.696462000000167], [-69.435461, 7.697334], [-69.433776, 7.69747], [-69.43312899999984, 7.698043], [-69.431976, 7.697375], [-69.431122, 7.697489], [-69.429483, 7.697923], [-69.428329, 7.698335], [-69.42768299999989, 7.698747], [-69.42812, 7.699574], [-69.4285119999999, 7.700309000000175], [-69.42788699999988, 7.701547], [-69.427241, 7.701500000000124], [-69.4268029999999, 7.701247000000137], [-69.426548, 7.701936000000103], [-69.426547, 7.702601], [-69.426363, 7.702762], [-69.424863, 7.702117], [-69.42426299999988, 7.701657000000125], [-69.422763, 7.701334], [-69.422071, 7.701264], [-69.420871, 7.701607], [-69.419785, 7.702087000000176], [-69.41817, 7.702177000000177], [-69.417547, 7.701809], [-69.41676299999989, 7.701395000000105], [-69.416279, 7.700751000000139], [-69.4166039999999, 7.699535], [-69.417089, 7.698802000000171], [-69.416238, 7.696827], [-69.415362, 7.696068], [-69.414439, 7.695929000000149], [-69.414116, 7.695791], [-69.413655, 7.695721000000162], [-69.412362, 7.695903000000101], [-69.411162, 7.69613100000015], [-69.410216, 7.696336], [-69.409544, 7.69847], [-69.40905899999984, 7.698377000000164], [-69.408022, 7.697779], [-69.407699, 7.697320000000104], [-69.40652299999988, 7.696974], [-69.4063139999999, 7.697708], [-69.404216, 7.696167000000116], [-69.403224, 7.695868], [-69.402324, 7.695568], [-69.400707, 7.696071000000131], [-69.400405, 7.697677000000169], [-69.400266, 7.698801], [-69.400126, 7.699375000000146], [-69.399598, 7.700349], [-69.39926799999984, 7.700459000000137], [-69.398984, 7.700761], [-69.39848599999988, 7.700956], [-69.39848699999988, 7.700268000000108], [-69.397796, 7.699464], [-69.396988, 7.699439], [-69.396111, 7.699645], [-69.395742, 7.699507], [-69.395811, 7.699644], [-69.396063, 7.700723], [-69.396154, 7.701665000000105], [-69.395968, 7.703041], [-69.395021, 7.703912], [-69.394445, 7.703039000000103], [-69.393637, 7.703038000000163], [-69.393061, 7.702854], [-69.393406, 7.703336000000149], [-69.39359, 7.70363500000019], [-69.39356599999985, 7.704576], [-69.393127, 7.705287000000112], [-69.391719, 7.705422], [-69.390843, 7.704595], [-69.390382, 7.703906], [-69.389713, 7.703859], [-69.389666, 7.704479], [-69.388582, 7.704454000000112], [-69.38839799999988, 7.703604], [-69.387292, 7.702088], [-69.386347, 7.701261], [-69.386625, 7.700343000000146], [-69.3861179999999, 7.699998000000164], [-69.38602599999984, 7.699608], [-69.38623399999989, 7.699195], [-69.385981, 7.698712000000171], [-69.384849, 7.699721000000181], [-69.384226, 7.700018], [-69.383855, 7.700982], [-69.383716, 7.701877], [-69.382976, 7.703184], [-69.38295299999987, 7.703069], [-69.38189, 7.703618], [-69.38219, 7.704032], [-69.382512, 7.704629000000182], [-69.382849, 7.704823], [-69.382682, 7.705281000000127], [-69.381703, 7.705982], [-69.381126, 7.705729], [-69.380965, 7.705246000000102], [-69.38020399999988, 7.705153], [-69.378794, 7.706460000000163], [-69.37911799999989, 7.706506], [-69.379671, 7.706507000000158], [-69.38020199999988, 7.706622], [-69.380294, 7.706852], [-69.379831, 7.707769], [-69.379069, 7.708663000000172], [-69.377984, 7.708639000000176], [-69.376716, 7.707558], [-69.375725, 7.70579000000015], [-69.376026, 7.704987000000131], [-69.376188, 7.704849], [-69.376559, 7.70434500000016], [-69.376028, 7.703311], [-69.37457599999988, 7.702254000000153], [-69.37386, 7.702367], [-69.373029, 7.702664000000141], [-69.371944, 7.702801], [-69.370997, 7.703396000000112], [-69.37049, 7.703441000000112], [-69.37016599999987, 7.704106], [-69.36949499999986, 7.70539], [-69.368731, 7.707294], [-69.36873, 7.707639], [-69.367507, 7.708027000000129], [-69.366861, 7.707819], [-69.36695399999985, 7.707246000000168], [-69.367347, 7.706764], [-69.367556, 7.705915000000175], [-69.366886, 7.705915000000175], [-69.3652479999999, 7.705797000000189], [-69.363934, 7.704786], [-69.36157799999984, 7.706159000000127], [-69.360863, 7.705906000000141], [-69.360562, 7.706548000000168], [-69.36090699999983, 7.707398000000126], [-69.3597989999999, 7.707925], [-69.359384, 7.707464], [-69.358369, 7.707394], [-69.357331, 7.706979000000103], [-69.357194, 7.706267], [-69.357194, 7.705671], [-69.35678, 7.705165000000136], [-69.35641, 7.705188], [-69.354886, 7.706103], [-69.35433099999989, 7.706769000000122], [-69.354584, 7.707733000000133], [-69.354236, 7.709133000000179], [-69.35400299999986, 7.709993000000111], [-69.353993, 7.709994000000165], [-69.3539219999999, 7.710077000000126], [-69.352988, 7.710118000000136], [-69.3525029999999, 7.710760000000164], [-69.3517169999999, 7.711126], [-69.351648, 7.710483000000124], [-69.35104899999988, 7.710069], [-69.350288, 7.709701000000109], [-69.350012, 7.709287000000131], [-69.350013, 7.708300000000179], [-69.349437, 7.707611], [-69.348236, 7.707862], [-69.34775, 7.708962], [-69.34721899999988, 7.709237], [-69.34691899999984, 7.709535], [-69.347402, 7.710385], [-69.347563, 7.711074], [-69.34820799999989, 7.712062], [-69.34829599999989, 7.712117000000148], [-69.34805299999988, 7.712072000000148], [-69.347368, 7.712289000000169], [-69.34735, 7.714129000000185], [-69.349222, 7.716902000000118], [-69.348224, 7.717226], [-69.34762299999983, 7.718143000000111], [-69.347184, 7.718326000000161], [-69.346469, 7.717980000000125], [-69.346192, 7.718095], [-69.345523, 7.71791], [-69.345778, 7.717199000000164], [-69.345317, 7.716785], [-69.34474, 7.716876], [-69.34388499999989, 7.717219], [-69.343239, 7.717241000000115], [-69.343194, 7.71669], [-69.343287, 7.715979000000118], [-69.343287, 7.715956000000176], [-69.342551, 7.714348], [-69.341906, 7.713567], [-69.341238, 7.712579000000176], [-69.340777, 7.712257], [-69.3397609999999, 7.712324], [-69.33913699999988, 7.713012000000106], [-69.338999, 7.712851000000114], [-69.338353, 7.712345], [-69.33796199999983, 7.711403], [-69.337616, 7.711196000000143], [-69.337501, 7.711013], [-69.335791, 7.712525], [-69.335653, 7.712502], [-69.3343129999999, 7.713647], [-69.332905, 7.71412700000019], [-69.331913, 7.713758], [-69.33071299999983, 7.713710000000162], [-69.330574, 7.713710000000162], [-69.329075, 7.713478000000123], [-69.328037, 7.712834000000157], [-69.327159, 7.712993000000154], [-69.32725, 7.713521000000128], [-69.327619, 7.714394], [-69.328034, 7.714831000000174], [-69.326532, 7.71565500000014], [-69.32625599999983, 7.715241000000162], [-69.325679, 7.714689], [-69.32537999999983, 7.714207], [-69.324989, 7.713655], [-69.324874, 7.713426], [-69.32483, 7.711796], [-69.32386, 7.712277], [-69.323188, 7.713928], [-69.322772, 7.7148], [-69.322401, 7.715396], [-69.321199, 7.716748000000166], [-69.321087, 7.717793000000142], [-69.320795, 7.717905000000144], [-69.320282, 7.719271], [-69.319003, 7.719682], [-69.318448, 7.720393000000115], [-69.318285, 7.72126500000013], [-69.317822, 7.722228], [-69.317868, 7.722687], [-69.317639, 7.723089], [-69.316868, 7.723813000000121], [-69.316872, 7.723823], [-69.31662, 7.723948000000121], [-69.316321, 7.723190000000102], [-69.31622699999986, 7.724016], [-69.316111, 7.724452], [-69.315511, 7.724956000000191], [-69.31551, 7.725392], [-69.315671, 7.725943000000143], [-69.316247, 7.72619600000013], [-69.316177, 7.727045], [-69.315415, 7.727044], [-69.314746, 7.727295], [-69.314744, 7.72842], [-69.314928, 7.729247000000157], [-69.314742, 7.730027], [-69.314694, 7.730990000000133], [-69.315526, 7.73051], [-69.315871, 7.731291000000169], [-69.31552299999987, 7.732323000000122], [-69.315822, 7.733287], [-69.31462, 7.734456], [-69.314042, 7.735488000000146], [-69.31328, 7.735280000000159], [-69.31272599999988, 7.735279], [-69.313279, 7.736474], [-69.313925, 7.736429], [-69.314317, 7.736659], [-69.314293, 7.737003], [-69.313232, 7.736979], [-69.313094, 7.736359000000107], [-69.31293099999988, 7.737804], [-69.31285999999989, 7.73847000000012], [-69.31276599999984, 7.739686], [-69.313089, 7.7400540000001], [-69.313503, 7.740881000000115], [-69.313571, 7.741661], [-69.31384699999984, 7.742190000000107], [-69.31280899999985, 7.742371000000162], [-69.312577, 7.742991], [-69.311999, 7.743449000000169], [-69.31096, 7.74370000000016], [-69.3108, 7.743149], [-69.310385, 7.742299], [-69.309646, 7.742871], [-69.309922, 7.743583], [-69.30946, 7.744043], [-69.309044, 7.744065000000148], [-69.308861, 7.743191000000138], [-69.30768399999988, 7.743281000000138], [-69.307292, 7.743005], [-69.306923, 7.742569000000174], [-69.30690099999987, 7.742270000000133], [-69.306416, 7.742246], [-69.305262, 7.742405000000133], [-69.30493899999988, 7.742474000000129], [-69.3046169999999, 7.74167], [-69.305033, 7.740982000000145], [-69.305473, 7.739835], [-69.304019, 7.740246000000184], [-69.303996, 7.739603000000102], [-69.30381199999988, 7.739511000000107], [-69.302797, 7.739349], [-69.30198699999988, 7.740472], [-69.301847, 7.741459], [-69.301801, 7.741849000000116], [-69.301476, 7.742607000000135], [-69.300622, 7.742491000000143], [-69.300345, 7.742192], [-69.299929, 7.742696], [-69.3001589999999, 7.743454], [-69.29942, 7.743315000000109], [-69.299329, 7.742925000000128], [-69.298659, 7.742924], [-69.298936, 7.743131000000119], [-69.29881899999987, 7.74398], [-69.298266, 7.743749], [-69.29794299999986, 7.743657000000155], [-69.297112, 7.743334], [-69.296813, 7.743012], [-69.296375, 7.74269], [-69.29602899999986, 7.742254], [-69.295591, 7.742161000000181], [-69.29561299999989, 7.743033], [-69.29561299999989, 7.743171], [-69.29519599999986, 7.744203], [-69.294203, 7.744018000000153], [-69.29406499999988, 7.744132], [-69.2937409999999, 7.744522000000131], [-69.294803, 7.744639], [-69.294802, 7.744937000000164], [-69.29464, 7.745442], [-69.294639, 7.745832000000178], [-69.293691, 7.746932], [-69.293345, 7.747046], [-69.292515, 7.746471], [-69.291939, 7.745781], [-69.291478, 7.745735000000138], [-69.290647, 7.745527000000152], [-69.290647, 7.745366000000161], [-69.290787, 7.744632], [-69.290372, 7.744264000000101], [-69.29018799999983, 7.74343800000014], [-69.290166, 7.74307], [-69.29018999999988, 7.742496000000187], [-69.290676, 7.741258], [-69.28998399999989, 7.741073], [-69.289684, 7.74105], [-69.28915399999988, 7.740819000000158], [-69.2889459999999, 7.740612], [-69.28915499999988, 7.7402], [-69.28936399999986, 7.73925800000012], [-69.288972, 7.739074000000187], [-69.287933, 7.738866], [-69.287978, 7.739670000000103], [-69.28827799999988, 7.740267000000131], [-69.287885, 7.740703000000167], [-69.28728499999988, 7.740357000000131], [-69.286848, 7.739484000000175], [-69.286687, 7.738978], [-69.28692, 7.73767], [-69.286435, 7.737738000000149], [-69.28602, 7.737348], [-69.285766, 7.737232], [-69.285467, 7.736888], [-69.283874, 7.737275], [-69.28369, 7.7366320000001], [-69.282837, 7.736447], [-69.281866, 7.737387], [-69.281402, 7.738718], [-69.281355, 7.739544], [-69.2815849999999, 7.740004], [-69.28186099999988, 7.740716], [-69.282276, 7.741244000000165], [-69.28262099999989, 7.741933000000131], [-69.28232, 7.742392000000109], [-69.281558, 7.742804], [-69.28105, 7.742803], [-69.280704, 7.74268700000016], [-69.27957399999985, 7.74202], [-69.279252, 7.74156], [-69.278883, 7.741330000000175], [-69.279208, 7.740137], [-69.278516, 7.739516], [-69.277663, 7.739194000000168], [-69.27727, 7.739124], [-69.277548, 7.738643], [-69.277803, 7.738184000000103], [-69.278218, 7.738575000000139], [-69.27794199999983, 7.737679], [-69.277642, 7.737425], [-69.276649, 7.737425], [-69.276026, 7.737194], [-69.275265, 7.736893], [-69.274943, 7.736526], [-69.274181, 7.736387], [-69.27402, 7.736341], [-69.27341799999988, 7.737121], [-69.2731629999999, 7.737993], [-69.273229, 7.740013], [-69.273321, 7.740632000000119], [-69.273135, 7.741596000000129], [-69.27318, 7.741872], [-69.273387, 7.74285900000018], [-69.27278499999989, 7.743615], [-69.272324, 7.74356900000015], [-69.272185, 7.743522000000155], [-69.271678, 7.743613], [-69.271976, 7.744348000000116], [-69.27183699999989, 7.744899], [-69.27119, 7.745494], [-69.27015299999982, 7.744804], [-69.26999199999989, 7.744322], [-69.269717, 7.743059], [-69.269602, 7.742462], [-69.269049, 7.741773], [-69.268219, 7.741771], [-69.26782599999984, 7.742023000000131], [-69.26715599999983, 7.742527], [-69.266717, 7.742572], [-69.265979, 7.742410000000177], [-69.265979, 7.742456], [-69.264847, 7.742890000000102], [-69.26464, 7.742844], [-69.2632559999999, 7.741969], [-69.26270199999988, 7.741877000000102], [-69.262286, 7.74222], [-69.261893, 7.74290800000017], [-69.261874, 7.742898], [-69.261493, 7.741905000000145], [-69.26124899999985, 7.741754], [-69.26124899999985, 7.741668], [-69.26191799999987, 7.741393], [-69.261274, 7.740451], [-69.260859, 7.740152], [-69.261136, 7.739785], [-69.261529, 7.73925800000012], [-69.261553, 7.738799], [-69.261069, 7.738798], [-69.261092, 7.738500000000101], [-69.261508, 7.737881], [-69.26144, 7.737169000000108], [-69.26091, 7.736847000000125], [-69.260726, 7.736709], [-69.259594, 7.737212000000113], [-69.25897, 7.737624], [-69.258369, 7.738381], [-69.25737599999985, 7.738585], [-69.256984, 7.738493], [-69.25612999999987, 7.738469], [-69.255946, 7.738078], [-69.255738, 7.738376000000187], [-69.254675, 7.739361000000144], [-69.253658, 7.740232000000105], [-69.253102, 7.740575], [-69.25245499999983, 7.741216000000122], [-69.252363, 7.740918], [-69.252433, 7.740689], [-69.252434, 7.739908], [-69.251834, 7.739792], [-69.250956, 7.740617000000157], [-69.250494, 7.741006], [-69.250401, 7.741328000000181], [-69.250262, 7.741832000000102], [-69.250422, 7.742682000000116], [-69.251066, 7.744083], [-69.251204, 7.744496], [-69.25141, 7.7453], [-69.25254199999989, 7.744935], [-69.25300399999986, 7.745257], [-69.253026, 7.745808000000125], [-69.252077, 7.746701], [-69.25133899999986, 7.74647], [-69.250554, 7.746561], [-69.24993099999989, 7.746560000000159], [-69.24900799999989, 7.746558], [-69.247992, 7.746786], [-69.247992, 7.746809000000155], [-69.247898, 7.748071000000152], [-69.246927, 7.748896000000173], [-69.246904, 7.748918], [-69.24554199999983, 7.749054000000115], [-69.244873, 7.74900700000012], [-69.244734, 7.74900700000012], [-69.244272, 7.749786], [-69.243487, 7.749739000000147], [-69.2426789999999, 7.749554000000103], [-69.241619, 7.748565000000156], [-69.24113599999987, 7.747967], [-69.240353, 7.746428], [-69.23991599999982, 7.745946000000174], [-69.239455, 7.745302], [-69.23880899999989, 7.745324], [-69.238786, 7.745324], [-69.238784, 7.74638], [-69.238876, 7.746862000000135], [-69.238344, 7.747090000000128], [-69.237537, 7.746928], [-69.237561, 7.746309], [-69.237585, 7.745666], [-69.237656, 7.744840000000124], [-69.237032, 7.744885000000124], [-69.235854, 7.745709], [-69.235322, 7.746419], [-69.234628, 7.747405], [-69.23388799999987, 7.748046], [-69.233704, 7.747702000000174], [-69.233127, 7.747838], [-69.232528, 7.747287], [-69.23202, 7.747194], [-69.231883, 7.746505], [-69.232161, 7.746024], [-69.2329, 7.745772000000159], [-69.2331779999999, 7.744832], [-69.232624, 7.744716], [-69.231817, 7.74483], [-69.23161, 7.744186], [-69.230756, 7.743887], [-69.230755, 7.744460000000117], [-69.2305, 7.74519400000014], [-69.230154, 7.745423], [-69.2295539999999, 7.745583000000181], [-69.228999, 7.745283], [-69.22863, 7.745053], [-69.22863, 7.74503], [-69.22863, 7.744893000000104], [-69.229024, 7.743975000000148], [-69.229024, 7.74386], [-69.22967299999988, 7.742921], [-69.229027, 7.742369000000167], [-69.228612, 7.742184000000123], [-69.228543, 7.74181700000014], [-69.22868199999988, 7.741450000000157], [-69.22842899999989, 7.741059000000121], [-69.228129, 7.740944000000184], [-69.227506, 7.741035], [-69.226651, 7.741699000000153], [-69.225289, 7.742041], [-69.224389, 7.742016], [-69.2238119999999, 7.741763000000105], [-69.223212, 7.741647000000114], [-69.222427, 7.74194400000016], [-69.221826, 7.742356000000143], [-69.221434, 7.742217], [-69.221204, 7.741482000000133], [-69.220582, 7.7410220000001], [-69.219959, 7.741136], [-69.220004, 7.741618000000187], [-69.22028, 7.742009], [-69.220418, 7.742468], [-69.21951699999988, 7.742879], [-69.219125, 7.742833000000189], [-69.21889499999986, 7.742534000000148], [-69.2182719999999, 7.742487000000153], [-69.21760299999988, 7.742325], [-69.217211, 7.742003], [-69.217212, 7.741452000000152], [-69.21714299999985, 7.741177000000107], [-69.218322, 7.740169], [-69.2190609999999, 7.739849], [-69.220169, 7.739346000000126], [-69.22005499999989, 7.738543000000107], [-69.219525, 7.738335000000177], [-69.219087, 7.73799], [-69.219088, 7.737416000000167], [-69.21925, 7.736889], [-69.218998, 7.735855000000129], [-69.218745, 7.73535], [-69.21814599999988, 7.734752000000185], [-69.21757, 7.734292], [-69.217409, 7.734131000000104], [-69.216832, 7.733946000000117], [-69.216578, 7.733762000000127], [-69.215886, 7.733761], [-69.21524, 7.733760000000132], [-69.21401599999984, 7.73435400000011], [-69.213924, 7.734125000000176], [-69.213786, 7.733826000000136], [-69.213047, 7.733595], [-69.212539, 7.733778], [-69.212769, 7.734237000000178], [-69.212468, 7.734902000000147], [-69.212722, 7.735293000000183], [-69.212698, 7.735867], [-69.212234, 7.736922000000106], [-69.21218699999986, 7.737564000000134], [-69.21207, 7.738413], [-69.212462, 7.738896], [-69.212945, 7.739700000000141], [-69.212829, 7.740021], [-69.21201999999988, 7.740892000000144], [-69.2108649999999, 7.741165], [-69.209758, 7.740865], [-69.209158, 7.740818], [-69.208858, 7.74068], [-69.20849, 7.739899], [-69.207775, 7.739851], [-69.20726799999989, 7.739437], [-69.206922, 7.739253], [-69.206715, 7.738931], [-69.206208, 7.738632], [-69.205884, 7.738654], [-69.204821, 7.739066], [-69.203967, 7.739064], [-69.20352999999989, 7.738444000000129], [-69.20352999999989, 7.738214], [-69.20322999999985, 7.738053], [-69.20286099999987, 7.738075000000151], [-69.20260699999989, 7.738350000000139], [-69.202282, 7.739107000000104], [-69.201798, 7.738922], [-69.2015679999999, 7.738509], [-69.200761, 7.73775], [-69.200553, 7.738002000000108], [-69.200069, 7.737932], [-69.199353, 7.73839], [-69.198683, 7.738435], [-69.198682, 7.738962000000186], [-69.19902699999989, 7.739766], [-69.198888, 7.740179000000126], [-69.198287, 7.740614], [-69.197755, 7.741302000000132], [-69.197708, 7.741921], [-69.197915, 7.74245], [-69.198098, 7.743024000000162], [-69.19789, 7.743230000000153], [-69.197982, 7.743804], [-69.19805, 7.744584], [-69.198256, 7.745182], [-69.19823199999985, 7.745939000000135], [-69.197816, 7.746007], [-69.196592, 7.746418000000119], [-69.1957359999999, 7.747793], [-69.195805, 7.748138], [-69.19555, 7.748665], [-69.19398, 7.748869], [-69.19319699999988, 7.748271000000159], [-69.19273599999985, 7.747971], [-69.19257399999987, 7.747787], [-69.191951, 7.747717], [-69.19139799999988, 7.747579], [-69.190706, 7.746866], [-69.190708, 7.746177000000102], [-69.19010899999984, 7.745396000000142], [-69.19010999999989, 7.744638000000123], [-69.189095, 7.744659], [-69.189093, 7.745738000000188], [-69.188883, 7.746679], [-69.18909, 7.74746], [-69.188835, 7.748285], [-69.188189, 7.747940000000142], [-69.187751, 7.747778], [-69.187174, 7.747479000000169], [-69.187289, 7.747571000000164], [-69.18548799999985, 7.748348000000135], [-69.18465499999985, 7.749471000000142], [-69.183824, 7.749768], [-69.182901, 7.749468], [-69.182602, 7.748916], [-69.181448, 7.748868000000186], [-69.18029399999989, 7.748108000000173], [-69.180064, 7.747993], [-69.179141, 7.747900000000186], [-69.179071, 7.747923000000128], [-69.178079, 7.747898], [-69.177988, 7.747255000000109], [-69.177827, 7.746566000000144], [-69.177875, 7.745786], [-69.177553, 7.744959], [-69.177301, 7.744339], [-69.1767, 7.744383], [-69.176262, 7.744176], [-69.176009, 7.743717000000117], [-69.175594, 7.743326], [-69.174556, 7.743324000000143], [-69.17278, 7.742678000000126], [-69.17234, 7.743182000000104], [-69.1706319999999, 7.74356900000015], [-69.170309, 7.743270000000109], [-69.170079, 7.743131000000119], [-69.16964, 7.74336], [-69.1688769999999, 7.743772], [-69.168255, 7.743403], [-69.167702, 7.742783000000145], [-69.167264, 7.74269], [-69.166525, 7.742849], [-69.165877, 7.743789], [-69.165623, 7.744179], [-69.164767, 7.744957], [-69.164073, 7.74585100000013], [-69.163426, 7.746263000000113], [-69.16296299999988, 7.747088000000133], [-69.162178, 7.747638], [-69.16058399999986, 7.748185000000149], [-69.16028299999982, 7.748919000000114], [-69.159773, 7.75002000000012], [-69.15933299999989, 7.751052], [-69.159239, 7.751694], [-69.15849999999989, 7.751922], [-69.158039, 7.751807000000156], [-69.15741599999984, 7.751737], [-69.156977, 7.751575000000173], [-69.156031, 7.751321], [-69.155985, 7.750999], [-69.155062, 7.750699000000168], [-69.15483199999989, 7.750607000000173], [-69.15404699999988, 7.750743], [-69.153424, 7.750742000000173], [-69.152593, 7.750649000000124], [-69.152294, 7.750235000000146], [-69.15197199999989, 7.749614], [-69.151626, 7.749201], [-69.151419, 7.748971], [-69.150773, 7.748832], [-69.15052, 7.748556000000121], [-69.150289, 7.748693], [-69.149157, 7.748852000000113], [-69.148488, 7.748667], [-69.148813, 7.747726], [-69.148445, 7.747175], [-69.14803, 7.746784], [-69.147777, 7.746393], [-69.1469, 7.746391], [-69.146116, 7.746183], [-69.144939, 7.746227000000147], [-69.14443099999988, 7.746386], [-69.143854, 7.74611], [-69.142908, 7.746062000000165], [-69.142538, 7.746199000000161], [-69.142214, 7.746864], [-69.142097, 7.747874], [-69.140826, 7.748789], [-69.14105399999988, 7.749914], [-69.13959699999987, 7.751518], [-69.138675, 7.751057000000117], [-69.138121, 7.751056], [-69.137913, 7.751055000000122], [-69.137059, 7.75149], [-69.135881, 7.751855], [-69.13505, 7.751853], [-69.134751, 7.751485000000173], [-69.135236, 7.750889], [-69.133737, 7.750221], [-69.132977, 7.749209000000121], [-69.1325159999999, 7.748681000000147], [-69.132378, 7.748451000000159], [-69.13157, 7.748587], [-69.130738, 7.74922800000013], [-69.129999, 7.74945600000018], [-69.128867, 7.750165], [-69.127988, 7.750806000000125], [-69.126487, 7.751423], [-69.125979, 7.7515590000001], [-69.125056, 7.751695000000154], [-69.1244329999999, 7.751464], [-69.1235559999999, 7.751508000000115], [-69.122632, 7.751621], [-69.1216859999999, 7.75178], [-69.1206959999999, 7.750516000000118], [-69.120005, 7.749734], [-69.11989099999988, 7.748793], [-69.12014599999986, 7.748197], [-69.120101, 7.747691000000145], [-69.11985, 7.746153], [-69.119574, 7.745877000000121], [-69.118674, 7.745485], [-69.11784299999982, 7.745484000000147], [-69.1166429999999, 7.745779], [-69.115881, 7.746030000000189], [-69.114772, 7.746487000000172], [-69.113825, 7.74685200000016], [-69.112416, 7.747515000000135], [-69.11202199999985, 7.748203], [-69.11066, 7.748498], [-69.10994399999987, 7.747946], [-69.109623, 7.747211], [-69.110665, 7.745721], [-69.1111499999999, 7.745401000000186], [-69.112006, 7.744462000000112], [-69.111592, 7.74391], [-69.111385, 7.743588000000102], [-69.110717, 7.742898], [-69.110531, 7.742829], [-69.109469, 7.743125], [-69.10873, 7.743147], [-69.10835999999989, 7.743467], [-69.106974, 7.744589000000133], [-69.10651, 7.745391], [-69.105125, 7.745893], [-69.104317, 7.745846], [-69.10390199999989, 7.745822], [-69.10311599999989, 7.746302000000128], [-69.102885, 7.746577000000173], [-69.102837, 7.747357], [-69.10295, 7.748782000000176], [-69.10306399999985, 7.749333], [-69.103895, 7.749151000000154], [-69.104726, 7.749038], [-69.105395, 7.749521], [-69.10585499999985, 7.749981], [-69.10597, 7.750624000000187], [-69.105967, 7.751841000000127], [-69.105597, 7.752368], [-69.105227, 7.752757], [-69.104672, 7.753215000000125], [-69.10360899999989, 7.753718], [-69.102432, 7.754037], [-69.10167, 7.754219], [-69.100469, 7.754652], [-69.099361, 7.754765000000134], [-69.0980679999999, 7.754601], [-69.097631, 7.754302], [-69.096777, 7.754048000000125], [-69.095924, 7.753541], [-69.094587, 7.75262], [-69.093665, 7.752136], [-69.092835, 7.75179], [-69.09244299999989, 7.751583], [-69.091842, 7.751742], [-69.0914939999999, 7.752820000000156], [-69.0915389999999, 7.753394], [-69.09107399999988, 7.755], [-69.091004, 7.755459], [-69.090472, 7.756192], [-69.089594, 7.75658], [-69.089178, 7.756809000000146], [-69.088554, 7.757542], [-69.088345, 7.758207], [-69.088435, 7.759034], [-69.088434, 7.759722000000124], [-69.088962, 7.760963000000118], [-69.0894909999999, 7.762272], [-69.089628, 7.763122], [-69.088934, 7.763487], [-69.088473, 7.763670000000104], [-69.087479, 7.76392], [-69.086671, 7.764401], [-69.085886, 7.764215], [-69.085541, 7.763939000000164], [-69.084734, 7.763570000000186], [-69.083625, 7.763247], [-69.083187, 7.763039000000106], [-69.083304, 7.762580000000128], [-69.081087, 7.763149000000169], [-69.08069399999982, 7.763378000000102], [-69.080231, 7.763974], [-69.079007, 7.764247], [-69.078638, 7.76401600000014], [-69.077808, 7.763533000000109], [-69.077024, 7.763531000000171], [-69.07566199999985, 7.763436000000127], [-69.075016, 7.763412], [-69.074971, 7.762999], [-69.075318, 7.762563000000171], [-69.075642, 7.762036], [-69.07532, 7.761347000000114], [-69.07400399999989, 7.761528000000169], [-69.07338, 7.761939], [-69.073102, 7.762513000000126], [-69.07323899999983, 7.763431], [-69.073237, 7.764441000000147], [-69.073349, 7.765887], [-69.073208, 7.767447000000175], [-69.073114, 7.767929], [-69.072306, 7.768042], [-69.071498, 7.76804], [-69.070529, 7.767924], [-69.069676, 7.767555], [-69.069308, 7.767141], [-69.069262, 7.766590000000122], [-69.069957, 7.765627], [-69.070351, 7.764802000000145], [-69.070929, 7.764137], [-69.071277, 7.76322000000016], [-69.0711629999999, 7.762669], [-69.070887, 7.76237], [-69.069988, 7.761817], [-69.068973, 7.761379], [-69.0683729999999, 7.761125], [-69.067243, 7.760778], [-69.066342, 7.761350000000164], [-69.06587999999988, 7.761602], [-69.064655, 7.762196000000188], [-69.064563, 7.762196000000188], [-69.063571, 7.761872], [-69.06292599999989, 7.761113], [-69.062281, 7.760446000000172], [-69.061497, 7.760123], [-69.060435, 7.760121], [-69.060803, 7.76081], [-69.060108, 7.76175], [-69.060085, 7.762002000000109], [-69.059945, 7.762782000000186], [-69.059736, 7.763057000000174], [-69.05837399999984, 7.763353000000166], [-69.058027, 7.763673], [-69.05680199999989, 7.76452], [-69.055185, 7.765251], [-69.054608, 7.765364], [-69.0540989999999, 7.765799], [-69.05389, 7.766373000000101], [-69.052875, 7.766301], [-69.052899, 7.765590000000145], [-69.052947, 7.764856000000179], [-69.05241699999988, 7.764464], [-69.051725, 7.764096000000166], [-69.05050199999988, 7.763955], [-69.049996, 7.763128], [-69.049787, 7.76377], [-69.04976199999987, 7.764504], [-69.050154, 7.764895], [-69.049921, 7.765836], [-69.04975699999989, 7.767350000000135], [-69.049431, 7.768451], [-69.049314, 7.769277], [-69.0498439999999, 7.769669000000135], [-69.050651, 7.770061], [-69.05108899999988, 7.770245], [-69.052081, 7.770684000000131], [-69.052588, 7.770868], [-69.05274999999983, 7.770846000000176], [-69.054136, 7.770481000000188], [-69.055567, 7.77055300000012], [-69.056559, 7.770533], [-69.057665, 7.771338], [-69.057665, 7.771476], [-69.057571, 7.772096], [-69.056577, 7.773126], [-69.055929, 7.773722000000134], [-69.05511899999982, 7.775074], [-69.054632, 7.776037], [-69.054654, 7.776726000000167], [-69.054654, 7.776771000000167], [-69.055067, 7.777851000000169], [-69.055204, 7.778769], [-69.055317, 7.779825], [-69.055314, 7.781088000000125], [-69.055127, 7.782189], [-69.055126, 7.782809], [-69.054939, 7.783795000000111], [-69.05479899999989, 7.784621], [-69.054404, 7.785975000000178], [-69.054031, 7.787604000000101], [-69.053752, 7.788682000000165], [-69.053059, 7.789255000000139], [-69.052181, 7.789712000000122], [-69.051442, 7.789848000000177], [-69.050656, 7.790144000000168], [-69.050401, 7.790947000000131], [-69.051046, 7.791545], [-69.051045, 7.792050000000131], [-69.05083499999984, 7.793014], [-69.050395, 7.793701000000112], [-69.050763, 7.794299], [-69.05087699999984, 7.795309], [-69.05112899999989, 7.795906000000116], [-69.05069, 7.796112000000107], [-69.04949, 7.796247000000108], [-69.049397, 7.796224000000166], [-69.048936, 7.796108000000117], [-69.04854399999988, 7.795694], [-69.048407, 7.795281000000102], [-69.04792299999986, 7.795027], [-69.047369, 7.795026000000121], [-69.0463519999999, 7.795368], [-69.046006, 7.795528000000104], [-69.045174, 7.795962000000145], [-69.0437189999999, 7.796188], [-69.04300399999988, 7.796141], [-69.042589, 7.795819], [-69.042382, 7.795290000000136], [-69.041643, 7.795564], [-69.041942, 7.795978], [-69.04143199999987, 7.797078000000113], [-69.041777, 7.797837000000186], [-69.042076, 7.798319000000106], [-69.042491, 7.798596], [-69.04313699999989, 7.798666], [-69.04392199999984, 7.798438], [-69.044823, 7.797981], [-69.046048, 7.797341000000188], [-69.046071, 7.797341000000188], [-69.04676299999988, 7.797595], [-69.04676299999988, 7.797894], [-69.046646, 7.798536000000126], [-69.045282, 7.79952], [-69.044912, 7.799772], [-69.04378, 7.800366], [-69.042417, 7.800936], [-69.04209299999985, 7.801028], [-69.040325, 7.801699], [-69.039991, 7.801283], [-69.039947, 7.800701], [-69.039856, 7.800196], [-69.03967199999988, 7.799691000000109], [-69.03942, 7.79925400000019], [-69.039328, 7.798979], [-69.038289, 7.798816], [-69.037251, 7.798607000000118], [-69.037021, 7.798193], [-69.036814, 7.797803], [-69.036608, 7.797159], [-69.036263, 7.796424000000172], [-69.036033, 7.796194000000128], [-69.03568699999988, 7.795803000000149], [-69.03480999999988, 7.795847], [-69.034441, 7.79591500000015], [-69.033447, 7.79589], [-69.03347099999985, 7.795706000000109], [-69.033518, 7.795156], [-69.034143, 7.794652], [-69.03446699999984, 7.794286], [-69.034491, 7.794056000000182], [-69.034493, 7.793069], [-69.033893, 7.792448], [-69.033247, 7.79205700000017], [-69.033017, 7.791827000000126], [-69.032184, 7.792949], [-69.032252, 7.79359200000016], [-69.031649, 7.794784], [-69.031577, 7.795909], [-69.03116, 7.796619000000135], [-69.031089, 7.797629], [-69.030903, 7.798179], [-69.030716, 7.799556000000166], [-69.030576, 7.800359000000128], [-69.030043, 7.801047], [-69.029488, 7.801458000000139], [-69.029004, 7.801434], [-69.027782, 7.800766], [-69.027575, 7.800215000000151], [-69.02676799999989, 7.7998], [-69.02651499999985, 7.799524000000133], [-69.025408, 7.798970000000168], [-69.025132, 7.798304], [-69.02455599999985, 7.797936], [-69.024533, 7.797936], [-69.024347, 7.798486], [-69.024369, 7.798876000000178], [-69.024276, 7.799519], [-69.024159, 7.800299000000166], [-69.02360399999986, 7.800848], [-69.023165, 7.800847], [-69.022819, 7.800502], [-69.022382, 7.799996000000135], [-69.022244, 7.799835000000144], [-69.021875, 7.799513000000161], [-69.021622, 7.799375000000111], [-69.021206, 7.799259], [-69.021091, 7.799259], [-69.020189, 7.800198000000137], [-69.01997999999986, 7.800748000000169], [-69.018616, 7.801801], [-69.018453, 7.802214000000163], [-69.017828, 7.803016], [-69.018173, 7.803889], [-69.01817, 7.805013], [-69.017822, 7.805907], [-69.017821, 7.806321000000139], [-69.017867, 7.806688000000122], [-69.018697, 7.806896000000108], [-69.019527, 7.807587], [-69.02001, 7.808162], [-69.02026399999988, 7.808392], [-69.021209, 7.808669], [-69.021671, 7.808716], [-69.022433, 7.808557], [-69.0227799999999, 7.808145], [-69.023451, 7.807665000000156], [-69.024281, 7.807712000000151], [-69.024511, 7.808333000000175], [-69.024486, 7.809388], [-69.023838, 7.810213000000147], [-69.023352, 7.810487], [-69.021874, 7.811173000000167], [-69.02148099999988, 7.811309], [-69.019932, 7.812247000000184], [-69.01914699999986, 7.812475], [-69.017553, 7.812861], [-69.016491, 7.813318], [-69.016329, 7.813409], [-69.015012, 7.813728], [-69.014341, 7.81478200000015], [-69.013901, 7.815423], [-69.013739, 7.815630000000169], [-69.012375, 7.816499000000135], [-69.012004, 7.817095], [-69.011795, 7.817599], [-69.01147, 7.818700000000149], [-69.012, 7.819091000000185], [-69.012207, 7.819597000000101], [-69.01218199999983, 7.820377000000178], [-69.011904, 7.821042000000148], [-69.011532, 7.821937000000105], [-69.011763, 7.822053], [-69.012455, 7.822467], [-69.013123, 7.823066], [-69.013838, 7.823136], [-69.015245, 7.823713000000168], [-69.016721, 7.824199], [-69.01905, 7.825512000000117], [-69.019073, 7.825811], [-69.01821799999982, 7.8259690000001], [-69.01768699999985, 7.825968], [-69.016555, 7.826241], [-69.016463, 7.82628700000015], [-69.015007, 7.826949000000184], [-69.014059, 7.8276350000001], [-69.01357399999989, 7.827772], [-69.012674, 7.827724], [-69.0126049999999, 7.827586000000167], [-69.012374, 7.82763100000011], [-69.011612, 7.827698000000169], [-69.010458, 7.827696000000174], [-69.00997399999983, 7.827534000000128], [-69.00875, 7.827439], [-69.008242, 7.827691000000129], [-69.007964, 7.828103000000112], [-69.007963, 7.828838000000189], [-69.008262, 7.829228000000114], [-69.008583, 7.830377000000169], [-69.00848899999988, 7.831088], [-69.00906499999985, 7.831571000000167], [-69.009086, 7.832444000000123], [-69.009154, 7.832972], [-69.009152, 7.834073], [-69.009058, 7.834555], [-69.008411, 7.835082], [-69.0077859999999, 7.835837], [-69.007369, 7.836364], [-69.00635199999988, 7.836982], [-69.005821, 7.836981000000151], [-69.005036, 7.836749000000168], [-69.004137, 7.836288], [-69.004092, 7.835668], [-69.004046, 7.835668], [-69.003378, 7.83484], [-69.002733, 7.833990000000142], [-69.002641, 7.833852], [-69.00190299999986, 7.833483000000115], [-69.001512, 7.833092], [-69.001583, 7.832403000000113], [-69.001746, 7.831738000000144], [-69.001931, 7.831371000000161], [-69.002093, 7.831004000000178], [-69.002279, 7.830454000000145], [-69.00235, 7.829995000000167], [-69.002096, 7.82965], [-69.00191199999989, 7.829306], [-69.001613, 7.829121000000157], [-69.001174, 7.829160000000172], [-69.00115099999988, 7.829160000000172], [-69.000968, 7.830607000000157], [-69.00090099999989, 7.831755000000101], [-69.00101699999982, 7.832536], [-69.00044, 7.833019], [-69.00002399999988, 7.832881], [-68.9998609999999, 7.831917], [-68.999838, 7.831757], [-68.999513, 7.830976000000135], [-68.99905, 7.830495000000155], [-68.99838, 7.830404], [-68.997387, 7.830221], [-68.99731699999984, 7.830221], [-68.99651, 7.831049000000121], [-68.996049, 7.831578], [-68.995148, 7.831969], [-68.99461699999989, 7.831832], [-68.993808, 7.831511], [-68.993714, 7.831006000000116], [-68.9937829999999, 7.830639000000133], [-68.993875, 7.829927], [-68.9937809999999, 7.8291], [-68.993364, 7.828182], [-68.992925, 7.828275000000133], [-68.992417, 7.828413000000182], [-68.992095, 7.82947], [-68.991727, 7.830894000000114], [-68.991498, 7.831698000000188], [-68.991732, 7.833994], [-68.9917789999999, 7.834178], [-68.99236, 7.836680000000115], [-68.992892, 7.837161000000151], [-68.99339999999984, 7.837253], [-68.993978, 7.836976000000107], [-68.995179, 7.837090000000103], [-68.995179, 7.837273000000152], [-68.994465, 7.838147000000163], [-68.993426, 7.839021], [-68.99211, 7.839252000000101], [-68.991047, 7.839322], [-68.990377, 7.8391850000001], [-68.98959, 7.838383], [-68.989243, 7.837993], [-68.988572, 7.837465], [-68.988365, 7.837856000000102], [-68.988343, 7.838407000000188], [-68.988506, 7.839326], [-68.98913, 7.839968], [-68.989292, 7.840128000000107], [-68.990402, 7.840586], [-68.99098, 7.840723000000139], [-68.99236599999989, 7.840997], [-68.99241299999989, 7.841456], [-68.992183, 7.841801], [-68.991467, 7.842146000000128], [-68.991028, 7.841848000000141], [-68.99054199999989, 7.841757], [-68.989918, 7.84116100000017], [-68.98853099999985, 7.841117], [-68.98795399999989, 7.840980000000116], [-68.987052, 7.840705], [-68.985434, 7.840363], [-68.98444, 7.839905000000158], [-68.98414, 7.839629], [-68.983053, 7.83908], [-68.982128, 7.838828], [-68.980533, 7.838876], [-68.979771, 7.838946], [-68.979148, 7.839314000000115], [-68.978732, 7.839406], [-68.9790789999999, 7.839796], [-68.979751, 7.841035], [-68.9807909999999, 7.841287], [-68.980976, 7.84163100000012], [-68.98084, 7.843078000000162], [-68.98084, 7.843468], [-68.980127, 7.844985000000179], [-68.979664, 7.844847000000129], [-68.978855, 7.844596000000138], [-68.978393, 7.844275], [-68.977468, 7.844069], [-68.976705, 7.843772000000172], [-68.97640499999983, 7.843382], [-68.975433, 7.84246400000012], [-68.974184, 7.84177700000015], [-68.973606, 7.841364], [-68.973144, 7.841135000000122], [-68.972519, 7.840860000000134], [-68.971595, 7.840816], [-68.971041, 7.840747], [-68.970394, 7.840748], [-68.97037099999989, 7.84111600000017], [-68.970556, 7.841368], [-68.970649, 7.84178100000014], [-68.970951, 7.842355000000168], [-68.971599, 7.843066], [-68.9727089999999, 7.844397], [-68.972341, 7.845407], [-68.972527, 7.846234000000152], [-68.97287399999988, 7.846716], [-68.973222, 7.847588], [-68.974818, 7.848321000000169], [-68.97541899999987, 7.848664], [-68.976506, 7.849857], [-68.97713, 7.849925], [-68.977894, 7.850636], [-68.978195, 7.85121], [-68.978335, 7.852082000000109], [-68.978821, 7.852656], [-68.97870699999987, 7.853689], [-68.977877, 7.854793], [-68.97799399999985, 7.855619], [-68.977763, 7.856148000000132], [-68.97746299999989, 7.856446], [-68.975777, 7.856426], [-68.97457599999984, 7.857047], [-68.972845, 7.858013], [-68.971183, 7.85888800000015], [-68.969867, 7.859648000000163], [-68.96928999999989, 7.8602], [-68.968991, 7.861372000000131], [-68.968877, 7.862221], [-68.96829999999989, 7.863049], [-68.967469, 7.862912], [-68.96712199999985, 7.862660000000119], [-68.966567, 7.862913000000106], [-68.96571299999988, 7.862914], [-68.965389, 7.862914], [-68.96569, 7.86335], [-68.965922, 7.863694], [-68.96645399999989, 7.864452], [-68.966847, 7.864819], [-68.966572, 7.866059000000178], [-68.965511, 7.867048000000125], [-68.964242, 7.868289000000118], [-68.963134, 7.869530000000111], [-68.962072, 7.869853], [-68.960479, 7.870751], [-68.959716, 7.870384000000115], [-68.959322, 7.869787], [-68.95825899999988, 7.869146000000171], [-68.957473, 7.868894], [-68.957172, 7.868803], [-68.956271, 7.86885000000018], [-68.955278, 7.869356000000153], [-68.95467699999989, 7.869609], [-68.953869, 7.870414], [-68.952785, 7.871081], [-68.951699, 7.871289], [-68.951283, 7.871106000000168], [-68.95149, 7.870302], [-68.951788, 7.869199], [-68.95208699999989, 7.867982000000154], [-68.951764, 7.867936], [-68.95134799999988, 7.86800600000015], [-68.950724, 7.868213], [-68.950193, 7.868351000000132], [-68.948484, 7.869157], [-68.947746, 7.869548], [-68.946707, 7.870376000000135], [-68.946107, 7.871089000000154], [-68.945484, 7.871549], [-68.9447669999999, 7.871343], [-68.94479, 7.871205], [-68.94513599999988, 7.870401], [-68.94555099999985, 7.869872], [-68.94596599999988, 7.869435], [-68.946289, 7.869091], [-68.94645, 7.868195000000185], [-68.94626399999987, 7.867736], [-68.94605599999988, 7.867529000000104], [-68.945571, 7.86753], [-68.944832, 7.867967000000135], [-68.9440939999999, 7.868726], [-68.943933, 7.869208000000128], [-68.943565, 7.870334], [-68.943127, 7.871299000000135], [-68.94292, 7.872103], [-68.942921, 7.872837], [-68.943153, 7.873549000000139], [-68.94308499999983, 7.874445], [-68.943155, 7.874582], [-68.943548, 7.87529400000011], [-68.94421899999986, 7.875362], [-68.944867, 7.876188000000184], [-68.94674, 7.877770000000169], [-68.946926, 7.87816], [-68.947944, 7.879169000000104], [-68.94755199999986, 7.879882000000123], [-68.946836, 7.880066], [-68.945658, 7.880205], [-68.94526499999989, 7.880045000000109], [-68.94441, 7.880046000000164], [-68.942977, 7.8800710000001], [-68.942353, 7.8800710000001], [-68.94166, 7.879774], [-68.941106, 7.880371], [-68.940991, 7.880670000000123], [-68.939952, 7.881406], [-68.9398139999999, 7.881383000000142], [-68.939535, 7.880603], [-68.939558, 7.879914], [-68.939602, 7.878857], [-68.93934699999988, 7.878352000000177], [-68.9383059999999, 7.877458000000104], [-68.937844, 7.877275], [-68.936366, 7.877368000000104], [-68.934957, 7.87776], [-68.934218, 7.878037], [-68.933478, 7.878221000000167], [-68.932508, 7.878039], [-68.931722, 7.877879000000121], [-68.93096, 7.878040000000112], [-68.93133, 7.878545000000145], [-68.93172399999986, 7.879119], [-68.931609, 7.879923000000133], [-68.931818, 7.880267000000174], [-68.932027, 7.881277], [-68.932006, 7.882701000000111], [-68.93193799999989, 7.883458], [-68.930553, 7.884447], [-68.92930499999989, 7.885000000000105], [-68.928543, 7.885506], [-68.928568, 7.886723000000188], [-68.928892, 7.887159], [-68.929564, 7.888214000000119], [-68.92917299999982, 7.889317], [-68.928363, 7.889456], [-68.927785, 7.889319], [-68.927137, 7.888607], [-68.926374, 7.887896], [-68.92567999999989, 7.887415], [-68.925657, 7.887576], [-68.92582, 7.888287000000105], [-68.926029, 7.888953000000129], [-68.926146, 7.890308000000175], [-68.926796, 7.892144], [-68.92742, 7.892465000000129], [-68.926405, 7.893407], [-68.925942, 7.893408000000136], [-68.924971, 7.892973], [-68.923954, 7.892193], [-68.923375, 7.891160000000127], [-68.923072, 7.889599], [-68.922539, 7.888589], [-68.9219379999999, 7.887924], [-68.920806, 7.888132], [-68.920414, 7.888959000000114], [-68.919676, 7.889672000000132], [-68.91946999999982, 7.891142], [-68.919286, 7.891831], [-68.918733, 7.893485000000112], [-68.918919, 7.894013], [-68.920282, 7.894011000000148], [-68.921229, 7.893666000000167], [-68.922361, 7.893710000000112], [-68.922547, 7.894192], [-68.92185399999988, 7.894538], [-68.920423, 7.895505000000128], [-68.91915199999988, 7.895736], [-68.917859, 7.895967000000155], [-68.91714299999984, 7.896633000000179], [-68.917929, 7.897023000000104], [-68.918786, 7.897963], [-68.919364, 7.898422], [-68.92031199999985, 7.898788000000138], [-68.920914, 7.89989], [-68.922786, 7.900600000000111], [-68.924289, 7.901012], [-68.92459, 7.901447], [-68.924729, 7.901769], [-68.923991, 7.90255000000019], [-68.9229749999999, 7.903011000000163], [-68.922166, 7.903333000000146], [-68.920826, 7.903128], [-68.920803, 7.903128], [-68.920339, 7.902187], [-68.91969099999989, 7.901453], [-68.919482, 7.90078700000015], [-68.91865, 7.900053000000185], [-68.918349, 7.899916], [-68.917839, 7.89847], [-68.91760699999986, 7.897896], [-68.9161969999999, 7.897484], [-68.915318, 7.897003], [-68.914162, 7.896522], [-68.912868, 7.896018], [-68.91162, 7.89578900000015], [-68.91048699999988, 7.895653], [-68.908963, 7.895907000000136], [-68.90877799999987, 7.895953], [-68.906144, 7.896576], [-68.9056599999999, 7.896967], [-68.90388, 7.897267], [-68.903587, 7.897246000000109], [-68.902263, 7.897206000000153], [-68.901175, 7.895777], [-68.901174, 7.895249], [-68.901242, 7.894583], [-68.901842, 7.893825], [-68.902187, 7.892493000000115], [-68.902556, 7.891688000000102], [-68.902231, 7.89093], [-68.901422, 7.890288000000112], [-68.9008199999999, 7.889714], [-68.900265, 7.889164], [-68.898855, 7.888867000000118], [-68.897722, 7.888317], [-68.896151, 7.888112], [-68.894973, 7.888366], [-68.894165, 7.88878], [-68.892641, 7.890298], [-68.892088, 7.890872000000115], [-68.890656, 7.891678000000184], [-68.89038535999993, 7.891847252000161], [-68.88966299999987, 7.892299], [-68.88841599999989, 7.892759], [-68.88769899999988, 7.892484], [-68.885481, 7.892532000000131], [-68.88515799999988, 7.892487000000131], [-68.884187, 7.892396], [-68.88251537399998, 7.892397702000039], [-68.882223, 7.892398], [-68.8813679999999, 7.892399000000125], [-68.880166, 7.892538000000116], [-68.8795889999999, 7.892768000000103], [-68.878573, 7.893504000000121], [-68.879105, 7.8941], [-68.87947430199989, 7.895304869000142], [-68.87970967199993, 7.896072774000174], [-68.87993776999997, 7.896862520000184], [-68.88002909599999, 7.896925797000165], [-68.88414627599991, 7.89969983300017], [-68.88611236999998, 7.901649869000039], [-68.88694641899997, 7.903439904000095], [-68.88828847799994, 7.904747938000128], [-68.89037157799999, 7.907684993999965], [-68.89215366599996, 7.909337023000148], [-68.89382074199989, 7.911769059000108], [-68.89523181599992, 7.913306089000116], [-68.89738089999992, 7.913258080000105], [-68.90059303899994, 7.913347062000014], [-68.90195709999995, 7.913552071000026], [-68.90595526999982, 7.914168066000116], [-68.90720433099995, 7.914947073000178], [-68.90928441599993, 7.915473074999966], [-68.91272855999989, 7.915860065000061], [-68.91337559299996, 7.915928069000131], [-68.91707374999999, 7.916406065000103], [-68.9180207959999, 7.916451055000095], [-68.92070090399994, 7.916311044000111], [-68.92190295499995, 7.916447041000083], [-68.92442106399994, 7.916031016000034], [-68.92571511499989, 7.915639002000148], [-68.92765719699997, 7.916188004999981], [-68.92909026099989, 7.916715015000079], [-68.92999230299995, 7.91758703], [-68.9317503819999, 7.91868704400008], [-68.9330234389999, 7.919948061000071], [-68.93478252799997, 7.922059099000137], [-68.93626359699994, 7.923550129000034], [-68.93776667199995, 7.924903157000074], [-68.93836969499995, 7.925890174000131], [-68.93904072499987, 7.926831189999973], [-68.93980577099984, 7.928277216000083], [-68.93985377799999, 7.92970025700015], [-68.93976177899992, 7.930527268999981], [-68.93928076599991, 7.933329340000114], [-68.93845174899997, 7.935419389000117], [-68.93653667799998, 7.937718443000108], [-68.93609966299988, 7.939349481000022], [-68.93524663699998, 7.940957520000154], [-68.93469362299999, 7.94199154800009], [-68.93361058199997, 7.944174604000068], [-68.93333757999994, 7.946929668000109], [-68.93315458699993, 7.948353703000066], [-68.93359661099998, 7.950741755000138], [-68.93401463999993, 7.952578797000058], [-68.93864084799998, 7.955075823000072], [-68.94155498099997, 7.957070862000023], [-68.94273502699991, 7.95766686200011], [-68.94555515399992, 7.958650877000082], [-68.94837928599992, 7.961242915000184], [-68.94837928599992, 7.961264922000112], [-68.94840228699996, 7.961264922000112], [-68.94955834099994, 7.962182936000033], [-68.95143342499995, 7.96399497200008], [-68.95293649799993, 7.964910986000177], [-68.95515759399996, 7.966309999000032], [-68.95677767199999, 7.967869023000048], [-68.95680067299992, 7.967892023], [-68.9572416989999, 7.969223062000083], [-68.95735870599998, 7.970234074000075], [-68.95722171199986, 7.971336107000013], [-68.95731471099998, 7.972002117999978], [-68.95798775499992, 7.973608152000168], [-68.95812776299994, 7.974756172000127], [-68.95803776799988, 7.976708217000066], [-68.95815578199995, 7.978293252000071], [-68.95808978199983, 7.980291297000065], [-68.95829979899997, 7.981967338000118], [-68.95834881299993, 7.98401037800005], [-68.95855882699993, 7.985066409000126], [-68.95909386199997, 7.98786747000014], [-68.9593948829999, 7.988487479000185], [-68.9599069119999, 7.990300515000115], [-68.96106396199997, 7.991860547000044], [-68.96178199899998, 7.99264056200019], [-68.9625240449999, 7.994270589000166], [-68.96284805499988, 7.99493560500008], [-68.96370609799999, 7.996565643000167], [-68.96407611999996, 7.996955651000064], [-68.96495316099998, 7.997443652000072], [-68.9655951929999, 7.997911657000145], [-68.96644722099995, 7.998083664000092], [-68.96667623499991, 7.998247667000044], [-68.96769578099997, 7.998938684000109], [-68.96871532499995, 7.999629689000187], [-68.96944536399997, 8.000374701000169], [-68.96983038199994, 8.001022712000065], [-68.97143445799998, 8.00212373200003], [-68.97204348799983, 8.003234749000057], [-68.97251550799996, 8.004251766999971], [-68.9740795759999, 8.004892784000162], [-68.97492762099989, 8.005455793000124], [-68.9760806669999, 8.005631783000126], [-68.97776074299992, 8.006181792000064], [-68.97816375299993, 8.006223835000071], [-68.97826876699992, 8.006234790000178], [-68.98088487399997, 8.005854773000124], [-68.98120988599993, 8.005790761000128], [-68.98292795199995, 8.00519274900006], [-68.98450801299998, 8.004523715000119], [-68.98482202199995, 8.00344769700007], [-68.98650208999993, 8.002183663000096], [-68.98872117199994, 8.000350605000165], [-68.98997922499996, 7.999562587000128], [-68.99085026199998, 7.998379548000059], [-68.99183729499993, 7.997105524000119], [-68.99235231699993, 7.996606507000138], [-68.99310534099988, 7.996368497000162], [-68.99384437299994, 7.995862478000163], [-68.99474540399996, 7.995448471000088], [-68.99698550399995, 7.994297436000124], [-68.99864856899995, 7.993836420000036], [-69.00068264999993, 7.993787407000127], [-69.00157445699995, 7.994064049000087], [-69.00254273399992, 7.994364411999982], [-69.00272673899997, 7.994525411999973], [-69.00332676599999, 7.994573408000065], [-69.00461982699994, 7.99482841400004], [-69.00573851399986, 7.995310455000038], [-69.00595887899988, 7.99540541000016], [-69.00842998299998, 7.99541140600013], [-69.00930702299996, 7.995688408000149], [-69.00986104899988, 7.995850412000038], [-69.01078409099989, 7.99642641700018], [-69.01131511699992, 7.996840429000144], [-69.01220315799998, 7.997750438000025], [-69.0125631759999, 7.998284454000157], [-69.01304119999986, 7.998660459000121], [-69.01346921499999, 7.999265462000153], [-69.01527930099996, 8.000053477000051], [-69.01637835399993, 8.000577485000065], [-69.01861944699982, 8.00174149500009], [-69.02139557099991, 8.002730512000142], [-69.02153258199996, 8.002778510000041], [-69.02496871899996, 8.002975491000086], [-69.02604476499994, 8.002189473000044], [-69.02754682899996, 8.002123469000082], [-69.03071595499989, 8.001740445000053], [-69.03275904499998, 8.001086415000088], [-69.0333900629999, 8.000637407000056], [-69.03413909999995, 8.00003038900013], [-69.0345431149999, 7.999370371000055], [-69.03527214199994, 7.998648352999965], [-69.03608416799995, 7.997077314000137], [-69.03621416299995, 7.996463299000027], [-69.03633016899988, 7.995982282000114], [-69.03607715899983, 7.995316272000082], [-69.03598614599991, 7.994513254000083], [-69.03654117499985, 7.994216247999987], [-69.03679617799997, 7.993827231000068], [-69.03714418499999, 7.992543206000107], [-69.03714518699991, 7.991992196000183], [-69.03728618899993, 7.990846173000136], [-69.03740418799993, 7.989080127000022], [-69.03740517999995, 7.98882712600016], [-69.03745517999988, 7.986786072000029], [-69.03759616799994, 7.985227040000154], [-69.03755217299994, 7.98417102000019], [-69.03762415799991, 7.982519976], [-69.03783416099998, 7.981097951000038], [-69.03813616699995, 7.979905915000188], [-69.03827617699994, 7.979057900999976], [-69.03878519099999, 7.978416886000161], [-69.03920220199996, 7.977774867000051], [-69.03994223999996, 7.977340852000111], [-69.04033625099999, 7.976745838000113], [-69.04093826999997, 7.975507801000049], [-69.04149428799997, 7.974408782000182], [-69.04283534399997, 7.973562748000177], [-69.04466141099982, 7.972878731000151], [-69.04574746499998, 7.972812729000168], [-69.04641649399997, 7.972951720000026], [-69.04743252999987, 7.973252727000158], [-69.04937161899988, 7.973623724000049], [-69.0513577019999, 7.974018726000054], [-69.05225774399997, 7.974456730000043], [-69.05373380599997, 7.975170745000071], [-69.05490985799992, 7.976228758000104], [-69.05613391699995, 7.976644765000174], [-69.05774899099998, 7.977748776000112], [-69.05860103499998, 7.978737790000082], [-69.06104813799993, 7.979706800000145], [-69.0625472029999, 7.98078782400006], [-69.06476330799995, 7.981939843000077], [-69.06667739099993, 7.983480868000129], [-69.0684994849999, 7.985205893999989], [-69.06916751099993, 7.986032914000077], [-69.0702975619999, 7.987296936000178], [-69.07098959399997, 7.987894948000132], [-69.07248866899994, 7.988746952000099], [-69.07338871099995, 7.989184954999985], [-69.07468176099991, 7.989715963000037], [-69.07599682099993, 7.990681987000073], [-69.07707987599991, 7.991740000000107], [-69.07823492099993, 7.991971995000029], [-69.07936397999998, 7.993351028000177], [-69.07834493799999, 7.995321076000096], [-69.07894496599988, 7.99573507499997], [-69.07931298999995, 7.996241089000137], [-69.08028302699984, 7.996839100000102], [-69.08069705499997, 7.997872118000146], [-69.08085706799989, 7.998446128000012], [-69.08275014499986, 7.999024138000095], [-69.08383519599994, 7.999462140999981], [-69.08697633499986, 7.99983613500001], [-69.08900841799993, 7.999932123000178], [-69.09009546199991, 7.999201104000178], [-69.09222055199996, 7.998976095000103], [-69.09367560699985, 7.998589070000151], [-69.0944846349999, 7.998247068000069], [-69.09513166799996, 7.998248058000172], [-69.09584869399998, 7.997929056000089], [-69.09679573699998, 7.99747204099998], [-69.09802078699994, 7.997108018000176], [-69.09875980899994, 7.99688001100003], [-69.09986886199988, 7.99658399600014], [-69.10035487799996, 7.996424991000026], [-69.10227295999994, 7.995832974], [-69.10236496099992, 7.995671972000025], [-69.10375300999993, 7.994573942000102], [-69.10430803699984, 7.994001928000046], [-69.10571809399988, 7.992995898000117], [-69.10604209899998, 7.992560881000088], [-69.10696813799996, 7.99164485600005], [-69.10823818299997, 7.991349845000059], [-69.10930222699994, 7.990571820000071], [-69.11089629199995, 7.990437808000024], [-69.11214335099993, 7.990577814000062], [-69.11334439599995, 7.990511798999989], [-69.11502947299982, 7.990950805000068], [-69.11588351399996, 7.991526809000163], [-69.1166675479999, 7.992170822000048], [-69.11770559399991, 7.992883833000178], [-69.11812061299997, 7.993503842000052], [-69.11883564599998, 7.994399863000183], [-69.11927267199997, 7.995065872000112], [-69.12000770499998, 7.996356904000038], [-69.12014271699996, 7.996565902999976], [-69.12068573599993, 7.997194922000062], [-69.12134177099995, 7.997940927000059], [-69.12138777799993, 7.99931996600003], [-69.12138077999998, 7.999709976000133], [-69.12133678299989, 8.000926997000022], [-69.12121978799996, 8.002326032999974], [-69.12141380099996, 8.003087047000065], [-69.12130080199995, 8.004303076000042], [-69.12124780199997, 8.00471508000004], [-69.1213188079999, 8.005888111], [-69.12163782599993, 8.006169113000169], [-69.12233385599995, 8.0073061330001], [-69.12296188999994, 8.00830415900009], [-69.12339991299996, 8.009713185000123], [-69.12356693599992, 8.012013234000108], [-69.12330492699994, 8.013823282000146], [-69.12311392299995, 8.01418728900012], [-69.1230039329999, 8.016528337000011], [-69.12273792199989, 8.017190353000103], [-69.12268793099986, 8.018774395000037], [-69.12281994699993, 8.0204534290001], [-69.12291794999999, 8.021442446000094], [-69.12302296899998, 8.023419489000162], [-69.12362099199999, 8.024854518000154], [-69.12423502799999, 8.026724563000073], [-69.12483905599993, 8.027814578000118], [-69.12635913799994, 8.029356609000047], [-69.12707816899984, 8.030493628999977], [-69.12798620599995, 8.031358642999976], [-69.12906326399997, 8.031836651000106], [-69.1314853699999, 8.033254678000105], [-69.13302243999988, 8.03380867300001], [-69.13465751199982, 8.035398703000112], [-69.13550955799997, 8.036813734000077], [-69.13586057999999, 8.037899753000147], [-69.13644459899996, 8.038850774000025], [-69.13701664099995, 8.040445811000097], [-69.13874371599996, 8.042012839999984], [-69.14030678899996, 8.042429839000135], [-69.14122984199997, 8.045132890000048], [-69.14106583399996, 8.045221900000115], [-69.14351993799988, 8.046158910000031], [-69.1444099759999, 8.046793911000066], [-69.14525401199995, 8.047358931000133], [-69.14604805099992, 8.048153940000077], [-69.14776412499998, 8.049054946000012], [-69.1478341319999, 8.04900995100013], [-69.1493231959999, 8.048345931000085], [-69.15006422899995, 8.04822092300003], [-69.15052623899999, 8.04820492100015], [-69.15206430799998, 8.04740389300008], [-69.15302234699993, 8.046707877000074], [-69.15441540099988, 8.046248861000095], [-69.1549564149999, 8.04570684700019], [-69.15664548599995, 8.045481828000163], [-69.16012163599999, 8.044689791000053], [-69.16138868099989, 8.044871787000034], [-69.16309576299994, 8.044923787000073], [-69.16377579299996, 8.045692804], [-69.16591388099994, 8.04621080000004], [-69.16634890699999, 8.046424800000182], [-69.16781496499988, 8.047046814000112], [-69.1696220479999, 8.048017826000034], [-69.17040307699995, 8.048237831], [-69.17080610499983, 8.04900284100006], [-69.1708811069999, 8.050014859000157], [-69.17120912799993, 8.051053885000101], [-69.17224618399996, 8.052494907000153], [-69.17306421699988, 8.05322092700004], [-69.17440328399994, 8.054574950000074], [-69.17623135899998, 8.055684967000161], [-69.17807144399995, 8.056082962000119], [-69.18086455699995, 8.056129954000085], [-69.18192360299997, 8.056284954000148], [-69.1836036769999, 8.056588950000048], [-69.18376268299983, 8.056705949000047], [-69.18596078899998, 8.057776965000016], [-69.18672481699997, 8.059029990000056], [-69.1895119539999, 8.060730013000125], [-69.19193133699997, 8.061283159000084], [-69.19211005599993, 8.061324019999972], [-69.1944081559999, 8.06198201400008], [-69.19646925099994, 8.062912026000106], [-69.19893135799998, 8.063390027000139], [-69.20147446699997, 8.063202017000037], [-69.20524662899999, 8.06402201100019], [-69.20557763499994, 8.063591002000123], [-69.20846677099996, 8.066074046000097], [-69.21000884099993, 8.066398039000148], [-69.21053385999994, 8.066728044000172], [-69.21346298999998, 8.066869035000025], [-69.21462303499999, 8.066589031000149], [-69.21652511699995, 8.066024010000035], [-69.21854419999994, 8.065413983000099], [-69.22072828399985, 8.06464595600005], [-69.22343639299999, 8.06420793600006], [-69.22703054899995, 8.063325895000162], [-69.22842560099997, 8.062774879000017], [-69.23242676999985, 8.0623358470001], [-69.23374781899997, 8.062035832999982], [-69.23765998099992, 8.060101768000095], [-69.24143813099982, 8.059244738000075], [-69.24366822699994, 8.058431705000032], [-69.24595731199997, 8.058193687000085], [-69.24694935399992, 8.058279687000095], [-69.24802340899998, 8.05891669700003], [-69.24829642499998, 8.059128699000155], [-69.24925246799995, 8.061279747000128], [-69.25011550899995, 8.062121761000185], [-69.25161257799994, 8.06368478200011], [-69.25257461999996, 8.064159787000051], [-69.25378968099994, 8.064616792000095], [-69.25658079599987, 8.064776786000039], [-69.25747382999992, 8.063849764000054], [-69.25999893199997, 8.06198470600009], [-69.26136297299996, 8.06056066500014], [-69.26438609699989, 8.059277621000035], [-69.26675919899986, 8.058191589000046], [-69.26787523999991, 8.057750572000089], [-69.2696613139999, 8.057228561000159], [-69.27209440899998, 8.056716527000049], [-69.27396748499996, 8.056563523000023], [-69.2759795689999, 8.05636751000003], [-69.2783316739999, 8.056520494000097], [-69.27893470299989, 8.056369494000023], [-69.27991974599996, 8.056799492000096], [-69.28112778999997, 8.056336479000038], [-69.28204082199994, 8.05563945800003], [-69.28281685399992, 8.05475643800014], [-69.28318786699998, 8.054670431000034], [-69.28459592999997, 8.054716425000095], [-69.28603899199999, 8.05402841200015], [-69.28822107799988, 8.053282381000145], [-69.29155321799988, 8.052832355000021], [-69.29407631799995, 8.052482338000118], [-69.2962024119999, 8.052356317999966], [-69.30078859799994, 8.051443279000182], [-69.30166963199991, 8.051228268000102], [-69.30231565899999, 8.051262263000126], [-69.30321969399989, 8.0510472630001], [-69.30591781299995, 8.05125225300003], [-69.30702086199994, 8.051499254000134], [-69.30960896699992, 8.051404238000089], [-69.31185706299993, 8.050843213000121], [-69.31345012399993, 8.050892209000096], [-69.31542521099993, 8.05147621400016], [-69.31757730299995, 8.052567227000111], [-69.31930538799992, 8.052756222000028], [-69.3220255029999, 8.05298421200007], [-69.32400158299998, 8.053567212000132], [-69.32707471099997, 8.053411198000049], [-69.32792674999996, 8.053517196000087], [-69.33269494299986, 8.052767156000016], [-69.33345998099992, 8.052619147000144], [-69.33565207499993, 8.052677140000071], [-69.33758815199997, 8.051468103000104], [-69.33949122699988, 8.050902078000092], [-69.34183532799995, 8.051537083000142], [-69.34312137699993, 8.051949093000133], [-69.34330039299994, 8.05227309300011], [-69.3459945109999, 8.054040118000046], [-69.34866763199994, 8.054382116000056], [-69.35067271799983, 8.05455210600013], [-69.3539918539999, 8.05488110500005], [-69.35661696299996, 8.055268098], [-69.36330823999998, 8.054113045000122], [-69.36453629399989, 8.05385802700016], [-69.36689538499996, 8.053620008999985], [-69.36774942299985, 8.05365700600015], [-69.36932948499992, 8.053015986000048], [-69.37115356199996, 8.051644944000088], [-69.37174258599993, 8.05094192900009], [-69.37283562699997, 8.050431912000079], [-69.3737656649999, 8.050055900000075], [-69.37511171299997, 8.04964088600019], [-69.37720980599994, 8.049789874000055], [-69.37852786399992, 8.049673874000064], [-69.3819210019999, 8.049704851000058], [-69.38400709599995, 8.05058886300003], [-69.38547316599994, 8.051278872000182], [-69.38656520799998, 8.052237884000135], [-69.38627720099993, 8.05289890600011], [-69.38817128599999, 8.054192924000063], [-69.38937634599995, 8.055314947000056], [-69.38970535999988, 8.05635396100007], [-69.3919244679999, 8.057537979000188], [-69.39248949399996, 8.058304999000029], [-69.39373454899993, 8.059772023999983], [-69.39627566599995, 8.06105403600003], [-69.39778072699988, 8.062157054000181], [-69.39891178299996, 8.063531086000182], [-69.40132089099995, 8.064442093000139], [-69.40307097199997, 8.064746088000163], [-69.40504005199995, 8.06569609700017], [-69.40728214299997, 8.065572087000021], [-69.40947423699998, 8.065630079000186], [-69.41067128599991, 8.065833078000026], [-69.41267838099998, 8.065911068000105], [-69.41334140299995, 8.066289071000028], [-69.41524348499996, 8.065769058000058], [-69.41598252599982, 8.067113078999967]]]}}, {"type": "Feature", "properties": {"Pais": "Venezuela", "Estado": "Apure", "Municipio": "Mu\u00f1oz", "Parroquia": "Mantecal"}, "geometry": {"type": "Polygon", "coordinates": [[[-68.922166, 7.903333000000146], [-68.9229749999999, 7.903011000000163], [-68.923991, 7.90255000000019], [-68.924729, 7.901769], [-68.92459, 7.901447], [-68.924289, 7.901012], [-68.922786, 7.900600000000111], [-68.920914, 7.89989], [-68.92031199999985, 7.898788000000138], [-68.919364, 7.898422], [-68.918786, 7.897963], [-68.917929, 7.897023000000104], [-68.91714299999984, 7.896633000000179], [-68.917859, 7.895967000000155], [-68.91915199999988, 7.895736], [-68.920423, 7.895505000000128], [-68.92185399999988, 7.894538], [-68.922547, 7.894192], [-68.922361, 7.893710000000112], [-68.921229, 7.893666000000167], [-68.920282, 7.894011000000148], [-68.918919, 7.894013], [-68.918733, 7.893485000000112], [-68.919286, 7.891831], [-68.91946999999982, 7.891142], [-68.919676, 7.889672000000132], [-68.920414, 7.888959000000114], [-68.920806, 7.888132], [-68.9219379999999, 7.887924], [-68.922539, 7.888589], [-68.923072, 7.889599], [-68.923375, 7.891160000000127], [-68.923954, 7.892193], [-68.924971, 7.892973], [-68.925942, 7.893408000000136], [-68.926405, 7.893407], [-68.92742, 7.892465000000129], [-68.926796, 7.892144], [-68.926146, 7.890308000000175], [-68.926029, 7.888953000000129], [-68.92582, 7.888287000000105], [-68.925657, 7.887576], [-68.92567999999989, 7.887415], [-68.926374, 7.887896], [-68.927137, 7.888607], [-68.927785, 7.889319], [-68.928363, 7.889456], [-68.92917299999982, 7.889317], [-68.929564, 7.888214000000119], [-68.928892, 7.887159], [-68.928568, 7.886723000000188], [-68.928543, 7.885506], [-68.92930499999989, 7.885000000000105], [-68.930553, 7.884447], [-68.93193799999989, 7.883458], [-68.932006, 7.882701000000111], [-68.932027, 7.881277], [-68.931818, 7.880267000000174], [-68.931609, 7.879923000000133], [-68.93172399999986, 7.879119], [-68.93133, 7.878545000000145], [-68.93096, 7.878040000000112], [-68.931722, 7.877879000000121], [-68.932508, 7.878039], [-68.933478, 7.878221000000167], [-68.934218, 7.878037], [-68.934957, 7.87776], [-68.936366, 7.877368000000104], [-68.937844, 7.877275], [-68.9383059999999, 7.877458000000104], [-68.93934699999988, 7.878352000000177], [-68.939602, 7.878857], [-68.939558, 7.879914], [-68.939535, 7.880603], [-68.9398139999999, 7.881383000000142], [-68.939952, 7.881406], [-68.940991, 7.880670000000123], [-68.941106, 7.880371], [-68.94166, 7.879774], [-68.942353, 7.8800710000001], [-68.942977, 7.8800710000001], [-68.94441, 7.880046000000164], [-68.94526499999989, 7.880045000000109], [-68.945658, 7.880205], [-68.946836, 7.880066], [-68.94755199999986, 7.879882000000123], [-68.947944, 7.879169000000104], [-68.946926, 7.87816], [-68.94674, 7.877770000000169], [-68.944867, 7.876188000000184], [-68.94421899999986, 7.875362], [-68.943548, 7.87529400000011], [-68.943155, 7.874582], [-68.94308499999983, 7.874445], [-68.943153, 7.873549000000139], [-68.942921, 7.872837], [-68.94292, 7.872103], [-68.943127, 7.871299000000135], [-68.943565, 7.870334], [-68.943933, 7.869208000000128], [-68.9440939999999, 7.868726], [-68.944832, 7.867967000000135], [-68.945571, 7.86753], [-68.94605599999988, 7.867529000000104], [-68.94626399999987, 7.867736], [-68.94645, 7.868195000000185], [-68.946289, 7.869091], [-68.94596599999988, 7.869435], [-68.94555099999985, 7.869872], [-68.94513599999988, 7.870401], [-68.94479, 7.871205], [-68.9447669999999, 7.871343], [-68.945484, 7.871549], [-68.946107, 7.871089000000154], [-68.946707, 7.870376000000135], [-68.947746, 7.869548], [-68.948484, 7.869157], [-68.950193, 7.868351000000132], [-68.950724, 7.868213], [-68.95134799999988, 7.86800600000015], [-68.951764, 7.867936], [-68.95208699999989, 7.867982000000154], [-68.951788, 7.869199], [-68.95149, 7.870302], [-68.951283, 7.871106000000168], [-68.951699, 7.871289], [-68.952785, 7.871081], [-68.953869, 7.870414], [-68.95467699999989, 7.869609], [-68.955278, 7.869356000000153], [-68.956271, 7.86885000000018], [-68.957172, 7.868803], [-68.957473, 7.868894], [-68.95825899999988, 7.869146000000171], [-68.959322, 7.869787], [-68.959716, 7.870384000000115], [-68.960479, 7.870751], [-68.962072, 7.869853], [-68.963134, 7.869530000000111], [-68.964242, 7.868289000000118], [-68.965511, 7.867048000000125], [-68.966572, 7.866059000000178], [-68.966847, 7.864819], [-68.96645399999989, 7.864452], [-68.965922, 7.863694], [-68.96569, 7.86335], [-68.965389, 7.862914], [-68.96571299999988, 7.862914], [-68.966567, 7.862913000000106], [-68.96712199999985, 7.862660000000119], [-68.967469, 7.862912], [-68.96829999999989, 7.863049], [-68.968877, 7.862221], [-68.968991, 7.861372000000131], [-68.96928999999989, 7.8602], [-68.969867, 7.859648000000163], [-68.971183, 7.85888800000015], [-68.972845, 7.858013], [-68.97457599999984, 7.857047], [-68.975777, 7.856426], [-68.97746299999989, 7.856446], [-68.977763, 7.856148000000132], [-68.97799399999985, 7.855619], [-68.977877, 7.854793], [-68.97870699999987, 7.853689], [-68.978821, 7.852656], [-68.978335, 7.852082000000109], [-68.978195, 7.85121], [-68.977894, 7.850636], [-68.97713, 7.849925], [-68.976506, 7.849857], [-68.97541899999987, 7.848664], [-68.974818, 7.848321000000169], [-68.973222, 7.847588], [-68.97287399999988, 7.846716], [-68.972527, 7.846234000000152], [-68.972341, 7.845407], [-68.9727089999999, 7.844397], [-68.971599, 7.843066], [-68.970951, 7.842355000000168], [-68.970649, 7.84178100000014], [-68.970556, 7.841368], [-68.97037099999989, 7.84111600000017], [-68.970394, 7.840748], [-68.971041, 7.840747], [-68.971595, 7.840816], [-68.972519, 7.840860000000134], [-68.973144, 7.841135000000122], [-68.973606, 7.841364], [-68.974184, 7.84177700000015], [-68.975433, 7.84246400000012], [-68.97640499999983, 7.843382], [-68.976705, 7.843772000000172], [-68.977468, 7.844069], [-68.978393, 7.844275], [-68.978855, 7.844596000000138], [-68.979664, 7.844847000000129], [-68.980127, 7.844985000000179], [-68.98084, 7.843468], [-68.98084, 7.843078000000162], [-68.980976, 7.84163100000012], [-68.9807909999999, 7.841287], [-68.979751, 7.841035], [-68.9790789999999, 7.839796], [-68.978732, 7.839406], [-68.979148, 7.839314000000115], [-68.979771, 7.838946], [-68.980533, 7.838876], [-68.982128, 7.838828], [-68.983053, 7.83908], [-68.98414, 7.839629], [-68.98444, 7.839905000000158], [-68.985434, 7.840363], [-68.987052, 7.840705], [-68.98795399999989, 7.840980000000116], [-68.98853099999985, 7.841117], [-68.989918, 7.84116100000017], [-68.99054199999989, 7.841757], [-68.991028, 7.841848000000141], [-68.991467, 7.842146000000128], [-68.992183, 7.841801], [-68.99241299999989, 7.841456], [-68.99236599999989, 7.840997], [-68.99098, 7.840723000000139], [-68.990402, 7.840586], [-68.989292, 7.840128000000107], [-68.98913, 7.839968], [-68.988506, 7.839326], [-68.988343, 7.838407000000188], [-68.988365, 7.837856000000102], [-68.988572, 7.837465], [-68.989243, 7.837993], [-68.98959, 7.838383], [-68.990377, 7.8391850000001], [-68.991047, 7.839322], [-68.99211, 7.839252000000101], [-68.993426, 7.839021], [-68.994465, 7.838147000000163], [-68.995179, 7.837273000000152], [-68.995179, 7.837090000000103], [-68.993978, 7.836976000000107], [-68.99339999999984, 7.837253], [-68.992892, 7.837161000000151], [-68.99236, 7.836680000000115], [-68.9917789999999, 7.834178], [-68.991732, 7.833994], [-68.991498, 7.831698000000188], [-68.991727, 7.830894000000114], [-68.992095, 7.82947], [-68.992417, 7.828413000000182], [-68.992925, 7.828275000000133], [-68.993364, 7.828182], [-68.9937809999999, 7.8291], [-68.993875, 7.829927], [-68.9937829999999, 7.830639000000133], [-68.993714, 7.831006000000116], [-68.993808, 7.831511], [-68.99461699999989, 7.831832], [-68.995148, 7.831969], [-68.996049, 7.831578], [-68.99651, 7.831049000000121], [-68.99731699999984, 7.830221], [-68.997387, 7.830221], [-68.99838, 7.830404], [-68.99905, 7.830495000000155], [-68.999513, 7.830976000000135], [-68.999838, 7.831757], [-68.9998609999999, 7.831917], [-69.00002399999988, 7.832881], [-69.00044, 7.833019], [-69.00101699999982, 7.832536], [-69.00090099999989, 7.831755000000101], [-69.000968, 7.830607000000157], [-69.00115099999988, 7.829160000000172], [-69.001174, 7.829160000000172], [-69.001613, 7.829121000000157], [-69.00191199999989, 7.829306], [-69.002096, 7.82965], [-69.00235, 7.829995000000167], [-69.002279, 7.830454000000145], [-69.002093, 7.831004000000178], [-69.001931, 7.831371000000161], [-69.001746, 7.831738000000144], [-69.001583, 7.832403000000113], [-69.001512, 7.833092], [-69.00190299999986, 7.833483000000115], [-69.002641, 7.833852], [-69.002733, 7.833990000000142], [-69.003378, 7.83484], [-69.004046, 7.835668], [-69.004092, 7.835668], [-69.004137, 7.836288], [-69.005036, 7.836749000000168], [-69.005821, 7.836981000000151], [-69.00635199999988, 7.836982], [-69.007369, 7.836364], [-69.0077859999999, 7.835837], [-69.008411, 7.835082], [-69.009058, 7.834555], [-69.009152, 7.834073], [-69.009154, 7.832972], [-69.009086, 7.832444000000123], [-69.00906499999985, 7.831571000000167], [-69.00848899999988, 7.831088], [-69.008583, 7.830377000000169], [-69.008262, 7.829228000000114], [-69.007963, 7.828838000000189], [-69.007964, 7.828103000000112], [-69.008242, 7.827691000000129], [-69.00875, 7.827439], [-69.00997399999983, 7.827534000000128], [-69.010458, 7.827696000000174], [-69.011612, 7.827698000000169], [-69.012374, 7.82763100000011], [-69.0126049999999, 7.827586000000167], [-69.012674, 7.827724], [-69.01357399999989, 7.827772], [-69.014059, 7.8276350000001], [-69.015007, 7.826949000000184], [-69.016463, 7.82628700000015], [-69.016555, 7.826241], [-69.01768699999985, 7.825968], [-69.01821799999982, 7.8259690000001], [-69.019073, 7.825811], [-69.01905, 7.825512000000117], [-69.016721, 7.824199], [-69.015245, 7.823713000000168], [-69.013838, 7.823136], [-69.013123, 7.823066], [-69.012455, 7.822467], [-69.011763, 7.822053], [-69.011532, 7.821937000000105], [-69.011904, 7.821042000000148], [-69.01218199999983, 7.820377000000178], [-69.012207, 7.819597000000101], [-69.012, 7.819091000000185], [-69.01147, 7.818700000000149], [-69.011795, 7.817599], [-69.012004, 7.817095], [-69.012375, 7.816499000000135], [-69.013739, 7.815630000000169], [-69.013901, 7.815423], [-69.014341, 7.81478200000015], [-69.015012, 7.813728], [-69.016329, 7.813409], [-69.016491, 7.813318], [-69.017553, 7.812861], [-69.01914699999986, 7.812475], [-69.019932, 7.812247000000184], [-69.02148099999988, 7.811309], [-69.021874, 7.811173000000167], [-69.023352, 7.810487], [-69.023838, 7.810213000000147], [-69.024486, 7.809388], [-69.024511, 7.808333000000175], [-69.024281, 7.807712000000151], [-69.023451, 7.807665000000156], [-69.0227799999999, 7.808145], [-69.022433, 7.808557], [-69.021671, 7.808716], [-69.021209, 7.808669], [-69.02026399999988, 7.808392], [-69.02001, 7.808162], [-69.019527, 7.807587], [-69.018697, 7.806896000000108], [-69.017867, 7.806688000000122], [-69.017821, 7.806321000000139], [-69.017822, 7.805907], [-69.01817, 7.805013], [-69.018173, 7.803889], [-69.017828, 7.803016], [-69.018453, 7.802214000000163], [-69.018616, 7.801801], [-69.01997999999986, 7.800748000000169], [-69.020189, 7.800198000000137], [-69.021091, 7.799259], [-69.021206, 7.799259], [-69.021622, 7.799375000000111], [-69.021875, 7.799513000000161], [-69.022244, 7.799835000000144], [-69.022382, 7.799996000000135], [-69.022819, 7.800502], [-69.023165, 7.800847], [-69.02360399999986, 7.800848], [-69.024159, 7.800299000000166], [-69.024276, 7.799519], [-69.024369, 7.798876000000178], [-69.024347, 7.798486], [-69.024533, 7.797936], [-69.02455599999985, 7.797936], [-69.025132, 7.798304], [-69.025408, 7.798970000000168], [-69.02651499999985, 7.799524000000133], [-69.02676799999989, 7.7998], [-69.027575, 7.800215000000151], [-69.027782, 7.800766], [-69.029004, 7.801434], [-69.029488, 7.801458000000139], [-69.030043, 7.801047], [-69.030576, 7.800359000000128], [-69.030716, 7.799556000000166], [-69.030903, 7.798179], [-69.031089, 7.797629], [-69.03116, 7.796619000000135], [-69.031577, 7.795909], [-69.031649, 7.794784], [-69.032252, 7.79359200000016], [-69.032184, 7.792949], [-69.033017, 7.791827000000126], [-69.033247, 7.79205700000017], [-69.033893, 7.792448], [-69.034493, 7.793069], [-69.034491, 7.794056000000182], [-69.03446699999984, 7.794286], [-69.034143, 7.794652], [-69.033518, 7.795156], [-69.03347099999985, 7.795706000000109], [-69.033447, 7.79589], [-69.034441, 7.79591500000015], [-69.03480999999988, 7.795847], [-69.03568699999988, 7.795803000000149], [-69.036033, 7.796194000000128], [-69.036263, 7.796424000000172], [-69.036608, 7.797159], [-69.036814, 7.797803], [-69.037021, 7.798193], [-69.037251, 7.798607000000118], [-69.038289, 7.798816], [-69.039328, 7.798979], [-69.03942, 7.79925400000019], [-69.03967199999988, 7.799691000000109], [-69.039856, 7.800196], [-69.039947, 7.800701], [-69.039991, 7.801283], [-69.040325, 7.801699], [-69.04209299999985, 7.801028], [-69.042417, 7.800936], [-69.04378, 7.800366], [-69.044912, 7.799772], [-69.045282, 7.79952], [-69.046646, 7.798536000000126], [-69.04676299999988, 7.797894], [-69.04676299999988, 7.797595], [-69.046071, 7.797341000000188], [-69.046048, 7.797341000000188], [-69.044823, 7.797981], [-69.04392199999984, 7.798438], [-69.04313699999989, 7.798666], [-69.042491, 7.798596], [-69.042076, 7.798319000000106], [-69.041777, 7.797837000000186], [-69.04143199999987, 7.797078000000113], [-69.041942, 7.795978], [-69.041643, 7.795564], [-69.042382, 7.795290000000136], [-69.042589, 7.795819], [-69.04300399999988, 7.796141], [-69.0437189999999, 7.796188], [-69.045174, 7.795962000000145], [-69.046006, 7.795528000000104], [-69.0463519999999, 7.795368], [-69.047369, 7.795026000000121], [-69.04792299999986, 7.795027], [-69.048407, 7.795281000000102], [-69.04854399999988, 7.795694], [-69.048936, 7.796108000000117], [-69.049397, 7.796224000000166], [-69.04949, 7.796247000000108], [-69.05069, 7.796112000000107], [-69.05112899999989, 7.795906000000116], [-69.05087699999984, 7.795309], [-69.050763, 7.794299], [-69.050395, 7.793701000000112], [-69.05083499999984, 7.793014], [-69.051045, 7.792050000000131], [-69.051046, 7.791545], [-69.050401, 7.790947000000131], [-69.050656, 7.790144000000168], [-69.051442, 7.789848000000177], [-69.052181, 7.789712000000122], [-69.053059, 7.789255000000139], [-69.053752, 7.788682000000165], [-69.054031, 7.787604000000101], [-69.054404, 7.785975000000178], [-69.05479899999989, 7.784621], [-69.054939, 7.783795000000111], [-69.055126, 7.782809], [-69.055127, 7.782189], [-69.055314, 7.781088000000125], [-69.055317, 7.779825], [-69.055204, 7.778769], [-69.055067, 7.777851000000169], [-69.054654, 7.776771000000167], [-69.054654, 7.776726000000167], [-69.054632, 7.776037], [-69.05511899999982, 7.775074], [-69.055929, 7.773722000000134], [-69.056577, 7.773126], [-69.057571, 7.772096], [-69.057665, 7.771476], [-69.057665, 7.771338], [-69.056559, 7.770533], [-69.055567, 7.77055300000012], [-69.054136, 7.770481000000188], [-69.05274999999983, 7.770846000000176], [-69.052588, 7.770868], [-69.052081, 7.770684000000131], [-69.05108899999988, 7.770245], [-69.050651, 7.770061], [-69.0498439999999, 7.769669000000135], [-69.049314, 7.769277], [-69.049431, 7.768451], [-69.04975699999989, 7.767350000000135], [-69.049921, 7.765836], [-69.050154, 7.764895], [-69.04976199999987, 7.764504], [-69.049787, 7.76377], [-69.049996, 7.763128], [-69.05050199999988, 7.763955], [-69.051725, 7.764096000000166], [-69.05241699999988, 7.764464], [-69.052947, 7.764856000000179], [-69.052899, 7.765590000000145], [-69.052875, 7.766301], [-69.05389, 7.766373000000101], [-69.0540989999999, 7.765799], [-69.054608, 7.765364], [-69.055185, 7.765251], [-69.05680199999989, 7.76452], [-69.058027, 7.763673], [-69.05837399999984, 7.763353000000166], [-69.059736, 7.763057000000174], [-69.059945, 7.762782000000186], [-69.060085, 7.762002000000109], [-69.060108, 7.76175], [-69.060803, 7.76081], [-69.060435, 7.760121], [-69.061497, 7.760123], [-69.062281, 7.760446000000172], [-69.06292599999989, 7.761113], [-69.063571, 7.761872], [-69.064563, 7.762196000000188], [-69.064655, 7.762196000000188], [-69.06587999999988, 7.761602], [-69.066342, 7.761350000000164], [-69.067243, 7.760778], [-69.0683729999999, 7.761125], [-69.068973, 7.761379], [-69.069988, 7.761817], [-69.070887, 7.76237], [-69.0711629999999, 7.762669], [-69.071277, 7.76322000000016], [-69.070929, 7.764137], [-69.070351, 7.764802000000145], [-69.069957, 7.765627], [-69.069262, 7.766590000000122], [-69.069308, 7.767141], [-69.069676, 7.767555], [-69.070529, 7.767924], [-69.071498, 7.76804], [-69.072306, 7.768042], [-69.073114, 7.767929], [-69.073208, 7.767447000000175], [-69.073349, 7.765887], [-69.073237, 7.764441000000147], [-69.07323899999983, 7.763431], [-69.073102, 7.762513000000126], [-69.07338, 7.761939], [-69.07400399999989, 7.761528000000169], [-69.07532, 7.761347000000114], [-69.075642, 7.762036], [-69.075318, 7.762563000000171], [-69.074971, 7.762999], [-69.075016, 7.763412], [-69.07566199999985, 7.763436000000127], [-69.077024, 7.763531000000171], [-69.077808, 7.763533000000109], [-69.078638, 7.76401600000014], [-69.079007, 7.764247], [-69.080231, 7.763974], [-69.08069399999982, 7.763378000000102], [-69.081087, 7.763149000000169], [-69.083304, 7.762580000000128], [-69.083187, 7.763039000000106], [-69.083625, 7.763247], [-69.084734, 7.763570000000186], [-69.085541, 7.763939000000164], [-69.085886, 7.764215], [-69.086671, 7.764401], [-69.087479, 7.76392], [-69.088473, 7.763670000000104], [-69.088934, 7.763487], [-69.089628, 7.763122], [-69.0894909999999, 7.762272], [-69.088962, 7.760963000000118], [-69.088434, 7.759722000000124], [-69.088435, 7.759034], [-69.088345, 7.758207], [-69.088554, 7.757542], [-69.089178, 7.756809000000146], [-69.089594, 7.75658], [-69.090472, 7.756192], [-69.091004, 7.755459], [-69.09107399999988, 7.755], [-69.0915389999999, 7.753394], [-69.0914939999999, 7.752820000000156], [-69.091842, 7.751742], [-69.09244299999989, 7.751583], [-69.092835, 7.75179], [-69.093665, 7.752136], [-69.094587, 7.75262], [-69.095924, 7.753541], [-69.096777, 7.754048000000125], [-69.097631, 7.754302], [-69.0980679999999, 7.754601], [-69.099361, 7.754765000000134], [-69.100469, 7.754652], [-69.10167, 7.754219], [-69.102432, 7.754037], [-69.10360899999989, 7.753718], [-69.104672, 7.753215000000125], [-69.105227, 7.752757], [-69.105597, 7.752368], [-69.105967, 7.751841000000127], [-69.10597, 7.750624000000187], [-69.10585499999985, 7.749981], [-69.105395, 7.749521], [-69.104726, 7.749038], [-69.103895, 7.749151000000154], [-69.10306399999985, 7.749333], [-69.10295, 7.748782000000176], [-69.102837, 7.747357], [-69.102885, 7.746577000000173], [-69.10311599999989, 7.746302000000128], [-69.10390199999989, 7.745822], [-69.104317, 7.745846], [-69.105125, 7.745893], [-69.10651, 7.745391], [-69.106974, 7.744589000000133], [-69.10835999999989, 7.743467], [-69.10873, 7.743147], [-69.109469, 7.743125], [-69.110531, 7.742829], [-69.110717, 7.742898], [-69.111385, 7.743588000000102], [-69.111592, 7.74391], [-69.112006, 7.744462000000112], [-69.1111499999999, 7.745401000000186], [-69.110665, 7.745721], [-69.109623, 7.747211], [-69.10994399999987, 7.747946], [-69.11066, 7.748498], [-69.11202199999985, 7.748203], [-69.112416, 7.747515000000135], [-69.113825, 7.74685200000016], [-69.114772, 7.746487000000172], [-69.115881, 7.746030000000189], [-69.1166429999999, 7.745779], [-69.11784299999982, 7.745484000000147], [-69.118674, 7.745485], [-69.119574, 7.745877000000121], [-69.11985, 7.746153], [-69.120101, 7.747691000000145], [-69.12014599999986, 7.748197], [-69.11989099999988, 7.748793], [-69.120005, 7.749734], [-69.1206959999999, 7.750516000000118], [-69.1216859999999, 7.75178], [-69.122632, 7.751621], [-69.1235559999999, 7.751508000000115], [-69.1244329999999, 7.751464], [-69.125056, 7.751695000000154], [-69.125979, 7.7515590000001], [-69.126487, 7.751423], [-69.127988, 7.750806000000125], [-69.128867, 7.750165], [-69.129999, 7.74945600000018], [-69.130738, 7.74922800000013], [-69.13157, 7.748587], [-69.132378, 7.748451000000159], [-69.1325159999999, 7.748681000000147], [-69.132977, 7.749209000000121], [-69.133737, 7.750221], [-69.135236, 7.750889], [-69.134751, 7.751485000000173], [-69.13505, 7.751853], [-69.135881, 7.751855], [-69.137059, 7.75149], [-69.137913, 7.751055000000122], [-69.138121, 7.751056], [-69.138675, 7.751057000000117], [-69.13959699999987, 7.751518], [-69.14105399999988, 7.749914], [-69.140826, 7.748789], [-69.142097, 7.747874], [-69.142214, 7.746864], [-69.142538, 7.746199000000161], [-69.142908, 7.746062000000165], [-69.143854, 7.74611], [-69.14443099999988, 7.746386], [-69.144939, 7.746227000000147], [-69.146116, 7.746183], [-69.1469, 7.746391], [-69.147777, 7.746393], [-69.14803, 7.746784], [-69.148445, 7.747175], [-69.148813, 7.747726], [-69.148488, 7.748667], [-69.149157, 7.748852000000113], [-69.150289, 7.748693], [-69.15052, 7.748556000000121], [-69.150773, 7.748832], [-69.151419, 7.748971], [-69.151626, 7.749201], [-69.15197199999989, 7.749614], [-69.152294, 7.750235000000146], [-69.152593, 7.750649000000124], [-69.153424, 7.750742000000173], [-69.15404699999988, 7.750743], [-69.15483199999989, 7.750607000000173], [-69.155062, 7.750699000000168], [-69.155985, 7.750999], [-69.156031, 7.751321], [-69.156977, 7.751575000000173], [-69.15741599999984, 7.751737], [-69.158039, 7.751807000000156], [-69.15849999999989, 7.751922], [-69.159239, 7.751694], [-69.15933299999989, 7.751052], [-69.159773, 7.75002000000012], [-69.16028299999982, 7.748919000000114], [-69.16058399999986, 7.748185000000149], [-69.162178, 7.747638], [-69.16296299999988, 7.747088000000133], [-69.163426, 7.746263000000113], [-69.164073, 7.74585100000013], [-69.164767, 7.744957], [-69.165623, 7.744179], [-69.165877, 7.743789], [-69.166525, 7.742849], [-69.167264, 7.74269], [-69.167702, 7.742783000000145], [-69.168255, 7.743403], [-69.1688769999999, 7.743772], [-69.16964, 7.74336], [-69.170079, 7.743131000000119], [-69.170309, 7.743270000000109], [-69.1706319999999, 7.74356900000015], [-69.17234, 7.743182000000104], [-69.17278, 7.742678000000126], [-69.174556, 7.743324000000143], [-69.175594, 7.743326], [-69.176009, 7.743717000000117], [-69.176262, 7.744176], [-69.1767, 7.744383], [-69.177301, 7.744339], [-69.177553, 7.744959], [-69.177875, 7.745786], [-69.177827, 7.746566000000144], [-69.177988, 7.747255000000109], [-69.178079, 7.747898], [-69.179071, 7.747923000000128], [-69.179141, 7.747900000000186], [-69.180064, 7.747993], [-69.18029399999989, 7.748108000000173], [-69.181448, 7.748868000000186], [-69.182602, 7.748916], [-69.182901, 7.749468], [-69.183824, 7.749768], [-69.18465499999985, 7.749471000000142], [-69.18548799999985, 7.748348000000135], [-69.187289, 7.747571000000164], [-69.187174, 7.747479000000169], [-69.187751, 7.747778], [-69.188189, 7.747940000000142], [-69.188835, 7.748285], [-69.18909, 7.74746], [-69.188883, 7.746679], [-69.189093, 7.745738000000188], [-69.189095, 7.744659], [-69.19010999999989, 7.744638000000123], [-69.19010899999984, 7.745396000000142], [-69.190708, 7.746177000000102], [-69.190706, 7.746866], [-69.19139799999988, 7.747579], [-69.191951, 7.747717], [-69.19257399999987, 7.747787], [-69.19273599999985, 7.747971], [-69.19319699999988, 7.748271000000159], [-69.19398, 7.748869], [-69.19555, 7.748665], [-69.195805, 7.748138], [-69.1957359999999, 7.747793], [-69.196592, 7.746418000000119], [-69.197816, 7.746007], [-69.19823199999985, 7.745939000000135], [-69.198256, 7.745182], [-69.19805, 7.744584], [-69.197982, 7.743804], [-69.19789, 7.743230000000153], [-69.198098, 7.743024000000162], [-69.197915, 7.74245], [-69.197708, 7.741921], [-69.197755, 7.741302000000132], [-69.198287, 7.740614], [-69.198888, 7.740179000000126], [-69.19902699999989, 7.739766], [-69.198682, 7.738962000000186], [-69.198683, 7.738435], [-69.199353, 7.73839], [-69.200069, 7.737932], [-69.200553, 7.738002000000108], [-69.200761, 7.73775], [-69.2015679999999, 7.738509], [-69.201798, 7.738922], [-69.202282, 7.739107000000104], [-69.20260699999989, 7.738350000000139], [-69.20286099999987, 7.738075000000151], [-69.20322999999985, 7.738053], [-69.20352999999989, 7.738214], [-69.20352999999989, 7.738444000000129], [-69.203967, 7.739064], [-69.204821, 7.739066], [-69.205884, 7.738654], [-69.206208, 7.738632], [-69.206715, 7.738931], [-69.206922, 7.739253], [-69.20726799999989, 7.739437], [-69.207775, 7.739851], [-69.20849, 7.739899], [-69.208858, 7.74068], [-69.209158, 7.740818], [-69.209758, 7.740865], [-69.2108649999999, 7.741165], [-69.21201999999988, 7.740892000000144], [-69.212829, 7.740021], [-69.212945, 7.739700000000141], [-69.212462, 7.738896], [-69.21207, 7.738413], [-69.21218699999986, 7.737564000000134], [-69.212234, 7.736922000000106], [-69.212698, 7.735867], [-69.212722, 7.735293000000183], [-69.212468, 7.734902000000147], [-69.212769, 7.734237000000178], [-69.212539, 7.733778], [-69.213047, 7.733595], [-69.213786, 7.733826000000136], [-69.213924, 7.734125000000176], [-69.21401599999984, 7.73435400000011], [-69.21524, 7.733760000000132], [-69.215886, 7.733761], [-69.216578, 7.733762000000127], [-69.216832, 7.733946000000117], [-69.217409, 7.734131000000104], [-69.21757, 7.734292], [-69.21814599999988, 7.734752000000185], [-69.218745, 7.73535], [-69.218998, 7.735855000000129], [-69.21925, 7.736889], [-69.219088, 7.737416000000167], [-69.219087, 7.73799], [-69.219525, 7.738335000000177], [-69.22005499999989, 7.738543000000107], [-69.220169, 7.739346000000126], [-69.2190609999999, 7.739849], [-69.218322, 7.740169], [-69.21714299999985, 7.741177000000107], [-69.217212, 7.741452000000152], [-69.217211, 7.742003], [-69.21760299999988, 7.742325], [-69.2182719999999, 7.742487000000153], [-69.21889499999986, 7.742534000000148], [-69.219125, 7.742833000000189], [-69.21951699999988, 7.742879], [-69.220418, 7.742468], [-69.22028, 7.742009], [-69.220004, 7.741618000000187], [-69.219959, 7.741136], [-69.220582, 7.7410220000001], [-69.221204, 7.741482000000133], [-69.221434, 7.742217], [-69.221826, 7.742356000000143], [-69.222427, 7.74194400000016], [-69.223212, 7.741647000000114], [-69.2238119999999, 7.741763000000105], [-69.224389, 7.742016], [-69.225289, 7.742041], [-69.226651, 7.741699000000153], [-69.227506, 7.741035], [-69.228129, 7.740944000000184], [-69.22842899999989, 7.741059000000121], [-69.22868199999988, 7.741450000000157], [-69.228543, 7.74181700000014], [-69.228612, 7.742184000000123], [-69.229027, 7.742369000000167], [-69.22967299999988, 7.742921], [-69.229024, 7.74386], [-69.229024, 7.743975000000148], [-69.22863, 7.744893000000104], [-69.22863, 7.74503], [-69.22863, 7.745053], [-69.228999, 7.745283], [-69.2295539999999, 7.745583000000181], [-69.230154, 7.745423], [-69.2305, 7.74519400000014], [-69.230755, 7.744460000000117], [-69.230756, 7.743887], [-69.23161, 7.744186], [-69.231817, 7.74483], [-69.232624, 7.744716], [-69.2331779999999, 7.744832], [-69.2329, 7.745772000000159], [-69.232161, 7.746024], [-69.231883, 7.746505], [-69.23202, 7.747194], [-69.232528, 7.747287], [-69.233127, 7.747838], [-69.233704, 7.747702000000174], [-69.23388799999987, 7.748046], [-69.234628, 7.747405], [-69.235322, 7.746419], [-69.235854, 7.745709], [-69.237032, 7.744885000000124], [-69.237656, 7.744840000000124], [-69.237585, 7.745666], [-69.237561, 7.746309], [-69.237537, 7.746928], [-69.238344, 7.747090000000128], [-69.238876, 7.746862000000135], [-69.238784, 7.74638], [-69.238786, 7.745324], [-69.23880899999989, 7.745324], [-69.239455, 7.745302], [-69.23991599999982, 7.745946000000174], [-69.240353, 7.746428], [-69.24113599999987, 7.747967], [-69.241619, 7.748565000000156], [-69.2426789999999, 7.749554000000103], [-69.243487, 7.749739000000147], [-69.244272, 7.749786], [-69.244734, 7.74900700000012], [-69.244873, 7.74900700000012], [-69.24554199999983, 7.749054000000115], [-69.246904, 7.748918], [-69.246927, 7.748896000000173], [-69.247898, 7.748071000000152], [-69.247992, 7.746809000000155], [-69.247992, 7.746786], [-69.24900799999989, 7.746558], [-69.24993099999989, 7.746560000000159], [-69.250554, 7.746561], [-69.25133899999986, 7.74647], [-69.252077, 7.746701], [-69.253026, 7.745808000000125], [-69.25300399999986, 7.745257], [-69.25254199999989, 7.744935], [-69.25141, 7.7453], [-69.251204, 7.744496], [-69.251066, 7.744083], [-69.250422, 7.742682000000116], [-69.250262, 7.741832000000102], [-69.250401, 7.741328000000181], [-69.250494, 7.741006], [-69.250956, 7.740617000000157], [-69.251834, 7.739792], [-69.252434, 7.739908], [-69.252433, 7.740689], [-69.252363, 7.740918], [-69.25245499999983, 7.741216000000122], [-69.253102, 7.740575], [-69.253658, 7.740232000000105], [-69.254675, 7.739361000000144], [-69.255738, 7.738376000000187], [-69.255946, 7.738078], [-69.25612999999987, 7.738469], [-69.256984, 7.738493], [-69.25737599999985, 7.738585], [-69.258369, 7.738381], [-69.25897, 7.737624], [-69.259594, 7.737212000000113], [-69.260726, 7.736709], [-69.26091, 7.736847000000125], [-69.26144, 7.737169000000108], [-69.261508, 7.737881], [-69.261092, 7.738500000000101], [-69.261069, 7.738798], [-69.261553, 7.738799], [-69.261529, 7.73925800000012], [-69.261136, 7.739785], [-69.260859, 7.740152], [-69.261274, 7.740451], [-69.26191799999987, 7.741393], [-69.26124899999985, 7.741668], [-69.26124899999985, 7.741754], [-69.261493, 7.741905000000145], [-69.261874, 7.742898], [-69.261893, 7.74290800000017], [-69.262286, 7.74222], [-69.26270199999988, 7.741877000000102], [-69.2632559999999, 7.741969], [-69.26464, 7.742844], [-69.264847, 7.742890000000102], [-69.265979, 7.742456], [-69.265979, 7.742410000000177], [-69.266717, 7.742572], [-69.26715599999983, 7.742527], [-69.26782599999984, 7.742023000000131], [-69.268219, 7.741771], [-69.269049, 7.741773], [-69.269602, 7.742462], [-69.269717, 7.743059], [-69.26999199999989, 7.744322], [-69.27015299999982, 7.744804], [-69.27119, 7.745494], [-69.27183699999989, 7.744899], [-69.271976, 7.744348000000116], [-69.271678, 7.743613], [-69.272185, 7.743522000000155], [-69.272324, 7.74356900000015], [-69.27278499999989, 7.743615], [-69.273387, 7.74285900000018], [-69.27318, 7.741872], [-69.273135, 7.741596000000129], [-69.273321, 7.740632000000119], [-69.273229, 7.740013], [-69.2731629999999, 7.737993], [-69.27341799999988, 7.737121], [-69.27402, 7.736341], [-69.274181, 7.736387], [-69.274943, 7.736526], [-69.275265, 7.736893], [-69.276026, 7.737194], [-69.276649, 7.737425], [-69.277642, 7.737425], [-69.27794199999983, 7.737679], [-69.278218, 7.738575000000139], [-69.277803, 7.738184000000103], [-69.277548, 7.738643], [-69.27727, 7.739124], [-69.277663, 7.739194000000168], [-69.278516, 7.739516], [-69.279208, 7.740137], [-69.278883, 7.741330000000175], [-69.279252, 7.74156], [-69.27957399999985, 7.74202], [-69.280704, 7.74268700000016], [-69.28105, 7.742803], [-69.281558, 7.742804], [-69.28232, 7.742392000000109], [-69.28262099999989, 7.741933000000131], [-69.282276, 7.741244000000165], [-69.28186099999988, 7.740716], [-69.2815849999999, 7.740004], [-69.281355, 7.739544], [-69.281402, 7.738718], [-69.281866, 7.737387], [-69.282837, 7.736447], [-69.28369, 7.7366320000001], [-69.283874, 7.737275], [-69.285467, 7.736888], [-69.285766, 7.737232], [-69.28602, 7.737348], [-69.286435, 7.737738000000149], [-69.28692, 7.73767], [-69.286687, 7.738978], [-69.286848, 7.739484000000175], [-69.28728499999988, 7.740357000000131], [-69.287885, 7.740703000000167], [-69.28827799999988, 7.740267000000131], [-69.287978, 7.739670000000103], [-69.287933, 7.738866], [-69.288972, 7.739074000000187], [-69.28936399999986, 7.73925800000012], [-69.28915499999988, 7.7402], [-69.2889459999999, 7.740612], [-69.28915399999988, 7.740819000000158], [-69.289684, 7.74105], [-69.28998399999989, 7.741073], [-69.290676, 7.741258], [-69.29018999999988, 7.742496000000187], [-69.290166, 7.74307], [-69.29018799999983, 7.74343800000014], [-69.290372, 7.744264000000101], [-69.290787, 7.744632], [-69.290647, 7.745366000000161], [-69.290647, 7.745527000000152], [-69.291478, 7.745735000000138], [-69.291939, 7.745781], [-69.292515, 7.746471], [-69.293345, 7.747046], [-69.293691, 7.746932], [-69.294639, 7.745832000000178], [-69.29464, 7.745442], [-69.294802, 7.744937000000164], [-69.294803, 7.744639], [-69.2937409999999, 7.744522000000131], [-69.29406499999988, 7.744132], [-69.294203, 7.744018000000153], [-69.29519599999986, 7.744203], [-69.29561299999989, 7.743171], [-69.29561299999989, 7.743033], [-69.295591, 7.742161000000181], [-69.29602899999986, 7.742254], [-69.296375, 7.74269], [-69.296813, 7.743012], [-69.297112, 7.743334], [-69.29794299999986, 7.743657000000155], [-69.298266, 7.743749], [-69.29881899999987, 7.74398], [-69.298936, 7.743131000000119], [-69.298659, 7.742924], [-69.299329, 7.742925000000128], [-69.29942, 7.743315000000109], [-69.3001589999999, 7.743454], [-69.299929, 7.742696], [-69.300345, 7.742192], [-69.300622, 7.742491000000143], [-69.301476, 7.742607000000135], [-69.301801, 7.741849000000116], [-69.301847, 7.741459], [-69.30198699999988, 7.740472], [-69.302797, 7.739349], [-69.30381199999988, 7.739511000000107], [-69.303996, 7.739603000000102], [-69.304019, 7.740246000000184], [-69.305473, 7.739835], [-69.305033, 7.740982000000145], [-69.3046169999999, 7.74167], [-69.30493899999988, 7.742474000000129], [-69.305262, 7.742405000000133], [-69.306416, 7.742246], [-69.30690099999987, 7.742270000000133], [-69.306923, 7.742569000000174], [-69.307292, 7.743005], [-69.30768399999988, 7.743281000000138], [-69.308861, 7.743191000000138], [-69.309044, 7.744065000000148], [-69.30946, 7.744043], [-69.309922, 7.743583], [-69.309646, 7.742871], [-69.310385, 7.742299], [-69.3108, 7.743149], [-69.31096, 7.74370000000016], [-69.311999, 7.743449000000169], [-69.312577, 7.742991], [-69.31280899999985, 7.742371000000162], [-69.31384699999984, 7.742190000000107], [-69.313571, 7.741661], [-69.313503, 7.740881000000115], [-69.313089, 7.7400540000001], [-69.31276599999984, 7.739686], [-69.31285999999989, 7.73847000000012], [-69.31293099999988, 7.737804], [-69.313094, 7.736359000000107], [-69.313232, 7.736979], [-69.314293, 7.737003], [-69.314317, 7.736659], [-69.313925, 7.736429], [-69.313279, 7.736474], [-69.31272599999988, 7.735279], [-69.31328, 7.735280000000159], [-69.314042, 7.735488000000146], [-69.31462, 7.734456], [-69.315822, 7.733287], [-69.31552299999987, 7.732323000000122], [-69.315871, 7.731291000000169], [-69.315526, 7.73051], [-69.314694, 7.730990000000133], [-69.314742, 7.730027], [-69.314928, 7.729247000000157], [-69.314744, 7.72842], [-69.314746, 7.727295], [-69.315415, 7.727044], [-69.316177, 7.727045], [-69.316247, 7.72619600000013], [-69.315671, 7.725943000000143], [-69.31551, 7.725392], [-69.315511, 7.724956000000191], [-69.316111, 7.724452], [-69.31622699999986, 7.724016], [-69.316321, 7.723190000000102], [-69.31662, 7.723948000000121], [-69.316872, 7.723823], [-69.316868, 7.723813000000121], [-69.317639, 7.723089], [-69.317868, 7.722687], [-69.317822, 7.722228], [-69.318285, 7.72126500000013], [-69.318448, 7.720393000000115], [-69.319003, 7.719682], [-69.320282, 7.719271], [-69.320795, 7.717905000000144], [-69.321087, 7.717793000000142], [-69.321199, 7.716748000000166], [-69.322401, 7.715396], [-69.322772, 7.7148], [-69.323188, 7.713928], [-69.32386, 7.712277], [-69.32483, 7.711796], [-69.324874, 7.713426], [-69.324989, 7.713655], [-69.32537999999983, 7.714207], [-69.325679, 7.714689], [-69.32625599999983, 7.715241000000162], [-69.326532, 7.71565500000014], [-69.328034, 7.714831000000174], [-69.327619, 7.714394], [-69.32725, 7.713521000000128], [-69.327159, 7.712993000000154], [-69.328037, 7.712834000000157], [-69.329075, 7.713478000000123], [-69.330574, 7.713710000000162], [-69.33071299999983, 7.713710000000162], [-69.331913, 7.713758], [-69.332905, 7.71412700000019], [-69.3343129999999, 7.713647], [-69.335653, 7.712502], [-69.335791, 7.712525], [-69.337501, 7.711013], [-69.337616, 7.711196000000143], [-69.33796199999983, 7.711403], [-69.338353, 7.712345], [-69.338999, 7.712851000000114], [-69.33913699999988, 7.713012000000106], [-69.3397609999999, 7.712324], [-69.340777, 7.712257], [-69.341238, 7.712579000000176], [-69.341906, 7.713567], [-69.342551, 7.714348], [-69.343287, 7.715956000000176], [-69.343287, 7.715979000000118], [-69.343194, 7.71669], [-69.343239, 7.717241000000115], [-69.34388499999989, 7.717219], [-69.34474, 7.716876], [-69.345317, 7.716785], [-69.345778, 7.717199000000164], [-69.345523, 7.71791], [-69.346192, 7.718095], [-69.346469, 7.717980000000125], [-69.347184, 7.718326000000161], [-69.34762299999983, 7.718143000000111], [-69.348224, 7.717226], [-69.349222, 7.716902000000118], [-69.34735, 7.714129000000185], [-69.347368, 7.712289000000169], [-69.34805299999988, 7.712072000000148], [-69.34829599999989, 7.712117000000148], [-69.34820799999989, 7.712062], [-69.347563, 7.711074], [-69.347402, 7.710385], [-69.34691899999984, 7.709535], [-69.34721899999988, 7.709237], [-69.34775, 7.708962], [-69.348236, 7.707862], [-69.349437, 7.707611], [-69.350013, 7.708300000000179], [-69.350012, 7.709287000000131], [-69.350288, 7.709701000000109], [-69.35104899999988, 7.710069], [-69.351648, 7.710483000000124], [-69.3517169999999, 7.711126], [-69.3525029999999, 7.710760000000164], [-69.352988, 7.710118000000136], [-69.3539219999999, 7.710077000000126], [-69.353993, 7.709994000000165], [-69.35400299999986, 7.709993000000111], [-69.354236, 7.709133000000179], [-69.354584, 7.707733000000133], [-69.35433099999989, 7.706769000000122], [-69.354886, 7.706103], [-69.35641, 7.705188], [-69.35678, 7.705165000000136], [-69.357194, 7.705671], [-69.357194, 7.706267], [-69.357331, 7.706979000000103], [-69.358369, 7.707394], [-69.359384, 7.707464], [-69.3597989999999, 7.707925], [-69.36090699999983, 7.707398000000126], [-69.360562, 7.706548000000168], [-69.360863, 7.705906000000141], [-69.36157799999984, 7.706159000000127], [-69.363934, 7.704786], [-69.3652479999999, 7.705797000000189], [-69.366886, 7.705915000000175], [-69.367556, 7.705915000000175], [-69.367347, 7.706764], [-69.36695399999985, 7.707246000000168], [-69.366861, 7.707819], [-69.367507, 7.708027000000129], [-69.36873, 7.707639], [-69.368731, 7.707294], [-69.36949499999986, 7.70539], [-69.37016599999987, 7.704106], [-69.37049, 7.703441000000112], [-69.370997, 7.703396000000112], [-69.371944, 7.702801], [-69.373029, 7.702664000000141], [-69.37386, 7.702367], [-69.37457599999988, 7.702254000000153], [-69.376028, 7.703311], [-69.376559, 7.70434500000016], [-69.376188, 7.704849], [-69.376026, 7.704987000000131], [-69.375725, 7.70579000000015], [-69.376716, 7.707558], [-69.377984, 7.708639000000176], [-69.379069, 7.708663000000172], [-69.379831, 7.707769], [-69.380294, 7.706852], [-69.38020199999988, 7.706622], [-69.379671, 7.706507000000158], [-69.37911799999989, 7.706506], [-69.378794, 7.706460000000163], [-69.38020399999988, 7.705153], [-69.380965, 7.705246000000102], [-69.381126, 7.705729], [-69.381703, 7.705982], [-69.382682, 7.705281000000127], [-69.382849, 7.704823], [-69.382512, 7.704629000000182], [-69.38219, 7.704032], [-69.38189, 7.703618], [-69.38295299999987, 7.703069], [-69.382976, 7.703184], [-69.383716, 7.701877], [-69.383855, 7.700982], [-69.384226, 7.700018], [-69.384849, 7.699721000000181], [-69.385981, 7.698712000000171], [-69.38623399999989, 7.699195], [-69.38602599999984, 7.699608], [-69.3861179999999, 7.699998000000164], [-69.386625, 7.700343000000146], [-69.386347, 7.701261], [-69.387292, 7.702088], [-69.38839799999988, 7.703604], [-69.388582, 7.704454000000112], [-69.389666, 7.704479], [-69.389713, 7.703859], [-69.390382, 7.703906], [-69.390843, 7.704595], [-69.391719, 7.705422], [-69.393127, 7.705287000000112], [-69.39356599999985, 7.704576], [-69.39359, 7.70363500000019], [-69.393406, 7.703336000000149], [-69.393061, 7.702854], [-69.393637, 7.703038000000163], [-69.394445, 7.703039000000103], [-69.395021, 7.703912], [-69.395968, 7.703041], [-69.396154, 7.701665000000105], [-69.396063, 7.700723], [-69.395811, 7.699644], [-69.395742, 7.699507], [-69.396111, 7.699645], [-69.396988, 7.699439], [-69.397796, 7.699464], [-69.39848699999988, 7.700268000000108], [-69.39848599999988, 7.700956], [-69.398984, 7.700761], [-69.39926799999984, 7.700459000000137], [-69.399598, 7.700349], [-69.400126, 7.699375000000146], [-69.400266, 7.698801], [-69.400405, 7.697677000000169], [-69.400707, 7.696071000000131], [-69.402324, 7.695568], [-69.403224, 7.695868], [-69.404216, 7.696167000000116], [-69.4063139999999, 7.697708], [-69.40652299999988, 7.696974], [-69.407699, 7.697320000000104], [-69.408022, 7.697779], [-69.40905899999984, 7.698377000000164], [-69.409544, 7.69847], [-69.410216, 7.696336], [-69.411162, 7.69613100000015], [-69.412362, 7.695903000000101], [-69.413655, 7.695721000000162], [-69.414116, 7.695791], [-69.414439, 7.695929000000149], [-69.415362, 7.696068], [-69.416238, 7.696827], [-69.417089, 7.698802000000171], [-69.4166039999999, 7.699535], [-69.416279, 7.700751000000139], [-69.41676299999989, 7.701395000000105], [-69.417547, 7.701809], [-69.41817, 7.702177000000177], [-69.419785, 7.702087000000176], [-69.420871, 7.701607], [-69.422071, 7.701264], [-69.422763, 7.701334], [-69.42426299999988, 7.701657000000125], [-69.424863, 7.702117], [-69.426363, 7.702762], [-69.426547, 7.702601], [-69.426548, 7.701936000000103], [-69.4268029999999, 7.701247000000137], [-69.427241, 7.701500000000124], [-69.42788699999988, 7.701547], [-69.4285119999999, 7.700309000000175], [-69.42812, 7.699574], [-69.42768299999989, 7.698747], [-69.428329, 7.698335], [-69.429483, 7.697923], [-69.431122, 7.697489], [-69.431976, 7.697375], [-69.43312899999984, 7.698043], [-69.433776, 7.69747], [-69.435461, 7.697334], [-69.435739, 7.696462000000167], [-69.43477, 7.696438000000114], [-69.434124, 7.696231], [-69.433662, 7.696115], [-69.433548, 7.695059], [-69.433941, 7.694486], [-69.43401099999988, 7.693614], [-69.434266, 7.692949000000112], [-69.43458999999984, 7.69177900000011], [-69.434522, 7.691412000000128], [-69.433668, 7.691640000000177], [-69.432906, 7.691478], [-69.432514, 7.691156], [-69.432977, 7.690491000000122], [-69.433693, 7.689368000000115], [-69.433786, 7.688863], [-69.433118, 7.687623000000144], [-69.4325199999999, 7.686406], [-69.432082, 7.685693000000185], [-69.431922, 7.684844], [-69.43201399999987, 7.684408], [-69.433078, 7.682987], [-69.434232, 7.682300000000112], [-69.43425499999984, 7.682300000000112], [-69.434371, 7.680166], [-69.43455099999989, 7.678624], [-69.435549, 7.67681], [-69.436365, 7.674813], [-69.436636, 7.673090000000116], [-69.436998, 7.671457], [-69.43745, 7.669371], [-69.4377219999999, 7.668283], [-69.44062799999989, 7.665832], [-69.44117199999988, 7.664925], [-69.44314, 7.663742], [-69.443277, 7.663213], [-69.443622, 7.662708000000123], [-69.44396699999987, 7.662225000000149], [-69.44488699999988, 7.661305], [-69.444726, 7.661098000000152], [-69.444701, 7.660111], [-69.445023, 7.660019], [-69.445736, 7.659007], [-69.44704799999988, 7.658500000000117], [-69.447485, 7.65781], [-69.447899, 7.657396000000119], [-69.44787499999984, 7.657006], [-69.447069, 7.656732], [-69.44605499999989, 7.656572000000153], [-69.444995, 7.656345], [-69.443635, 7.656232], [-69.443405, 7.65621], [-69.441607, 7.655547], [-69.440454, 7.654952], [-69.44033899999988, 7.654654], [-69.440568, 7.654171], [-69.441074, 7.65355], [-69.441788, 7.653204000000187], [-69.44264, 7.652767], [-69.443699, 7.652719], [-69.444689, 7.652005], [-69.445978, 7.651383000000124], [-69.446139, 7.651268], [-69.44634599999989, 7.650831], [-69.448787, 7.650368000000185], [-69.44927, 7.649908000000153], [-69.4494299999999, 7.649425000000122], [-69.449566, 7.647519000000159], [-69.449565, 7.646807], [-69.449379, 7.645889000000125], [-69.451174, 7.644439], [-69.451609, 7.642992], [-69.452621, 7.64221], [-69.453681, 7.641978], [-69.454488, 7.641885000000116], [-69.455403, 7.64156], [-69.454938, 7.640836], [-69.45508399999989, 7.640247000000159], [-69.454946, 7.640093], [-69.454576, 7.639588000000117], [-69.45379099999985, 7.639016], [-69.453698, 7.638281000000177], [-69.453697, 7.637569], [-69.453535, 7.636881000000187], [-69.45314, 7.634861000000171], [-69.453324, 7.634286], [-69.45392099999987, 7.633412], [-69.45468, 7.632446], [-69.45520899999985, 7.631871], [-69.456867, 7.630789], [-69.458064, 7.63019], [-69.458847, 7.630188], [-69.459307, 7.629866], [-69.45953699999984, 7.62961300000012], [-69.459766, 7.628855000000101], [-69.46018, 7.628464], [-69.460686, 7.628096], [-69.46169999999984, 7.6283], [-69.46253, 7.628712000000178], [-69.46287499999988, 7.628459], [-69.463197, 7.62816000000015], [-69.46312699999987, 7.627494000000127], [-69.462942, 7.626783], [-69.462803, 7.626163000000133], [-69.462802, 7.625566000000106], [-69.462777, 7.624648], [-69.463145, 7.623843], [-69.463881, 7.623635], [-69.46424899999988, 7.623175000000174], [-69.464478, 7.62232500000016], [-69.46440799999988, 7.621522], [-69.465882, 7.621657000000141], [-69.466597, 7.621862], [-69.467011, 7.621471], [-69.4681599999999, 7.619999], [-69.468851, 7.61999800000018], [-69.469681, 7.619974000000127], [-69.47078599999986, 7.619995000000131], [-69.47124699999989, 7.619718], [-69.471061, 7.618961000000184], [-69.470899, 7.618387], [-69.472097, 7.618707000000143], [-69.472097, 7.618293000000165], [-69.471889, 7.617972], [-69.471428, 7.617835], [-69.474099, 7.617050000000177], [-69.474812, 7.616658], [-69.474812, 7.616773], [-69.474676, 7.617783], [-69.475597, 7.617644], [-69.47592, 7.617758], [-69.476219, 7.617964], [-69.47619699999984, 7.618148], [-69.476221, 7.61886], [-69.47649699999988, 7.618951], [-69.477397, 7.619615000000124], [-69.477604, 7.619753000000173], [-69.478663, 7.61943], [-69.478755, 7.619108], [-69.478639, 7.618488000000127], [-69.479099, 7.617959], [-69.47923599999984, 7.617109], [-69.480317, 7.616602], [-69.481078, 7.616555], [-69.48144699999989, 7.616807000000108], [-69.482093, 7.617288000000144], [-69.48257699999988, 7.617379], [-69.484097, 7.617215000000158], [-69.48465, 7.617122], [-69.485594, 7.616799000000185], [-69.485432, 7.616386], [-69.484786, 7.616135], [-69.484118, 7.61579200000017], [-69.483863, 7.615195000000142], [-69.4834939999999, 7.614759000000163], [-69.483077, 7.613291000000174], [-69.483284, 7.612923], [-69.48356, 7.612762], [-69.483629, 7.612509000000159], [-69.483536, 7.612188], [-69.483144, 7.611798], [-69.482729, 7.611339000000157], [-69.48222, 7.610100000000102], [-69.482196, 7.609710000000177], [-69.48207999999988, 7.609113], [-69.483715, 7.608490000000131], [-69.48461199999986, 7.608167], [-69.485763, 7.607775000000117], [-69.486293, 7.60759], [-69.48718999999988, 7.606991000000107], [-69.487213, 7.606945], [-69.487971, 7.605337000000191], [-69.488015, 7.604326], [-69.487991, 7.603454], [-69.488105, 7.602880000000141], [-69.48844999999989, 7.602351], [-69.488631, 7.600330000000156], [-69.48881399999988, 7.599778000000128], [-69.489021, 7.599342000000149], [-69.489411, 7.598445], [-69.48941, 7.59778], [-69.489363, 7.597527], [-69.489202, 7.597481000000187], [-69.488464, 7.596863], [-69.48844, 7.596472000000176], [-69.488647, 7.596128000000135], [-69.489222, 7.595713], [-69.48919899999987, 7.595438], [-69.489175, 7.594818], [-69.489243, 7.594221], [-69.489379, 7.593025], [-69.490094, 7.593644], [-69.49037, 7.593322000000114], [-69.490369, 7.592817], [-69.4920259999999, 7.592056000000184], [-69.492486, 7.591091000000119], [-69.493522, 7.590836000000138], [-69.494167, 7.590835], [-69.495089, 7.591293000000121], [-69.49630999999988, 7.591589000000113], [-69.496287, 7.591451], [-69.49619399999989, 7.59103800000014], [-69.496009, 7.590901], [-69.496032, 7.59035], [-69.496492, 7.590395], [-69.497138, 7.590669000000162], [-69.49769099999986, 7.591196], [-69.49819899999989, 7.591540000000123], [-69.49914199999984, 7.591102], [-69.499672, 7.591101], [-69.500364, 7.59149], [-69.500571, 7.591489], [-69.501077, 7.591006000000164], [-69.501721, 7.5905], [-69.50273, 7.590211000000124], [-69.504874, 7.590214000000174], [-69.505013, 7.59026], [-69.50556599999987, 7.590719], [-69.50623399999989, 7.591317000000117], [-69.50752499999987, 7.590355000000102], [-69.507711, 7.590057000000172], [-69.508702, 7.590815], [-69.50913999999989, 7.590265000000159], [-69.509763, 7.589624], [-69.510432, 7.588914000000102], [-69.511401, 7.588067], [-69.51283, 7.588917000000151], [-69.513129, 7.589284], [-69.513705, 7.58967500000017], [-69.514604, 7.590181000000143], [-69.5157329999999, 7.590366000000131], [-69.516425, 7.590229], [-69.51744, 7.589726000000155], [-69.518201, 7.589383000000169], [-69.519399, 7.58927], [-69.520206, 7.589592], [-69.522211, 7.590076000000124], [-69.52368699999988, 7.590514000000155], [-69.524908, 7.590309], [-69.525416, 7.58953], [-69.525163, 7.588864], [-69.525186, 7.588199], [-69.52539399999989, 7.58787800000016], [-69.525809, 7.587604], [-69.52694, 7.585931000000187], [-69.528, 7.586391], [-69.528369, 7.586208], [-69.529246, 7.58471800000018], [-69.5290619999999, 7.584007000000156], [-69.528993, 7.583456], [-69.529477, 7.582631000000163], [-69.530123, 7.581600000000151], [-69.530954, 7.581280000000106], [-69.531415, 7.580615], [-69.532684, 7.579768], [-69.534437, 7.578761], [-69.53434399999986, 7.579128], [-69.535635, 7.579290000000128], [-69.536119, 7.579773000000159], [-69.53671899999989, 7.579728000000159], [-69.538124, 7.580303000000129], [-69.538908, 7.580602000000169], [-69.5395999999999, 7.579502000000105], [-69.539417, 7.578057], [-69.539601, 7.57730000000015], [-69.54059299999989, 7.577508000000137], [-69.541054, 7.577256], [-69.54100799999986, 7.57627], [-69.540732, 7.575145], [-69.540917, 7.574572], [-69.541839, 7.574252], [-69.542139, 7.574734], [-69.542945, 7.574804], [-69.543522, 7.575241000000119], [-69.543521, 7.57581400000015], [-69.5443049999999, 7.575517], [-69.544766, 7.575494000000106], [-69.545712, 7.574578], [-69.54730299999989, 7.573479], [-69.54781, 7.573962], [-69.548824, 7.573825], [-69.548732, 7.57316], [-69.548825, 7.571738], [-69.54917199999988, 7.570339000000104], [-69.549702, 7.569904000000179], [-69.550117, 7.569997], [-69.55014, 7.570524000000148], [-69.552975, 7.571032], [-69.552976, 7.569633000000124], [-69.55288399999989, 7.568968000000154], [-69.554106, 7.567501000000107], [-69.5547519999999, 7.567686000000151], [-69.55500599999988, 7.567181000000119], [-69.554729, 7.566516000000149], [-69.554615, 7.565575], [-69.555491, 7.56566800000013], [-69.55609, 7.566403], [-69.556435, 7.566357000000153], [-69.55661999999984, 7.565119], [-69.558027, 7.564433000000122], [-69.55853499999984, 7.563791], [-69.559181, 7.563012000000128], [-69.559689, 7.562577], [-69.561141, 7.56260200000014], [-69.562016, 7.563130000000115], [-69.5623389999999, 7.564323], [-69.563721, 7.56499], [-69.565058, 7.56501500000013], [-69.565427, 7.564992000000188], [-69.565773, 7.564144000000169], [-69.5661659999999, 7.563502], [-69.566558, 7.563296], [-69.567318, 7.563091], [-69.567987, 7.562311], [-69.56870199999986, 7.561922], [-69.56916299999989, 7.561097000000132], [-69.569855, 7.560684], [-69.571307, 7.561053], [-69.572805, 7.561399], [-69.572921, 7.561147000000176], [-69.573244, 7.559656], [-69.573982, 7.559634], [-69.574558, 7.559176], [-69.5747889999999, 7.558420000000126], [-69.576518, 7.558123], [-69.57732499999986, 7.557803], [-69.5786619999999, 7.557576], [-69.57965399999989, 7.556889000000126], [-69.58078299999988, 7.556683000000135], [-69.582212, 7.5568], [-69.58269699999988, 7.556640000000129], [-69.58281199999982, 7.556204], [-69.583643, 7.55609], [-69.584473, 7.556321], [-69.585395, 7.556345], [-69.586225, 7.556208], [-69.586202, 7.555887], [-69.58553299999988, 7.555680000000109], [-69.585257, 7.555267], [-69.58564899999988, 7.554969], [-69.58677899999986, 7.553938], [-69.588116, 7.553687], [-69.588647, 7.552289], [-69.589246, 7.552381], [-69.589661, 7.552657], [-69.590052, 7.552979000000107], [-69.590813, 7.552934000000107], [-69.591182, 7.552361000000133], [-69.591505, 7.551856], [-69.59235799999988, 7.552018000000146], [-69.59235799999988, 7.552752000000112], [-69.594386, 7.55268500000011], [-69.594916, 7.552594], [-69.594917, 7.552273000000127], [-69.595378, 7.551907], [-69.596968, 7.552161], [-69.597913, 7.552552000000105], [-69.59802799999989, 7.552712], [-69.600149, 7.5525540000001], [-69.601071, 7.552418], [-69.601486, 7.552854], [-69.60109399999982, 7.553129], [-69.601071, 7.553541], [-69.602085, 7.553955], [-69.60289099999989, 7.554484], [-69.603882, 7.554622000000109], [-69.604459, 7.554692], [-69.60489699999988, 7.554234000000179], [-69.605335, 7.5534770000001], [-69.60572699999989, 7.552973000000122], [-69.606142, 7.552698], [-69.607018, 7.552608000000134], [-69.6074339999999, 7.553021000000172], [-69.607364, 7.554122000000177], [-69.607318, 7.554833], [-69.607248, 7.556002], [-69.607409, 7.556713000000116], [-69.607709, 7.556691], [-69.608401, 7.556279], [-69.608631, 7.555843], [-69.60876999999988, 7.555224], [-69.60918499999985, 7.554491000000155], [-69.60985399999987, 7.55421600000011], [-69.610753, 7.553690000000131], [-69.611329, 7.553094], [-69.61262, 7.553416], [-69.612966, 7.553944000000172], [-69.614141, 7.554083000000105], [-69.614533, 7.554359], [-69.61559299999988, 7.554727000000128], [-69.616654, 7.554728], [-69.617207, 7.554476000000136], [-69.61739099999988, 7.554454], [-69.61826699999989, 7.553812000000107], [-69.619005, 7.554065], [-69.619627, 7.554387], [-69.620088, 7.554663000000176], [-69.620204, 7.55425], [-69.620204, 7.55356200000017], [-69.619881, 7.552805], [-69.62013499999989, 7.551911000000189], [-69.620827, 7.551889000000131], [-69.621656, 7.552256000000114], [-69.62204799999984, 7.552761], [-69.622509, 7.553335], [-69.622763, 7.553336000000115], [-69.6229699999999, 7.553634000000102], [-69.62306199999989, 7.553932], [-69.623384, 7.554506000000117], [-69.623961, 7.554851], [-69.62425999999988, 7.55508], [-69.624859, 7.555425000000128], [-69.626473, 7.555610000000172], [-69.626819, 7.555565000000172], [-69.62813299999988, 7.554603000000156], [-69.62841, 7.553938], [-69.629332, 7.553686000000141], [-69.629332, 7.553985000000182], [-69.629193, 7.554627], [-69.629377, 7.55504], [-69.629654, 7.555407], [-69.63184499999988, 7.556051], [-69.632075, 7.556029], [-69.632375, 7.555777000000148], [-69.632559, 7.555249000000117], [-69.63313599999987, 7.555090000000121], [-69.63380399999988, 7.555159000000174], [-69.634288, 7.555182000000116], [-69.634772, 7.554931000000124], [-69.635787, 7.5541750000001], [-69.636824, 7.553167], [-69.6374699999999, 7.552089], [-69.638162, 7.552274000000182], [-69.639038, 7.55255000000011], [-69.639314, 7.552458000000115], [-69.640029, 7.551909], [-69.640905, 7.551703], [-69.641135, 7.551979000000131], [-69.640812, 7.553125], [-69.64051199999989, 7.553882], [-69.640189, 7.554638], [-69.640351, 7.555533], [-69.64062699999988, 7.555877], [-69.640973, 7.555235], [-69.641826, 7.554777000000172], [-69.64150299999989, 7.555006000000105], [-69.64178, 7.554915], [-69.64247099999989, 7.554572], [-69.64433899999989, 7.554138], [-69.64496099999985, 7.553794], [-69.646229, 7.554415], [-69.647036, 7.554439000000116], [-69.647566, 7.554279000000179], [-69.647843, 7.553774000000146], [-69.64816499999989, 7.553132000000119], [-69.64918, 7.552904], [-69.649756, 7.553111000000172], [-69.65021699999988, 7.5533870000001], [-69.650263, 7.553593], [-69.650562, 7.553915], [-69.651438, 7.554833], [-69.652014, 7.554650000000152], [-69.652614, 7.554284], [-69.65408899999989, 7.553964], [-69.654389, 7.554033], [-69.654989, 7.553942000000177], [-69.655312, 7.553461], [-69.655819, 7.553117000000157], [-69.656811, 7.552889000000107], [-69.657364, 7.552912], [-69.657525, 7.552798], [-69.657779, 7.552133], [-69.657986, 7.551858], [-69.65812499999987, 7.551445000000172], [-69.65849399999985, 7.550987000000134], [-69.65886299999983, 7.550827], [-69.65920799999986, 7.550597], [-69.659255, 7.550208000000111], [-69.659324, 7.549703], [-69.659301, 7.549405000000149], [-69.660039, 7.549130000000105], [-69.660407, 7.549360000000149], [-69.660638, 7.549406], [-69.661445, 7.549040000000105], [-69.662182, 7.548743], [-69.662321, 7.54878900000017], [-69.663173, 7.549156000000153], [-69.66365699999989, 7.549822000000177], [-69.664349, 7.550557], [-69.664809, 7.551406000000156], [-69.665086, 7.55211700000018], [-69.665547, 7.55253], [-69.666054, 7.553173000000129], [-69.666561, 7.552394000000163], [-69.668981, 7.5508880000001], [-69.671889, 7.549973], [-69.674007, 7.551204], [-69.67736199999985, 7.554367000000184], [-69.66912699999989, 7.52987700000017], [-69.656849, 7.491181000000154], [-69.644115, 7.450959000000182], [-69.63751599999989, 7.428867000000139], [-69.628929, 7.403729000000112], [-69.622792, 7.383007000000134], [-69.61801299999985, 7.367132], [-69.610847, 7.356807], [-69.581936, 7.315537], [-69.569548, 7.297567000000186], [-69.567637, 7.295074000000113], [-69.56553299999985, 7.29540500000013], [-69.562574, 7.295467000000144], [-69.559153, 7.2959800000001], [-69.555271, 7.297290000000146], [-69.55299899999989, 7.296904], [-69.551073, 7.295950000000119], [-69.54971399999988, 7.29535], [-69.548575, 7.295445], [-69.547305, 7.29726200000016], [-69.54683899999986, 7.298403], [-69.547136, 7.302893], [-69.545526, 7.304588], [-69.54482799999982, 7.306186], [-69.543778, 7.308811], [-69.54171, 7.310729], [-69.540686, 7.310710000000142], [-69.537834, 7.311464000000171], [-69.534624, 7.313706], [-69.531072, 7.316171], [-69.528539, 7.319116], [-69.52613399999984, 7.320683], [-69.523278, 7.321781000000101], [-69.521334, 7.322781], [-69.518923, 7.324922], [-69.514573, 7.327489], [-69.509884, 7.329704000000163], [-69.507834, 7.32989700000013], [-69.501888, 7.330079000000126], [-69.496746, 7.331598], [-69.49427299999985, 7.331723], [-69.492835, 7.332378], [-69.49143, 7.331441], [-69.490349, 7.331273000000124], [-69.48723299999989, 7.330796], [-69.48473399999989, 7.330792000000145], [-69.483289, 7.334407000000112], [-69.485683, 7.337202], [-69.483173, 7.337847000000124], [-69.481863, 7.336292], [-69.480607, 7.336919], [-69.482135, 7.339208000000156], [-69.476808, 7.341632000000118], [-69.47957999999988, 7.344451000000163], [-69.477297, 7.3451], [-69.47490899999985, 7.343988], [-69.47295899999989, 7.346516000000122], [-69.470792, 7.346937000000139], [-69.469115, 7.345551], [-69.4679569999999, 7.345967], [-69.467233, 7.346335], [-69.462724, 7.345757], [-69.460811, 7.348212000000103], [-69.456717, 7.351352], [-69.452355, 7.350558], [-69.450477, 7.351027000000158], [-69.447828, 7.350550000000112], [-69.4418859999999, 7.351484000000141], [-69.437031, 7.352892000000111], [-69.4330609999999, 7.353043000000184], [-69.43076699999989, 7.354612000000145], [-69.428493, 7.354571000000135], [-69.425747, 7.35680600000012], [-69.424821, 7.357724], [-69.42196799999988, 7.358478000000105], [-69.420616, 7.357074], [-69.417692, 7.353572], [-69.41621999999984, 7.352740000000153], [-69.415082, 7.35272], [-69.412968, 7.354897000000108], [-69.410308, 7.355365], [-69.406074, 7.357088], [-69.40215499999988, 7.358497], [-69.39994699999988, 7.36053800000019], [-69.39729, 7.360848], [-69.391407, 7.359186], [-69.389383, 7.358236000000147], [-69.387168, 7.357971], [-69.384, 7.358316000000173], [-69.382397, 7.358356000000128], [-69.379382, 7.358473], [-69.377665, 7.359656], [-69.375912, 7.363315], [-69.373929, 7.364994], [-69.371066, 7.36511], [-69.36824099999984, 7.363855000000171], [-69.365567, 7.361685], [-69.3615099999999, 7.359913000000176], [-69.360635, 7.359777], [-69.360197, 7.359801000000118], [-69.3595069999999, 7.359779], [-69.358562, 7.359321], [-69.358355, 7.35916], [-69.35745599999984, 7.358817], [-69.357065, 7.358611], [-69.356258, 7.35790100000014], [-69.356649, 7.35759000000013], [-69.35612399999985, 7.356613000000152], [-69.355289, 7.356019], [-69.354437, 7.355974], [-69.35317099999986, 7.355816000000118], [-69.35225, 7.355817000000172], [-69.35149, 7.35614], [-69.34957999999983, 7.356142], [-69.34957999999983, 7.356602000000123], [-69.349097, 7.356924000000106], [-69.348959, 7.35697], [-69.348452, 7.356741], [-69.3484289999999, 7.356397], [-69.34750799999989, 7.35610000000014], [-69.346932, 7.356032], [-69.34585, 7.356056], [-69.345298, 7.356195000000184], [-69.344608, 7.356517], [-69.343687, 7.35697800000014], [-69.343159, 7.357805], [-69.342491, 7.358036], [-69.341663, 7.358129000000133], [-69.340857, 7.358038], [-69.34042199999988, 7.358448], [-69.339683, 7.358706], [-69.339038, 7.359028000000137], [-69.33828, 7.359718], [-69.33828, 7.359741000000156], [-69.33828, 7.359764], [-69.338438, 7.360594], [-69.338736, 7.361932], [-69.33888499999989, 7.362561], [-69.33846799999986, 7.3633], [-69.33805399999989, 7.363439], [-69.337535, 7.364604000000156], [-69.337917, 7.365312000000131], [-69.337942, 7.365988], [-69.338541, 7.3666300000001], [-69.339117, 7.366905], [-69.340085, 7.366967000000102], [-69.340389, 7.367754], [-69.3405479999999, 7.368579], [-69.340318, 7.369061000000158], [-69.340272, 7.369107], [-69.340019, 7.36922200000015], [-69.339997, 7.370026], [-69.34002, 7.370164000000102], [-69.3395139999999, 7.370716000000129], [-69.339237, 7.370969000000116], [-69.338685, 7.371314], [-69.337948, 7.371085000000107], [-69.337579, 7.370627], [-69.33701, 7.369715], [-69.335828, 7.369619000000114], [-69.334885, 7.370309], [-69.33385, 7.371046], [-69.333207, 7.372103000000152], [-69.33267699999988, 7.372172], [-69.33242399999989, 7.371989], [-69.331802, 7.371646000000169], [-69.330697, 7.372060000000147], [-69.329938, 7.372406000000183], [-69.329248, 7.373050000000148], [-69.329203, 7.373855000000162], [-69.328812, 7.37436], [-69.328375, 7.374545], [-69.32713199999984, 7.374707000000114], [-69.32676399999986, 7.374915000000101], [-69.32614299999989, 7.375168], [-69.32614299999989, 7.375214000000142], [-69.32522399999988, 7.376616000000183], [-69.324671, 7.376686], [-69.323959, 7.377858], [-69.32209499999988, 7.378733000000182], [-69.321197, 7.378987], [-69.319057, 7.379725000000178], [-69.318045, 7.38062200000013], [-69.317378, 7.381266000000153], [-69.315398, 7.3812], [-69.313717, 7.381087], [-69.31238, 7.380377000000124], [-69.31159799999983, 7.380378], [-69.31102199999987, 7.380517000000168], [-69.31047, 7.380839000000151], [-69.310194, 7.381092000000137], [-69.309273, 7.380864], [-69.308881, 7.380841000000146], [-69.307822, 7.380889], [-69.306909, 7.381148000000167], [-69.30526799999984, 7.381857], [-69.303842, 7.382846000000143], [-69.30276, 7.383238], [-69.302369, 7.383422], [-69.300896, 7.383838000000139], [-69.29944599999988, 7.383955], [-69.29788, 7.384049], [-69.296576, 7.383884], [-69.295464, 7.385384000000158], [-69.294521, 7.385661], [-69.2939449999999, 7.385501], [-69.292379, 7.385089000000107], [-69.291104, 7.384661], [-69.290929, 7.385367], [-69.290331, 7.385781000000122], [-69.289593, 7.385782], [-69.289294, 7.385874], [-69.288235, 7.385968000000162], [-69.28740699999986, 7.386566], [-69.286486, 7.386682], [-69.285404, 7.386798000000113], [-69.28469, 7.386776], [-69.283723, 7.386341000000129], [-69.28264, 7.386090000000138], [-69.282019, 7.386206000000129], [-69.281076, 7.387057], [-69.280133, 7.38832100000019], [-69.279585, 7.388653], [-69.279006, 7.389356], [-69.278432, 7.390229], [-69.27791, 7.390611], [-69.27741999999989, 7.391654], [-69.276891, 7.392091000000164], [-69.276593, 7.393148], [-69.276179, 7.393837], [-69.276018, 7.393975], [-69.276134, 7.394250000000113], [-69.276214, 7.395237], [-69.276228, 7.395996000000139], [-69.275607, 7.396616000000108], [-69.274848, 7.397329000000127], [-69.273813, 7.39818], [-69.273352, 7.398456000000124], [-69.273062, 7.399652000000117], [-69.271904, 7.400525], [-69.271352, 7.401283], [-69.27045499999986, 7.401468000000136], [-69.269696, 7.402227], [-69.268199, 7.402482], [-69.268176, 7.402482], [-69.267417, 7.403080000000102], [-69.26698, 7.403471], [-69.26628999999986, 7.403609000000131], [-69.265277, 7.403611000000126], [-69.264309, 7.403704], [-69.263572, 7.403889], [-69.262812, 7.403614], [-69.26203, 7.404740000000118], [-69.261616, 7.405131000000154], [-69.260755, 7.404905], [-69.260073, 7.404743], [-69.259335, 7.403825], [-69.258598, 7.403183], [-69.257561, 7.402105], [-69.25670799999989, 7.401486], [-69.256362, 7.400982], [-69.255279, 7.399513000000184], [-69.254427, 7.399491000000125], [-69.254036, 7.400227], [-69.253415, 7.400825], [-69.252978, 7.400825], [-69.252402, 7.400481000000184], [-69.251297, 7.400804], [-69.2505139999999, 7.400576], [-69.250444, 7.399956], [-69.24979899999988, 7.399383], [-69.248003, 7.398903000000132], [-69.246368, 7.399203000000114], [-69.24537899999984, 7.399801], [-69.244643, 7.400698], [-69.243654, 7.401319], [-69.242687, 7.401826], [-69.24162799999988, 7.402263000000175], [-69.24142099999989, 7.402447000000109], [-69.241168, 7.402723], [-69.241101, 7.403918000000147], [-69.240662, 7.404148], [-69.240248, 7.404241], [-69.239603, 7.40437900000012], [-69.239488, 7.404311000000178], [-69.239004, 7.404059], [-69.23806, 7.403922000000136], [-69.237416, 7.404175], [-69.236197, 7.405095000000188], [-69.235206, 7.40489], [-69.234148, 7.405603], [-69.23329699999988, 7.406247000000121], [-69.23251499999986, 7.407167], [-69.231157, 7.407536], [-69.229959, 7.407285], [-69.228324, 7.407195], [-69.22717299999982, 7.407196000000113], [-69.225861, 7.407312000000104], [-69.225216, 7.406831000000125], [-69.224916, 7.406349], [-69.22312, 7.406305], [-69.221992, 7.40695], [-69.221417, 7.407295000000147], [-69.220152, 7.408192], [-69.219484, 7.408239], [-69.218494, 7.408722], [-69.217782, 7.409963], [-69.21746, 7.409986], [-69.216746, 7.410056000000168], [-69.213661, 7.411139], [-69.21264899999989, 7.412311], [-69.211199, 7.413277], [-69.210854, 7.413645], [-69.209934, 7.414450000000102], [-69.208944, 7.414245000000165], [-69.208344, 7.413786], [-69.207423, 7.413833000000182], [-69.206549, 7.413995000000114], [-69.205719, 7.413284], [-69.2053269999999, 7.412159], [-69.205004, 7.411540000000173], [-69.2033689999999, 7.411496000000113], [-69.20235699999989, 7.412323000000129], [-69.201621, 7.41354100000018], [-69.20132199999989, 7.413794000000166], [-69.20065399999987, 7.414117], [-69.200379, 7.414898], [-69.19994199999985, 7.415151], [-69.19952899999987, 7.416942], [-69.19911499999989, 7.417448000000149], [-69.198244, 7.417304000000172], [-69.19773399999985, 7.418299], [-69.198072, 7.418719000000181], [-69.197689, 7.418988], [-69.1969059999999, 7.419058000000121], [-69.195594, 7.419174000000169], [-69.1938669999999, 7.419153], [-69.192876, 7.418856000000119], [-69.19131, 7.418743], [-69.18985899999984, 7.418377000000135], [-69.188431, 7.418654000000117], [-69.188178, 7.419022], [-69.18718899999982, 7.420217], [-69.18673399999983, 7.420509], [-69.18548, 7.420979000000102], [-69.185395, 7.42162], [-69.18459, 7.423068000000114], [-69.183416, 7.423551], [-69.18261, 7.423437], [-69.181136, 7.423094000000106], [-69.180515, 7.422934], [-69.17961499999984, 7.421351000000129], [-69.178994, 7.421466], [-69.178441, 7.421605], [-69.17745099999985, 7.421147000000133], [-69.176138, 7.421217], [-69.17584, 7.421837], [-69.175859, 7.422772000000123], [-69.175772, 7.424019000000101], [-69.175934, 7.425029], [-69.176165, 7.42574100000013], [-69.17559, 7.426637], [-69.174854, 7.427074000000118], [-69.17369899999989, 7.427487000000156], [-69.17252899999983, 7.427651], [-69.17193, 7.427674], [-69.170043, 7.42638], [-69.167117, 7.426738], [-69.16658699999988, 7.427588000000185], [-69.165759, 7.428393], [-69.16550599999988, 7.428439], [-69.164585, 7.428302], [-69.16350199999988, 7.427569], [-69.162719, 7.427248000000134], [-69.16133699999989, 7.427203000000134], [-69.16136, 7.427203000000134], [-69.159563, 7.426241000000118], [-69.158665, 7.425943000000132], [-69.157974, 7.425048000000174], [-69.156868, 7.424567000000138], [-69.15608499999985, 7.424775000000125], [-69.154105, 7.4248], [-69.15283899999986, 7.424595000000181], [-69.151871, 7.424274], [-69.151111, 7.423632], [-69.15079999999989, 7.423124000000143], [-69.150121, 7.423633000000166], [-69.14942999999988, 7.424024], [-69.148648, 7.425081], [-69.147912, 7.425174], [-69.146669, 7.425405], [-69.146185, 7.425245000000132], [-69.145356, 7.42497], [-69.14425099999983, 7.425086], [-69.14227, 7.426259000000186], [-69.141879, 7.426535000000115], [-69.141165, 7.42626], [-69.14005999999989, 7.426698000000101], [-69.139899, 7.427088], [-69.139647, 7.427823000000103], [-69.139532, 7.428145], [-69.138864, 7.428054], [-69.138357, 7.427847], [-69.13718299999988, 7.428354000000127], [-69.136723, 7.42902], [-69.13600999999989, 7.429596], [-69.13504399999982, 7.430607], [-69.133939, 7.431183], [-69.132857, 7.431436], [-69.13230499999986, 7.431644], [-69.13193699999988, 7.432195000000149], [-69.13230499999986, 7.432631000000185], [-69.132237, 7.433343], [-69.131914, 7.433504], [-69.131753, 7.433734000000129], [-69.13101699999987, 7.433964000000174], [-69.1306029999999, 7.434171], [-69.13035, 7.435182], [-69.129982, 7.435779], [-69.129568, 7.435780000000136], [-69.12913, 7.435734], [-69.127426, 7.435598], [-69.1264369999999, 7.437229000000116], [-69.125217, 7.438080000000184], [-69.124366, 7.438334], [-69.123629, 7.43822], [-69.122454, 7.437784], [-69.121164, 7.437349], [-69.11999, 7.436754], [-69.118336, 7.436441000000116], [-69.11711, 7.436779000000172], [-69.116972, 7.436802000000114], [-69.117111, 7.437239], [-69.117203, 7.437996000000169], [-69.11773299999987, 7.438616000000138], [-69.11752699999988, 7.439374000000157], [-69.117135, 7.439604000000145], [-69.116122, 7.43972], [-69.11559299999982, 7.439812000000131], [-69.114995, 7.440685], [-69.114374, 7.442339000000118], [-69.113293, 7.443029], [-69.11018399999983, 7.443514], [-69.107696, 7.442024], [-69.107121, 7.442208000000164], [-69.1050249999999, 7.441797], [-69.102262, 7.440996], [-69.102008, 7.441203000000144], [-69.10007499999989, 7.442513000000133], [-69.098855, 7.442905], [-69.097266, 7.443159000000151], [-69.095471, 7.443895000000111], [-69.094757, 7.444080000000156], [-69.093974, 7.44456300000013], [-69.09291499999989, 7.445597], [-69.093007, 7.445712000000185], [-69.093123, 7.446768000000134], [-69.09307799999988, 7.447641], [-69.092525, 7.448353], [-69.092111, 7.448353], [-69.088772, 7.447553], [-69.088426, 7.447117], [-69.08798799999988, 7.445992], [-69.085891, 7.444823000000156], [-69.085201, 7.445007], [-69.0823, 7.446296000000189], [-69.08179399999989, 7.4471], [-69.081242, 7.448019000000102], [-69.080989, 7.448295], [-69.080506, 7.44903], [-69.08007, 7.45105100000012], [-69.078965, 7.452062000000126], [-69.07809, 7.451742], [-69.075004, 7.450596000000132], [-69.073921, 7.450207], [-69.072216, 7.448762000000102], [-69.072239, 7.447774], [-69.072238, 7.447154000000126], [-69.072238, 7.446442000000161], [-69.071109, 7.445571], [-69.06983999999989, 7.445563000000107], [-69.06839, 7.445022000000108], [-69.068367, 7.444999000000166], [-69.067423, 7.444173], [-69.06666299999989, 7.4436], [-69.065396, 7.443302], [-69.064222, 7.443372000000181], [-69.062656, 7.443396], [-69.061849, 7.442111000000125], [-69.061342, 7.441354], [-69.060282, 7.440184], [-69.058785, 7.439817], [-69.0576339999999, 7.439428], [-69.055216, 7.438672000000111], [-69.053604, 7.438651000000164], [-69.05275199999988, 7.438651000000164], [-69.051025, 7.438538], [-69.051002, 7.439204], [-69.050727, 7.440720000000113], [-69.05074999999988, 7.441638], [-69.05084299999987, 7.442557], [-69.05036, 7.444279], [-69.049186, 7.444969000000128], [-69.048656, 7.444418], [-69.047827, 7.443615], [-69.04708999999986, 7.443088000000103], [-69.046237, 7.442997], [-69.044971, 7.443411], [-69.044235, 7.444652], [-69.043452, 7.445226000000105], [-69.042646, 7.445365], [-69.042001, 7.444516000000135], [-69.040803, 7.443437], [-69.039098, 7.442566000000113], [-69.03622, 7.442821], [-69.035323, 7.443694000000164], [-69.034955, 7.444292], [-69.034406, 7.44526900000011], [-69.03343499999988, 7.444936], [-69.0321919999999, 7.444478], [-69.03133999999983, 7.44443200000012], [-69.028761, 7.445330000000183], [-69.025745, 7.445631], [-69.024663, 7.446458], [-69.02365, 7.446482000000117], [-69.0229819999999, 7.446391], [-69.0210699999999, 7.445956], [-69.02056299999987, 7.446576], [-69.019689, 7.447403000000122], [-69.019297, 7.447404000000176], [-69.017087, 7.447084000000189], [-69.015613, 7.447223000000122], [-69.014784, 7.446282], [-69.013562, 7.444905000000176], [-69.012641, 7.444332], [-69.010545, 7.44392], [-69.00810499999989, 7.444748000000175], [-69.006586, 7.445576], [-69.005872, 7.446174], [-69.004767, 7.446657000000187], [-69.0038, 7.447553], [-69.00288, 7.448059], [-69.002488, 7.448128], [-69.0017749999999, 7.448496], [-68.994172, 7.449794], [-68.989965, 7.449794], [-68.985958, 7.45119300000016], [-68.984356, 7.452393000000143], [-68.983154, 7.452793], [-68.980148, 7.454193], [-68.97674299999989, 7.454392000000155], [-68.9691289999999, 7.453992], [-68.967927, 7.454192000000148], [-68.96692499999989, 7.454792], [-68.963519, 7.455791], [-68.962517, 7.455991000000154], [-68.955706, 7.45599], [-68.949895, 7.456790000000183], [-68.94809199999986, 7.457389000000148], [-68.943684, 7.459388], [-68.93963699999989, 7.460135], [-68.938676, 7.457988000000171], [-68.935671, 7.456388000000118], [-68.934269, 7.456388000000118], [-68.92831299999989, 7.457193000000132], [-68.927256, 7.458586], [-68.92425, 7.461585], [-68.917788, 7.461984], [-68.917958, 7.462526000000139], [-68.87677999999983, 7.645370000000185], [-68.82311574599998, 7.881405202], [-68.82226812199991, 7.885133368000083], [-68.82088857499991, 7.891201124000133], [-68.82080878899995, 7.891552053000169], [-68.82047067299999, 7.892991961000121], [-68.82055355199998, 7.892987985000104], [-68.82088356899993, 7.893530988], [-68.82240863699991, 7.894261996000125], [-68.82252001599988, 7.894285919000026], [-68.82477373999996, 7.894769998000015], [-68.82586878499995, 7.895302012000172], [-68.82700584299988, 7.895548008000105], [-68.82811888499998, 7.89579000700013], [-68.82975495399995, 7.895577003000085], [-68.83225706699994, 7.895991999000159], [-68.83506718999996, 7.896882996000102], [-68.83727628099996, 7.89769201200005], [-68.83982239599993, 7.897968002000141], [-68.84190548299989, 7.898184005000189], [-68.8451346199999, 7.899205007000091], [-68.84702270799988, 7.90020402100015], [-68.84928681299994, 7.901495034000106], [-68.85136990099988, 7.901756032000037], [-68.85386200699992, 7.901574016999973], [-68.85552807999994, 7.901751022000155], [-68.85872920599996, 7.901211988000171], [-68.86041127599992, 7.900998972000082], [-68.86223336099988, 7.900828963000151], [-68.86392842499998, 7.900017943000023], [-68.86568748799994, 7.898931902000129], [-68.86800159199993, 7.89792687400012], [-68.87049668499998, 7.896642827], [-68.87217776199998, 7.89636082200002], [-68.87515687899997, 7.896353808000185], [-68.87733297399984, 7.896589795000068], [-68.87813100899996, 7.897122803000116], [-68.87941592899995, 7.896500954000089], [-68.87993776999997, 7.896862520000184], [-68.87970967199993, 7.896072774000174], [-68.87947430199989, 7.895304869000142], [-68.879105, 7.8941], [-68.878573, 7.893504000000121], [-68.8795889999999, 7.892768000000103], [-68.880166, 7.892538000000116], [-68.8813679999999, 7.892399000000125], [-68.882223, 7.892398], [-68.88251537399998, 7.892397702000039], [-68.884187, 7.892396], [-68.88515799999988, 7.892487000000131], [-68.885481, 7.892532000000131], [-68.88769899999988, 7.892484], [-68.88841599999989, 7.892759], [-68.88966299999987, 7.892299], [-68.89038535999993, 7.891847252000161], [-68.890656, 7.891678000000184], [-68.892088, 7.890872000000115], [-68.892641, 7.890298], [-68.894165, 7.88878], [-68.894973, 7.888366], [-68.896151, 7.888112], [-68.897722, 7.888317], [-68.898855, 7.888867000000118], [-68.900265, 7.889164], [-68.9008199999999, 7.889714], [-68.901422, 7.890288000000112], [-68.902231, 7.89093], [-68.902556, 7.891688000000102], [-68.902187, 7.892493000000115], [-68.901842, 7.893825], [-68.901242, 7.894583], [-68.901174, 7.895249], [-68.901175, 7.895777], [-68.902263, 7.897206000000153], [-68.903587, 7.897246000000109], [-68.90388, 7.897267], [-68.9056599999999, 7.896967], [-68.906144, 7.896576], [-68.90877799999987, 7.895953], [-68.908963, 7.895907000000136], [-68.91048699999988, 7.895653], [-68.91162, 7.89578900000015], [-68.912868, 7.896018], [-68.914162, 7.896522], [-68.915318, 7.897003], [-68.9161969999999, 7.897484], [-68.91760699999986, 7.897896], [-68.917839, 7.89847], [-68.918349, 7.899916], [-68.91865, 7.900053000000185], [-68.919482, 7.90078700000015], [-68.91969099999989, 7.901453], [-68.920339, 7.902187], [-68.920803, 7.903128], [-68.920826, 7.903128], [-68.922166, 7.903333000000146]]]}}, {"type": "Feature", "properties": {"Pais": "Venezuela", "Estado": "Apure", "Municipio": "Mu\u00f1oz", "Parroquia": "Quintero"}, "geometry": {"type": "Polygon", "coordinates": [[[-69.67777007799992, 7.855373143], [-69.67803032599988, 7.859126452000169], [-69.67837478699988, 7.865738577000059], [-69.67854158499983, 7.865579386000093], [-69.68095867899996, 7.865021364000143], [-69.68197171999998, 7.864605359000052], [-69.68250074499986, 7.864374350000048], [-69.6835587789999, 7.863338322000118], [-69.68440881399988, 7.862073286999987], [-69.68558186199988, 7.860968258000128], [-69.68638388099998, 7.858739204000074], [-69.68693590599992, 7.858439194000141], [-69.68762593399998, 7.858161191000136], [-69.68852396099993, 7.857837175000157], [-69.68976501499998, 7.856135135000045], [-69.69093805299985, 7.855122107000057], [-69.69222509999992, 7.854085073000022], [-69.69365216299997, 7.85353005900015], [-69.69406617199996, 7.853276050000147], [-69.69758931899997, 7.853082029000177], [-69.69892337199991, 7.852090995000083], [-69.70106245599999, 7.850569960000087], [-69.70159247499998, 7.850705960000141], [-69.70292753699994, 7.850380948000065], [-69.70368555899995, 7.849459922000051], [-69.70529662699994, 7.848835896000139], [-69.70603164699992, 7.847639874000095], [-69.70731969899998, 7.846625840000058], [-69.70842474399996, 7.846553830000119], [-69.70943678899994, 7.845448802000021], [-69.71058482399997, 7.843838764], [-69.7110198289999, 7.842115727000021], [-69.71320491499995, 7.840754688000118], [-69.71435395599991, 7.839236650000089], [-69.71575801799997, 7.838658625000164], [-69.71686005199996, 7.837025586000095], [-69.71867812399995, 7.836078564000104], [-69.71955116099997, 7.835158531000104], [-69.72051619699994, 7.833640494000178], [-69.72074519499989, 7.833111488999975], [-69.72170922499998, 7.831180443000108], [-69.72205223999987, 7.829779408000093], [-69.72292526499996, 7.828904382000133], [-69.72294826599995, 7.82888138200002], [-69.72366229999994, 7.828604372000029], [-69.72432832099997, 7.827982360000078], [-69.72552336199993, 7.826234309000142], [-69.72715542699996, 7.824668270000132], [-69.72789044899991, 7.823885245000099], [-69.72952451699996, 7.823192230000018], [-69.73495975399999, 7.823497214000042], [-69.73746985899999, 7.823627197000064], [-69.73970294999992, 7.823505185000101], [-69.74274207699995, 7.823060163000036], [-69.74391612499994, 7.82307916100018], [-69.74578119499989, 7.823142145000077], [-69.74748527299994, 7.823137147000182], [-69.7512174279999, 7.823929138000096], [-69.75149344699992, 7.823905143000161], [-69.75209246699984, 7.823834130000023], [-69.7535885339999, 7.823600125000155], [-69.75471657799989, 7.823321114000066], [-69.75612062999988, 7.82299509700016], [-69.75685665999993, 7.822810087000107], [-69.75770869799999, 7.822508078000112], [-69.75897375299996, 7.822252067000136], [-69.76026379499996, 7.822041063000086], [-69.76150584999993, 7.821716040000126], [-69.76265790099995, 7.821690043], [-69.76426896999993, 7.821294019000106], [-69.76488898999992, 7.820742013000086], [-69.76691206299995, 7.818646957000112], [-69.7682681089999, 7.817149920000134], [-69.76911914099998, 7.81668889700012], [-69.77160324599998, 7.815326863000053], [-69.77408834599998, 7.81421682600012], [-69.77588341799992, 7.813683806000085], [-69.77811650899997, 7.813423782000029], [-69.77836951499984, 7.813330787000098], [-69.77931355599998, 7.81328278400008], [-69.78055660499996, 7.813232769000138], [-69.78223768299995, 7.813364767000053], [-69.78387274799996, 7.813497758000096], [-69.78557681399985, 7.813583755000025], [-69.78714188199996, 7.813280737000184], [-69.78826992699999, 7.812932726000099], [-69.79048001699982, 7.812718714000141], [-69.79238909799994, 7.811978692000025], [-69.79420716999994, 7.811306666], [-69.79611724499995, 7.81054364400012], [-69.79717529399994, 7.810034621], [-69.79883135499989, 7.809042592000083], [-69.80078843799998, 7.808760586], [-69.80260350299989, 7.807079534000025], [-69.80388954099982, 7.805354494000142], [-69.80427149999997, 7.804731292000042], [-69.80549660199989, 7.802732425000158], [-69.80531059499998, 7.801883407000048], [-69.80597661399992, 7.800940387000026], [-69.80636562099994, 7.799791360000086], [-69.80677964199992, 7.799537351000083], [-69.80719164599992, 7.797837315000152], [-69.80852369999991, 7.796502284000098], [-69.80994975399994, 7.795258247999982], [-69.81192682999995, 7.794058211000106], [-69.81316787299994, 7.792539168000076], [-69.81452392299997, 7.791639141000132], [-69.81581197699995, 7.790992128000141], [-69.81733104299997, 7.790712110000072], [-69.81956512799991, 7.790728099999967], [-69.82133921599996, 7.791342106000172], [-69.82253926299995, 7.792830132000176], [-69.82440634799997, 7.793857147000153], [-69.82671045699993, 7.794951163000064], [-69.82673445099988, 7.794974163], [-69.8275644869999, 7.796027174000187], [-69.82821152299988, 7.796828191000145], [-69.82918257099993, 7.798776233000183], [-69.83128067199988, 7.800674260000108], [-69.83185769899995, 7.80101626700008], [-69.83331076199983, 7.802182290000189], [-69.83384078199998, 7.80250229100011], [-69.8351088469999, 7.803508308000119], [-69.83644690799997, 7.80481233200004], [-69.83918902099998, 7.805835334000108], [-69.8410771049999, 7.805990331000032], [-69.84315018699994, 7.806281329000171], [-69.84430124399995, 7.806094319000124], [-69.84752336999992, 7.805464290000145], [-69.84890443299997, 7.805046272000027], [-69.85023948299994, 7.804720267000107], [-69.85217155199985, 7.803933240000106], [-69.85350560599989, 7.803034206000177], [-69.85564569899998, 7.802407186000153], [-69.85978785899994, 7.801544147000072], [-69.85999487599992, 7.801474152000026], [-69.86151293399996, 7.800505124000154], [-69.86367601599994, 7.799970092000137], [-69.86646113199998, 7.799479071000064], [-69.86864822099994, 7.799311059000047], [-69.87067430699989, 7.799327049000112], [-69.87161834899996, 7.799461049], [-69.87350742599995, 7.799593045000108], [-69.87670656499995, 7.799329020000187], [-69.87985968699996, 7.798354982000092], [-69.88149375799998, 7.798348979000025], [-69.88538491299988, 7.798014955999975], [-69.88865305299993, 7.797658930000011], [-69.89090814899993, 7.797100909000108], [-69.89284021799983, 7.796106880000025], [-69.89493530399989, 7.795686861000036], [-69.89714439999989, 7.795403837000038], [-69.89783442699996, 7.794987833000107], [-69.89863845099995, 7.794204808000075], [-69.89916646699993, 7.793307788000106], [-69.90157856099995, 7.790751723000085], [-69.90156406199998, 7.790741638000043], [-69.90033766599987, 7.789939508000089], [-69.89924788399992, 7.789068235000059], [-69.898223, 7.787995000000137], [-69.88883029299996, 7.77816451700005], [-69.88093218299997, 7.769898291], [-69.80952599999989, 7.695164], [-69.769482, 7.652168], [-69.746786, 7.628092], [-69.687515, 7.564767], [-69.67736199999985, 7.554367000000184], [-69.677356, 7.555055], [-69.6772, 7.572724], [-69.676731, 7.625375], [-69.676675, 7.682316000000185], [-69.676349, 7.762831000000119], [-69.675967, 7.829369], [-69.67630163699994, 7.834195157000124], [-69.6773243319999, 7.848944553000138], [-69.67777007799992, 7.855373143]]]}}, {"type": "Feature", "properties": {"Pais": "Venezuela", "Estado": "Apure", "Municipio": "Mu\u00f1oz", "Parroquia": "Rinc\u00f3n Hondo"}, "geometry": {"type": "Polygon", "coordinates": [[[-68.917788, 7.461984], [-68.92425, 7.461585], [-68.927256, 7.458586], [-68.92831299999989, 7.457193000000132], [-68.934269, 7.456388000000118], [-68.935671, 7.456388000000118], [-68.938676, 7.457988000000171], [-68.93963699999989, 7.460135], [-68.943684, 7.459388], [-68.94809199999986, 7.457389000000148], [-68.949895, 7.456790000000183], [-68.955706, 7.45599], [-68.962517, 7.455991000000154], [-68.963519, 7.455791], [-68.96692499999989, 7.454792], [-68.967927, 7.454192000000148], [-68.9691289999999, 7.453992], [-68.97674299999989, 7.454392000000155], [-68.980148, 7.454193], [-68.983154, 7.452793], [-68.984356, 7.452393000000143], [-68.985958, 7.45119300000016], [-68.989965, 7.449794], [-68.994172, 7.449794], [-69.0017749999999, 7.448496], [-69.002488, 7.448128], [-69.00288, 7.448059], [-69.0038, 7.447553], [-69.004767, 7.446657000000187], [-69.005872, 7.446174], [-69.006586, 7.445576], [-69.00810499999989, 7.444748000000175], [-69.010545, 7.44392], [-69.012641, 7.444332], [-69.013562, 7.444905000000176], [-69.014784, 7.446282], [-69.015613, 7.447223000000122], [-69.017087, 7.447084000000189], [-69.019297, 7.447404000000176], [-69.019689, 7.447403000000122], [-69.02056299999987, 7.446576], [-69.0210699999999, 7.445956], [-69.0229819999999, 7.446391], [-69.02365, 7.446482000000117], [-69.024663, 7.446458], [-69.025745, 7.445631], [-69.028761, 7.445330000000183], [-69.03133999999983, 7.44443200000012], [-69.0321919999999, 7.444478], [-69.03343499999988, 7.444936], [-69.034406, 7.44526900000011], [-69.034955, 7.444292], [-69.035323, 7.443694000000164], [-69.03622, 7.442821], [-69.039098, 7.442566000000113], [-69.040803, 7.443437], [-69.042001, 7.444516000000135], [-69.042646, 7.445365], [-69.043452, 7.445226000000105], [-69.044235, 7.444652], [-69.044971, 7.443411], [-69.046237, 7.442997], [-69.04708999999986, 7.443088000000103], [-69.047827, 7.443615], [-69.048656, 7.444418], [-69.049186, 7.444969000000128], [-69.05036, 7.444279], [-69.05084299999987, 7.442557], [-69.05074999999988, 7.441638], [-69.050727, 7.440720000000113], [-69.051002, 7.439204], [-69.051025, 7.438538], [-69.05275199999988, 7.438651000000164], [-69.053604, 7.438651000000164], [-69.055216, 7.438672000000111], [-69.0576339999999, 7.439428], [-69.058785, 7.439817], [-69.060282, 7.440184], [-69.061342, 7.441354], [-69.061849, 7.442111000000125], [-69.062656, 7.443396], [-69.064222, 7.443372000000181], [-69.065396, 7.443302], [-69.06666299999989, 7.4436], [-69.067423, 7.444173], [-69.068367, 7.444999000000166], [-69.06839, 7.445022000000108], [-69.06983999999989, 7.445563000000107], [-69.071109, 7.445571], [-69.072238, 7.446442000000161], [-69.072238, 7.447154000000126], [-69.072239, 7.447774], [-69.072216, 7.448762000000102], [-69.073921, 7.450207], [-69.075004, 7.450596000000132], [-69.07809, 7.451742], [-69.078965, 7.452062000000126], [-69.08007, 7.45105100000012], [-69.080506, 7.44903], [-69.080989, 7.448295], [-69.081242, 7.448019000000102], [-69.08179399999989, 7.4471], [-69.0823, 7.446296000000189], [-69.085201, 7.445007], [-69.085891, 7.444823000000156], [-69.08798799999988, 7.445992], [-69.088426, 7.447117], [-69.088772, 7.447553], [-69.092111, 7.448353], [-69.092525, 7.448353], [-69.09307799999988, 7.447641], [-69.093123, 7.446768000000134], [-69.093007, 7.445712000000185], [-69.09291499999989, 7.445597], [-69.093974, 7.44456300000013], [-69.094757, 7.444080000000156], [-69.095471, 7.443895000000111], [-69.097266, 7.443159000000151], [-69.098855, 7.442905], [-69.10007499999989, 7.442513000000133], [-69.102008, 7.441203000000144], [-69.102262, 7.440996], [-69.1050249999999, 7.441797], [-69.107121, 7.442208000000164], [-69.107696, 7.442024], [-69.11018399999983, 7.443514], [-69.113293, 7.443029], [-69.114374, 7.442339000000118], [-69.114995, 7.440685], [-69.11559299999982, 7.439812000000131], [-69.116122, 7.43972], [-69.117135, 7.439604000000145], [-69.11752699999988, 7.439374000000157], [-69.11773299999987, 7.438616000000138], [-69.117203, 7.437996000000169], [-69.117111, 7.437239], [-69.116972, 7.436802000000114], [-69.11711, 7.436779000000172], [-69.118336, 7.436441000000116], [-69.11999, 7.436754], [-69.121164, 7.437349], [-69.122454, 7.437784], [-69.123629, 7.43822], [-69.124366, 7.438334], [-69.125217, 7.438080000000184], [-69.1264369999999, 7.437229000000116], [-69.127426, 7.435598], [-69.12913, 7.435734], [-69.129568, 7.435780000000136], [-69.129982, 7.435779], [-69.13035, 7.435182], [-69.1306029999999, 7.434171], [-69.13101699999987, 7.433964000000174], [-69.131753, 7.433734000000129], [-69.131914, 7.433504], [-69.132237, 7.433343], [-69.13230499999986, 7.432631000000185], [-69.13193699999988, 7.432195000000149], [-69.13230499999986, 7.431644], [-69.132857, 7.431436], [-69.133939, 7.431183], [-69.13504399999982, 7.430607], [-69.13600999999989, 7.429596], [-69.136723, 7.42902], [-69.13718299999988, 7.428354000000127], [-69.138357, 7.427847], [-69.138864, 7.428054], [-69.139532, 7.428145], [-69.139647, 7.427823000000103], [-69.139899, 7.427088], [-69.14005999999989, 7.426698000000101], [-69.141165, 7.42626], [-69.141879, 7.426535000000115], [-69.14227, 7.426259000000186], [-69.14425099999983, 7.425086], [-69.145356, 7.42497], [-69.146185, 7.425245000000132], [-69.146669, 7.425405], [-69.147912, 7.425174], [-69.148648, 7.425081], [-69.14942999999988, 7.424024], [-69.150121, 7.423633000000166], [-69.15079999999989, 7.423124000000143], [-69.151111, 7.423632], [-69.151871, 7.424274], [-69.15283899999986, 7.424595000000181], [-69.154105, 7.4248], [-69.15608499999985, 7.424775000000125], [-69.156868, 7.424567000000138], [-69.157974, 7.425048000000174], [-69.158665, 7.425943000000132], [-69.159563, 7.426241000000118], [-69.16136, 7.427203000000134], [-69.16133699999989, 7.427203000000134], [-69.162719, 7.427248000000134], [-69.16350199999988, 7.427569], [-69.164585, 7.428302], [-69.16550599999988, 7.428439], [-69.165759, 7.428393], [-69.16658699999988, 7.427588000000185], [-69.167117, 7.426738], [-69.170043, 7.42638], [-69.17193, 7.427674], [-69.17252899999983, 7.427651], [-69.17369899999989, 7.427487000000156], [-69.174854, 7.427074000000118], [-69.17559, 7.426637], [-69.176165, 7.42574100000013], [-69.175934, 7.425029], [-69.175772, 7.424019000000101], [-69.175859, 7.422772000000123], [-69.17584, 7.421837], [-69.176138, 7.421217], [-69.17745099999985, 7.421147000000133], [-69.178441, 7.421605], [-69.178994, 7.421466], [-69.17961499999984, 7.421351000000129], [-69.180515, 7.422934], [-69.181136, 7.423094000000106], [-69.18261, 7.423437], [-69.183416, 7.423551], [-69.18459, 7.423068000000114], [-69.185395, 7.42162], [-69.18548, 7.420979000000102], [-69.18673399999983, 7.420509], [-69.18718899999982, 7.420217], [-69.188178, 7.419022], [-69.188431, 7.418654000000117], [-69.18985899999984, 7.418377000000135], [-69.19131, 7.418743], [-69.192876, 7.418856000000119], [-69.1938669999999, 7.419153], [-69.195594, 7.419174000000169], [-69.1969059999999, 7.419058000000121], [-69.197689, 7.418988], [-69.198072, 7.418719000000181], [-69.19773399999985, 7.418299], [-69.198244, 7.417304000000172], [-69.19911499999989, 7.417448000000149], [-69.19952899999987, 7.416942], [-69.19994199999985, 7.415151], [-69.200379, 7.414898], [-69.20065399999987, 7.414117], [-69.20132199999989, 7.413794000000166], [-69.201621, 7.41354100000018], [-69.20235699999989, 7.412323000000129], [-69.2033689999999, 7.411496000000113], [-69.205004, 7.411540000000173], [-69.2053269999999, 7.412159], [-69.205719, 7.413284], [-69.206549, 7.413995000000114], [-69.207423, 7.413833000000182], [-69.208344, 7.413786], [-69.208944, 7.414245000000165], [-69.209934, 7.414450000000102], [-69.210854, 7.413645], [-69.211199, 7.413277], [-69.21264899999989, 7.412311], [-69.213661, 7.411139], [-69.216746, 7.410056000000168], [-69.21746, 7.409986], [-69.217782, 7.409963], [-69.218494, 7.408722], [-69.219484, 7.408239], [-69.220152, 7.408192], [-69.221417, 7.407295000000147], [-69.221992, 7.40695], [-69.22312, 7.406305], [-69.224916, 7.406349], [-69.225216, 7.406831000000125], [-69.225861, 7.407312000000104], [-69.22717299999982, 7.407196000000113], [-69.228324, 7.407195], [-69.229959, 7.407285], [-69.231157, 7.407536], [-69.23251499999986, 7.407167], [-69.23329699999988, 7.406247000000121], [-69.234148, 7.405603], [-69.235206, 7.40489], [-69.236197, 7.405095000000188], [-69.237416, 7.404175], [-69.23806, 7.403922000000136], [-69.239004, 7.404059], [-69.239488, 7.404311000000178], [-69.239603, 7.40437900000012], [-69.240248, 7.404241], [-69.240662, 7.404148], [-69.241101, 7.403918000000147], [-69.241168, 7.402723], [-69.24142099999989, 7.402447000000109], [-69.24162799999988, 7.402263000000175], [-69.242687, 7.401826], [-69.243654, 7.401319], [-69.244643, 7.400698], [-69.24537899999984, 7.399801], [-69.246368, 7.399203000000114], [-69.248003, 7.398903000000132], [-69.24979899999988, 7.399383], [-69.250444, 7.399956], [-69.2505139999999, 7.400576], [-69.251297, 7.400804], [-69.252402, 7.400481000000184], [-69.252978, 7.400825], [-69.253415, 7.400825], [-69.254036, 7.400227], [-69.254427, 7.399491000000125], [-69.255279, 7.399513000000184], [-69.256362, 7.400982], [-69.25670799999989, 7.401486], [-69.257561, 7.402105], [-69.258598, 7.403183], [-69.259335, 7.403825], [-69.260073, 7.404743], [-69.260755, 7.404905], [-69.261616, 7.405131000000154], [-69.26203, 7.404740000000118], [-69.262812, 7.403614], [-69.263572, 7.403889], [-69.264309, 7.403704], [-69.265277, 7.403611000000126], [-69.26628999999986, 7.403609000000131], [-69.26698, 7.403471], [-69.267417, 7.403080000000102], [-69.268176, 7.402482], [-69.268199, 7.402482], [-69.269696, 7.402227], [-69.27045499999986, 7.401468000000136], [-69.271352, 7.401283], [-69.271904, 7.400525], [-69.273062, 7.399652000000117], [-69.273352, 7.398456000000124], [-69.273813, 7.39818], [-69.274848, 7.397329000000127], [-69.275607, 7.396616000000108], [-69.276228, 7.395996000000139], [-69.276214, 7.395237], [-69.276134, 7.394250000000113], [-69.276018, 7.393975], [-69.276179, 7.393837], [-69.276593, 7.393148], [-69.276891, 7.392091000000164], [-69.27741999999989, 7.391654], [-69.27791, 7.390611], [-69.278432, 7.390229], [-69.279006, 7.389356], [-69.279585, 7.388653], [-69.280133, 7.38832100000019], [-69.281076, 7.387057], [-69.282019, 7.386206000000129], [-69.28264, 7.386090000000138], [-69.283723, 7.386341000000129], [-69.28469, 7.386776], [-69.285404, 7.386798000000113], [-69.286486, 7.386682], [-69.28740699999986, 7.386566], [-69.288235, 7.385968000000162], [-69.289294, 7.385874], [-69.289593, 7.385782], [-69.290331, 7.385781000000122], [-69.290929, 7.385367], [-69.291104, 7.384661], [-69.292379, 7.385089000000107], [-69.2939449999999, 7.385501], [-69.294521, 7.385661], [-69.295464, 7.385384000000158], [-69.296576, 7.383884], [-69.29788, 7.384049], [-69.29944599999988, 7.383955], [-69.300896, 7.383838000000139], [-69.302369, 7.383422], [-69.30276, 7.383238], [-69.303842, 7.382846000000143], [-69.30526799999984, 7.381857], [-69.306909, 7.381148000000167], [-69.307822, 7.380889], [-69.308881, 7.380841000000146], [-69.309273, 7.380864], [-69.310194, 7.381092000000137], [-69.31047, 7.380839000000151], [-69.31102199999987, 7.380517000000168], [-69.31159799999983, 7.380378], [-69.31238, 7.380377000000124], [-69.313717, 7.381087], [-69.315398, 7.3812], [-69.317378, 7.381266000000153], [-69.318045, 7.38062200000013], [-69.319057, 7.379725000000178], [-69.321197, 7.378987], [-69.32209499999988, 7.378733000000182], [-69.323959, 7.377858], [-69.324671, 7.376686], [-69.32522399999988, 7.376616000000183], [-69.32614299999989, 7.375214000000142], [-69.32614299999989, 7.375168], [-69.32676399999986, 7.374915000000101], [-69.32713199999984, 7.374707000000114], [-69.328375, 7.374545], [-69.328812, 7.37436], [-69.329203, 7.373855000000162], [-69.329248, 7.373050000000148], [-69.329938, 7.372406000000183], [-69.330697, 7.372060000000147], [-69.331802, 7.371646000000169], [-69.33242399999989, 7.371989], [-69.33267699999988, 7.372172], [-69.333207, 7.372103000000152], [-69.33385, 7.371046], [-69.334885, 7.370309], [-69.335828, 7.369619000000114], [-69.33701, 7.369715], [-69.337579, 7.370627], [-69.337948, 7.371085000000107], [-69.338685, 7.371314], [-69.339237, 7.370969000000116], [-69.3395139999999, 7.370716000000129], [-69.34002, 7.370164000000102], [-69.339997, 7.370026], [-69.340019, 7.36922200000015], [-69.340272, 7.369107], [-69.340318, 7.369061000000158], [-69.3405479999999, 7.368579], [-69.340389, 7.367754], [-69.340085, 7.366967000000102], [-69.339117, 7.366905], [-69.338541, 7.3666300000001], [-69.337942, 7.365988], [-69.337917, 7.365312000000131], [-69.337535, 7.364604000000156], [-69.33805399999989, 7.363439], [-69.33846799999986, 7.3633], [-69.33888499999989, 7.362561], [-69.338736, 7.361932], [-69.338438, 7.360594], [-69.33828, 7.359764], [-69.33828, 7.359741000000156], [-69.33828, 7.359718], [-69.339038, 7.359028000000137], [-69.339683, 7.358706], [-69.34042199999988, 7.358448], [-69.340857, 7.358038], [-69.341663, 7.358129000000133], [-69.342491, 7.358036], [-69.343159, 7.357805], [-69.343687, 7.35697800000014], [-69.344608, 7.356517], [-69.345298, 7.356195000000184], [-69.34585, 7.356056], [-69.346932, 7.356032], [-69.34750799999989, 7.35610000000014], [-69.3484289999999, 7.356397], [-69.348452, 7.356741], [-69.348959, 7.35697], [-69.349097, 7.356924000000106], [-69.34957999999983, 7.356602000000123], [-69.34957999999983, 7.356142], [-69.35149, 7.35614], [-69.35225, 7.355817000000172], [-69.35317099999986, 7.355816000000118], [-69.354437, 7.355974], [-69.355289, 7.356019], [-69.35612399999985, 7.356613000000152], [-69.356649, 7.35759000000013], [-69.356258, 7.35790100000014], [-69.357065, 7.358611], [-69.35745599999984, 7.358817], [-69.358355, 7.35916], [-69.358562, 7.359321], [-69.3595069999999, 7.359779], [-69.360197, 7.359801000000118], [-69.360635, 7.359777], [-69.3615099999999, 7.359913000000176], [-69.365567, 7.361685], [-69.36824099999984, 7.363855000000171], [-69.371066, 7.36511], [-69.373929, 7.364994], [-69.375912, 7.363315], [-69.377665, 7.359656], [-69.379382, 7.358473], [-69.382397, 7.358356000000128], [-69.384, 7.358316000000173], [-69.387168, 7.357971], [-69.389383, 7.358236000000147], [-69.391407, 7.359186], [-69.39729, 7.360848], [-69.39994699999988, 7.36053800000019], [-69.40215499999988, 7.358497], [-69.406074, 7.357088], [-69.410308, 7.355365], [-69.412968, 7.354897000000108], [-69.415082, 7.35272], [-69.41621999999984, 7.352740000000153], [-69.417692, 7.353572], [-69.420616, 7.357074], [-69.42196799999988, 7.358478000000105], [-69.424821, 7.357724], [-69.425747, 7.35680600000012], [-69.428493, 7.354571000000135], [-69.43076699999989, 7.354612000000145], [-69.4330609999999, 7.353043000000184], [-69.437031, 7.352892000000111], [-69.4418859999999, 7.351484000000141], [-69.447828, 7.350550000000112], [-69.450477, 7.351027000000158], [-69.452355, 7.350558], [-69.456717, 7.351352], [-69.460811, 7.348212000000103], [-69.462724, 7.345757], [-69.467233, 7.346335], [-69.4679569999999, 7.345967], [-69.469115, 7.345551], [-69.470792, 7.346937000000139], [-69.47295899999989, 7.346516000000122], [-69.47490899999985, 7.343988], [-69.477297, 7.3451], [-69.47957999999988, 7.344451000000163], [-69.476808, 7.341632000000118], [-69.482135, 7.339208000000156], [-69.480607, 7.336919], [-69.481863, 7.336292], [-69.483173, 7.337847000000124], [-69.485683, 7.337202], [-69.483289, 7.334407000000112], [-69.48473399999989, 7.330792000000145], [-69.48723299999989, 7.330796], [-69.490349, 7.331273000000124], [-69.49143, 7.331441], [-69.492835, 7.332378], [-69.49427299999985, 7.331723], [-69.496746, 7.331598], [-69.501888, 7.330079000000126], [-69.507834, 7.32989700000013], [-69.509884, 7.329704000000163], [-69.514573, 7.327489], [-69.518923, 7.324922], [-69.521334, 7.322781], [-69.523278, 7.321781000000101], [-69.52613399999984, 7.320683], [-69.528539, 7.319116], [-69.531072, 7.316171], [-69.534624, 7.313706], [-69.537834, 7.311464000000171], [-69.540686, 7.310710000000142], [-69.54171, 7.310729], [-69.543778, 7.308811], [-69.54482799999982, 7.306186], [-69.545526, 7.304588], [-69.547136, 7.302893], [-69.54683899999986, 7.298403], [-69.547305, 7.29726200000016], [-69.548575, 7.295445], [-69.54971399999988, 7.29535], [-69.551073, 7.295950000000119], [-69.55299899999989, 7.296904], [-69.555271, 7.297290000000146], [-69.559153, 7.2959800000001], [-69.562574, 7.295467000000144], [-69.56553299999985, 7.29540500000013], [-69.567637, 7.295074000000113], [-69.493233, 7.188636], [-69.493027, 7.188594000000137], [-69.492876, 7.188836], [-69.487356, 7.191931000000181], [-69.48577199999983, 7.194502000000114], [-69.485173, 7.196668000000102], [-69.48468999999983, 7.198412000000133], [-69.48422, 7.200445000000116], [-69.48199399999987, 7.203907], [-69.479771, 7.205165], [-69.477555, 7.205873], [-69.474691, 7.205796], [-69.47193, 7.206037], [-69.468848, 7.207091], [-69.465904, 7.208163000000127], [-69.463306, 7.209204000000113], [-69.459863, 7.210567], [-69.456518, 7.212087], [-69.453728, 7.213683000000174], [-69.451178, 7.214033000000143], [-69.448602, 7.215095], [-69.446103, 7.216384000000176], [-69.4441369999999, 7.21775], [-69.442958, 7.218427], [-69.441706, 7.217453000000148], [-69.422328, 7.213317], [-69.421666, 7.213176000000146], [-69.335853, 7.194933], [-69.28551, 7.184182000000135], [-69.255215, 7.17771], [-69.18648, 7.162936000000116], [-69.161678, 7.157644000000118], [-69.131781, 7.151298000000111], [-69.12705899999986, 7.15029], [-69.126242, 7.14994600000017], [-69.12559799999985, 7.150813000000142], [-69.125285, 7.151924], [-69.1233, 7.154252], [-69.12150999999983, 7.156185], [-69.1193, 7.15712], [-69.117164, 7.158236], [-69.114297, 7.161164], [-69.11147, 7.163103], [-69.108291, 7.163239000000146], [-69.105586, 7.161411], [-69.104068, 7.159962], [-69.101003, 7.159269000000108], [-69.098756, 7.159746], [-69.09624699999989, 7.161515000000122], [-69.09343699999982, 7.163248000000181], [-69.09235499999983, 7.165711], [-69.092429, 7.168257], [-69.09211499999986, 7.170951000000173], [-69.09086099999985, 7.173832000000118], [-69.089435, 7.176351000000182], [-69.087386, 7.177259], [-69.084971, 7.178314], [-69.08228199999985, 7.179423], [-69.080018, 7.180107], [-69.076773, 7.181140000000141], [-69.075002, 7.182109], [-69.073492, 7.183322], [-69.071011, 7.182933000000162], [-69.068116, 7.183314], [-69.065976, 7.184269], [-69.06429, 7.185809], [-69.06263399999989, 7.187554], [-69.060051, 7.189142000000174], [-69.0592999999999, 7.190311], [-69.058483, 7.192376], [-69.05838199999988, 7.194445], [-69.057976, 7.197165], [-69.05646499999989, 7.200742], [-69.055683, 7.202393], [-69.054197, 7.203675], [-69.052498, 7.204733], [-69.049852, 7.205748000000142], [-69.04779699999989, 7.205669000000171], [-69.04583699999984, 7.204944], [-69.043989, 7.204055], [-69.042044, 7.203008000000125], [-69.040463, 7.201768000000186], [-69.038444, 7.200562], [-69.03510099999988, 7.199808000000189], [-69.033494, 7.200082000000123], [-69.030734, 7.200367], [-69.028356, 7.201077], [-69.02676999999989, 7.202062000000183], [-69.024538, 7.203044], [-69.021811, 7.203694], [-69.0192679999999, 7.204317], [-69.016628, 7.204735], [-69.014758, 7.206303], [-69.014035, 7.208412000000123], [-69.014372, 7.21129400000018], [-69.015838, 7.214144], [-69.01581, 7.217175], [-69.014428, 7.219647000000123], [-69.01115, 7.221163000000161], [-69.00772599999988, 7.221604], [-69.00515499999989, 7.221240000000137], [-69.002225, 7.221231000000103], [-69.001073, 7.221774], [-68.998831, 7.222542], [-68.996432, 7.223567000000116], [-68.99678499999987, 7.225738000000149], [-68.999016, 7.2273110000001], [-69.000276, 7.228817], [-69.001289, 7.229686000000129], [-69.003247, 7.231851], [-69.00461299999989, 7.233626000000186], [-69.005285, 7.234548], [-69.005664, 7.235662], [-69.005173, 7.237856], [-69.003835, 7.239454000000137], [-69.002128, 7.240236000000152], [-68.998217, 7.241790000000151], [-68.994579, 7.243099], [-68.991213, 7.245067], [-68.989924, 7.248037], [-68.98982899999987, 7.250771000000157], [-68.990736, 7.252974], [-68.991051, 7.254504000000111], [-68.990141, 7.255973], [-68.987225, 7.256575], [-68.984611, 7.256274], [-68.98219399999982, 7.257483], [-68.980083, 7.259833000000185], [-68.979304, 7.261941000000149], [-68.979193, 7.264009], [-68.979982, 7.266124], [-68.981024, 7.268163000000186], [-68.98128899999989, 7.270497], [-68.978977, 7.271267000000137], [-68.97532699999988, 7.272026], [-68.972002, 7.271904], [-68.969517, 7.274101000000144], [-68.96745, 7.276426000000129], [-68.967113, 7.278683000000171], [-68.96691599999986, 7.281993000000114], [-68.96653899999984, 7.284504], [-68.964144, 7.287549000000126], [-68.961886, 7.285770000000184], [-68.959828, 7.285593000000119], [-68.957825, 7.286699000000112], [-68.956769, 7.287735], [-68.955409, 7.288872], [-68.9544719999999, 7.299416], [-68.95326099999988, 7.308146], [-68.94008899999983, 7.360641000000157], [-68.922559, 7.428859], [-68.917788, 7.461984]]]}}, {"type": "Feature", "properties": {"Pais": "Venezuela", "Estado": "Apure", "Municipio": "Mu\u00f1oz", "Parroquia": "San Vicente"}, "geometry": {"type": "Polygon", "coordinates": [[[-69.46087699999987, 8.013258], [-69.46081679799994, 8.014934838999977], [-69.46025621599995, 8.030548912000029], [-69.46003803299982, 8.036626055000056], [-69.45999156699997, 8.037920276000136], [-69.45996582099997, 8.040631877000067], [-69.46210532299989, 8.039326238000115], [-69.46520244599998, 8.036946175000082], [-69.46627348799996, 8.035875144000045], [-69.46889458899994, 8.033733091000158], [-69.46996562999993, 8.032544055000187], [-69.47207070599995, 8.031339015000128], [-69.47413377899994, 8.028142931], [-69.47865794499995, 8.023502817000121], [-69.4825860929999, 8.018626686000175], [-69.48588320799996, 8.013641564000181], [-69.49008435599995, 8.008160415000077], [-69.49103336899992, 8.00423832500013], [-69.4922234199999, 8.00245427700014], [-69.49853665899991, 7.99876316700005], [-69.5025888269999, 7.997689130000083], [-69.50723702699992, 7.997326096000108], [-69.51343628599994, 7.997319066000045], [-69.5190405269999, 7.998738072000037], [-69.52154362999988, 7.998616058000039], [-69.52615882099985, 7.997183003999965], [-69.52710285999996, 7.996720986000128], [-69.52751686899995, 7.996421982000072], [-69.52843790799994, 7.995936965000169], [-69.52926694399997, 7.99540695200011], [-69.53018697599998, 7.994669926000029], [-69.53196003899996, 7.993586901000072], [-69.53232805799996, 7.993011884000168], [-69.53336309299988, 7.99234385800014], [-69.53472115199997, 7.991169828000181], [-69.53635520699999, 7.990361799000027], [-69.5371142329999, 7.989188777000152], [-69.53807926699983, 7.987143723000031], [-69.54023934199995, 7.983419629000082], [-69.5410203589999, 7.981305587000179], [-69.54127236799997, 7.980363562000093], [-69.54216840199996, 7.978662517000146], [-69.54256041599996, 7.978478514000074], [-69.54368746599994, 7.977740494000159], [-69.54440047899988, 7.976614465000125], [-69.5449515059999, 7.975350436000099], [-69.54600854099988, 7.973006380000129], [-69.54598352199997, 7.971468339000126], [-69.54570450299997, 7.969632302000036], [-69.54491846299993, 7.96738525700016], [-69.54473344999991, 7.966743241000188], [-69.54472944199995, 7.964401188000068], [-69.54518945999996, 7.963207165000142], [-69.5456254739999, 7.962379146000103], [-69.54675149999997, 7.96035608700015], [-69.54803954999988, 7.958815048000076], [-69.54861356599997, 7.957735032000073], [-69.54983362299993, 7.956996999000069], [-69.55190570699995, 7.956003975000101], [-69.55501282499989, 7.95429791700019], [-69.55669388699982, 7.953466888999969], [-69.55837395399993, 7.95231486400013], [-69.55945399199993, 7.950681813000131], [-69.55979699199997, 7.948454771000058], [-69.56067002599991, 7.946867734000136], [-69.56089802799994, 7.945673700999976], [-69.56156304699982, 7.943284651000056], [-69.56243507099992, 7.940803588], [-69.5627310729999, 7.937887524000132], [-69.56293506499992, 7.935798472000158], [-69.56380809799992, 7.933959426], [-69.56493513399994, 7.932877398000016], [-69.56829627899987, 7.931904364000161], [-69.5697933379999, 7.93137235], [-69.5720744329999, 7.932101355000043], [-69.57433353599998, 7.933587378000141], [-69.5744025379999, 7.933609372000035], [-69.57550858899992, 7.933629364000069], [-69.57619961199998, 7.933650362000037], [-69.57823943799991, 7.933578337000029], [-69.57829570499996, 7.933576350000124], [-69.57983775799994, 7.932814334000113], [-69.58103581299991, 7.933086333000176], [-69.58306290399997, 7.933012321000092], [-69.58310890499996, 7.93298932100015], [-69.5844449619999, 7.93291731100004], [-69.58617202699992, 7.932499291000113], [-69.58686205599997, 7.932428289000086], [-69.58939616699996, 7.932536277000111], [-69.59112323199997, 7.9322332590001], [-69.5920212719999, 7.932093255000098], [-69.59409335499993, 7.931146231000071], [-69.59538240299992, 7.930614205999973], [-69.59639444899989, 7.929762179000136], [-69.59722146999997, 7.92831414800014], [-69.59816450099999, 7.927118113000176], [-69.60050959099993, 7.924403045000076], [-69.60076159699992, 7.92297901000012], [-69.60126560299989, 7.921163972000045], [-69.60123960399994, 7.919694943000081], [-69.60172060799988, 7.917696897000155], [-69.6018356109999, 7.917535895000128], [-69.60183461499997, 7.917007874000035], [-69.60185761299994, 7.916387863000182], [-69.60249962299986, 7.914687825000044], [-69.60291263499994, 7.913699798000096], [-69.60355566299984, 7.912067767000167], [-69.60392067099991, 7.910000708999974], [-69.60437968499997, 7.909058695000056], [-69.6046076849999, 7.907405652000136], [-69.60522770099988, 7.90602662200007], [-69.60610172999998, 7.904899588000092], [-69.60729777999995, 7.90397756599998], [-69.60971487099988, 7.902754527000127], [-69.61178596099995, 7.901830503000099], [-69.61378904499992, 7.901480478000167], [-69.6151690879999, 7.90044444800003], [-69.61618212999997, 7.900234438999973], [-69.61857623399999, 7.899424409000119], [-69.62131734799993, 7.899026393000042], [-69.62136334899992, 7.898957392000113], [-69.6217773589999, 7.898795384000039], [-69.62405745599983, 7.89862836500015], [-69.62576152399998, 7.899014369000099], [-69.6271895939999, 7.89884936500016], [-69.6304347169999, 7.897394310000095], [-69.63308081899999, 7.895757267000079], [-69.63402385099994, 7.894813240000076], [-69.63710798199997, 7.893519199000025], [-69.63786600299989, 7.892346165000106], [-69.64302020199995, 7.889026068000135], [-69.6435492249999, 7.888382050000132], [-69.64630933299992, 7.88610199600015], [-69.64780438999992, 7.884926960000087], [-69.65017246999992, 7.882463889000121], [-69.65169153399995, 7.881563861000075], [-69.65343959699999, 7.880388836000122], [-69.65495665799989, 7.878478788000166], [-69.65612970499996, 7.877167752000048], [-69.65817677499996, 7.875738706000107], [-69.66125989799997, 7.87366365400004], [-69.66254694499997, 7.872557619000077], [-69.66355998699999, 7.872325603000093], [-69.66692111999998, 7.871420576000048], [-69.66837118399997, 7.870888551000178], [-69.67120229699998, 7.869617511000172], [-69.67243293999996, 7.869319473000019], [-69.67292836899998, 7.869199492000121], [-69.67435442399994, 7.867955467000172], [-69.67529846399998, 7.867654451000135], [-69.67667850799995, 7.866893430000118], [-69.6775765459999, 7.86650041300004], [-69.67837478699988, 7.865738577000059], [-69.67803032599988, 7.859126452000169], [-69.67777007799992, 7.855373143], [-69.6773243319999, 7.848944553000138], [-69.67630163699994, 7.834195157000124], [-69.675967, 7.829369], [-69.676349, 7.762831000000119], [-69.676675, 7.682316000000185], [-69.676731, 7.625375], [-69.6772, 7.572724], [-69.677356, 7.555055], [-69.67736199999985, 7.554367000000184], [-69.674007, 7.551204], [-69.671889, 7.549973], [-69.668981, 7.5508880000001], [-69.666561, 7.552394000000163], [-69.666054, 7.553173000000129], [-69.665547, 7.55253], [-69.665086, 7.55211700000018], [-69.664809, 7.551406000000156], [-69.664349, 7.550557], [-69.66365699999989, 7.549822000000177], [-69.663173, 7.549156000000153], [-69.662321, 7.54878900000017], [-69.662182, 7.548743], [-69.661445, 7.549040000000105], [-69.660638, 7.549406], [-69.660407, 7.549360000000149], [-69.660039, 7.549130000000105], [-69.659301, 7.549405000000149], [-69.659324, 7.549703], [-69.659255, 7.550208000000111], [-69.65920799999986, 7.550597], [-69.65886299999983, 7.550827], [-69.65849399999985, 7.550987000000134], [-69.65812499999987, 7.551445000000172], [-69.657986, 7.551858], [-69.657779, 7.552133], [-69.657525, 7.552798], [-69.657364, 7.552912], [-69.656811, 7.552889000000107], [-69.655819, 7.553117000000157], [-69.655312, 7.553461], [-69.654989, 7.553942000000177], [-69.654389, 7.554033], [-69.65408899999989, 7.553964], [-69.652614, 7.554284], [-69.652014, 7.554650000000152], [-69.651438, 7.554833], [-69.650562, 7.553915], [-69.650263, 7.553593], [-69.65021699999988, 7.5533870000001], [-69.649756, 7.553111000000172], [-69.64918, 7.552904], [-69.64816499999989, 7.553132000000119], [-69.647843, 7.553774000000146], [-69.647566, 7.554279000000179], [-69.647036, 7.554439000000116], [-69.646229, 7.554415], [-69.64496099999985, 7.553794], [-69.64433899999989, 7.554138], [-69.64247099999989, 7.554572], [-69.64178, 7.554915], [-69.64150299999989, 7.555006000000105], [-69.641826, 7.554777000000172], [-69.640973, 7.555235], [-69.64062699999988, 7.555877], [-69.640351, 7.555533], [-69.640189, 7.554638], [-69.64051199999989, 7.553882], [-69.640812, 7.553125], [-69.641135, 7.551979000000131], [-69.640905, 7.551703], [-69.640029, 7.551909], [-69.639314, 7.552458000000115], [-69.639038, 7.55255000000011], [-69.638162, 7.552274000000182], [-69.6374699999999, 7.552089], [-69.636824, 7.553167], [-69.635787, 7.5541750000001], [-69.634772, 7.554931000000124], [-69.634288, 7.555182000000116], [-69.63380399999988, 7.555159000000174], [-69.63313599999987, 7.555090000000121], [-69.632559, 7.555249000000117], [-69.632375, 7.555777000000148], [-69.632075, 7.556029], [-69.63184499999988, 7.556051], [-69.629654, 7.555407], [-69.629377, 7.55504], [-69.629193, 7.554627], [-69.629332, 7.553985000000182], [-69.629332, 7.553686000000141], [-69.62841, 7.553938], [-69.62813299999988, 7.554603000000156], [-69.626819, 7.555565000000172], [-69.626473, 7.555610000000172], [-69.624859, 7.555425000000128], [-69.62425999999988, 7.55508], [-69.623961, 7.554851], [-69.623384, 7.554506000000117], [-69.62306199999989, 7.553932], [-69.6229699999999, 7.553634000000102], [-69.622763, 7.553336000000115], [-69.622509, 7.553335], [-69.62204799999984, 7.552761], [-69.621656, 7.552256000000114], [-69.620827, 7.551889000000131], [-69.62013499999989, 7.551911000000189], [-69.619881, 7.552805], [-69.620204, 7.55356200000017], [-69.620204, 7.55425], [-69.620088, 7.554663000000176], [-69.619627, 7.554387], [-69.619005, 7.554065], [-69.61826699999989, 7.553812000000107], [-69.61739099999988, 7.554454], [-69.617207, 7.554476000000136], [-69.616654, 7.554728], [-69.61559299999988, 7.554727000000128], [-69.614533, 7.554359], [-69.614141, 7.554083000000105], [-69.612966, 7.553944000000172], [-69.61262, 7.553416], [-69.611329, 7.553094], [-69.610753, 7.553690000000131], [-69.60985399999987, 7.55421600000011], [-69.60918499999985, 7.554491000000155], [-69.60876999999988, 7.555224], [-69.608631, 7.555843], [-69.608401, 7.556279], [-69.607709, 7.556691], [-69.607409, 7.556713000000116], [-69.607248, 7.556002], [-69.607318, 7.554833], [-69.607364, 7.554122000000177], [-69.6074339999999, 7.553021000000172], [-69.607018, 7.552608000000134], [-69.606142, 7.552698], [-69.60572699999989, 7.552973000000122], [-69.605335, 7.5534770000001], [-69.60489699999988, 7.554234000000179], [-69.604459, 7.554692], [-69.603882, 7.554622000000109], [-69.60289099999989, 7.554484], [-69.602085, 7.553955], [-69.601071, 7.553541], [-69.60109399999982, 7.553129], [-69.601486, 7.552854], [-69.601071, 7.552418], [-69.600149, 7.5525540000001], [-69.59802799999989, 7.552712], [-69.597913, 7.552552000000105], [-69.596968, 7.552161], [-69.595378, 7.551907], [-69.594917, 7.552273000000127], [-69.594916, 7.552594], [-69.594386, 7.55268500000011], [-69.59235799999988, 7.552752000000112], [-69.59235799999988, 7.552018000000146], [-69.591505, 7.551856], [-69.591182, 7.552361000000133], [-69.590813, 7.552934000000107], [-69.590052, 7.552979000000107], [-69.589661, 7.552657], [-69.589246, 7.552381], [-69.588647, 7.552289], [-69.588116, 7.553687], [-69.58677899999986, 7.553938], [-69.58564899999988, 7.554969], [-69.585257, 7.555267], [-69.58553299999988, 7.555680000000109], [-69.586202, 7.555887], [-69.586225, 7.556208], [-69.585395, 7.556345], [-69.584473, 7.556321], [-69.583643, 7.55609], [-69.58281199999982, 7.556204], [-69.58269699999988, 7.556640000000129], [-69.582212, 7.5568], [-69.58078299999988, 7.556683000000135], [-69.57965399999989, 7.556889000000126], [-69.5786619999999, 7.557576], [-69.57732499999986, 7.557803], [-69.576518, 7.558123], [-69.5747889999999, 7.558420000000126], [-69.574558, 7.559176], [-69.573982, 7.559634], [-69.573244, 7.559656], [-69.572921, 7.561147000000176], [-69.572805, 7.561399], [-69.571307, 7.561053], [-69.569855, 7.560684], [-69.56916299999989, 7.561097000000132], [-69.56870199999986, 7.561922], [-69.567987, 7.562311], [-69.567318, 7.563091], [-69.566558, 7.563296], [-69.5661659999999, 7.563502], [-69.565773, 7.564144000000169], [-69.565427, 7.564992000000188], [-69.565058, 7.56501500000013], [-69.563721, 7.56499], [-69.5623389999999, 7.564323], [-69.562016, 7.563130000000115], [-69.561141, 7.56260200000014], [-69.559689, 7.562577], [-69.559181, 7.563012000000128], [-69.55853499999984, 7.563791], [-69.558027, 7.564433000000122], [-69.55661999999984, 7.565119], [-69.556435, 7.566357000000153], [-69.55609, 7.566403], [-69.555491, 7.56566800000013], [-69.554615, 7.565575], [-69.554729, 7.566516000000149], [-69.55500599999988, 7.567181000000119], [-69.5547519999999, 7.567686000000151], [-69.554106, 7.567501000000107], [-69.55288399999989, 7.568968000000154], [-69.552976, 7.569633000000124], [-69.552975, 7.571032], [-69.55014, 7.570524000000148], [-69.550117, 7.569997], [-69.549702, 7.569904000000179], [-69.54917199999988, 7.570339000000104], [-69.548825, 7.571738], [-69.548732, 7.57316], [-69.548824, 7.573825], [-69.54781, 7.573962], [-69.54730299999989, 7.573479], [-69.545712, 7.574578], [-69.544766, 7.575494000000106], [-69.5443049999999, 7.575517], [-69.543521, 7.57581400000015], [-69.543522, 7.575241000000119], [-69.542945, 7.574804], [-69.542139, 7.574734], [-69.541839, 7.574252], [-69.540917, 7.574572], [-69.540732, 7.575145], [-69.54100799999986, 7.57627], [-69.541054, 7.577256], [-69.54059299999989, 7.577508000000137], [-69.539601, 7.57730000000015], [-69.539417, 7.578057], [-69.5395999999999, 7.579502000000105], [-69.538908, 7.580602000000169], [-69.538124, 7.580303000000129], [-69.53671899999989, 7.579728000000159], [-69.536119, 7.579773000000159], [-69.535635, 7.579290000000128], [-69.53434399999986, 7.579128], [-69.534437, 7.578761], [-69.532684, 7.579768], [-69.531415, 7.580615], [-69.530954, 7.581280000000106], [-69.530123, 7.581600000000151], [-69.529477, 7.582631000000163], [-69.528993, 7.583456], [-69.5290619999999, 7.584007000000156], [-69.529246, 7.58471800000018], [-69.528369, 7.586208], [-69.528, 7.586391], [-69.52694, 7.585931000000187], [-69.525809, 7.587604], [-69.52539399999989, 7.58787800000016], [-69.525186, 7.588199], [-69.525163, 7.588864], [-69.525416, 7.58953], [-69.524908, 7.590309], [-69.52368699999988, 7.590514000000155], [-69.522211, 7.590076000000124], [-69.520206, 7.589592], [-69.519399, 7.58927], [-69.518201, 7.589383000000169], [-69.51744, 7.589726000000155], [-69.516425, 7.590229], [-69.5157329999999, 7.590366000000131], [-69.514604, 7.590181000000143], [-69.513705, 7.58967500000017], [-69.513129, 7.589284], [-69.51283, 7.588917000000151], [-69.511401, 7.588067], [-69.510432, 7.588914000000102], [-69.509763, 7.589624], [-69.50913999999989, 7.590265000000159], [-69.508702, 7.590815], [-69.507711, 7.590057000000172], [-69.50752499999987, 7.590355000000102], [-69.50623399999989, 7.591317000000117], [-69.50556599999987, 7.590719], [-69.505013, 7.59026], [-69.504874, 7.590214000000174], [-69.50273, 7.590211000000124], [-69.501721, 7.5905], [-69.501077, 7.591006000000164], [-69.500571, 7.591489], [-69.500364, 7.59149], [-69.499672, 7.591101], [-69.49914199999984, 7.591102], [-69.49819899999989, 7.591540000000123], [-69.49769099999986, 7.591196], [-69.497138, 7.590669000000162], [-69.496492, 7.590395], [-69.496032, 7.59035], [-69.496009, 7.590901], [-69.49619399999989, 7.59103800000014], [-69.496287, 7.591451], [-69.49630999999988, 7.591589000000113], [-69.495089, 7.591293000000121], [-69.494167, 7.590835], [-69.493522, 7.590836000000138], [-69.492486, 7.591091000000119], [-69.4920259999999, 7.592056000000184], [-69.490369, 7.592817], [-69.49037, 7.593322000000114], [-69.490094, 7.593644], [-69.489379, 7.593025], [-69.489243, 7.594221], [-69.489175, 7.594818], [-69.48919899999987, 7.595438], [-69.489222, 7.595713], [-69.488647, 7.596128000000135], [-69.48844, 7.596472000000176], [-69.488464, 7.596863], [-69.489202, 7.597481000000187], [-69.489363, 7.597527], [-69.48941, 7.59778], [-69.489411, 7.598445], [-69.489021, 7.599342000000149], [-69.48881399999988, 7.599778000000128], [-69.488631, 7.600330000000156], [-69.48844999999989, 7.602351], [-69.488105, 7.602880000000141], [-69.487991, 7.603454], [-69.488015, 7.604326], [-69.487971, 7.605337000000191], [-69.487213, 7.606945], [-69.48718999999988, 7.606991000000107], [-69.486293, 7.60759], [-69.485763, 7.607775000000117], [-69.48461199999986, 7.608167], [-69.483715, 7.608490000000131], [-69.48207999999988, 7.609113], [-69.482196, 7.609710000000177], [-69.48222, 7.610100000000102], [-69.482729, 7.611339000000157], [-69.483144, 7.611798], [-69.483536, 7.612188], [-69.483629, 7.612509000000159], [-69.48356, 7.612762], [-69.483284, 7.612923], [-69.483077, 7.613291000000174], [-69.4834939999999, 7.614759000000163], [-69.483863, 7.615195000000142], [-69.484118, 7.61579200000017], [-69.484786, 7.616135], [-69.485432, 7.616386], [-69.485594, 7.616799000000185], [-69.48465, 7.617122], [-69.484097, 7.617215000000158], [-69.48257699999988, 7.617379], [-69.482093, 7.617288000000144], [-69.48144699999989, 7.616807000000108], [-69.481078, 7.616555], [-69.480317, 7.616602], [-69.47923599999984, 7.617109], [-69.479099, 7.617959], [-69.478639, 7.618488000000127], [-69.478755, 7.619108], [-69.478663, 7.61943], [-69.477604, 7.619753000000173], [-69.477397, 7.619615000000124], [-69.47649699999988, 7.618951], [-69.476221, 7.61886], [-69.47619699999984, 7.618148], [-69.476219, 7.617964], [-69.47592, 7.617758], [-69.475597, 7.617644], [-69.474676, 7.617783], [-69.474812, 7.616773], [-69.474812, 7.616658], [-69.474099, 7.617050000000177], [-69.471428, 7.617835], [-69.471889, 7.617972], [-69.472097, 7.618293000000165], [-69.472097, 7.618707000000143], [-69.470899, 7.618387], [-69.471061, 7.618961000000184], [-69.47124699999989, 7.619718], [-69.47078599999986, 7.619995000000131], [-69.469681, 7.619974000000127], [-69.468851, 7.61999800000018], [-69.4681599999999, 7.619999], [-69.467011, 7.621471], [-69.466597, 7.621862], [-69.465882, 7.621657000000141], [-69.46440799999988, 7.621522], [-69.464478, 7.62232500000016], [-69.46424899999988, 7.623175000000174], [-69.463881, 7.623635], [-69.463145, 7.623843], [-69.462777, 7.624648], [-69.462802, 7.625566000000106], [-69.462803, 7.626163000000133], [-69.462942, 7.626783], [-69.46312699999987, 7.627494000000127], [-69.463197, 7.62816000000015], [-69.46287499999988, 7.628459], [-69.46253, 7.628712000000178], [-69.46169999999984, 7.6283], [-69.460686, 7.628096], [-69.46018, 7.628464], [-69.459766, 7.628855000000101], [-69.45953699999984, 7.62961300000012], [-69.459307, 7.629866], [-69.458847, 7.630188], [-69.458064, 7.63019], [-69.456867, 7.630789], [-69.45520899999985, 7.631871], [-69.45468, 7.632446], [-69.45392099999987, 7.633412], [-69.453324, 7.634286], [-69.45314, 7.634861000000171], [-69.453535, 7.636881000000187], [-69.453697, 7.637569], [-69.453698, 7.638281000000177], [-69.45379099999985, 7.639016], [-69.454576, 7.639588000000117], [-69.454946, 7.640093], [-69.45508399999989, 7.640247000000159], [-69.454938, 7.640836], [-69.455403, 7.64156], [-69.454488, 7.641885000000116], [-69.453681, 7.641978], [-69.452621, 7.64221], [-69.451609, 7.642992], [-69.451174, 7.644439], [-69.449379, 7.645889000000125], [-69.449565, 7.646807], [-69.449566, 7.647519000000159], [-69.4494299999999, 7.649425000000122], [-69.44927, 7.649908000000153], [-69.448787, 7.650368000000185], [-69.44634599999989, 7.650831], [-69.446139, 7.651268], [-69.445978, 7.651383000000124], [-69.444689, 7.652005], [-69.443699, 7.652719], [-69.44264, 7.652767], [-69.441788, 7.653204000000187], [-69.441074, 7.65355], [-69.440568, 7.654171], [-69.44033899999988, 7.654654], [-69.440454, 7.654952], [-69.441607, 7.655547], [-69.443405, 7.65621], [-69.443635, 7.656232], [-69.444995, 7.656345], [-69.44605499999989, 7.656572000000153], [-69.447069, 7.656732], [-69.44787499999984, 7.657006], [-69.447899, 7.657396000000119], [-69.447485, 7.65781], [-69.44704799999988, 7.658500000000117], [-69.445736, 7.659007], [-69.445023, 7.660019], [-69.444701, 7.660111], [-69.444726, 7.661098000000152], [-69.44488699999988, 7.661305], [-69.44396699999987, 7.662225000000149], [-69.443622, 7.662708000000123], [-69.443277, 7.663213], [-69.44314, 7.663742], [-69.44117199999988, 7.664925], [-69.44062799999989, 7.665832], [-69.4377219999999, 7.668283], [-69.43745, 7.669371], [-69.436998, 7.671457], [-69.436636, 7.673090000000116], [-69.436365, 7.674813], [-69.435549, 7.67681], [-69.46087699999987, 8.013258]]]}}]}