{"type": "FeatureCollection", "features": [{"type": "Feature", "properties": {"Pais": "Venezuela", "Estado": "Gu\u00e1rico", "Municipio": "Ortiz", "Parroquia": "Ortiz"}, "geometry": {"type": "Polygon", "coordinates": [[[-67.248093, 9.472545], [-67.247017, 9.474543000000153], [-67.24743699999988, 9.475038], [-67.236913, 9.493308], [-67.203143, 9.560157000000117], [-67.21929399999988, 9.575216000000182], [-67.2256589999999, 9.581462], [-67.228875, 9.586357], [-67.233626, 9.590162], [-67.246833, 9.597367], [-67.253954, 9.603629], [-67.254754, 9.61071], [-67.25360999999987, 9.616224000000159], [-67.248131, 9.619927000000132], [-67.232973, 9.6337], [-67.230978, 9.637218000000132], [-67.23248, 9.639443], [-67.233005, 9.639720000000182], [-67.232066, 9.640638000000138], [-67.232068, 9.641639000000168], [-67.235879, 9.643993], [-67.23946, 9.646123000000102], [-67.242346, 9.647138], [-67.24558, 9.649489], [-67.248237, 9.651281], [-67.251584, 9.651630000000125], [-67.254587, 9.652088000000163], [-67.25978, 9.650553000000173], [-67.262204, 9.649562], [-67.263704, 9.649012], [-67.269821, 9.647704000000147], [-67.273167, 9.646383000000128], [-67.279977, 9.644409], [-67.285863, 9.643322000000126], [-67.288864, 9.642556000000184], [-67.292672, 9.640681000000143], [-67.297634, 9.638254], [-67.30063299999989, 9.636376], [-67.303518, 9.633272], [-67.307901, 9.629842000000167], [-67.310209, 9.6284050000001], [-67.312978, 9.627304000000152], [-67.31817199999989, 9.62599200000011], [-67.32302, 9.62634700000018], [-67.327062, 9.627478000000167], [-67.33352699999989, 9.628396], [-67.335145, 9.629962000000148], [-67.33860999999985, 9.633316], [-67.34068899999988, 9.634883000000173], [-67.34322999999983, 9.636229000000185], [-67.34623099999988, 9.63602], [-67.350387, 9.635482], [-67.3531569999999, 9.634938], [-67.35788899999983, 9.6334], [-67.364929, 9.631206], [-67.367582, 9.629882000000123], [-67.372662, 9.629793], [-67.3896309999999, 9.629534], [-67.442502, 9.62876400000016], [-67.449124, 9.628794000000141], [-67.449197, 9.628794000000141], [-67.449287, 9.628648000000169], [-67.449017, 9.627956], [-67.448521, 9.62574], [-67.447993, 9.624076], [-67.44798, 9.623548], [-67.44886, 9.623504000000139], [-67.44934, 9.623194], [-67.451006, 9.62301600000012], [-67.45256499999988, 9.623208], [-67.454091, 9.623906], [-67.455298, 9.623923], [-67.456383, 9.623713], [-67.457204, 9.623142], [-67.458447, 9.622745], [-67.45952199999988, 9.622122], [-67.4595, 9.621204], [-67.458359, 9.621047], [-67.457992, 9.619334], [-67.458379, 9.619049000000132], [-67.459889, 9.619127], [-67.461307, 9.619208000000128], [-67.46275, 9.619403], [-67.463152, 9.619715], [-67.464974, 9.618316], [-67.46538, 9.6178460000001], [-67.46602399999989, 9.616637], [-67.46658, 9.61474], [-67.467289, 9.613368], [-67.468439, 9.612972], [-67.469782, 9.612871], [-67.46971899999988, 9.612184], [-67.46887, 9.610688], [-67.467665, 9.609822000000179], [-67.46686, 9.608256], [-67.4662, 9.606917000000124], [-67.466204, 9.605194], [-67.466418, 9.604477], [-67.467042, 9.603427], [-67.467493, 9.601970000000108], [-67.46849, 9.600958], [-67.469446, 9.601142000000152], [-67.47093299999989, 9.601221000000123], [-67.472414, 9.601093], [-67.472742, 9.600258], [-67.472635, 9.598745], [-67.47226799999987, 9.597054000000128], [-67.471345, 9.596318000000167], [-67.47096999999985, 9.595225000000141], [-67.470953, 9.593618], [-67.47163299999988, 9.591098000000102], [-67.472413, 9.5897930000001], [-67.473867, 9.58854], [-67.474979, 9.587526000000139], [-67.47622299999989, 9.587197000000117], [-67.476579, 9.58751], [-67.47710199999989, 9.588003000000185], [-67.47771999999986, 9.587689000000125], [-67.478001, 9.587774], [-67.479145, 9.58809100000019], [-67.47975799999989, 9.58849000000015], [-67.4804759999999, 9.588427], [-67.48104, 9.587793], [-67.481562, 9.586379], [-67.481743, 9.584308], [-67.482458, 9.583211000000176], [-67.483796, 9.582903000000101], [-67.484913, 9.58303700000016], [-67.486163, 9.582938000000127], [-67.487323, 9.582933], [-67.488203, 9.581924], [-67.48875499999986, 9.580808000000104], [-67.48901099999989, 9.579883000000109], [-67.489646, 9.57931600000012], [-67.490481, 9.579296], [-67.49129099999988, 9.579231], [-67.492089, 9.578660000000184], [-67.492402, 9.57817000000017], [-67.493352, 9.577205], [-67.494468, 9.576329], [-67.494564, 9.57549900000015], [-67.493812, 9.575173000000177], [-67.492692, 9.57492400000018], [-67.492326, 9.574175], [-67.492814, 9.573291], [-67.492314, 9.572775], [-67.491366, 9.572889], [-67.490073, 9.572186000000102], [-67.4890989999999, 9.571291000000144], [-67.488889, 9.570285], [-67.488816, 9.569207000000176], [-67.48842499999989, 9.568436000000133], [-67.488305, 9.567312], [-67.487668, 9.566891], [-67.48738199999985, 9.566577000000166], [-67.48712, 9.566307], [-67.486737, 9.565857000000108], [-67.48638199999988, 9.565567000000101], [-67.486119, 9.565229], [-67.48587899999984, 9.564936000000102], [-67.485614, 9.564506], [-67.485207, 9.564034000000106], [-67.48501199999987, 9.563648000000114], [-67.484904, 9.563031], [-67.48484899999988, 9.562687], [-67.484788, 9.562069], [-67.484778, 9.561701000000141], [-67.48476099999988, 9.561013], [-67.48462599999988, 9.560235], [-67.484501, 9.559848000000102], [-67.484457, 9.55904500000014], [-67.484277, 9.558314], [-67.483821, 9.557705000000112], [-67.483065, 9.558091], [-67.48268499999989, 9.558674000000167], [-67.482106, 9.558711000000187], [-67.481626, 9.558057], [-67.48133899999988, 9.557696], [-67.480955, 9.5572], [-67.480338, 9.55756], [-67.479639, 9.558403000000112], [-67.479037, 9.558418000000131], [-67.478453, 9.558248000000106], [-67.47794, 9.558169000000134], [-67.476941, 9.559043000000145], [-67.47613099999984, 9.559108], [-67.475367, 9.559173], [-67.474692, 9.559097000000179], [-67.47424, 9.558649], [-67.474205, 9.558144], [-67.473913, 9.557623], [-67.463914, 9.544640000000186], [-67.463203, 9.543871000000138], [-67.462207, 9.542999000000123], [-67.461263, 9.542333], [-67.45975, 9.541198000000122], [-67.458377, 9.540083], [-67.45747299999988, 9.539186], [-67.456512, 9.536912], [-67.4553509999999, 9.534965000000113], [-67.454706, 9.5342], [-67.454236, 9.533017], [-67.453632, 9.532044], [-67.45265399999988, 9.531011000000149], [-67.45269499999989, 9.529838], [-67.452932, 9.529098000000147], [-67.45358, 9.528117000000123], [-67.45422399999984, 9.526908000000105], [-67.45422, 9.525805000000162], [-67.45322799999985, 9.524198], [-67.45285699999988, 9.523266], [-67.45247499999988, 9.521897000000138], [-67.45192, 9.520991], [-67.451059, 9.519979], [-67.45064399999984, 9.51911500000017], [-67.450427, 9.517834], [-67.450097, 9.516693000000146], [-67.449017, 9.515249], [-67.44781099999989, 9.514314000000127], [-67.44639, 9.513108000000159], [-67.445713, 9.511976000000118], [-67.444679, 9.510531], [-67.4435759999999, 9.510006], [-67.442438, 9.509942], [-67.440385, 9.510405000000162], [-67.43869199999989, 9.510376], [-67.436935, 9.509684000000163], [-67.436727, 9.508793], [-67.437087, 9.507383], [-67.43797, 9.505593], [-67.43858, 9.503971], [-67.438884, 9.503137], [-67.438758, 9.501785000000154], [-67.438317, 9.500831], [-67.437294, 9.498857000000157], [-67.436386, 9.496835], [-67.435768, 9.495288], [-67.435794, 9.493542], [-67.43581199999983, 9.491428], [-67.435674, 9.489594], [-67.435689, 9.487389], [-67.435799, 9.485319], [-67.43561599999987, 9.483555], [-67.434682, 9.481419], [-67.43353599999989, 9.480091000000186], [-67.432418, 9.478924], [-67.431174, 9.477392000000123], [-67.430525, 9.475547], [-67.429792, 9.474025], [-67.428189, 9.472019], [-67.426777, 9.470239], [-67.42540399999984, 9.468182000000184], [-67.424364, 9.466461], [-67.423551, 9.46547], [-67.422277, 9.464559], [-67.420839, 9.463629], [-67.420185, 9.462497000000155], [-67.41975, 9.460853], [-67.419509, 9.459527], [-67.418844, 9.457958000000133], [-67.418058, 9.456163000000117], [-67.41774399999986, 9.454824], [-67.420787, 9.452101], [-67.421978, 9.450579000000118], [-67.42287199999987, 9.449226], [-67.423547, 9.447441], [-67.42382399999985, 9.446424], [-67.425843, 9.443665], [-67.42657799999989, 9.442430000000172], [-67.42756799999984, 9.441235], [-67.429546, 9.43960200000015], [-67.431409, 9.438064], [-67.43226, 9.436827], [-67.4324529999999, 9.435237], [-67.432608, 9.433073], [-67.432589, 9.431374], [-67.43295099999989, 9.430056], [-67.433129, 9.428812000000164], [-67.433511, 9.427379], [-67.433928, 9.425485], [-67.434445, 9.423888], [-67.434977, 9.421969000000104], [-67.43511199999989, 9.419921000000102], [-67.434358, 9.417574], [-67.432843, 9.417243], [-67.430929, 9.417656], [-67.430508, 9.417506000000117], [-67.429174, 9.417033], [-67.427858, 9.416329], [-67.426368, 9.415125000000103], [-67.426601, 9.41330500000015], [-67.427106, 9.411226000000113], [-67.428164, 9.408995], [-67.42944299999988, 9.407265000000109], [-67.43081399999983, 9.406428000000119], [-67.4316, 9.405421000000104], [-67.432291, 9.403361000000189], [-67.433351, 9.402141000000142], [-67.43510899999984, 9.400077], [-67.436341, 9.399289], [-67.43722999999983, 9.39864800000015], [-67.437686, 9.397397], [-67.43810999999988, 9.395802], [-67.438728, 9.394522], [-67.4382829999999, 9.393431], [-67.438255, 9.393225], [-67.439465, 9.39246], [-67.440612, 9.391950000000179], [-67.441292, 9.391314000000136], [-67.44215899999989, 9.390742], [-67.44492, 9.388975], [-67.445874, 9.388148], [-67.445841, 9.386840000000177], [-67.446077, 9.386053], [-67.446154, 9.385408000000155], [-67.445614, 9.383263000000113], [-67.447446, 9.382345], [-67.44848699999989, 9.382228000000111], [-67.44921, 9.38143], [-67.449972, 9.38040100000012], [-67.450548, 9.379285000000152], [-67.450537, 9.377930000000106], [-67.450414, 9.376692], [-67.450771, 9.376156], [-67.451881, 9.375095], [-67.452484, 9.374162000000126], [-67.453903, 9.372451000000126], [-67.45544299999989, 9.37099], [-67.456314, 9.369659], [-67.456381, 9.368624000000182], [-67.456366, 9.367063], [-67.456989, 9.366037], [-67.458381, 9.365107], [-67.459746, 9.364064], [-67.46134399999983, 9.36306], [-67.462506, 9.361287000000118], [-67.46178, 9.360087000000135], [-67.4612709999999, 9.358261], [-67.460432, 9.357156], [-67.460084, 9.356176000000175], [-67.459617, 9.355108], [-67.460287, 9.354104000000177], [-67.46055299999983, 9.35359300000016], [-67.460028, 9.352985000000103], [-67.460126, 9.352271], [-67.459923, 9.351587000000109], [-67.459693, 9.350697], [-67.459692, 9.348790000000122], [-67.4599419999999, 9.347659], [-67.46044099999989, 9.346291000000122], [-67.461331, 9.345719], [-67.462361, 9.345165], [-67.462908, 9.344808000000171], [-67.463307, 9.344063000000176], [-67.46308, 9.343311], [-67.462925, 9.34267100000011], [-67.462235, 9.341953], [-67.462129, 9.341450000000123], [-67.462204, 9.340736], [-67.462216, 9.340277], [-67.461991, 9.33959300000015], [-67.46143599999988, 9.339652], [-67.461614, 9.339373], [-67.462659, 9.338520000000187], [-67.463671, 9.338174000000151], [-67.465041, 9.338256], [-67.466146, 9.33793100000014], [-67.46613799999989, 9.3376090000001], [-67.46644, 9.336729000000162], [-67.466965, 9.336372], [-67.4674839999999, 9.335831], [-67.46828, 9.335191], [-67.468676, 9.334355000000187], [-67.46876, 9.333067], [-67.4688129999999, 9.33239900000018], [-67.469299, 9.3314], [-67.469817, 9.330813], [-67.47001099999989, 9.330211000000133], [-67.47050699999983, 9.329671], [-67.470725, 9.32756600000016], [-67.47113699999989, 9.327478000000156], [-67.47125299999982, 9.326991], [-67.471126, 9.326262], [-67.471103, 9.326263000000154], [-67.471422, 9.326157], [-67.472023, 9.32613], [-67.472425, 9.325813], [-67.473031, 9.32590000000016], [-67.474168, 9.325963], [-67.474796, 9.325521], [-67.474955, 9.325468000000114], [-67.47524, 9.325134], [-67.475519, 9.324662], [-67.475603, 9.324475000000177], [-67.47559699999988, 9.322891], [-67.47559599999988, 9.322868], [-67.477191, 9.321348000000114], [-67.47730899999988, 9.321389000000124], [-67.47775499999983, 9.321024000000136], [-67.4780209999999, 9.320783], [-67.47896599999984, 9.320189000000141], [-67.479986, 9.320693], [-67.480355, 9.321158], [-67.48059199999989, 9.322249], [-67.48134499999986, 9.322008], [-67.482062, 9.321516000000145], [-67.482243, 9.320934000000136], [-67.482318, 9.320082000000127], [-67.482824, 9.32001300000013], [-67.483528, 9.320692000000179], [-67.48425999999989, 9.321485], [-67.484862, 9.321481], [-67.485614, 9.321217000000104], [-67.48676199999989, 9.321027000000186], [-67.48724, 9.320844000000136], [-67.487445, 9.319802], [-67.48741499999983, 9.319161000000179], [-67.487223, 9.318527], [-67.487397, 9.318289000000107], [-67.48805199999987, 9.318443], [-67.48804899999988, 9.318374], [-67.487993, 9.317688000000146], [-67.487902, 9.317233000000158], [-67.488574, 9.317249], [-67.488903, 9.317348], [-67.48905699999989, 9.316676], [-67.490226, 9.315957], [-67.490702, 9.31572800000015], [-67.49133599999988, 9.314942000000144], [-67.491354, 9.314344], [-67.491631, 9.31385], [-67.4926329999999, 9.31348300000019], [-67.492583, 9.312429], [-67.493004, 9.312043], [-67.493562, 9.311604000000159], [-67.494021, 9.310045000000116], [-67.49425099999985, 9.309530000000166], [-67.49511, 9.308113000000162], [-67.495662, 9.307537], [-67.495131, 9.306597000000124], [-67.496184, 9.306343], [-67.496494, 9.306053], [-67.49645799999985, 9.305297], [-67.497213, 9.305102], [-67.49727, 9.302896000000146], [-67.495947, 9.30281900000017], [-67.4947939999999, 9.302435], [-67.494493, 9.300957], [-67.49437199999983, 9.300366], [-67.494376, 9.29947], [-67.494976, 9.298938], [-67.495459, 9.297906000000125], [-67.49551, 9.296526000000142], [-67.494852, 9.295845], [-67.4934679999999, 9.29544900000019], [-67.493061, 9.294687], [-67.49374499999982, 9.293485], [-67.492358, 9.292562], [-67.490685, 9.29195], [-67.489499, 9.290374], [-67.489454, 9.289412], [-67.489539, 9.288765000000126], [-67.490461, 9.287208], [-67.49142599999988, 9.286086000000182], [-67.491283, 9.285013], [-67.490623, 9.284768], [-67.4904719999999, 9.284040000000175], [-67.491241, 9.283155000000136], [-67.491059, 9.28224500000016], [-67.491195, 9.281711], [-67.492072, 9.28066100000018], [-67.493484, 9.280183], [-67.494325, 9.279365], [-67.4943449999999, 9.278813], [-67.49446399999988, 9.278394], [-67.49545299999983, 9.278257], [-67.4963, 9.27854], [-67.49695599999984, 9.278212], [-67.497064, 9.277564], [-67.496977, 9.277201000000105], [-67.497554, 9.27666900000014], [-67.498458, 9.275710000000174], [-67.49930099999989, 9.274455], [-67.499915, 9.276171000000147], [-67.500396, 9.276057], [-67.500852, 9.275417], [-67.50150599999989, 9.275066], [-67.501807, 9.27394], [-67.502486, 9.273051], [-67.502934, 9.272298000000148], [-67.50324299999983, 9.271497000000124], [-67.503846, 9.271274000000119], [-67.504567, 9.27096], [-67.505057, 9.270483], [-67.505064, 9.2698630000001], [-67.503974, 9.27003500000012], [-67.503932, 9.269644], [-67.5040039999999, 9.269415000000151], [-67.50475099999989, 9.26871], [-67.505543, 9.268168000000173], [-67.506384, 9.267441], [-67.5065489999999, 9.267099], [-67.5063009999999, 9.266499000000124], [-67.505355, 9.266190000000108], [-67.504713, 9.2656080000001], [-67.503885, 9.265163], [-67.5044979999999, 9.263998000000129], [-67.505345, 9.262605000000121], [-67.505769, 9.261783], [-67.50637799999987, 9.26110000000017], [-67.50624799999986, 9.26018], [-67.50625699999989, 9.25933], [-67.506381, 9.258458], [-67.508098, 9.258017000000166], [-67.508013, 9.257212000000152], [-67.5068, 9.255912], [-67.505529, 9.25578400000012], [-67.504567, 9.254808], [-67.50337699999989, 9.253486], [-67.50262, 9.252811000000179], [-67.50258899999989, 9.251341], [-67.502653, 9.24959500000017], [-67.502673, 9.247551000000158], [-67.502846, 9.246427], [-67.503558, 9.244664], [-67.503688, 9.243195000000185], [-67.5031699999999, 9.241811], [-67.502533, 9.240771000000166], [-67.502471, 9.240012], [-67.50325, 9.238458], [-67.503795, 9.237154], [-67.504176, 9.236124], [-67.504044, 9.235411], [-67.504614, 9.233969000000116], [-67.504937, 9.234042000000102], [-67.5054219999999, 9.234139000000141], [-67.505905, 9.234443], [-67.50645999999989, 9.2344030000001], [-67.506812, 9.233901000000174], [-67.507926, 9.233592000000158], [-67.50857599999983, 9.233369], [-67.50932299999982, 9.232711000000108], [-67.510229, 9.232284000000107], [-67.510906, 9.23174], [-67.51141899999988, 9.231355000000178], [-67.51181, 9.231589], [-67.512061, 9.231867], [-67.51240599999983, 9.232124], [-67.512735, 9.231645000000185], [-67.51274099999983, 9.231025], [-67.512606, 9.230656], [-67.512588, 9.230104], [-67.512942, 9.229533], [-67.513502, 9.229034000000183], [-67.513943, 9.22892400000012], [-67.51475099999988, 9.22907], [-67.514959, 9.22905], [-67.516022, 9.229176], [-67.51609, 9.229315000000156], [-67.516481, 9.229617], [-67.517134, 9.229073], [-67.517213, 9.228109000000188], [-67.51779099999987, 9.228115000000173], [-67.51945499999988, 9.228043], [-67.52032999999989, 9.224099], [-67.521897, 9.222324], [-67.523672, 9.220689000000164], [-67.52573699999988, 9.220136], [-67.526586, 9.220835], [-67.52740299999988, 9.222337], [-67.528158, 9.223241], [-67.528805, 9.223294], [-67.529355, 9.223874], [-67.530498, 9.225265], [-67.53126, 9.225411], [-67.531199, 9.224492], [-67.530967, 9.222283], [-67.530478, 9.220233], [-67.529283, 9.21948500000019], [-67.52846, 9.21842], [-67.528978, 9.217598], [-67.529983, 9.216506], [-67.53186499999987, 9.215745], [-67.533054, 9.2147930000001], [-67.532977, 9.213184], [-67.53136499999988, 9.212523], [-67.529728, 9.211908000000165], [-67.52877399999983, 9.211746], [-67.527996, 9.211614000000168], [-67.52734, 9.210067], [-67.52573399999983, 9.208763], [-67.524847, 9.209604000000127], [-67.52386899999988, 9.207892], [-67.522329, 9.206865000000164], [-67.521437, 9.207859000000155], [-67.518631, 9.211355], [-67.505773, 9.215191000000175], [-67.493531, 9.219480000000146], [-67.48118199999988, 9.215893000000165], [-67.47176599999989, 9.21335500000015], [-67.46609, 9.205956], [-67.461775, 9.203701], [-67.45327099999986, 9.20373400000011], [-67.44769799999989, 9.204665], [-67.443978, 9.206042], [-67.429634, 9.200343], [-67.410791, 9.196782], [-67.405075, 9.195895], [-67.398923, 9.193131000000108], [-67.397493, 9.192678000000114], [-67.397103, 9.194254000000171], [-67.397077, 9.195173000000182], [-67.396994, 9.196348], [-67.3964309999999, 9.197658], [-67.39587299999988, 9.198602], [-67.395233, 9.199756], [-67.394452, 9.201352], [-67.3933009999999, 9.202942000000121], [-67.391981, 9.20440200000013], [-67.39123, 9.205653], [-67.391063, 9.206532000000152], [-67.39105299999989, 9.208759], [-67.39071799999988, 9.210496], [-67.389865, 9.210075000000188], [-67.389215, 9.209049], [-67.388199, 9.208131], [-67.387332, 9.208400000000154], [-67.386643, 9.2085], [-67.38605599999988, 9.209307], [-67.384917, 9.210185], [-67.3830549999999, 9.210454], [-67.381184, 9.21102], [-67.379959, 9.211558000000139], [-67.379151, 9.212077], [-67.379004, 9.213392], [-67.37933999999984, 9.214134000000115], [-67.379809, 9.215237], [-67.380301, 9.216844], [-67.380897, 9.218194000000153], [-67.38117199999988, 9.220087], [-67.38087, 9.221548], [-67.379945, 9.222049], [-67.37871, 9.2223800000001], [-67.377603, 9.221466000000134], [-67.377276, 9.220425], [-67.376526, 9.219243], [-67.375412, 9.218696], [-67.373996, 9.218140000000119], [-67.37292899999989, 9.217592], [-67.371774, 9.216658], [-67.37097099999988, 9.217291], [-67.37072699999987, 9.218013], [-67.370655, 9.219441000000131], [-67.370885, 9.219889], [-67.371791, 9.21996300000012], [-67.37247999999988, 9.220345000000123], [-67.373523, 9.221858], [-67.373929, 9.222597000000121], [-67.373771, 9.223683000000108], [-67.373577, 9.224954], [-67.37308, 9.225711], [-67.37209699999988, 9.22548], [-67.370913, 9.224914000000126], [-67.369471, 9.224268000000166], [-67.368745, 9.224095], [-67.367779, 9.22423], [-67.36677, 9.223932000000104], [-67.366346, 9.224272000000155], [-67.366029, 9.224906], [-67.365868, 9.2259], [-67.366009, 9.226927000000103], [-67.366252, 9.227673], [-67.366819, 9.227923], [-67.36725699999982, 9.228362000000175], [-67.367557, 9.228853000000129], [-67.367612, 9.229517000000158], [-67.367485, 9.230257000000108], [-67.367199, 9.231073], [-67.366651, 9.232223], [-67.365792, 9.23313400000012], [-67.364761, 9.233364000000108], [-67.363502, 9.233169], [-67.362407, 9.23253], [-67.36126399999984, 9.231847], [-67.360355, 9.231223000000114], [-67.359123, 9.231118], [-67.35826999999989, 9.231179000000168], [-67.357499, 9.232018000000153], [-67.356754, 9.233406], [-67.356262, 9.235241], [-67.356292, 9.235882000000117], [-67.356502, 9.236401], [-67.357488, 9.237687], [-67.3583139999999, 9.238017000000184], [-67.3598, 9.238615], [-67.360653, 9.239036000000112], [-67.361822, 9.239763], [-67.363039, 9.241521], [-67.36401699999988, 9.242142], [-67.365119, 9.242437000000166], [-67.365907, 9.241965000000164], [-67.366302, 9.241029], [-67.366877, 9.240452], [-67.36759599999988, 9.240488], [-67.367961, 9.24134400000014], [-67.368423, 9.242815000000178], [-67.368687, 9.243996], [-67.368892, 9.245387000000164], [-67.36964599999988, 9.247648], [-67.370013, 9.24854900000014], [-67.370735, 9.249641], [-67.371796, 9.251016000000163], [-67.372846, 9.252162000000112], [-67.373283, 9.25358800000015], [-67.3742309999999, 9.255519], [-67.374994, 9.25697600000018], [-67.37538699999988, 9.258932000000186], [-67.375362, 9.261345000000176], [-67.375697, 9.262569], [-67.3758969999999, 9.26435], [-67.375239, 9.266606], [-67.375042, 9.267831000000172], [-67.37399, 9.27006], [-67.373047, 9.272168], [-67.372669, 9.274457], [-67.37206, 9.276275], [-67.371611, 9.27804], [-67.371335, 9.2795670000001], [-67.370823, 9.279981], [-67.369156, 9.280469], [-67.368009, 9.280728], [-67.365781, 9.281081000000142], [-67.364863, 9.279792], [-67.365349, 9.278806], [-67.36635599999988, 9.278071000000125], [-67.366119, 9.276475], [-67.365127, 9.275074000000131], [-67.36312, 9.273742], [-67.36168499999985, 9.273739000000148], [-67.36045, 9.274552], [-67.359974, 9.275262], [-67.358984, 9.276363], [-67.357784, 9.277427000000102], [-67.356639, 9.278167], [-67.355916, 9.279049], [-67.35460899999987, 9.280784], [-67.35439299999985, 9.281115000000113], [-67.353824, 9.281806], [-67.352829, 9.281828000000132], [-67.35171, 9.281168], [-67.350712, 9.280616], [-67.35006, 9.28053100000011], [-67.349636, 9.280871000000161], [-67.349264, 9.281324000000154], [-67.348697, 9.282061], [-67.348213, 9.282106], [-67.347264, 9.282126], [-67.346688, 9.2811880000001], [-67.346233, 9.280383], [-67.345964, 9.280073], [-67.34564, 9.27907800000014], [-67.344621, 9.279101], [-67.34407, 9.279195], [-67.343708, 9.279372000000137], [-67.343754, 9.279852], [-67.343891, 9.280305], [-67.344177, 9.280981], [-67.34407, 9.2821560000001], [-67.343662, 9.282817], [-67.34308, 9.283256000000165], [-67.342753, 9.283684], [-67.341981, 9.2845], [-67.34136599999988, 9.285193], [-67.340767, 9.286253000000158], [-67.340025, 9.287205], [-67.339552, 9.28798300000011], [-67.338679, 9.289101], [-67.33789599999983, 9.29017], [-67.337018, 9.291196], [-67.336554, 9.292158], [-67.336088, 9.293075], [-67.335999, 9.294135], [-67.33606799999984, 9.295119], [-67.336709, 9.296444000000122], [-67.3378239999999, 9.297013000000106], [-67.3383, 9.29729], [-67.338592, 9.29808], [-67.337764, 9.29869200000013], [-67.337147, 9.298375], [-67.336098, 9.298721], [-67.335616, 9.299294], [-67.335253, 9.299953000000187], [-67.335254, 9.30094000000014], [-67.33528399999989, 9.301581], [-67.335606, 9.30253], [-67.33618799999982, 9.303583000000174], [-67.33649, 9.304097], [-67.336832, 9.304976000000124], [-67.33664, 9.30581100000012], [-67.336128, 9.306248], [-67.335389, 9.306281], [-67.333046, 9.305698000000177], [-67.332569, 9.304894000000104], [-67.332574, 9.304021000000148], [-67.332627, 9.30317], [-67.332675, 9.302227], [-67.332139, 9.301172000000122], [-67.33129, 9.300338], [-67.330685, 9.2983], [-67.331459, 9.29606200000012], [-67.333316, 9.294188000000133], [-67.333515, 9.293008], [-67.33138, 9.29289800000015], [-67.330355, 9.293243000000132], [-67.329108, 9.293804], [-67.327893, 9.294066000000157], [-67.326218, 9.294371000000183], [-67.32483, 9.295375], [-67.32378699999987, 9.29634], [-67.3237079999999, 9.297124], [-67.32445699999988, 9.298283], [-67.325254, 9.298982000000137], [-67.32632299999989, 9.299576], [-67.326744, 9.300154000000134], [-67.326763, 9.301048], [-67.326738, 9.301508], [-67.326853, 9.301985000000116], [-67.32682099999988, 9.302789000000189], [-67.326295, 9.302423], [-67.324829, 9.301273000000151], [-67.323066, 9.301192], [-67.322094, 9.301695], [-67.32175299999989, 9.301825000000179], [-67.31986599999988, 9.303058], [-67.318603, 9.303803], [-67.318044, 9.304701], [-67.317082, 9.304928], [-67.316043, 9.303988], [-67.315155, 9.303821000000141], [-67.313838, 9.304868], [-67.312292, 9.30496], [-67.310944, 9.305343000000107], [-67.310302, 9.30596800000012], [-67.310773, 9.307140000000118], [-67.311718, 9.307534], [-67.31299399999989, 9.307591000000116], [-67.31470099999984, 9.307950000000176], [-67.31529299999988, 9.308727000000147], [-67.315689, 9.309764000000143], [-67.315547, 9.310689000000139], [-67.314937, 9.312507], [-67.31483899999989, 9.313865], [-67.31474499999985, 9.315315], [-67.31432299999983, 9.316183000000137], [-67.313822, 9.317354], [-67.313822, 9.31834], [-67.313054, 9.319729], [-67.311882, 9.320907], [-67.311103, 9.321562], [-67.310375, 9.32134200000013], [-67.3092529999999, 9.31914300000011], [-67.308012, 9.317363], [-67.306452, 9.316194000000166], [-67.304644, 9.315151000000185], [-67.303568, 9.31442], [-67.30162499999989, 9.313956], [-67.300262, 9.314523000000122], [-67.2990549999999, 9.31494400000014], [-67.298733, 9.315969], [-67.29877, 9.31677], [-67.299144, 9.317832000000124], [-67.299412, 9.318600000000117], [-67.300405, 9.318556], [-67.30108799999988, 9.318318], [-67.301498, 9.317175000000134], [-67.302401, 9.316194000000166], [-67.30355, 9.316004], [-67.304092, 9.316209000000129], [-67.304181, 9.317123], [-67.30414, 9.31822700000015], [-67.303936, 9.31931400000019], [-67.303668, 9.320497], [-67.303093, 9.322061000000133], [-67.301868, 9.324090000000126], [-67.300483, 9.32367], [-67.299973, 9.322683], [-67.298619, 9.320954], [-67.298273, 9.321475000000135], [-67.297354, 9.322113000000172], [-67.296409, 9.321719], [-67.295136, 9.321226000000138], [-67.293697, 9.321658000000184], [-67.291946, 9.322334000000126], [-67.288535, 9.324141000000111], [-67.287664, 9.324823], [-67.286748, 9.327021000000173], [-67.285223, 9.328559], [-67.28329799999989, 9.328003], [-67.281685, 9.326171], [-67.281694, 9.323898], [-67.281479, 9.321773], [-67.280086, 9.322685], [-67.278847, 9.32391200000012], [-67.27801499999987, 9.324431000000118], [-67.27638899999988, 9.325308000000177], [-67.27517499999988, 9.326074000000176], [-67.273579, 9.32708700000012], [-67.271508, 9.327868], [-67.270249, 9.328154], [-67.268415, 9.328581], [-67.267368, 9.32895], [-67.267323, 9.330111], [-67.267743, 9.331157], [-67.268026, 9.331357], [-67.26826199999988, 9.3325], [-67.268442, 9.333231], [-67.269013, 9.333814000000189], [-67.270049, 9.334456], [-67.270855, 9.335195], [-67.270316, 9.335896000000162], [-67.268873, 9.336642], [-67.26724, 9.337186000000145], [-67.265887, 9.337793], [-67.265116, 9.338477000000182], [-67.264671, 9.339268], [-67.264221, 9.340795000000128], [-67.264205, 9.341071], [-67.264912, 9.341559], [-67.26559, 9.341796000000159], [-67.26659, 9.34191], [-67.267377, 9.341891], [-67.268229, 9.341641000000152], [-67.269295, 9.341593], [-67.270401, 9.342256], [-67.270864, 9.343210000000113], [-67.271166, 9.344167], [-67.271133, 9.344719], [-67.270538, 9.345032], [-67.269395, 9.344760000000122], [-67.268048, 9.344631000000106], [-67.267388, 9.344256000000144], [-67.265883, 9.34429200000011], [-67.265284, 9.344444], [-67.264414, 9.344924000000162], [-67.2635709999999, 9.345518], [-67.262823, 9.346225000000175], [-67.262578, 9.346644], [-67.2623119999999, 9.348097000000166], [-67.26226, 9.348810000000185], [-67.261965, 9.350034], [-67.259956, 9.350335], [-67.259786, 9.349098], [-67.259557, 9.348231], [-67.25880499999982, 9.346871000000135], [-67.25765299999989, 9.346209000000101], [-67.256592, 9.34547600000019], [-67.255176, 9.346337], [-67.25468599999988, 9.347152000000108], [-67.253954, 9.348524000000111], [-67.253296, 9.3491140000001], [-67.252927, 9.349169], [-67.25182399999989, 9.35055], [-67.2507389999999, 9.351701000000105], [-67.250003, 9.352889000000175], [-67.249391, 9.354420000000175], [-67.24960699999986, 9.355701000000124], [-67.249917, 9.357003], [-67.250579, 9.357539000000145], [-67.25115299999987, 9.357319], [-67.251839, 9.356912000000136], [-67.252379, 9.356255000000147], [-67.253163, 9.355111], [-67.253456, 9.35476], [-67.253833, 9.354039000000114], [-67.254616, 9.35386], [-67.255201, 9.354076000000134], [-67.255077, 9.354699], [-67.25427899999988, 9.355246000000136], [-67.253758, 9.356705], [-67.25411, 9.357846000000166], [-67.254542, 9.35845600000016], [-67.25581699999987, 9.358426000000179], [-67.25701, 9.357938000000104], [-67.258202, 9.358323], [-67.258904, 9.359570000000133], [-67.258295, 9.360250000000121], [-67.257084, 9.360026], [-67.2559409999999, 9.360696], [-67.255662, 9.361598], [-67.255882, 9.363063000000125], [-67.254209, 9.36386], [-67.253257, 9.364733000000115], [-67.252555, 9.366380000000163], [-67.25202699999988, 9.367564], [-67.252749, 9.369590000000187], [-67.25325, 9.371163000000138], [-67.252984, 9.371652], [-67.2515, 9.37258300000019], [-67.249921, 9.374411000000123], [-67.24961, 9.375934], [-67.249596, 9.378208], [-67.249125, 9.37985], [-67.248962, 9.381737000000157], [-67.248566, 9.383583000000158], [-67.248296, 9.38487600000019], [-67.24727899999988, 9.385956], [-67.24655, 9.386502], [-67.246303, 9.3877710000001], [-67.246098, 9.388878], [-67.245482, 9.391235000000165], [-67.244672, 9.393183], [-67.244179, 9.394848], [-67.243849, 9.396556], [-67.24378399999989, 9.39864800000015], [-67.24311499999988, 9.400730000000124], [-67.242457, 9.402262], [-67.242812, 9.403516], [-67.243346, 9.404537000000175], [-67.242741, 9.406366000000162], [-67.242151, 9.407827], [-67.242247, 9.409914], [-67.242939, 9.410725], [-67.24477499999989, 9.410888], [-67.246551, 9.410525000000177], [-67.247825, 9.410472], [-67.249377, 9.41137700000013], [-67.25056699999988, 9.412635000000137], [-67.25211, 9.416020000000117], [-67.25281199999989, 9.418208000000106], [-67.253209, 9.420243], [-67.2539799999999, 9.422406], [-67.254781, 9.423903], [-67.25605599999983, 9.425802000000147], [-67.257296, 9.42625500000014], [-67.258624, 9.42647600000015], [-67.258831, 9.427390000000116], [-67.257885, 9.427596000000108], [-67.25639199999983, 9.427218], [-67.255159, 9.428028], [-67.25426, 9.429197], [-67.254266, 9.430414], [-67.254883, 9.430997000000104], [-67.256211, 9.431241], [-67.25756599999988, 9.431646000000171], [-67.25839999999988, 9.432545000000118], [-67.258499, 9.433759], [-67.258423, 9.435438], [-67.2579879999999, 9.437561000000187], [-67.257691, 9.43871600000017], [-67.25706799999989, 9.440753000000143], [-67.256849, 9.44130900000016], [-67.257352, 9.4419630000001], [-67.25789, 9.443099], [-67.258136, 9.443713000000116], [-67.25718499999988, 9.444631], [-67.256701, 9.44478], [-67.25569, 9.446159], [-67.25526699999983, 9.446881], [-67.256273, 9.448166000000128], [-67.257171, 9.448857], [-67.25737, 9.449404], [-67.256467, 9.450412000000142], [-67.255296, 9.450899000000106], [-67.25317, 9.45127100000019], [-67.252007, 9.452056], [-67.251249, 9.453337], [-67.251342, 9.45430000000016], [-67.25240799999989, 9.455239], [-67.253362, 9.455354000000114], [-67.255078, 9.454372], [-67.255814, 9.454125], [-67.2559859999999, 9.455476], [-67.25621, 9.456114000000127], [-67.256406, 9.458475], [-67.25658, 9.45991800000013], [-67.25655599999988, 9.46180100000015], [-67.255847, 9.463173000000154], [-67.25552499999986, 9.464237], [-67.25575, 9.465839], [-67.25518899999986, 9.465669], [-67.254155, 9.465119], [-67.252386, 9.464885], [-67.25148399999989, 9.464975], [-67.250825, 9.466484], [-67.250685, 9.467405], [-67.25081899999986, 9.46912500000019], [-67.250437, 9.470603], [-67.24989899999986, 9.47137400000014], [-67.248638, 9.471955], [-67.248093, 9.472545]]]}}, {"type": "Feature", "properties": {"Pais": "Venezuela", "Estado": "Gu\u00e1rico", "Municipio": "Ortiz", "Parroquia": "San Francisco de Tiznados"}, "geometry": {"type": "Polygon", "coordinates": [[[-67.526016, 9.755093], [-67.526734, 9.756471], [-67.527089, 9.756273], [-67.527974, 9.755845], [-67.529348, 9.754914000000156], [-67.530001, 9.754473], [-67.53102699999988, 9.754085000000146], [-67.532122, 9.753143], [-67.533511, 9.752556], [-67.534824, 9.751834], [-67.535546, 9.75139], [-67.535989, 9.751463], [-67.536534, 9.750659], [-67.53751, 9.750181], [-67.538269, 9.750057], [-67.540227, 9.749239000000102], [-67.541095, 9.748398000000122], [-67.542008, 9.748061000000178], [-67.542381, 9.747563000000184], [-67.5428639999999, 9.746945], [-67.543642, 9.74672800000019], [-67.544141, 9.746477], [-67.54444399999988, 9.745959000000141], [-67.545019, 9.745338000000118], [-67.54564099999988, 9.745243], [-67.546008, 9.744630000000143], [-67.546288, 9.743585000000166], [-67.546526, 9.742128], [-67.546406, 9.74149100000011], [-67.545848, 9.740917], [-67.544762, 9.740459000000158], [-67.54406299999988, 9.740374], [-67.542856, 9.739804000000163], [-67.542742, 9.739304000000175], [-67.543627, 9.738302], [-67.54445, 9.736981000000185], [-67.544568, 9.735943], [-67.54327099999989, 9.733840000000157], [-67.543214, 9.733062], [-67.543346, 9.732368], [-67.543915, 9.73105800000019], [-67.54336499999988, 9.73011700000012], [-67.54314999999986, 9.728886], [-67.543578, 9.728065000000186], [-67.54493799999989, 9.72842], [-67.545577, 9.728186], [-67.54606599999988, 9.727706000000126], [-67.54664799999989, 9.727222], [-67.5472309999999, 9.727312], [-67.548046, 9.727943], [-67.548756, 9.72828], [-67.549007, 9.727672000000155], [-67.54885099999984, 9.726738000000182], [-67.548919, 9.725633], [-67.549091, 9.724248], [-67.54945, 9.723429000000124], [-67.550669, 9.722688], [-67.551491, 9.7224], [-67.55243299999984, 9.722199000000103], [-67.552496, 9.721531], [-67.552746, 9.720877], [-67.553665, 9.720678], [-67.55426399999988, 9.720606000000146], [-67.554381, 9.720096], [-67.554638, 9.719603], [-67.554997, 9.71880700000014], [-67.555706, 9.719649000000175], [-67.556261, 9.719625000000121], [-67.55659999999989, 9.71942700000011], [-67.556698, 9.71901], [-67.55655799999988, 9.718465], [-67.556187, 9.717379000000108], [-67.556274, 9.716709], [-67.556374, 9.716337], [-67.556786, 9.715149000000167], [-67.557314, 9.713955000000112], [-67.558188, 9.712747], [-67.558884, 9.712235], [-67.560027, 9.711865], [-67.56076399999989, 9.711765000000128], [-67.561421, 9.712494], [-67.562, 9.71302], [-67.562383, 9.713303], [-67.563204, 9.71407100000016], [-67.56371999999988, 9.71421], [-67.563964, 9.71394700000019], [-67.563883, 9.713147], [-67.5641839999999, 9.712078], [-67.565005, 9.711767000000123], [-67.565751, 9.711873], [-67.566706, 9.711993000000177], [-67.567458, 9.712236000000189], [-67.5683, 9.71293500000013], [-67.56889599999988, 9.713323], [-67.569631, 9.71368200000012], [-67.570352, 9.713743], [-67.570877, 9.713559], [-67.571039, 9.713024000000189], [-67.570776, 9.711773], [-67.570662, 9.710745], [-67.570726, 9.709548], [-67.570937, 9.709057], [-67.571333, 9.708581], [-67.5713889999999, 9.707729000000143], [-67.571458, 9.706647000000146], [-67.571881, 9.706238], [-67.572621, 9.70620700000012], [-67.573902, 9.706358], [-67.57492799999989, 9.705969], [-67.575664, 9.704767], [-67.576199, 9.70375700000011], [-67.576722, 9.702449], [-67.577875, 9.701251], [-67.57914099999988, 9.700508], [-67.580138, 9.700535000000173], [-67.5810479999999, 9.700679], [-67.581561, 9.701828], [-67.582023, 9.702314000000115], [-67.582481, 9.703809000000149], [-67.582787, 9.704439], [-67.582986, 9.704752], [-67.58333899999985, 9.70595400000019], [-67.5836359999999, 9.706400000000144], [-67.583913, 9.706894000000148], [-67.584509, 9.707281], [-67.585153, 9.707185], [-67.58545999999984, 9.706781], [-67.585734, 9.70615], [-67.586274, 9.705231], [-67.587082, 9.705174000000113], [-67.58753799999982, 9.704993], [-67.588351, 9.704499], [-67.588947, 9.703831], [-67.590027, 9.703073000000188], [-67.591057, 9.702776000000142], [-67.592037, 9.702413], [-67.5930019999999, 9.701683000000116], [-67.593307, 9.701234], [-67.593445, 9.700126], [-67.59336999999982, 9.699463], [-67.59305199999989, 9.698558], [-67.592942, 9.697622], [-67.59296199999989, 9.69647300000014], [-67.59292099999988, 9.695533000000182], [-67.59296699999987, 9.694452], [-67.593073, 9.693162], [-67.592954, 9.692547], [-67.592358, 9.69108000000017], [-67.592141, 9.689827], [-67.5923, 9.689223], [-67.592146, 9.688334000000168], [-67.59204099999988, 9.688040000000171], [-67.591887, 9.687174], [-67.592107, 9.686361000000147], [-67.592445, 9.685612000000162], [-67.59325699999988, 9.685623], [-67.59369, 9.685995], [-67.59399, 9.685982], [-67.59469, 9.68609], [-67.595055, 9.68596], [-67.5958849999999, 9.68493100000012], [-67.596131, 9.685146000000145], [-67.597547, 9.684717], [-67.599951, 9.684568000000127], [-67.60504099999986, 9.686111], [-67.608576, 9.686809], [-67.609686, 9.686563000000149], [-67.611522, 9.686902000000146], [-67.618896, 9.682103], [-67.62358099999989, 9.67911], [-67.640704, 9.673246000000177], [-67.65506099999988, 9.668277000000103], [-67.6577759999999, 9.667898], [-67.660798, 9.6678], [-67.666071, 9.665056], [-67.674316, 9.661701000000107], [-67.681457, 9.66221000000013], [-67.681794, 9.661987000000124], [-67.68293099999988, 9.662049], [-67.68961999999982, 9.657962000000168], [-67.696983, 9.656856000000118], [-67.69858099999988, 9.656772000000103], [-67.703465, 9.65529], [-67.70523, 9.655284000000108], [-67.709048, 9.656173000000138], [-67.710797, 9.65448], [-67.712064, 9.653588000000127], [-67.712304, 9.653021], [-67.713014, 9.65233300000017], [-67.717167, 9.642092000000162], [-67.719007, 9.63969400000019], [-67.720916, 9.640167], [-67.722346, 9.641837], [-67.724012, 9.64518], [-67.724961, 9.649483], [-67.727144, 9.651572000000101], [-67.730268, 9.654974], [-67.73507499999988, 9.656377000000134], [-67.737079, 9.657577000000117], [-67.737599, 9.658533000000148], [-67.738579, 9.658951000000116], [-67.739314, 9.659907000000146], [-67.740284, 9.659678], [-67.74093999999985, 9.659958000000131], [-67.74473199999989, 9.658629000000133], [-67.745398, 9.658472], [-67.74673599999988, 9.657927], [-67.752642, 9.655857], [-67.753608, 9.655757000000165], [-67.758205, 9.657292000000155], [-67.762663, 9.659653000000105], [-67.769105, 9.661308], [-67.772687, 9.660101], [-67.773358, 9.657423000000165], [-67.7739729999999, 9.656826000000137], [-67.774732, 9.653154], [-67.776958, 9.651662000000101], [-67.778585, 9.651383], [-67.787978, 9.650727000000188], [-67.79108299999984, 9.649282], [-67.79633899999988, 9.646157], [-67.79878599999984, 9.644619], [-67.800442, 9.643848000000162], [-67.805974, 9.641], [-67.808135, 9.64062], [-67.8089675899999, 9.640651469999966], [-67.81137958099998, 9.64074263700013], [-67.81248634899998, 9.640807595000012], [-67.81340338099994, 9.640563587000088], [-67.81458644299994, 9.640904586000147], [-67.81503745599997, 9.640922594000017], [-67.81578447899994, 9.639745558000186], [-67.81572946799992, 9.637870504000091], [-67.81548545599998, 9.637085489000071], [-67.81524144399998, 9.63630047300012], [-67.8148084039999, 9.63388241399997], [-67.81477340099997, 9.631869358000074], [-67.81603944499989, 9.630452325000135], [-67.81679047599988, 9.63128633600013], [-67.81803753699995, 9.631471336000175], [-67.81934359899998, 9.632409347000078], [-67.81978861199997, 9.631510326000182], [-67.82006961499997, 9.630407296000044], [-67.82136967299994, 9.629653272000041], [-67.82237971199993, 9.629475261000096], [-67.8226367179999, 9.629700271000104], [-67.82305473899993, 9.629876265000064], [-67.82469280999993, 9.630008262000104], [-67.82597386499998, 9.629506247], [-67.82666388799993, 9.62809919800003], [-67.82687088599994, 9.6267911650001], [-67.82869595899996, 9.625753130000078], [-67.82976301299993, 9.626170143000024], [-67.83141808699992, 9.625981119000016], [-67.83381817599991, 9.624934081999982], [-67.83469422199994, 9.624942082000132], [-67.83508424599995, 9.626239115000033], [-67.83529426399991, 9.627700141000162], [-67.8362312989999, 9.628576166000073], [-67.83737035199994, 9.627893142000062], [-67.83872740499993, 9.626452092000022], [-67.84011845199996, 9.624300033], [-67.84132249599998, 9.623342], [-67.84240954599989, 9.623575000000187], [-67.8433845859999, 9.624039008000182], [-67.84449463699991, 9.624294014000156], [-67.84544168399992, 9.624438006000162], [-67.84690674399991, 9.623886986000059], [-67.84800678699997, 9.623593972000151], [-67.84895581399991, 9.622501936], [-67.84960283999999, 9.621301901000095], [-67.85037386399989, 9.619297852000102], [-67.85167291599993, 9.618497827999988], [-67.85259495199983, 9.618527823000079], [-67.85435803399997, 9.619275835000167], [-67.85494105699996, 9.619677833000026], [-67.85592111299997, 9.62039284400015], [-67.85750217699996, 9.6212578680001], [-67.85773618599995, 9.620109831000093], [-67.85805618799998, 9.618663796000078], [-67.85947024299998, 9.617838761000087], [-67.86146632799995, 9.617392747000167], [-67.86196835499999, 9.617131736000147], [-67.86307238899997, 9.615694696000048], [-67.86423644199994, 9.615079667000089], [-67.86608252399998, 9.6153226670001], [-67.86655554799995, 9.616023680000126], [-67.86724357499986, 9.617178701], [-67.86821562199998, 9.617413711000097], [-67.86987569999997, 9.617545696000093], [-67.87044571199993, 9.617215685000076], [-67.87058872299997, 9.616114665999987], [-67.87131974399995, 9.614477614000066], [-67.87230178599987, 9.615330627000048], [-67.87332184099989, 9.61698366800016], [-67.87425488899999, 9.61765368500005], [-67.8748999049999, 9.616384649000054], [-67.87492390399984, 9.61510260900019], [-67.87522390999999, 9.613793582000142], [-67.87571391799992, 9.612869551000188], [-67.87641994599988, 9.612400531999981], [-67.87839803399999, 9.612206527000012], [-67.87844302999997, 9.612159521000024], [-67.87949008099997, 9.611478496000075], [-67.88084312999996, 9.611088479000045], [-67.8820751799999, 9.610449456000026], [-67.88282121099991, 9.609613427000056], [-67.88391526399994, 9.61028144400018], [-67.88411827899995, 9.611375472000077], [-67.88408027399998, 9.61185647900004], [-67.88408328599996, 9.613343522000037], [-67.88520734299982, 9.614353538000103], [-67.88655040399993, 9.614765536000107], [-67.88744744699989, 9.616031571000121], [-67.88753344799989, 9.617013591000045], [-67.88739845599991, 9.61848062700011], [-67.88784847999995, 9.61922764000019], [-67.88916854099983, 9.61959365000007], [-67.89039359399993, 9.619846645000166], [-67.89175965599998, 9.620280650000097], [-67.89284470699988, 9.620422642000108], [-67.89468078199991, 9.62002462800001], [-67.89594083499998, 9.61965960900011], [-67.89746189199991, 9.619656597000073], [-67.89952798499996, 9.619300585000076], [-67.90152306399995, 9.618763564000119], [-67.90247510799992, 9.617900537000082], [-67.90414216199991, 9.615743463000115], [-67.90506378199996, 9.615572357000133], [-67.9056342209999, 9.615466459000118], [-67.90709928799998, 9.616241469000101], [-67.90839935299994, 9.616837469000018], [-67.91061644199993, 9.615837438000142], [-67.91193149899993, 9.615975432000027], [-67.91359857999987, 9.616495441000154], [-67.91449561599984, 9.616411429000152], [-67.91618268499997, 9.61542139400018], [-67.9173057289999, 9.61505837400017], [-67.91776573399994, 9.61374634300006], [-67.91839676299992, 9.61295832500008], [-67.91939279599995, 9.611957285000187], [-67.92058684499995, 9.610449245000098], [-67.9216938909999, 9.61052124300005], [-67.92311595499996, 9.61015422500003], [-67.92336364799996, 9.609550992000152], [-67.92357995799989, 9.609024197000167], [-67.92361896099993, 9.607308145000104], [-67.92342294199995, 9.605367106000188], [-67.92340292699998, 9.604223079000121], [-67.92410895499995, 9.603776055000083], [-67.92577103199983, 9.603953059000162], [-67.92675506599988, 9.603616045000138], [-67.92664005599994, 9.602291009000112], [-67.92582801999993, 9.601962009999966], [-67.9254079989999, 9.60167199700004], [-67.92533199399992, 9.601260985000124], [-67.92614602199995, 9.600377961999982], [-67.92766008799998, 9.600030952000054], [-67.92901115099994, 9.599595927000053], [-67.93048420699995, 9.599547920000077], [-67.93245929099999, 9.599192902000027], [-67.93449438199997, 9.599660901000107], [-67.93458438499994, 9.59954489400019], [-67.93715950299992, 9.60059890399998], [-67.93817254699991, 9.600603901000113], [-67.93822954199999, 9.599893886000075], [-67.93769350599996, 9.598255849], [-67.93749650099994, 9.597526832000028], [-67.93645644999992, 9.59598979700013], [-67.9356263979999, 9.594653767000068], [-67.93563838999995, 9.592731719000028], [-67.93569639099991, 9.592090704000157], [-67.9363754129999, 9.590087649000054], [-67.93630840299994, 9.588922621000165], [-67.93621307399997, 9.58861868800011], [-67.93589437199995, 9.587602588000095], [-67.93531233499994, 9.585988557], [-67.9347813149999, 9.584579516000076], [-67.93428627599997, 9.582643481], [-67.93409326199998, 9.580838433000054], [-67.9347192869999, 9.579775406000124], [-67.93577031699994, 9.57797234900005], [-67.93531129099995, 9.57676832400017], [-67.93469826299986, 9.575932302000126], [-67.93303817799989, 9.574520276000158], [-67.93170711599998, 9.573490264000043], [-67.93072606699991, 9.572729252000101], [-67.92935800599997, 9.572181240000077], [-67.92869897799994, 9.571392223999965], [-67.92822795199999, 9.570782207000036], [-67.92774092199994, 9.569304177000163], [-67.92739689899997, 9.568074147000175], [-67.92704087699991, 9.567463136000129], [-67.92703288099995, 9.567005130000098], [-67.92724387699991, 9.565949095000178], [-67.92703486499994, 9.564511068000115], [-67.92697682399995, 9.563491580000175], [-67.92690084499998, 9.56215700700011], [-67.92769387199985, 9.561365985000066], [-67.92995196999988, 9.56013693400007], [-67.93119701999996, 9.560206933000075], [-67.93264908699996, 9.56029592200008], [-67.93346112299997, 9.560647933000155], [-67.93429315499998, 9.560770935], [-67.93536619999998, 9.56024891300018], [-67.93617123299998, 9.56021190700011], [-67.93682426399988, 9.560657919000107], [-67.93715228199994, 9.56097291900005], [-67.93834632699998, 9.560814903000107], [-67.93962838699991, 9.560334894999983], [-67.93956737499985, 9.559489871999972], [-67.93932136399991, 9.558623846999978], [-67.93868432999989, 9.557742831000098], [-67.93783728699998, 9.556750811000086], [-67.9370442529999, 9.556146803000047], [-67.93623221599995, 9.555817792000084], [-67.93461714599988, 9.555685807000089], [-67.93400611799996, 9.55498778599997], [-67.93393310599998, 9.554736783000067], [-67.93524415799982, 9.553364745000067], [-67.93643220499996, 9.552817724000022], [-67.93750224399997, 9.55211269400013], [-67.94018936499998, 9.55169966900013], [-67.9415474189999, 9.551630661000104], [-67.94325848999989, 9.552012668000032], [-67.94429154199992, 9.551857656000152], [-67.94562358999991, 9.551628640000047], [-67.94696664399993, 9.55073561000006], [-67.94785267899988, 9.550056585000107], [-67.94942874399999, 9.549296563999974], [-67.95055178799993, 9.54902554600011], [-67.95245887499988, 9.5487865340001], [-67.95466796999995, 9.549960550000037], [-67.95530000399987, 9.549263528000097], [-67.9556290079999, 9.548296500000049], [-67.95597602199985, 9.547100476000026], [-67.95721907199993, 9.547056467], [-67.95806209799997, 9.546538444000078], [-67.95933615099995, 9.545692419000147], [-67.96047019999997, 9.54471138700012], [-67.96211125599996, 9.543722357000036], [-67.96382132699995, 9.542731317000062], [-67.96619642699994, 9.541614274000096], [-67.96872553699995, 9.541410262000113], [-67.97066061699991, 9.541422254000054], [-67.9722566779999, 9.54052521400007], [-67.97194065899993, 9.539615200000071], [-67.97138963099991, 9.538367173000154], [-67.97192064899997, 9.537190139000074], [-67.97257167399994, 9.536241108000183], [-67.97193264099991, 9.535268090000102], [-67.97076658199995, 9.534397069000079], [-67.96936251999989, 9.533140047000188], [-67.96890648699997, 9.532118025000159], [-67.96885748599993, 9.530631987000163], [-67.96822245099997, 9.529910978999965], [-67.9669293899999, 9.529704977000165], [-67.96600834799983, 9.529720982000185], [-67.96426128299987, 9.5298889930001], [-67.9634632399999, 9.530314011000144], [-67.96209019499992, 9.530819029000156], [-67.96136715699993, 9.530328023000038], [-67.96050611399994, 9.529794009000057], [-67.95998009299996, 9.52998602000008], [-67.95903205899992, 9.531078056000183], [-67.95836902799994, 9.531341066000095], [-67.95756199599998, 9.531310064000024], [-67.95715597399993, 9.530493056000125], [-67.95711797399991, 9.529647028000113], [-67.95677794899996, 9.52862401100009], [-67.95677594299997, 9.527250976000062], [-67.95724696099984, 9.526510946000144], [-67.95797399099996, 9.525948933000109], [-67.95945205099986, 9.526197929999967], [-67.95990606599992, 9.525823917000025], [-67.95966805099988, 9.525415910000106], [-67.95910302399994, 9.524670896000146], [-67.95881700999996, 9.524171882000019], [-67.95857199199997, 9.523306862000084], [-67.95838198299998, 9.521685828000045], [-67.9584929799999, 9.520151791000046], [-67.95940500799998, 9.519654768000066], [-67.96041005599989, 9.519156752000072], [-67.96116008599995, 9.518594727000163], [-67.96072505499995, 9.517458709000152], [-67.96064204699991, 9.51668169300018], [-67.96110406299994, 9.51546165000019], [-67.96094604399991, 9.51431962300012], [-67.96034001999988, 9.513895619000039], [-67.95958698499999, 9.514320636000093], [-67.95846894499994, 9.51486665100009], [-67.95752690199998, 9.515020669000023], [-67.95721588699985, 9.514339652000103], [-67.95621684199995, 9.513853638], [-67.95571080899992, 9.512603611999964], [-67.95625183499993, 9.51193059600007], [-67.95598581599995, 9.511226578000105], [-67.95538178999988, 9.510893569000132], [-67.95471276199993, 9.510836575000042], [-67.95457574399995, 9.509603540000114], [-67.95533476899988, 9.508263505000173], [-67.95476473899998, 9.507243481000103], [-67.95419171499998, 9.506132462000153], [-67.95427570199985, 9.504369416000088], [-67.95423269799994, 9.50320338299997], [-67.95416868599995, 9.500894329000062], [-67.9538126569999, 9.499001290000024], [-67.95310561599985, 9.498075266000114], [-67.95189655999997, 9.497410253999988], [-67.95163454399989, 9.49565321700004], [-67.95069150699993, 9.495669222], [-67.94992547199996, 9.495362217000093], [-67.94952645299998, 9.494889208000131], [-67.94898041699992, 9.494006192000086], [-67.94863440199998, 9.493943189000106], [-67.94770336499988, 9.493388173000028], [-67.94711933499997, 9.492917175000116], [-67.94692633599988, 9.493722195000146], [-67.94687333799993, 9.494615218000035], [-67.94652831699989, 9.494621215000052], [-67.94576528699992, 9.494474218999983], [-67.94493525399997, 9.494420218000073], [-67.9439842079999, 9.493979209999964], [-67.94315316999996, 9.49390222], [-67.94233812899995, 9.493367213000056], [-67.94188610599997, 9.49255118700006], [-67.94185309799997, 9.49195717900011], [-67.94165308799995, 9.491068154000175], [-67.94119606099997, 9.48997812400006], [-67.93963598699992, 9.488975111000116], [-67.93891395399999, 9.488553105000165], [-67.93771290599989, 9.488300110000125], [-67.93701686699995, 9.488037107000139], [-67.93578081899989, 9.488448125], [-67.93486278199998, 9.48857812600005], [-67.93420474699997, 9.487834117000034], [-67.93388872899993, 9.48692509600005], [-67.93417574199998, 9.486233079000044], [-67.93411973299993, 9.485639059000107], [-67.93342269999994, 9.485263053000097], [-67.9328986779999, 9.485615071999973], [-67.93243065699988, 9.485165063000181], [-67.93212563999998, 9.48482805500015], [-67.93106759999995, 9.484938060000104], [-67.93033156799987, 9.484950066000067], [-67.9298385479999, 9.484410055000012], [-67.92943452499998, 9.483708037000042], [-67.92880049599995, 9.483009023000136], [-67.92819246099998, 9.482494011000142], [-67.9274284249999, 9.482255013999975], [-67.92645038099988, 9.481632004000119], [-67.92622036699998, 9.480308966999985], [-67.92629936999992, 9.479597947000116], [-67.92630836499995, 9.47879693700014], [-67.92618034899994, 9.478021919000128], [-67.92618034199995, 9.476762880000138], [-67.92665735799989, 9.476365866000151], [-67.92788841299995, 9.475680844000124], [-67.92801440999989, 9.474969824000084], [-67.92783039799997, 9.473714793999989], [-67.92718735999995, 9.471163738000143], [-67.92691934199996, 9.470321719000026], [-67.92613930899984, 9.470471727000188], [-67.92574729299997, 9.47045572999997], [-67.92507426599991, 9.470124719000069], [-67.92449322899995, 9.469859718000066], [-67.92379019899988, 9.469162703000052], [-67.9235231859999, 9.468366685000092], [-67.92415220399982, 9.467463666000071], [-67.92472123399983, 9.46708765400001], [-67.92529025199991, 9.46673464200012], [-67.92576627399995, 9.466314629000124], [-67.92587427399991, 9.465923613000086], [-67.92530123899996, 9.464744586000165], [-67.92508022699997, 9.463970575000133], [-67.92458220299994, 9.463109554000027], [-67.9238771609999, 9.462320538000142], [-67.92336283099996, 9.461716622999973], [-67.92314812599994, 9.461464521000096], [-67.92325212799994, 9.460821508000095], [-67.92336282599996, 9.46080515300008], [-67.92378014799993, 9.460743493000109], [-67.92444517899997, 9.460595496000053], [-67.9249422019999, 9.460014468999987], [-67.92494919799987, 9.459122452000031], [-67.92424415599999, 9.458310436000147], [-67.92376114299998, 9.458319438], [-67.92336281199988, 9.458191975000034], [-67.92281109099997, 9.458015438000075], [-67.92247407099995, 9.457151413000076], [-67.92216406199998, 9.45653940799997], [-67.9213420179999, 9.455615384000112], [-67.92063598299995, 9.454781361000073], [-67.92030396699994, 9.454238357000122], [-67.9204949679999, 9.453296329000125], [-67.92156402099988, 9.453873339000097], [-67.92291507899995, 9.454764356], [-67.92336279399996, 9.454884770000035], [-67.92395612799993, 9.455044361000034], [-67.92497417599998, 9.455346362000057], [-67.92554519299995, 9.455085351000037], [-67.92595221299996, 9.454620331000115], [-67.92580520699988, 9.454119318000096], [-67.92528517599993, 9.453396310000187], [-67.92541318399998, 9.452776297000128], [-67.92481914799993, 9.451757267000175], [-67.92459358899993, 9.450943074000065], [-67.92457313699992, 9.450869248000174], [-67.92457812099997, 9.44981722200015], [-67.92458812199999, 9.449107208000044], [-67.92507913599997, 9.448206176000099], [-67.92496712999991, 9.44706414899997], [-67.92410408899991, 9.44646214], [-67.92336274399997, 9.445839080000155], [-67.92317004599983, 9.445677122000063], [-67.92225099699988, 9.444526100000076], [-67.92109994099997, 9.443174073000023], [-67.92124294199988, 9.442187050000143], [-67.92110493099995, 9.440886020000164], [-67.92001788099998, 9.440584019000084], [-67.91920984299998, 9.440461017000075], [-67.91985986199995, 9.439442985000028], [-67.91934083599989, 9.438719978000165], [-67.91871080599998, 9.438250966000055], [-67.91948183699992, 9.437573952000037], [-67.9199808599999, 9.437198934000094], [-67.92049287599991, 9.436205902000154], [-67.92103188999994, 9.435395889000176], [-67.92112289199997, 9.434044849000145], [-67.92110088999993, 9.432809815000098], [-67.92093486299996, 9.431210776000057], [-67.92048183899988, 9.429022732000021], [-67.91989980199997, 9.427339687000085], [-67.91939077599994, 9.425906653000027], [-67.91883974799998, 9.424658626000053], [-67.91827371599999, 9.423912619000077], [-67.91869572799999, 9.42301358700007], [-67.91915575199994, 9.422982590000117], [-67.9198607749999, 9.422489565999967], [-67.91986877599999, 9.421643549000066], [-67.91952974499998, 9.42071152800014], [-67.91897671699996, 9.419347495000181], [-67.91856270699998, 9.419400498000186], [-67.91814668399996, 9.419270504999986], [-67.91836068599997, 9.4183744770001], [-67.9186466939999, 9.417637452000179], [-67.91840367499998, 9.416887434000103], [-67.91752564199999, 9.416719437000154], [-67.91709661899995, 9.415903423000145], [-67.91800565499989, 9.415223404000074], [-67.91818166299998, 9.414763387000107], [-67.91718560999993, 9.414414381000029], [-67.91644458599995, 9.414129383000045], [-67.91611456899994, 9.413700375000076], [-67.91562054399992, 9.41311436300009], [-67.91485250899996, 9.412647351000032], [-67.91399246099996, 9.412182350000023], [-67.91405346599993, 9.411677338000118], [-67.91446248499994, 9.41137331900012], [-67.91463248399998, 9.410569305000024], [-67.91473248799997, 9.409766284000114], [-67.91523250399996, 9.409346270000185], [-67.91550851199997, 9.409341267], [-67.91614953599998, 9.409147257000143], [-67.91611753399991, 9.408644245000062], [-67.91576051799996, 9.40801023400013], [-67.91529249699994, 9.407560224000179], [-67.91474047099985, 9.407593232000067], [-67.91374642799991, 9.407313225999985], [-67.9133714159999, 9.406930218000127], [-67.91319340099983, 9.40599519300008], [-67.91400842299993, 9.405226177999964], [-67.91446644799998, 9.405081174000088], [-67.91452244999994, 9.404348147000064], [-67.9145804389999, 9.40372914000011], [-67.91501845999994, 9.402418102000183], [-67.91541446699983, 9.401381069000081], [-67.91528846299997, 9.400811055000133], [-67.91529245499993, 9.399713029000054], [-67.9161294829999, 9.398875001000022], [-67.91714253499998, 9.400207032000026], [-67.91740854699998, 9.399585020000075], [-67.91824357599995, 9.398631992000048], [-67.92002464799998, 9.39784595500015], [-67.92036365999996, 9.397474946000102], [-67.92007564599993, 9.396815935000177], [-67.91960762499986, 9.396366920000048], [-67.91941760399993, 9.394745885000134], [-67.91998362899994, 9.39420986500005], [-67.92092766499991, 9.392934833000027], [-67.92018961499997, 9.39155179800008], [-67.91976259199998, 9.39080379100011], [-67.91995560399994, 9.389999764000095], [-67.91980058999991, 9.389064739000105], [-67.9205916169999, 9.38822771700012], [-67.92083362299996, 9.387605705000169], [-67.91992657999987, 9.387071691000074], [-67.91898754099998, 9.387294709], [-67.91823351199992, 9.387650714000074], [-67.91749648699988, 9.38759471300017], [-67.91760048899994, 9.386975705999987], [-67.91820650599993, 9.386095676000025], [-67.9189095299999, 9.385488656000064], [-67.91965955999996, 9.384948637999969], [-67.92020058499998, 9.384298622000188], [-67.92039459099993, 9.383586608000087], [-67.92092960699989, 9.382593575999977], [-67.92186364899999, 9.383331588000146], [-67.92230866199998, 9.38245456200002], [-67.9225656719999, 9.3813755380001], [-67.92244865099991, 9.379981502000021], [-67.92211063699983, 9.379049481000095], [-67.9219936159999, 9.377655445000073], [-67.92142559699988, 9.376773435000075], [-67.92080655999985, 9.375571409000088], [-67.9221976149999, 9.374838375000024], [-67.92295164299998, 9.374550366000108], [-67.92336235099992, 9.373736511000175], [-67.92344065899994, 9.373581339000111], [-67.92336234999993, 9.37353614300008], [-67.92220860199996, 9.372870326000168], [-67.92169758499995, 9.372604331000105], [-67.92151856399994, 9.371578298000031], [-67.92063252299994, 9.370953289000113], [-67.92060251899994, 9.370564284000125], [-67.92093653899985, 9.369918266000184], [-67.9215705609999, 9.369312240000113], [-67.92234658399997, 9.36895523000004], [-67.92211757699994, 9.367724206000162], [-67.92209556299991, 9.366466172000173], [-67.92276859399993, 9.365448141000059], [-67.92319460499988, 9.364800124000169], [-67.92336229799992, 9.364000402000102], [-67.92340660699995, 9.363789096000176], [-67.92361360599995, 9.36250506800019], [-67.92402261799992, 9.360873022000135], [-67.9250206509999, 9.360055001000035], [-67.92533566899994, 9.35961498100005], [-67.92479664699994, 9.359097981000104], [-67.92436062199994, 9.357869950000179], [-67.92336226399993, 9.357661097000062], [-67.92325156499999, 9.357637943999976], [-67.92289556099996, 9.358284967000145], [-67.92230653599995, 9.358866988000045], [-67.9221115179999, 9.358229972000117], [-67.92181450199985, 9.357067937000181], [-67.92161748499996, 9.356338920000155], [-67.92198049599989, 9.354730879000044], [-67.9221664929999, 9.35351585300009], [-67.92300953099993, 9.353020830000048], [-67.9233622409999, 9.353432975000146], [-67.92354955799988, 9.353651848000027], [-67.92426758599993, 9.352563822999969], [-67.9247566009999, 9.35161679100014], [-67.92463459499993, 9.351207778000173], [-67.92482759499984, 9.350403764000077], [-67.92548162399993, 9.349636736000036], [-67.92641765899992, 9.349231727000188], [-67.92720969199985, 9.348417704000042], [-67.92788870899989, 9.347787685000071], [-67.9289677559999, 9.346350633000156], [-67.92925475699997, 9.345635615000162], [-67.92897674399995, 9.344245589000082], [-67.93000078899996, 9.344890594000049], [-67.9306478229999, 9.345016601000111], [-67.93140484399993, 9.344889593000062], [-67.93213788299994, 9.344670585000074], [-67.93301591699992, 9.34488458300018], [-67.93293991199994, 9.344496571000036], [-67.93334192099996, 9.34249952500005], [-67.93417795699997, 9.341637492000189], [-67.93545300999995, 9.342119496000123], [-67.93519399399992, 9.341780490000133], [-67.93448595999996, 9.340786471000058], [-67.93484096899994, 9.340047448000064], [-67.93483396599999, 9.339658443000133], [-67.93487996099998, 9.338376415000141], [-67.93593601399994, 9.338198403000149], [-67.93653803999996, 9.33843939899998], [-67.93696905399997, 9.338043392000031], [-67.93803109799984, 9.33694935699998], [-67.93872312699989, 9.337028358000055], [-67.93919413999998, 9.337638363000167], [-67.93963015899988, 9.337584367000147], [-67.94015718599996, 9.337461357000052], [-67.94042319699997, 9.33688434000004], [-67.94053619399989, 9.335464311000067], [-67.94095019799994, 9.334130274000074], [-67.94145521799999, 9.334029271000134], [-67.94201424799996, 9.334431269], [-67.94172122999998, 9.333498255000109], [-67.94187877999997, 9.333397701000138], [-67.94249526599998, 9.333004237000068], [-67.94270126699996, 9.332955232000188], [-67.94335729499988, 9.332280217], [-67.94351329599994, 9.33198020900005], [-67.94349529199997, 9.330996178000078], [-67.94263424599995, 9.329715161000081], [-67.94286725499995, 9.329534150000086], [-67.94346828699992, 9.329586142000153], [-67.94391130399998, 9.32922213400002], [-67.94391630299998, 9.328694122000059], [-67.94390129199996, 9.327797102999966], [-67.94397529299988, 9.327316085000177], [-67.94409329799998, 9.326972075000128], [-67.94442231599999, 9.326424065000083], [-67.94472731799993, 9.32599005100002], [-67.94530434399996, 9.326110051], [-67.94613538399989, 9.326371055000152], [-67.94657240899983, 9.326674064000088], [-67.9468074159999, 9.32637805200011], [-67.94683441099994, 9.325918036000019], [-67.94660640099988, 9.325526029], [-67.94640038699998, 9.325225028999967], [-67.94633338199992, 9.324925021000013], [-67.94654838999998, 9.324191994000046], [-67.94669139299998, 9.32371098700014], [-67.94658238199992, 9.322974970000075], [-67.94591335199993, 9.322714971000153], [-67.94540733599996, 9.32234296100006], [-67.9449943159999, 9.321970952000129], [-67.94471829599996, 9.321784953000076], [-67.94458329299994, 9.321346933000086], [-67.94477229799992, 9.320819926000127], [-67.94538031499997, 9.32013690499997], [-67.94582532899983, 9.319566888000168], [-67.94592133799995, 9.319176878000064], [-67.94508729699987, 9.319260889000134], [-67.94438826999993, 9.31975989700004], [-67.9437632449999, 9.319821900000136], [-67.94339723099984, 9.319289894000178], [-67.94317720999993, 9.31797886000004], [-67.94302019899999, 9.317402851000054], [-67.94288818799998, 9.316711828], [-67.94254617899992, 9.316110821000109], [-67.94227116299999, 9.315740809000033], [-67.94159913099992, 9.315871825000045], [-67.94099811099994, 9.315820826], [-67.9404470749999, 9.315309811000077], [-67.93965804199996, 9.315554823000127], [-67.93863400299989, 9.3161418360001], [-67.93826298999994, 9.316184847000045], [-67.93764195899996, 9.315741839000111], [-67.93732494799985, 9.31493482400009], [-67.93781495999997, 9.31450280700011], [-67.93837398499994, 9.314117797000051], [-67.93904900599995, 9.313664778000145], [-67.93926501899995, 9.31283976100002], [-67.93947801699994, 9.31233574200013], [-67.93952701999996, 9.312014733000126], [-67.93960202599999, 9.311302719000025], [-67.93962801699996, 9.311004710000134], [-67.93907699199997, 9.310493706000159], [-67.9384539639999, 9.310280701000181], [-67.93788094399991, 9.309723685000108], [-67.93839794999991, 9.3087406570001], [-67.93953200499993, 9.308774661000086], [-67.9403290379999, 9.307633622000083], [-67.9403540369999, 9.30744962000017], [-67.93992400799988, 9.306319598000073], [-67.93941998899999, 9.305763587000172], [-67.93834492399998, 9.304305556999964], [-67.93788690699989, 9.303749546000063], [-67.9374748919999, 9.303262534999988], [-67.9367898459999, 9.302130504000047], [-67.93644683199994, 9.301713498000026], [-67.93615181799987, 9.301021483000056], [-67.93585680299998, 9.300374464000072], [-67.93502876599996, 9.299838463000015], [-67.93378870099991, 9.298654439000131], [-67.93332868699997, 9.29839743000008], [-67.93254464199993, 9.298091431000103], [-67.93145359799996, 9.298448443000154], [-67.93091958299993, 9.29858045100002], [-67.92976752599992, 9.297972436000066], [-67.92975551599989, 9.29670840700004], [-67.92978651799996, 9.295881393000172], [-67.93002652299992, 9.294849363000083], [-67.92926748899993, 9.294382362000079], [-67.92920048399998, 9.294106348000128], [-67.92827744199991, 9.293775351000022], [-67.92763141199993, 9.293539345], [-67.92663237199997, 9.293989362000048], [-67.92529730199988, 9.293149347999986], [-67.92470128199994, 9.292569332000141], [-67.92429225599994, 9.291692311000133], [-67.92382023199997, 9.290125285000158], [-67.92343620499997, 9.28901825000014], [-67.92336189199989, 9.288888774999975], [-67.92238814699988, 9.287192217000154], [-67.92096707799988, 9.28557018500004], [-67.91979701999998, 9.284456165000051], [-67.91968201599997, 9.28431716], [-67.91753591899993, 9.283607157000176], [-67.91601685599994, 9.282765145000099], [-67.91435078299992, 9.282680141000185], [-67.91300671999994, 9.282943167000099], [-67.91243668899983, 9.281949135000104], [-67.91341573099993, 9.281085115], [-67.91415676399987, 9.281046110999966], [-67.91527680099989, 9.280092076000187], [-67.91586182899988, 9.279317055000092], [-67.91540879899998, 9.278163027000176], [-67.91439675599992, 9.277464015000078], [-67.91414673799994, 9.27697900200019], [-67.91299968099997, 9.275910983000188], [-67.91310068999996, 9.274969961000124], [-67.91361470599998, 9.274353943000165], [-67.91327168099991, 9.27391494300008], [-67.91269565899995, 9.273655937000115], [-67.91235363799996, 9.273077918000183], [-67.91083356999997, 9.27216791100011], [-67.90953251799988, 9.272751933000109], [-67.90821546299998, 9.272555936000174], [-67.90718340899991, 9.271465909000085], [-67.90675238799997, 9.270564895000177], [-67.90653036899988, 9.269436858000176], [-67.90506188799998, 9.26926749200004], [-67.90479629899994, 9.269236866000142], [-67.9045982859999, 9.268108840000082], [-67.90471827499988, 9.265030763000027], [-67.90427224299992, 9.263210722000167], [-67.90437523599985, 9.26199368600004], [-67.9040442189999, 9.260198644000184], [-67.90340518599999, 9.259203631], [-67.90265813499997, 9.257335582000053], [-67.90183009799995, 9.256752575000064], [-67.90134607799996, 9.256541567], [-67.90131207199988, 9.255139537], [-67.90122906299996, 9.254035516000044], [-67.90059702699995, 9.252283472000045], [-67.90034700899997, 9.251729458], [-67.89952197399992, 9.25091645000009], [-67.8986459269999, 9.250540446000059], [-67.89791589599997, 9.249361420000014], [-67.89746786499995, 9.247680374000026], [-67.8971978489999, 9.246781358000078], [-67.89616079599989, 9.246334355000101], [-67.89513975899996, 9.24664635900018], [-67.89435772299993, 9.24606435800007], [-67.89350868299994, 9.245320339000045], [-67.89244463499989, 9.245241339000074], [-67.89140259399994, 9.245323353000117], [-67.89068256399997, 9.245660366000038], [-67.88958652199995, 9.24659239400006], [-67.88741442199989, 9.246272390000058], [-67.88619336299996, 9.245685389000073], [-67.88520831499989, 9.244527366000113], [-67.88456629299998, 9.243877345000044], [-67.88432226699996, 9.242634319000047], [-67.88479428899984, 9.241628291000097], [-67.88413725499998, 9.240082256], [-67.88375222299993, 9.239136234000057], [-67.88340920999997, 9.238742229000081], [-67.88249116699996, 9.237906209000187], [-67.88254216799993, 9.237332197000114], [-67.88266216999989, 9.236827186000141], [-67.88200112999994, 9.235764166000138], [-67.88177412499988, 9.235279153000079], [-67.88159710399998, 9.234312129000159], [-67.88183811399995, 9.233258102999969], [-67.88191011799995, 9.23293709300009], [-67.88157109999997, 9.232106073000068], [-67.88098206799998, 9.231510069000137], [-67.8809491959999, 9.231476865000047], [-67.88002623299997, 9.231441743000175], [-67.87644984099995, 9.231271894000031], [-67.87081296299993, 9.231004189000032], [-67.85604799299989, 9.230302973999983], [-67.842004, 9.229636], [-67.84198, 9.22985400000016], [-67.841978, 9.230083], [-67.841666, 9.23139], [-67.841177, 9.231730000000141], [-67.840425, 9.232918], [-67.8401879999999, 9.233605000000182], [-67.838839, 9.234304000000122], [-67.83814499999988, 9.234343000000138], [-67.837375, 9.235025], [-67.836536, 9.235614000000112], [-67.835956, 9.235792000000117], [-67.835259, 9.236038], [-67.833655, 9.236849000000177], [-67.832667, 9.236081], [-67.831998, 9.235914], [-67.83152599999988, 9.236943000000167], [-67.83126, 9.238158000000112], [-67.831018, 9.239351], [-67.830637, 9.240542], [-67.829705, 9.241268], [-67.829235, 9.242068000000188], [-67.82931699999989, 9.243171000000132], [-67.828591, 9.244175], [-67.828402, 9.244564], [-67.82760799999988, 9.245429], [-67.82718, 9.246597], [-67.826925, 9.246686000000182], [-67.826898, 9.249627000000146], [-67.827032, 9.250134000000173], [-67.826741, 9.251648], [-67.826406, 9.252839000000165], [-67.826514, 9.25369], [-67.82722, 9.254915000000153], [-67.827305, 9.255743000000109], [-67.828296, 9.256190000000117], [-67.82887, 9.256747], [-67.829213, 9.257210000000157], [-67.829738, 9.257950000000108], [-67.829549, 9.258362], [-67.8294489999999, 9.259211000000164], [-67.82942, 9.259831000000133], [-67.8289979999999, 9.260471000000166], [-67.828805, 9.261250000000132], [-67.829104, 9.26152900000011], [-67.830095, 9.26192900000018], [-67.83006399999988, 9.262825], [-67.830218, 9.263631000000146], [-67.83055999999982, 9.264185000000111], [-67.831173, 9.26557], [-67.831395, 9.26658300000014], [-67.83169, 9.267161000000158], [-67.832678, 9.267952], [-67.833365, 9.268901], [-67.833612, 9.269684], [-67.833556, 9.2707410000001], [-67.83371, 9.271616], [-67.833749, 9.272466000000179], [-67.834311, 9.274311], [-67.833791, 9.275432], [-67.833301, 9.275955000000181], [-67.832672, 9.27634], [-67.83194299999985, 9.277573000000132], [-67.832056, 9.27794200000011], [-67.83247, 9.278176], [-67.831786, 9.279479], [-67.830948, 9.280022], [-67.830639, 9.281007], [-67.830426, 9.28144200000014], [-67.82986499999987, 9.282079000000124], [-67.83046, 9.282775000000129], [-67.83098899999987, 9.283216], [-67.831263, 9.283564], [-67.83093, 9.284526], [-67.830438, 9.285233000000119], [-67.829829, 9.286008], [-67.829688, 9.286306], [-67.829958, 9.287066], [-67.830511, 9.287371], [-67.831064, 9.287721], [-67.830963, 9.288708], [-67.83102299999985, 9.28974200000016], [-67.831148, 9.291283000000135], [-67.83133, 9.29158400000017], [-67.832134, 9.292212], [-67.832292, 9.292673], [-67.831795, 9.293840000000102], [-67.831301, 9.294731000000127], [-67.831017, 9.295395], [-67.83075, 9.296863000000144], [-67.830789, 9.297622], [-67.83078099999989, 9.298495000000173], [-67.8309119999999, 9.29930000000013], [-67.831378, 9.301534], [-67.831458, 9.30289], [-67.831165, 9.304542], [-67.830811, 9.305319], [-67.830528, 9.305868], [-67.830616, 9.30642], [-67.8303279999999, 9.307566000000179], [-67.83006999999986, 9.307886], [-67.83006299999988, 9.308644], [-67.830009, 9.309562000000142], [-67.829489, 9.310775000000149], [-67.82890299999985, 9.311573], [-67.828013, 9.312714], [-67.827354, 9.313811000000157], [-67.826884, 9.314564000000132], [-67.82641199999989, 9.315594], [-67.826079, 9.316532], [-67.826001, 9.317474], [-67.826065, 9.318026], [-67.826384, 9.318649], [-67.82681899999989, 9.319136], [-67.827118, 9.319461000000103], [-67.82736599999987, 9.320222], [-67.82735899999989, 9.320911], [-67.827121, 9.321621000000107], [-67.82660899999985, 9.321892000000162], [-67.825677, 9.322595], [-67.825142, 9.322888000000148], [-67.825092, 9.323209], [-67.82494899999989, 9.323736000000167], [-67.824873, 9.324379], [-67.824681, 9.325181000000157], [-67.824514, 9.325754000000131], [-67.82432099999988, 9.326556], [-67.824086, 9.326945], [-67.82378499999987, 9.327010000000143], [-67.823502, 9.327513], [-67.823223, 9.327717], [-67.82277899999985, 9.328149], [-67.82219599999985, 9.328626], [-67.82161, 9.329447000000187], [-67.822216, 9.329956], [-67.82245199999988, 9.330273000000147], [-67.822851, 9.3307], [-67.823171, 9.331930000000114], [-67.8237, 9.33322500000014], [-67.82378199999988, 9.33397900000017], [-67.8238, 9.335031000000185], [-67.823543, 9.336111000000187], [-67.823438, 9.336684000000162], [-67.823585, 9.337231], [-67.82323799999989, 9.338426], [-67.823146, 9.339755], [-67.823178, 9.34025800000012], [-67.82261299999988, 9.340885000000128], [-67.8221999999999, 9.340961], [-67.821969, 9.340896000000157], [-67.821644, 9.340741], [-67.821308, 9.341273], [-67.82082999999989, 9.341579], [-67.8205329999999, 9.341721000000177], [-67.82040999999987, 9.342593], [-67.820214, 9.343237], [-67.819377, 9.344075], [-67.818919, 9.344174000000123], [-67.818435, 9.344159000000104], [-67.81794999999988, 9.344053], [-67.817467, 9.344061000000181], [-67.816918, 9.344277], [-67.816495, 9.345062], [-67.815761, 9.345189], [-67.814903, 9.34486], [-67.8137109999999, 9.345109], [-67.81291199999987, 9.345489], [-67.812231, 9.346004000000164], [-67.810996, 9.346483], [-67.810933, 9.346827], [-67.810378, 9.348003], [-67.80928199999988, 9.34848], [-67.80858099999989, 9.349224000000163], [-67.808604, 9.350551000000166], [-67.80927, 9.351798000000144], [-67.809685, 9.353163000000109], [-67.80977, 9.354077], [-67.81022, 9.354847000000177], [-67.81024199999985, 9.356105000000184], [-67.810298, 9.356653], [-67.809171, 9.356741], [-67.808554, 9.35828400000014], [-67.8081, 9.358658], [-67.807304, 9.359221], [-67.806148, 9.358920000000182], [-67.805006, 9.35811600000011], [-67.804147, 9.358977], [-67.803722, 9.359671000000162], [-67.803733, 9.360357], [-67.803837, 9.361019000000113], [-67.803712, 9.361753000000135], [-67.803722, 9.36237], [-67.803736, 9.363171], [-67.80358599999988, 9.363837], [-67.802901, 9.364100000000178], [-67.8026, 9.364014000000168], [-67.802407, 9.364818], [-67.802493, 9.365846], [-67.8022959999999, 9.366398], [-67.802094, 9.366699], [-67.800895, 9.366582000000164], [-67.800723, 9.365922], [-67.79966499999989, 9.36733500000014], [-67.799631, 9.36802200000011], [-67.800198, 9.368882], [-67.79998, 9.369595], [-67.799032, 9.370641], [-67.799022, 9.371396], [-67.797702, 9.372287], [-67.796305, 9.372746000000177], [-67.795697, 9.373511], [-67.79529899999989, 9.374433000000124], [-67.79404199999988, 9.374935000000107], [-67.793262, 9.375108], [-67.79325299999988, 9.375909], [-67.7932909999999, 9.376801000000171], [-67.793099, 9.377651000000128], [-67.79178899999988, 9.379091], [-67.79085, 9.380686], [-67.790527, 9.381972], [-67.789397, 9.381877], [-67.788486, 9.381115], [-67.787365, 9.3815], [-67.78708099999983, 9.38237400000014], [-67.787181, 9.382853000000125], [-67.78732999999983, 9.383445000000108], [-67.78692599999988, 9.38404700000018], [-67.786412, 9.384948000000122], [-67.786415, 9.385131000000172], [-67.786604, 9.386730000000114], [-67.786537, 9.388218000000109], [-67.78593099999989, 9.389098000000104], [-67.78545999999989, 9.389815000000112], [-67.785616, 9.390865000000133], [-67.785408, 9.39212600000019], [-67.78416999999985, 9.392445000000123], [-67.783149, 9.393286], [-67.7822589999999, 9.395085], [-67.78154699999988, 9.396516000000133], [-67.78152, 9.397569], [-67.781932, 9.398797], [-67.78200599999985, 9.400397000000112], [-67.781329, 9.401232000000107], [-67.78025799999989, 9.401845], [-67.780399, 9.401980000000151], [-67.781668, 9.403514], [-67.781562, 9.404065000000173], [-67.780332, 9.404795], [-67.779728, 9.40581200000014], [-67.778517, 9.406359000000123], [-67.779207, 9.408978000000104], [-67.779436, 9.410255], [-67.778471, 9.410340000000133], [-67.777312, 9.409879], [-67.776834, 9.410185000000126], [-67.77738599999986, 9.411502], [-67.777483, 9.413102], [-67.776821, 9.414760000000115], [-67.776485, 9.415315], [-67.77615, 9.415938], [-67.77571299999988, 9.417296], [-67.775123, 9.417786], [-67.77426799999989, 9.418921000000125], [-67.773665, 9.420007000000112], [-67.773672, 9.421723000000156], [-67.77392499999985, 9.423045000000116], [-67.77418199999988, 9.424643000000174], [-67.77413799999988, 9.426108], [-67.773631, 9.427375], [-67.772994, 9.42784300000011], [-67.77241, 9.428677000000164], [-67.772367, 9.428883000000155], [-67.77233599999983, 9.429753], [-67.772253, 9.430258], [-67.772818, 9.431003], [-67.77332, 9.432047000000125], [-67.771438, 9.433749], [-67.770047, 9.434527000000173], [-67.76901299999986, 9.434614], [-67.768679, 9.43526], [-67.768604, 9.436268000000155], [-67.767235, 9.436977000000184], [-67.76687, 9.437166], [-67.765824, 9.438008], [-67.76546499999984, 9.438517], [-67.765991, 9.439606], [-67.766004, 9.440361], [-67.765861, 9.441416000000117], [-67.765318, 9.443346000000133], [-67.764742, 9.444660000000113], [-67.763521, 9.444658000000118], [-67.762483, 9.444493], [-67.761607, 9.444462000000101], [-67.760484, 9.443382], [-67.75888, 9.442449000000124], [-67.758164, 9.442346000000157], [-67.756413, 9.442239], [-67.755416, 9.441844000000174], [-67.75388999999984, 9.441412000000128], [-67.75188799999984, 9.441469], [-67.750208, 9.441497], [-67.74855, 9.441502000000128], [-67.747698, 9.442798], [-67.746788, 9.443431], [-67.745949, 9.444177000000138], [-67.745335, 9.444645], [-67.743549, 9.445155], [-67.742258, 9.446435], [-67.74136099999987, 9.446542], [-67.740576, 9.446372], [-67.73876599999983, 9.44686], [-67.738117, 9.446619], [-67.736486, 9.445457000000147], [-67.735242, 9.446782], [-67.73506499999985, 9.447220000000186], [-67.73394799999988, 9.447833000000116], [-67.733633, 9.448273], [-67.73333, 9.449399], [-67.733122, 9.450684], [-67.732761, 9.451125000000161], [-67.732424, 9.451611], [-67.73243699999983, 9.452388], [-67.732585, 9.452935], [-67.732248, 9.45346700000016], [-67.732264, 9.45438200000018], [-67.73278099999987, 9.45499], [-67.733011, 9.456313], [-67.732906, 9.456934000000103], [-67.732358, 9.457195], [-67.73186299999986, 9.457889], [-67.73185599999988, 9.457928000000152], [-67.6797969999999, 9.43288500000017], [-67.678103, 9.430622], [-67.674425, 9.430633], [-67.67272799999989, 9.429788], [-67.665088, 9.431654], [-67.65363, 9.432539000000133], [-67.646837, 9.434402], [-67.639057, 9.434851000000151], [-67.627594, 9.43885500000016], [-67.61499399999985, 9.446547000000123], [-67.61117, 9.44996], [-67.606642, 9.451107], [-67.579763, 9.45402300000012], [-67.562151, 9.505386], [-67.553658, 9.508279], [-67.553571, 9.50812], [-67.544841, 9.508832], [-67.53822999999988, 9.510216000000128], [-67.535423, 9.512393000000145], [-67.533284, 9.513694000000157], [-67.532667, 9.51453], [-67.53206199999983, 9.514999000000103], [-67.53161599999987, 9.515954], [-67.52804, 9.520797], [-67.52357899999987, 9.532264], [-67.522307, 9.533756], [-67.519573, 9.53442900000016], [-67.516143, 9.534441], [-67.50391499999989, 9.53516500000012], [-67.501326, 9.535854], [-67.500578, 9.535904000000187], [-67.48642799999988, 9.539065], [-67.472705, 9.540808], [-67.47013, 9.541068], [-67.46788799999985, 9.542341], [-67.465501, 9.543695000000127], [-67.463914, 9.544640000000186], [-67.473913, 9.557623], [-67.474205, 9.558144], [-67.47424, 9.558649], [-67.474692, 9.559097000000179], [-67.475367, 9.559173], [-67.47613099999984, 9.559108], [-67.476941, 9.559043000000145], [-67.47794, 9.558169000000134], [-67.478453, 9.558248000000106], [-67.479037, 9.558418000000131], [-67.479639, 9.558403000000112], [-67.480338, 9.55756], [-67.480955, 9.5572], [-67.48133899999988, 9.557696], [-67.481626, 9.558057], [-67.482106, 9.558711000000187], [-67.48268499999989, 9.558674000000167], [-67.483065, 9.558091], [-67.483821, 9.557705000000112], [-67.484277, 9.558314], [-67.484457, 9.55904500000014], [-67.484501, 9.559848000000102], [-67.48462599999988, 9.560235], [-67.48476099999988, 9.561013], [-67.484778, 9.561701000000141], [-67.484788, 9.562069], [-67.48484899999988, 9.562687], [-67.484904, 9.563031], [-67.48501199999987, 9.563648000000114], [-67.485207, 9.564034000000106], [-67.485614, 9.564506], [-67.48587899999984, 9.564936000000102], [-67.486119, 9.565229], [-67.48638199999988, 9.565567000000101], [-67.486737, 9.565857000000108], [-67.48712, 9.566307], [-67.48738199999985, 9.566577000000166], [-67.487668, 9.566891], [-67.488305, 9.567312], [-67.48842499999989, 9.568436000000133], [-67.488816, 9.569207000000176], [-67.488889, 9.570285], [-67.4890989999999, 9.571291000000144], [-67.490073, 9.572186000000102], [-67.491366, 9.572889], [-67.492314, 9.572775], [-67.492814, 9.573291], [-67.492326, 9.574175], [-67.492692, 9.57492400000018], [-67.493812, 9.575173000000177], [-67.494564, 9.57549900000015], [-67.494468, 9.576329], [-67.493352, 9.577205], [-67.492402, 9.57817000000017], [-67.492089, 9.578660000000184], [-67.49129099999988, 9.579231], [-67.490481, 9.579296], [-67.489646, 9.57931600000012], [-67.48901099999989, 9.579883000000109], [-67.48875499999986, 9.580808000000104], [-67.488203, 9.581924], [-67.487323, 9.582933], [-67.486163, 9.582938000000127], [-67.484913, 9.58303700000016], [-67.483796, 9.582903000000101], [-67.482458, 9.583211000000176], [-67.481743, 9.584308], [-67.481562, 9.586379], [-67.48104, 9.587793], [-67.4804759999999, 9.588427], [-67.47975799999989, 9.58849000000015], [-67.479145, 9.58809100000019], [-67.478001, 9.587774], [-67.47771999999986, 9.587689000000125], [-67.47710199999989, 9.588003000000185], [-67.476579, 9.58751], [-67.47622299999989, 9.587197000000117], [-67.474979, 9.587526000000139], [-67.473867, 9.58854], [-67.472413, 9.5897930000001], [-67.47163299999988, 9.591098000000102], [-67.470953, 9.593618], [-67.47096999999985, 9.595225000000141], [-67.471345, 9.596318000000167], [-67.47226799999987, 9.597054000000128], [-67.472635, 9.598745], [-67.472742, 9.600258], [-67.472414, 9.601093], [-67.47093299999989, 9.601221000000123], [-67.469446, 9.601142000000152], [-67.46849, 9.600958], [-67.467493, 9.601970000000108], [-67.467042, 9.603427], [-67.466418, 9.604477], [-67.466204, 9.605194], [-67.4662, 9.606917000000124], [-67.46686, 9.608256], [-67.467665, 9.609822000000179], [-67.46887, 9.610688], [-67.46971899999988, 9.612184], [-67.469782, 9.612871], [-67.468439, 9.612972], [-67.467289, 9.613368], [-67.46658, 9.61474], [-67.46602399999989, 9.616637], [-67.46538, 9.6178460000001], [-67.464974, 9.618316], [-67.463152, 9.619715], [-67.46275, 9.619403], [-67.461307, 9.619208000000128], [-67.459889, 9.619127], [-67.458379, 9.619049000000132], [-67.457992, 9.619334], [-67.458359, 9.621047], [-67.4595, 9.621204], [-67.45952199999988, 9.622122], [-67.458447, 9.622745], [-67.457204, 9.623142], [-67.456383, 9.623713], [-67.455298, 9.623923], [-67.454091, 9.623906], [-67.45256499999988, 9.623208], [-67.451006, 9.62301600000012], [-67.44934, 9.623194], [-67.44886, 9.623504000000139], [-67.44798, 9.623548], [-67.447993, 9.624076], [-67.448521, 9.62574], [-67.449017, 9.627956], [-67.449287, 9.628648000000169], [-67.449197, 9.628794000000141], [-67.449124, 9.628794000000141], [-67.449304, 9.630200000000116], [-67.450088, 9.631903], [-67.45127799999989, 9.633092000000147], [-67.45348499999989, 9.6332], [-67.45531599999987, 9.634074], [-67.457499, 9.63416], [-67.45952199999988, 9.634318000000178], [-67.461278, 9.635906], [-67.460635, 9.637116], [-67.458665, 9.638151], [-67.456925, 9.64003], [-67.456812, 9.64109], [-67.45701899999989, 9.6429], [-67.45735899999988, 9.643512], [-67.458457, 9.644749000000104], [-67.458971, 9.645839], [-67.457413, 9.646634], [-67.455493, 9.647806], [-67.455234, 9.648593000000176], [-67.455346, 9.649394], [-67.45585599999987, 9.650301], [-67.455328, 9.651485], [-67.45406899999989, 9.652158], [-67.453117, 9.652158], [-67.451724, 9.652123], [-67.452009, 9.65331], [-67.453125, 9.653398], [-67.454034, 9.654525], [-67.45391, 9.655148], [-67.452965, 9.657261], [-67.452135, 9.658452], [-67.451595, 9.659131], [-67.451991, 9.660109], [-67.452048, 9.661486], [-67.453832, 9.662918], [-67.45602899999989, 9.663949000000116], [-67.45760399999989, 9.664811], [-67.45851899999985, 9.665251000000183], [-67.45906899999989, 9.665952000000118], [-67.459194, 9.666341000000159], [-67.459484, 9.66684], [-67.460006, 9.667312], [-67.460233, 9.668112000000121], [-67.461416, 9.669075], [-67.462199, 9.669817000000137], [-67.462372, 9.670273], [-67.462595, 9.670889], [-67.46275, 9.671576], [-67.462565, 9.672661000000119], [-67.462077, 9.6736140000001], [-67.461625, 9.674176], [-67.46161099999989, 9.674591], [-67.46201299999984, 9.674881], [-67.462921, 9.67603400000013], [-67.46335299999987, 9.676668000000177], [-67.4640179999999, 9.677298], [-67.46577599999989, 9.678064], [-67.467036, 9.679348], [-67.468581, 9.680947000000174], [-67.469586, 9.682259], [-67.47001699999987, 9.682871], [-67.470514, 9.683251], [-67.471242, 9.683649000000116], [-67.471716, 9.684052], [-67.47206199999988, 9.684966], [-67.472798, 9.685709], [-67.473466, 9.686476], [-67.474651, 9.687554], [-67.474985, 9.687938], [-67.475821, 9.689001], [-67.476683, 9.689120000000173], [-67.477631, 9.688961000000177], [-67.478411, 9.688576], [-67.479888, 9.689211], [-67.48025399999983, 9.689916], [-67.48021999999986, 9.690468000000124], [-67.480128, 9.691528000000119], [-67.48025799999988, 9.693158000000153], [-67.48095, 9.693994], [-67.48201099999989, 9.694707], [-67.482722, 9.695312], [-67.483665, 9.695982], [-67.484877, 9.696162000000186], [-67.485853, 9.696233000000177], [-67.486341, 9.696245], [-67.486978, 9.695702000000153], [-67.487363, 9.695257], [-67.48814, 9.694711], [-67.488973, 9.694601000000148], [-67.48941599999984, 9.695718], [-67.48905, 9.696945000000142], [-67.48838299999989, 9.698224], [-67.48867399999989, 9.698770000000138], [-67.489819, 9.699113], [-67.490852, 9.699619], [-67.49165, 9.700016], [-67.492114, 9.70203], [-67.492726, 9.703396000000112], [-67.4935109999999, 9.705242], [-67.49395999999984, 9.7056], [-67.494883, 9.706362000000183], [-67.495313, 9.706904], [-67.495977, 9.707511], [-67.497204, 9.708358000000146], [-67.498548, 9.709294000000114], [-67.49984299999988, 9.710071], [-67.50070999999986, 9.710374000000115], [-67.501739, 9.711665], [-67.502303, 9.712088], [-67.50353399999983, 9.713012000000106], [-67.503387, 9.713890000000106], [-67.50354399999986, 9.714320000000157], [-67.50411799999983, 9.715260000000114], [-67.5042059999999, 9.71569200000016], [-67.50434, 9.716651], [-67.504482, 9.71726400000017], [-67.504685, 9.71822], [-67.505058, 9.71932900000013], [-67.505358, 9.719844000000137], [-67.506179, 9.720613000000185], [-67.506477, 9.721082], [-67.507684, 9.722202], [-67.50849799999986, 9.72281], [-67.50907, 9.723176000000137], [-67.509228, 9.723628], [-67.510072, 9.724924000000158], [-67.510508, 9.725365], [-67.510701, 9.72554], [-67.511395, 9.725511], [-67.511896, 9.725857], [-67.512459, 9.72601600000013], [-67.513103, 9.725897], [-67.514168, 9.725875], [-67.514677, 9.725853000000143], [-67.515459, 9.725705000000119], [-67.516597, 9.725243], [-67.517375, 9.725003000000129], [-67.5183669999999, 9.725443], [-67.518695, 9.726072000000102], [-67.518904, 9.727142000000185], [-67.519032, 9.728514000000189], [-67.519171, 9.730115000000126], [-67.519343, 9.730889], [-67.519603, 9.73207100000019], [-67.519733, 9.73293800000016], [-67.52003999999988, 9.733614000000102], [-67.520096, 9.733841], [-67.520351, 9.73490900000013], [-67.52062499999988, 9.735886000000164], [-67.521089, 9.736417], [-67.521326, 9.736545000000149], [-67.521801, 9.736823], [-67.52256, 9.737227], [-67.522959, 9.737876000000142], [-67.523505, 9.738725], [-67.523966, 9.74026600000019], [-67.52415899999988, 9.740993000000117], [-67.526016, 9.755093]]]}}, {"type": "Feature", "properties": {"Pais": "Venezuela", "Estado": "Gu\u00e1rico", "Municipio": "Ortiz", "Parroquia": "San Jos\u00e9 de Tiznados"}, "geometry": {"type": "Polygon", "coordinates": [[[-67.73185599999988, 9.457928000000152], [-67.73186299999986, 9.457889], [-67.732358, 9.457195], [-67.732906, 9.456934000000103], [-67.733011, 9.456313], [-67.73278099999987, 9.45499], [-67.732264, 9.45438200000018], [-67.732248, 9.45346700000016], [-67.732585, 9.452935], [-67.73243699999983, 9.452388], [-67.732424, 9.451611], [-67.732761, 9.451125000000161], [-67.733122, 9.450684], [-67.73333, 9.449399], [-67.733633, 9.448273], [-67.73394799999988, 9.447833000000116], [-67.73506499999985, 9.447220000000186], [-67.735242, 9.446782], [-67.736486, 9.445457000000147], [-67.738117, 9.446619], [-67.73876599999983, 9.44686], [-67.740576, 9.446372], [-67.74136099999987, 9.446542], [-67.742258, 9.446435], [-67.743549, 9.445155], [-67.745335, 9.444645], [-67.745949, 9.444177000000138], [-67.746788, 9.443431], [-67.747698, 9.442798], [-67.74855, 9.441502000000128], [-67.750208, 9.441497], [-67.75188799999984, 9.441469], [-67.75388999999984, 9.441412000000128], [-67.755416, 9.441844000000174], [-67.756413, 9.442239], [-67.758164, 9.442346000000157], [-67.75888, 9.442449000000124], [-67.760484, 9.443382], [-67.761607, 9.444462000000101], [-67.762483, 9.444493], [-67.763521, 9.444658000000118], [-67.764742, 9.444660000000113], [-67.765318, 9.443346000000133], [-67.765861, 9.441416000000117], [-67.766004, 9.440361], [-67.765991, 9.439606], [-67.76546499999984, 9.438517], [-67.765824, 9.438008], [-67.76687, 9.437166], [-67.767235, 9.436977000000184], [-67.768604, 9.436268000000155], [-67.768679, 9.43526], [-67.76901299999986, 9.434614], [-67.770047, 9.434527000000173], [-67.771438, 9.433749], [-67.77332, 9.432047000000125], [-67.772818, 9.431003], [-67.772253, 9.430258], [-67.77233599999983, 9.429753], [-67.772367, 9.428883000000155], [-67.77241, 9.428677000000164], [-67.772994, 9.42784300000011], [-67.773631, 9.427375], [-67.77413799999988, 9.426108], [-67.77418199999988, 9.424643000000174], [-67.77392499999985, 9.423045000000116], [-67.773672, 9.421723000000156], [-67.773665, 9.420007000000112], [-67.77426799999989, 9.418921000000125], [-67.775123, 9.417786], [-67.77571299999988, 9.417296], [-67.77615, 9.415938], [-67.776485, 9.415315], [-67.776821, 9.414760000000115], [-67.777483, 9.413102], [-67.77738599999986, 9.411502], [-67.776834, 9.410185000000126], [-67.777312, 9.409879], [-67.778471, 9.410340000000133], [-67.779436, 9.410255], [-67.779207, 9.408978000000104], [-67.778517, 9.406359000000123], [-67.779728, 9.40581200000014], [-67.780332, 9.404795], [-67.781562, 9.404065000000173], [-67.781668, 9.403514], [-67.780399, 9.401980000000151], [-67.78025799999989, 9.401845], [-67.781329, 9.401232000000107], [-67.78200599999985, 9.400397000000112], [-67.781932, 9.398797], [-67.78152, 9.397569], [-67.78154699999988, 9.396516000000133], [-67.7822589999999, 9.395085], [-67.783149, 9.393286], [-67.78416999999985, 9.392445000000123], [-67.785408, 9.39212600000019], [-67.785616, 9.390865000000133], [-67.78545999999989, 9.389815000000112], [-67.78593099999989, 9.389098000000104], [-67.786537, 9.388218000000109], [-67.786604, 9.386730000000114], [-67.786415, 9.385131000000172], [-67.786412, 9.384948000000122], [-67.78692599999988, 9.38404700000018], [-67.78732999999983, 9.383445000000108], [-67.787181, 9.382853000000125], [-67.78708099999983, 9.38237400000014], [-67.787365, 9.3815], [-67.788486, 9.381115], [-67.789397, 9.381877], [-67.790527, 9.381972], [-67.79085, 9.380686], [-67.79178899999988, 9.379091], [-67.793099, 9.377651000000128], [-67.7932909999999, 9.376801000000171], [-67.79325299999988, 9.375909], [-67.793262, 9.375108], [-67.79404199999988, 9.374935000000107], [-67.79529899999989, 9.374433000000124], [-67.795697, 9.373511], [-67.796305, 9.372746000000177], [-67.797702, 9.372287], [-67.799022, 9.371396], [-67.799032, 9.370641], [-67.79998, 9.369595], [-67.800198, 9.368882], [-67.799631, 9.36802200000011], [-67.79966499999989, 9.36733500000014], [-67.800723, 9.365922], [-67.800895, 9.366582000000164], [-67.802094, 9.366699], [-67.8022959999999, 9.366398], [-67.802493, 9.365846], [-67.802407, 9.364818], [-67.8026, 9.364014000000168], [-67.802901, 9.364100000000178], [-67.80358599999988, 9.363837], [-67.803736, 9.363171], [-67.803722, 9.36237], [-67.803712, 9.361753000000135], [-67.803837, 9.361019000000113], [-67.803733, 9.360357], [-67.803722, 9.359671000000162], [-67.804147, 9.358977], [-67.805006, 9.35811600000011], [-67.806148, 9.358920000000182], [-67.807304, 9.359221], [-67.8081, 9.358658], [-67.808554, 9.35828400000014], [-67.809171, 9.356741], [-67.810298, 9.356653], [-67.81024199999985, 9.356105000000184], [-67.81022, 9.354847000000177], [-67.80977, 9.354077], [-67.809685, 9.353163000000109], [-67.80927, 9.351798000000144], [-67.808604, 9.350551000000166], [-67.80858099999989, 9.349224000000163], [-67.80928199999988, 9.34848], [-67.810378, 9.348003], [-67.810933, 9.346827], [-67.810996, 9.346483], [-67.812231, 9.346004000000164], [-67.81291199999987, 9.345489], [-67.8137109999999, 9.345109], [-67.814903, 9.34486], [-67.815761, 9.345189], [-67.816495, 9.345062], [-67.816918, 9.344277], [-67.817467, 9.344061000000181], [-67.81794999999988, 9.344053], [-67.818435, 9.344159000000104], [-67.818919, 9.344174000000123], [-67.819377, 9.344075], [-67.820214, 9.343237], [-67.82040999999987, 9.342593], [-67.8205329999999, 9.341721000000177], [-67.82082999999989, 9.341579], [-67.821308, 9.341273], [-67.821644, 9.340741], [-67.821969, 9.340896000000157], [-67.8221999999999, 9.340961], [-67.82261299999988, 9.340885000000128], [-67.823178, 9.34025800000012], [-67.823146, 9.339755], [-67.82323799999989, 9.338426], [-67.823585, 9.337231], [-67.823438, 9.336684000000162], [-67.823543, 9.336111000000187], [-67.8238, 9.335031000000185], [-67.82378199999988, 9.33397900000017], [-67.8237, 9.33322500000014], [-67.823171, 9.331930000000114], [-67.822851, 9.3307], [-67.82245199999988, 9.330273000000147], [-67.822216, 9.329956], [-67.82161, 9.329447000000187], [-67.82219599999985, 9.328626], [-67.82277899999985, 9.328149], [-67.823223, 9.327717], [-67.823502, 9.327513], [-67.82378499999987, 9.327010000000143], [-67.824086, 9.326945], [-67.82432099999988, 9.326556], [-67.824514, 9.325754000000131], [-67.824681, 9.325181000000157], [-67.824873, 9.324379], [-67.82494899999989, 9.323736000000167], [-67.825092, 9.323209], [-67.825142, 9.322888000000148], [-67.825677, 9.322595], [-67.82660899999985, 9.321892000000162], [-67.827121, 9.321621000000107], [-67.82735899999989, 9.320911], [-67.82736599999987, 9.320222], [-67.827118, 9.319461000000103], [-67.82681899999989, 9.319136], [-67.826384, 9.318649], [-67.826065, 9.318026], [-67.826001, 9.317474], [-67.826079, 9.316532], [-67.82641199999989, 9.315594], [-67.826884, 9.314564000000132], [-67.827354, 9.313811000000157], [-67.828013, 9.312714], [-67.82890299999985, 9.311573], [-67.829489, 9.310775000000149], [-67.830009, 9.309562000000142], [-67.83006299999988, 9.308644], [-67.83006999999986, 9.307886], [-67.8303279999999, 9.307566000000179], [-67.830616, 9.30642], [-67.830528, 9.305868], [-67.830811, 9.305319], [-67.831165, 9.304542], [-67.831458, 9.30289], [-67.831378, 9.301534], [-67.8309119999999, 9.29930000000013], [-67.83078099999989, 9.298495000000173], [-67.830789, 9.297622], [-67.83075, 9.296863000000144], [-67.831017, 9.295395], [-67.831301, 9.294731000000127], [-67.831795, 9.293840000000102], [-67.832292, 9.292673], [-67.832134, 9.292212], [-67.83133, 9.29158400000017], [-67.831148, 9.291283000000135], [-67.83102299999985, 9.28974200000016], [-67.830963, 9.288708], [-67.831064, 9.287721], [-67.830511, 9.287371], [-67.829958, 9.287066], [-67.829688, 9.286306], [-67.829829, 9.286008], [-67.830438, 9.285233000000119], [-67.83093, 9.284526], [-67.831263, 9.283564], [-67.83098899999987, 9.283216], [-67.83046, 9.282775000000129], [-67.82986499999987, 9.282079000000124], [-67.830426, 9.28144200000014], [-67.830639, 9.281007], [-67.830948, 9.280022], [-67.831786, 9.279479], [-67.83247, 9.278176], [-67.832056, 9.27794200000011], [-67.83194299999985, 9.277573000000132], [-67.832672, 9.27634], [-67.833301, 9.275955000000181], [-67.833791, 9.275432], [-67.834311, 9.274311], [-67.833749, 9.272466000000179], [-67.83371, 9.271616], [-67.833556, 9.2707410000001], [-67.833612, 9.269684], [-67.833365, 9.268901], [-67.832678, 9.267952], [-67.83169, 9.267161000000158], [-67.831395, 9.26658300000014], [-67.831173, 9.26557], [-67.83055999999982, 9.264185000000111], [-67.830218, 9.263631000000146], [-67.83006399999988, 9.262825], [-67.830095, 9.26192900000018], [-67.829104, 9.26152900000011], [-67.828805, 9.261250000000132], [-67.8289979999999, 9.260471000000166], [-67.82942, 9.259831000000133], [-67.8294489999999, 9.259211000000164], [-67.829549, 9.258362], [-67.829738, 9.257950000000108], [-67.829213, 9.257210000000157], [-67.82887, 9.256747], [-67.828296, 9.256190000000117], [-67.827305, 9.255743000000109], [-67.82722, 9.254915000000153], [-67.826514, 9.25369], [-67.826406, 9.252839000000165], [-67.826741, 9.251648], [-67.827032, 9.250134000000173], [-67.826898, 9.249627000000146], [-67.826925, 9.246686000000182], [-67.82718, 9.246597], [-67.82760799999988, 9.245429], [-67.828402, 9.244564], [-67.828591, 9.244175], [-67.82931699999989, 9.243171000000132], [-67.829235, 9.242068000000188], [-67.829705, 9.241268], [-67.830637, 9.240542], [-67.831018, 9.239351], [-67.83126, 9.238158000000112], [-67.83152599999988, 9.236943000000167], [-67.831998, 9.235914], [-67.832667, 9.236081], [-67.833655, 9.236849000000177], [-67.835259, 9.236038], [-67.835956, 9.235792000000117], [-67.836536, 9.235614000000112], [-67.837375, 9.235025], [-67.83814499999988, 9.234343000000138], [-67.838839, 9.234304000000122], [-67.8401879999999, 9.233605000000182], [-67.840425, 9.232918], [-67.841177, 9.231730000000141], [-67.841666, 9.23139], [-67.841978, 9.230083], [-67.84198, 9.22985400000016], [-67.842004, 9.229636], [-67.529728, 9.211908000000165], [-67.53136499999988, 9.212523], [-67.532977, 9.213184], [-67.533054, 9.2147930000001], [-67.53186499999987, 9.215745], [-67.529983, 9.216506], [-67.528978, 9.217598], [-67.52846, 9.21842], [-67.529283, 9.21948500000019], [-67.530478, 9.220233], [-67.530967, 9.222283], [-67.531199, 9.224492], [-67.53126, 9.225411], [-67.530498, 9.225265], [-67.529355, 9.223874], [-67.528805, 9.223294], [-67.528158, 9.223241], [-67.52740299999988, 9.222337], [-67.526586, 9.220835], [-67.52573699999988, 9.220136], [-67.523672, 9.220689000000164], [-67.521897, 9.222324], [-67.52032999999989, 9.224099], [-67.51945499999988, 9.228043], [-67.51779099999987, 9.228115000000173], [-67.517213, 9.228109000000188], [-67.517134, 9.229073], [-67.516481, 9.229617], [-67.51609, 9.229315000000156], [-67.516022, 9.229176], [-67.514959, 9.22905], [-67.51475099999988, 9.22907], [-67.513943, 9.22892400000012], [-67.513502, 9.229034000000183], [-67.512942, 9.229533], [-67.512588, 9.230104], [-67.512606, 9.230656], [-67.51274099999983, 9.231025], [-67.512735, 9.231645000000185], [-67.51240599999983, 9.232124], [-67.512061, 9.231867], [-67.51181, 9.231589], [-67.51141899999988, 9.231355000000178], [-67.510906, 9.23174], [-67.510229, 9.232284000000107], [-67.50932299999982, 9.232711000000108], [-67.50857599999983, 9.233369], [-67.507926, 9.233592000000158], [-67.506812, 9.233901000000174], [-67.50645999999989, 9.2344030000001], [-67.505905, 9.234443], [-67.5054219999999, 9.234139000000141], [-67.504937, 9.234042000000102], [-67.504614, 9.233969000000116], [-67.504044, 9.235411], [-67.504176, 9.236124], [-67.503795, 9.237154], [-67.50325, 9.238458], [-67.502471, 9.240012], [-67.502533, 9.240771000000166], [-67.5031699999999, 9.241811], [-67.503688, 9.243195000000185], [-67.503558, 9.244664], [-67.502846, 9.246427], [-67.502673, 9.247551000000158], [-67.502653, 9.24959500000017], [-67.50258899999989, 9.251341], [-67.50262, 9.252811000000179], [-67.50337699999989, 9.253486], [-67.504567, 9.254808], [-67.505529, 9.25578400000012], [-67.5068, 9.255912], [-67.508013, 9.257212000000152], [-67.508098, 9.258017000000166], [-67.506381, 9.258458], [-67.50625699999989, 9.25933], [-67.50624799999986, 9.26018], [-67.50637799999987, 9.26110000000017], [-67.505769, 9.261783], [-67.505345, 9.262605000000121], [-67.5044979999999, 9.263998000000129], [-67.503885, 9.265163], [-67.504713, 9.2656080000001], [-67.505355, 9.266190000000108], [-67.5063009999999, 9.266499000000124], [-67.5065489999999, 9.267099], [-67.506384, 9.267441], [-67.505543, 9.268168000000173], [-67.50475099999989, 9.26871], [-67.5040039999999, 9.269415000000151], [-67.503932, 9.269644], [-67.503974, 9.27003500000012], [-67.505064, 9.2698630000001], [-67.505057, 9.270483], [-67.504567, 9.27096], [-67.503846, 9.271274000000119], [-67.50324299999983, 9.271497000000124], [-67.502934, 9.272298000000148], [-67.502486, 9.273051], [-67.501807, 9.27394], [-67.50150599999989, 9.275066], [-67.500852, 9.275417], [-67.500396, 9.276057], [-67.499915, 9.276171000000147], [-67.49930099999989, 9.274455], [-67.498458, 9.275710000000174], [-67.497554, 9.27666900000014], [-67.496977, 9.277201000000105], [-67.497064, 9.277564], [-67.49695599999984, 9.278212], [-67.4963, 9.27854], [-67.49545299999983, 9.278257], [-67.49446399999988, 9.278394], [-67.4943449999999, 9.278813], [-67.494325, 9.279365], [-67.493484, 9.280183], [-67.492072, 9.28066100000018], [-67.491195, 9.281711], [-67.491059, 9.28224500000016], [-67.491241, 9.283155000000136], [-67.4904719999999, 9.284040000000175], [-67.490623, 9.284768], [-67.491283, 9.285013], [-67.49142599999988, 9.286086000000182], [-67.490461, 9.287208], [-67.489539, 9.288765000000126], [-67.489454, 9.289412], [-67.489499, 9.290374], [-67.490685, 9.29195], [-67.492358, 9.292562], [-67.49374499999982, 9.293485], [-67.493061, 9.294687], [-67.4934679999999, 9.29544900000019], [-67.494852, 9.295845], [-67.49551, 9.296526000000142], [-67.495459, 9.297906000000125], [-67.494976, 9.298938], [-67.494376, 9.29947], [-67.49437199999983, 9.300366], [-67.494493, 9.300957], [-67.4947939999999, 9.302435], [-67.495947, 9.30281900000017], [-67.49727, 9.302896000000146], [-67.497213, 9.305102], [-67.49645799999985, 9.305297], [-67.496494, 9.306053], [-67.496184, 9.306343], [-67.495131, 9.306597000000124], [-67.495662, 9.307537], [-67.49511, 9.308113000000162], [-67.49425099999985, 9.309530000000166], [-67.494021, 9.310045000000116], [-67.493562, 9.311604000000159], [-67.493004, 9.312043], [-67.492583, 9.312429], [-67.4926329999999, 9.31348300000019], [-67.491631, 9.31385], [-67.491354, 9.314344], [-67.49133599999988, 9.314942000000144], [-67.490702, 9.31572800000015], [-67.490226, 9.315957], [-67.48905699999989, 9.316676], [-67.488903, 9.317348], [-67.488574, 9.317249], [-67.487902, 9.317233000000158], [-67.487993, 9.317688000000146], [-67.48804899999988, 9.318374], [-67.48805199999987, 9.318443], [-67.487397, 9.318289000000107], [-67.487223, 9.318527], [-67.48741499999983, 9.319161000000179], [-67.487445, 9.319802], [-67.48724, 9.320844000000136], [-67.48676199999989, 9.321027000000186], [-67.485614, 9.321217000000104], [-67.484862, 9.321481], [-67.48425999999989, 9.321485], [-67.483528, 9.320692000000179], [-67.482824, 9.32001300000013], [-67.482318, 9.320082000000127], [-67.482243, 9.320934000000136], [-67.482062, 9.321516000000145], [-67.48134499999986, 9.322008], [-67.48059199999989, 9.322249], [-67.480355, 9.321158], [-67.479986, 9.320693], [-67.47896599999984, 9.320189000000141], [-67.4780209999999, 9.320783], [-67.47775499999983, 9.321024000000136], [-67.47730899999988, 9.321389000000124], [-67.477191, 9.321348000000114], [-67.47559599999988, 9.322868], [-67.47559699999988, 9.322891], [-67.475603, 9.324475000000177], [-67.475519, 9.324662], [-67.47524, 9.325134], [-67.474955, 9.325468000000114], [-67.474796, 9.325521], [-67.474168, 9.325963], [-67.473031, 9.32590000000016], [-67.472425, 9.325813], [-67.472023, 9.32613], [-67.471422, 9.326157], [-67.471103, 9.326263000000154], [-67.471126, 9.326262], [-67.47125299999982, 9.326991], [-67.47113699999989, 9.327478000000156], [-67.470725, 9.32756600000016], [-67.47050699999983, 9.329671], [-67.47001099999989, 9.330211000000133], [-67.469817, 9.330813], [-67.469299, 9.3314], [-67.4688129999999, 9.33239900000018], [-67.46876, 9.333067], [-67.468676, 9.334355000000187], [-67.46828, 9.335191], [-67.4674839999999, 9.335831], [-67.466965, 9.336372], [-67.46644, 9.336729000000162], [-67.46613799999989, 9.3376090000001], [-67.466146, 9.33793100000014], [-67.465041, 9.338256], [-67.463671, 9.338174000000151], [-67.462659, 9.338520000000187], [-67.461614, 9.339373], [-67.46143599999988, 9.339652], [-67.461991, 9.33959300000015], [-67.462216, 9.340277], [-67.462204, 9.340736], [-67.462129, 9.341450000000123], [-67.462235, 9.341953], [-67.462925, 9.34267100000011], [-67.46308, 9.343311], [-67.463307, 9.344063000000176], [-67.462908, 9.344808000000171], [-67.462361, 9.345165], [-67.461331, 9.345719], [-67.46044099999989, 9.346291000000122], [-67.4599419999999, 9.347659], [-67.459692, 9.348790000000122], [-67.459693, 9.350697], [-67.459923, 9.351587000000109], [-67.460126, 9.352271], [-67.460028, 9.352985000000103], [-67.46055299999983, 9.35359300000016], [-67.460287, 9.354104000000177], [-67.459617, 9.355108], [-67.460084, 9.356176000000175], [-67.460432, 9.357156], [-67.4612709999999, 9.358261], [-67.46178, 9.360087000000135], [-67.462506, 9.361287000000118], [-67.46134399999983, 9.36306], [-67.459746, 9.364064], [-67.458381, 9.365107], [-67.456989, 9.366037], [-67.456366, 9.367063], [-67.456381, 9.368624000000182], [-67.456314, 9.369659], [-67.45544299999989, 9.37099], [-67.453903, 9.372451000000126], [-67.452484, 9.374162000000126], [-67.451881, 9.375095], [-67.450771, 9.376156], [-67.450414, 9.376692], [-67.450537, 9.377930000000106], [-67.450548, 9.379285000000152], [-67.449972, 9.38040100000012], [-67.44921, 9.38143], [-67.44848699999989, 9.382228000000111], [-67.447446, 9.382345], [-67.445614, 9.383263000000113], [-67.446154, 9.385408000000155], [-67.446077, 9.386053], [-67.445841, 9.386840000000177], [-67.445874, 9.388148], [-67.44492, 9.388975], [-67.44215899999989, 9.390742], [-67.441292, 9.391314000000136], [-67.440612, 9.391950000000179], [-67.439465, 9.39246], [-67.438255, 9.393225], [-67.4382829999999, 9.393431], [-67.438728, 9.394522], [-67.43810999999988, 9.395802], [-67.437686, 9.397397], [-67.43722999999983, 9.39864800000015], [-67.436341, 9.399289], [-67.43510899999984, 9.400077], [-67.433351, 9.402141000000142], [-67.432291, 9.403361000000189], [-67.4316, 9.405421000000104], [-67.43081399999983, 9.406428000000119], [-67.42944299999988, 9.407265000000109], [-67.428164, 9.408995], [-67.427106, 9.411226000000113], [-67.426601, 9.41330500000015], [-67.426368, 9.415125000000103], [-67.427858, 9.416329], [-67.429174, 9.417033], [-67.430508, 9.417506000000117], [-67.430929, 9.417656], [-67.432843, 9.417243], [-67.434358, 9.417574], [-67.43511199999989, 9.419921000000102], [-67.434977, 9.421969000000104], [-67.434445, 9.423888], [-67.433928, 9.425485], [-67.433511, 9.427379], [-67.433129, 9.428812000000164], [-67.43295099999989, 9.430056], [-67.432589, 9.431374], [-67.432608, 9.433073], [-67.4324529999999, 9.435237], [-67.43226, 9.436827], [-67.431409, 9.438064], [-67.429546, 9.43960200000015], [-67.42756799999984, 9.441235], [-67.42657799999989, 9.442430000000172], [-67.425843, 9.443665], [-67.42382399999985, 9.446424], [-67.423547, 9.447441], [-67.42287199999987, 9.449226], [-67.421978, 9.450579000000118], [-67.420787, 9.452101], [-67.41774399999986, 9.454824], [-67.418058, 9.456163000000117], [-67.418844, 9.457958000000133], [-67.419509, 9.459527], [-67.41975, 9.460853], [-67.420185, 9.462497000000155], [-67.420839, 9.463629], [-67.422277, 9.464559], [-67.423551, 9.46547], [-67.424364, 9.466461], [-67.42540399999984, 9.468182000000184], [-67.426777, 9.470239], [-67.428189, 9.472019], [-67.429792, 9.474025], [-67.430525, 9.475547], [-67.431174, 9.477392000000123], [-67.432418, 9.478924], [-67.43353599999989, 9.480091000000186], [-67.434682, 9.481419], [-67.43561599999987, 9.483555], [-67.435799, 9.485319], [-67.435689, 9.487389], [-67.435674, 9.489594], [-67.43581199999983, 9.491428], [-67.435794, 9.493542], [-67.435768, 9.495288], [-67.436386, 9.496835], [-67.437294, 9.498857000000157], [-67.438317, 9.500831], [-67.438758, 9.501785000000154], [-67.438884, 9.503137], [-67.43858, 9.503971], [-67.43797, 9.505593], [-67.437087, 9.507383], [-67.436727, 9.508793], [-67.436935, 9.509684000000163], [-67.43869199999989, 9.510376], [-67.440385, 9.510405000000162], [-67.442438, 9.509942], [-67.4435759999999, 9.510006], [-67.444679, 9.510531], [-67.445713, 9.511976000000118], [-67.44639, 9.513108000000159], [-67.44781099999989, 9.514314000000127], [-67.449017, 9.515249], [-67.450097, 9.516693000000146], [-67.450427, 9.517834], [-67.45064399999984, 9.51911500000017], [-67.451059, 9.519979], [-67.45192, 9.520991], [-67.45247499999988, 9.521897000000138], [-67.45285699999988, 9.523266], [-67.45322799999985, 9.524198], [-67.45422, 9.525805000000162], [-67.45422399999984, 9.526908000000105], [-67.45358, 9.528117000000123], [-67.452932, 9.529098000000147], [-67.45269499999989, 9.529838], [-67.45265399999988, 9.531011000000149], [-67.453632, 9.532044], [-67.454236, 9.533017], [-67.454706, 9.5342], [-67.4553509999999, 9.534965000000113], [-67.456512, 9.536912], [-67.45747299999988, 9.539186], [-67.458377, 9.540083], [-67.45975, 9.541198000000122], [-67.461263, 9.542333], [-67.462207, 9.542999000000123], [-67.463203, 9.543871000000138], [-67.463914, 9.544640000000186], [-67.465501, 9.543695000000127], [-67.46788799999985, 9.542341], [-67.47013, 9.541068], [-67.472705, 9.540808], [-67.48642799999988, 9.539065], [-67.500578, 9.535904000000187], [-67.501326, 9.535854], [-67.50391499999989, 9.53516500000012], [-67.516143, 9.534441], [-67.519573, 9.53442900000016], [-67.522307, 9.533756], [-67.52357899999987, 9.532264], [-67.52804, 9.520797], [-67.53161599999987, 9.515954], [-67.53206199999983, 9.514999000000103], [-67.532667, 9.51453], [-67.533284, 9.513694000000157], [-67.535423, 9.512393000000145], [-67.53822999999988, 9.510216000000128], [-67.544841, 9.508832], [-67.553571, 9.50812], [-67.553658, 9.508279], [-67.562151, 9.505386], [-67.579763, 9.45402300000012], [-67.606642, 9.451107], [-67.61117, 9.44996], [-67.61499399999985, 9.446547000000123], [-67.627594, 9.43885500000016], [-67.639057, 9.434851000000151], [-67.646837, 9.434402], [-67.65363, 9.432539000000133], [-67.665088, 9.431654], [-67.67272799999989, 9.429788], [-67.674425, 9.430633], [-67.678103, 9.430622], [-67.6797969999999, 9.43288500000017], [-67.73185599999988, 9.457928000000152]]]}}, {"type": "Feature", "properties": {"Pais": "Venezuela", "Estado": "Gu\u00e1rico", "Municipio": "Ortiz", "Parroquia": "San Lorenzo de Tiznados"}, "geometry": {"type": "Polygon", "coordinates": [[[-67.79980440799989, 9.924800847000085], [-67.80202151499992, 9.926989899000034], [-67.80336857999993, 9.928505931000018], [-67.80482965399995, 9.929835951000143], [-67.80599169299995, 9.928757914000187], [-67.80651871799995, 9.928268899000159], [-67.80802576999997, 9.925487827000097], [-67.80880278099994, 9.92209973100006], [-67.80967179499999, 9.918663635000144], [-67.81053582399988, 9.91626057500008], [-67.81174885299998, 9.91263547400007], [-67.81103579999996, 9.908859386000131], [-67.81029975399991, 9.90646032], [-67.80916769499993, 9.903977272000134], [-67.80906167099988, 9.900512187], [-67.80964467799998, 9.897976117000155], [-67.81158173699993, 9.894568017999973], [-67.81350880799994, 9.891986945000042], [-67.81408882199997, 9.889290867000057], [-67.8128697379999, 9.884443753000141], [-67.81301372699994, 9.880606654000132], [-67.81356673099987, 9.877704579000124], [-67.81492276599988, 9.874237475000143], [-67.81432672699987, 9.870573396000111], [-67.81319566199988, 9.868158332000121], [-67.81170457699989, 9.864992269000084], [-67.81139243299998, 9.864242760000138], [-67.81010948199997, 9.861162181000054], [-67.80818239999996, 9.859657150000146], [-67.80636931399994, 9.858011113000146], [-67.80570826799988, 9.855956068000182], [-67.80602027199996, 9.853839018000144], [-67.80573724299995, 9.852189969000051], [-67.80549322299993, 9.850104921000025], [-67.80540521299986, 9.84923689700014], [-67.80538121699993, 9.849004896000054], [-67.80540026199998, 9.848950725000066], [-67.8054712199999, 9.848748889999968], [-67.80378312299996, 9.845874818000027], [-67.80350304799993, 9.844141663000073], [-67.80338509799998, 9.843411764000166], [-67.80326707599994, 9.840792696], [-67.80239102499996, 9.837839627], [-67.80069693499985, 9.835287571000038], [-67.79883084499988, 9.83335253600012], [-67.79790679099983, 9.831845501000032], [-67.79822180599996, 9.831046475000164], [-67.79887581899999, 9.829312432000108], [-67.7988008069999, 9.826900366000018], [-67.79910180599995, 9.82552732900001], [-67.80053685299993, 9.82284025700011], [-67.80216891599997, 9.820753200000183], [-67.80261192599994, 9.81919915200018], [-67.80176487699993, 9.817257111000174], [-67.80067582199996, 9.815954087000023], [-67.79959875899993, 9.812562004000085], [-67.79927772699995, 9.809594931], [-67.79910770999999, 9.807341869000084], [-67.79852167199988, 9.805013813000016], [-67.79782162299989, 9.802614759000164], [-67.79732834199984, 9.80089668900007], [-67.79731859099991, 9.800862725000115], [-67.79753858499998, 9.797398631000021], [-67.79800459699993, 9.795890595000117], [-67.79769557099985, 9.793589534000091], [-67.79796155499992, 9.790195446000098], [-67.79812956199999, 9.788476401000082], [-67.79794053699993, 9.787302373999978], [-67.79798253399997, 9.786177338000186], [-67.79789451199997, 9.783145272000127], [-67.79742548699988, 9.780773214000135], [-67.79367812699996, 9.778214141000035], [-67.78996012899984, 9.775675119000141], [-67.78927709399989, 9.77490110900004], [-67.78821804299992, 9.774005088000024], [-67.7863339569999, 9.772273058999986], [-67.7860289379999, 9.771666044000142], [-67.78513189399996, 9.770236015000023], [-67.78438585099985, 9.769073982000066], [-67.78332580399996, 9.76762795500008], [-67.78293577499994, 9.765623910999977], [-67.78255574599996, 9.76488289200006], [-67.78115368799996, 9.76462189200015], [-67.77959761199998, 9.764022890000149], [-67.7787735849999, 9.763737881000054], [-67.77783553999984, 9.764007893000041], [-67.77678149799993, 9.76428290900003], [-67.77567645199997, 9.76446891500018], [-67.77484741299997, 9.764596928], [-67.77406537699983, 9.764193926000075], [-67.77359634999993, 9.763548906000153], [-67.77223729499991, 9.76427293], [-67.77123824899996, 9.76369692500009], [-67.77053622299997, 9.763014916000031], [-67.76946317799997, 9.76338292500003], [-67.76799010799994, 9.763079922000088], [-67.7674700909999, 9.762849923000147], [-67.76602401899999, 9.762659922000125], [-67.76374792599995, 9.7625519340001], [-67.76291788699996, 9.761599919000105], [-67.76294788099995, 9.760174875000132], [-67.76388390999995, 9.758779839], [-67.76469093799983, 9.7581478190001], [-67.76500694799995, 9.757422797000174], [-67.76520694499999, 9.756173772000125], [-67.76546295899993, 9.754624726000031], [-67.76556072599993, 9.752731943000185], [-67.76561394299989, 9.751701653], [-67.76562194099995, 9.750300615000072], [-67.76554992599995, 9.74867357200003], [-67.76560191399989, 9.747201534000112], [-67.76601893499992, 9.74615051100011], [-67.76640894899987, 9.74551349100011], [-67.76682894999988, 9.74453046300016], [-67.76682894099997, 9.742946429000028], [-67.7662129069999, 9.741572391000034], [-67.76508686499989, 9.740748375000067], [-67.76377079799988, 9.739795357000048], [-67.76337477899989, 9.738687340000126], [-67.76328876699989, 9.737795311000127], [-67.76346877099996, 9.737145296999984], [-67.76377277899996, 9.736672283000132], [-67.76481981599994, 9.735708255000134], [-67.7641627839999, 9.73447422900017], [-67.76408477599995, 9.733214196000063], [-67.76329672899993, 9.732146175000082], [-67.76259470399992, 9.731465160000141], [-67.76189166099994, 9.730761144000155], [-67.76184865799985, 9.729775115], [-67.7615736379999, 9.728800097000146], [-67.76127061799997, 9.728239083000119], [-67.76091359599991, 9.726418035000052], [-67.75948853999995, 9.726709052000047], [-67.75896150999995, 9.726318051000135], [-67.75790545699988, 9.724412008000058], [-67.75681940499999, 9.7229209730001], [-67.7570704069999, 9.72176193900009], [-67.75847846499988, 9.720575900000142], [-67.75998652199996, 9.720073884000158], [-67.76142057299995, 9.718955853000125], [-67.76186559699983, 9.717994820000058], [-67.76149357199995, 9.716908798000077], [-67.76121654999986, 9.715359756], [-67.75953146599994, 9.713917729000173], [-67.75872742899998, 9.712505698000143], [-67.75726435499996, 9.710846663000098], [-67.75713734499993, 9.710071646000188], [-67.75703693899999, 9.709114593000095], [-67.75693832299999, 9.708174596000049], [-67.7558252639999, 9.707097578000116], [-67.75550525099999, 9.706674577], [-67.75497123099996, 9.706123555999966], [-67.75441619499992, 9.705091541000115], [-67.75331614299995, 9.70378450800007], [-67.75274411399988, 9.702891489000024], [-67.75324713199996, 9.702203466000185], [-67.75374114999994, 9.701309447000028], [-67.75399715799989, 9.700816437000071], [-67.75418115899993, 9.70023441800015], [-67.75397514199994, 9.699255391000065], [-67.7539841389999, 9.698910387000126], [-67.7544051569999, 9.697951353000178], [-67.75455316099982, 9.697095330000138], [-67.75443114699993, 9.695378297000104], [-67.75458413899997, 9.694108259000132], [-67.75523116799997, 9.693529241000022], [-67.75551118199996, 9.69303522600012], [-67.7553431579999, 9.691848203], [-67.75551316599996, 9.690440164000165], [-67.75589617799983, 9.689666136000028], [-67.75586316899995, 9.688910121000106], [-67.75582416599991, 9.688544117000049], [-67.75586616699991, 9.687922094000157], [-67.75514488399995, 9.686699791000024], [-67.75466410399991, 9.685885050000024], [-67.75457608999994, 9.684396009000181], [-67.75478308999993, 9.683307985000056], [-67.75593913699998, 9.68270697000014], [-67.75697018099999, 9.68296096], [-67.75765921799996, 9.682838954000033], [-67.7580352309999, 9.682408949000092], [-67.75944527599995, 9.681291911000017], [-67.76016830899988, 9.680847891000042], [-67.76103334299995, 9.680510877000074], [-67.76265340899988, 9.679407839000135], [-67.76372645099997, 9.678511818000118], [-67.76506050699993, 9.677741795000088], [-67.76597454699998, 9.677449776], [-67.76660157099991, 9.677468776000183], [-67.76750161299992, 9.677911782000024], [-67.76789362899996, 9.677871775000028], [-67.76867265099992, 9.676620736000189], [-67.76916366499995, 9.675658710000164], [-67.76976568699996, 9.675126697999985], [-67.77020371299994, 9.674533680000138], [-67.77082173399992, 9.673841660000107], [-67.77203078399998, 9.673398642], [-67.77277680599997, 9.672975624], [-67.77342998899991, 9.672185359000082], [-67.77352483599986, 9.67207060600009], [-67.77391559299997, 9.672185359000082], [-67.77420586799997, 9.672270603000015], [-67.77518985599994, 9.672185359000082], [-67.77526791699995, 9.672178596000151], [-67.77586794099994, 9.671601578000036], [-67.7770279849999, 9.671092551000072], [-67.77802002699991, 9.671003548000101], [-67.77819702999989, 9.670811539999988], [-67.77916007199991, 9.670058523000137], [-67.77960109299988, 9.670061513000064], [-67.77997409999995, 9.669058489000179], [-67.77992910099994, 9.668555476000051], [-67.78083612399996, 9.667574444000024], [-67.78136114899996, 9.666862428000115], [-67.78175316199997, 9.666294409000102], [-67.78178215599996, 9.665903394000168], [-67.78205117099992, 9.66517937600014], [-67.78282719199996, 9.664365354000097], [-67.78349722499996, 9.66433635400017], [-67.78435225699991, 9.664276347999987], [-67.78439726199997, 9.663723326000081], [-67.78481927799999, 9.663490318000186], [-67.78528829599998, 9.662636304000046], [-67.78647333899988, 9.66186126700012], [-67.78725837599995, 9.661985275000063], [-67.78771839999996, 9.661931266000124], [-67.78829140899995, 9.660435220000181], [-67.78778638199992, 9.659231195000132], [-67.78710235299991, 9.658281177], [-67.78632931499988, 9.657540161000156], [-67.78634531299997, 9.657082155000126], [-67.78739035199993, 9.656263129000024], [-67.78916743299999, 9.656439115000182], [-67.78990746199992, 9.656610117000128], [-67.79090750199998, 9.657188132000101], [-67.79158953599983, 9.656650113000069], [-67.79177653799985, 9.655457081000122], [-67.79265056499997, 9.654024038000102], [-67.79370561299993, 9.653778031000115], [-67.79432762699997, 9.652416995000124], [-67.7951266629999, 9.652014977000078], [-67.79706675399996, 9.653652002000058], [-67.79855781999987, 9.65332898600019], [-67.79992286899994, 9.652322953000123], [-67.80125091899993, 9.651842945000055], [-67.80266298199996, 9.652229943000066], [-67.8042390469999, 9.65149491000011], [-67.80536610099989, 9.651383899000052], [-67.80608113099998, 9.651417905000073], [-67.80650614699982, 9.650700875000041], [-67.80597011799995, 9.650343873000168], [-67.80539209099993, 9.64884383600014], [-67.80545507599999, 9.64717280300016], [-67.8065511129999, 9.645300744999986], [-67.80850420199994, 9.64499372600011], [-67.80996726999996, 9.645654740000055], [-67.81086230699992, 9.645479721000072], [-67.81235536299982, 9.6438756820001], [-67.81290537199993, 9.642379636000157], [-67.81248634899998, 9.640807595000012], [-67.81137958099998, 9.64074263700013], [-67.8089675899999, 9.640651469999966], [-67.808135, 9.64062], [-67.805974, 9.641], [-67.800442, 9.643848000000162], [-67.79878599999984, 9.644619], [-67.79633899999988, 9.646157], [-67.79108299999984, 9.649282], [-67.787978, 9.650727000000188], [-67.778585, 9.651383], [-67.776958, 9.651662000000101], [-67.774732, 9.653154], [-67.7739729999999, 9.656826000000137], [-67.773358, 9.657423000000165], [-67.772687, 9.660101], [-67.769105, 9.661308], [-67.762663, 9.659653000000105], [-67.758205, 9.657292000000155], [-67.753608, 9.655757000000165], [-67.752642, 9.655857], [-67.74673599999988, 9.657927], [-67.745398, 9.658472], [-67.74473199999989, 9.658629000000133], [-67.74093999999985, 9.659958000000131], [-67.740284, 9.659678], [-67.739314, 9.659907000000146], [-67.738579, 9.658951000000116], [-67.737599, 9.658533000000148], [-67.737079, 9.657577000000117], [-67.73507499999988, 9.656377000000134], [-67.730268, 9.654974], [-67.727144, 9.651572000000101], [-67.724961, 9.649483], [-67.724012, 9.64518], [-67.722346, 9.641837], [-67.720916, 9.640167], [-67.719007, 9.63969400000019], [-67.717167, 9.642092000000162], [-67.713014, 9.65233300000017], [-67.712304, 9.653021], [-67.712064, 9.653588000000127], [-67.710797, 9.65448], [-67.709048, 9.656173000000138], [-67.70523, 9.655284000000108], [-67.703465, 9.65529], [-67.69858099999988, 9.656772000000103], [-67.696983, 9.656856000000118], [-67.68961999999982, 9.657962000000168], [-67.68293099999988, 9.662049], [-67.681794, 9.661987000000124], [-67.681457, 9.66221000000013], [-67.674316, 9.661701000000107], [-67.666071, 9.665056], [-67.660798, 9.6678], [-67.6577759999999, 9.667898], [-67.65506099999988, 9.668277000000103], [-67.640704, 9.673246000000177], [-67.62358099999989, 9.67911], [-67.618896, 9.682103], [-67.611522, 9.686902000000146], [-67.609686, 9.686563000000149], [-67.608576, 9.686809], [-67.60504099999986, 9.686111], [-67.599951, 9.684568000000127], [-67.597547, 9.684717], [-67.596131, 9.685146000000145], [-67.5958849999999, 9.68493100000012], [-67.595055, 9.68596], [-67.59469, 9.68609], [-67.59399, 9.685982], [-67.59369, 9.685995], [-67.59325699999988, 9.685623], [-67.592445, 9.685612000000162], [-67.592107, 9.686361000000147], [-67.591887, 9.687174], [-67.59204099999988, 9.688040000000171], [-67.592146, 9.688334000000168], [-67.5923, 9.689223], [-67.592141, 9.689827], [-67.592358, 9.69108000000017], [-67.592954, 9.692547], [-67.593073, 9.693162], [-67.59296699999987, 9.694452], [-67.59292099999988, 9.695533000000182], [-67.59296199999989, 9.69647300000014], [-67.592942, 9.697622], [-67.59305199999989, 9.698558], [-67.59336999999982, 9.699463], [-67.593445, 9.700126], [-67.593307, 9.701234], [-67.5930019999999, 9.701683000000116], [-67.592037, 9.702413], [-67.591057, 9.702776000000142], [-67.590027, 9.703073000000188], [-67.588947, 9.703831], [-67.588351, 9.704499], [-67.58753799999982, 9.704993], [-67.587082, 9.705174000000113], [-67.586274, 9.705231], [-67.585734, 9.70615], [-67.58545999999984, 9.706781], [-67.585153, 9.707185], [-67.584509, 9.707281], [-67.583913, 9.706894000000148], [-67.5836359999999, 9.706400000000144], [-67.58333899999985, 9.70595400000019], [-67.582986, 9.704752], [-67.582787, 9.704439], [-67.582481, 9.703809000000149], [-67.582023, 9.702314000000115], [-67.581561, 9.701828], [-67.5810479999999, 9.700679], [-67.580138, 9.700535000000173], [-67.57914099999988, 9.700508], [-67.577875, 9.701251], [-67.576722, 9.702449], [-67.576199, 9.70375700000011], [-67.575664, 9.704767], [-67.57492799999989, 9.705969], [-67.573902, 9.706358], [-67.572621, 9.70620700000012], [-67.571881, 9.706238], [-67.571458, 9.706647000000146], [-67.5713889999999, 9.707729000000143], [-67.571333, 9.708581], [-67.570937, 9.709057], [-67.570726, 9.709548], [-67.570662, 9.710745], [-67.570776, 9.711773], [-67.571039, 9.713024000000189], [-67.570877, 9.713559], [-67.570352, 9.713743], [-67.569631, 9.71368200000012], [-67.56889599999988, 9.713323], [-67.5683, 9.71293500000013], [-67.567458, 9.712236000000189], [-67.566706, 9.711993000000177], [-67.565751, 9.711873], [-67.565005, 9.711767000000123], [-67.5641839999999, 9.712078], [-67.563883, 9.713147], [-67.563964, 9.71394700000019], [-67.56371999999988, 9.71421], [-67.563204, 9.71407100000016], [-67.562383, 9.713303], [-67.562, 9.71302], [-67.561421, 9.712494], [-67.56076399999989, 9.711765000000128], [-67.560027, 9.711865], [-67.558884, 9.712235], [-67.558188, 9.712747], [-67.557314, 9.713955000000112], [-67.556786, 9.715149000000167], [-67.556374, 9.716337], [-67.556274, 9.716709], [-67.556187, 9.717379000000108], [-67.55655799999988, 9.718465], [-67.556698, 9.71901], [-67.55659999999989, 9.71942700000011], [-67.556261, 9.719625000000121], [-67.555706, 9.719649000000175], [-67.554997, 9.71880700000014], [-67.554638, 9.719603], [-67.554381, 9.720096], [-67.55426399999988, 9.720606000000146], [-67.553665, 9.720678], [-67.552746, 9.720877], [-67.552496, 9.721531], [-67.55243299999984, 9.722199000000103], [-67.551491, 9.7224], [-67.550669, 9.722688], [-67.54945, 9.723429000000124], [-67.549091, 9.724248], [-67.548919, 9.725633], [-67.54885099999984, 9.726738000000182], [-67.549007, 9.727672000000155], [-67.548756, 9.72828], [-67.548046, 9.727943], [-67.5472309999999, 9.727312], [-67.54664799999989, 9.727222], [-67.54606599999988, 9.727706000000126], [-67.545577, 9.728186], [-67.54493799999989, 9.72842], [-67.543578, 9.728065000000186], [-67.54314999999986, 9.728886], [-67.54336499999988, 9.73011700000012], [-67.543915, 9.73105800000019], [-67.543346, 9.732368], [-67.543214, 9.733062], [-67.54327099999989, 9.733840000000157], [-67.544568, 9.735943], [-67.54445, 9.736981000000185], [-67.543627, 9.738302], [-67.542742, 9.739304000000175], [-67.542856, 9.739804000000163], [-67.54406299999988, 9.740374], [-67.544762, 9.740459000000158], [-67.545848, 9.740917], [-67.546406, 9.74149100000011], [-67.546526, 9.742128], [-67.546288, 9.743585000000166], [-67.546008, 9.744630000000143], [-67.54564099999988, 9.745243], [-67.545019, 9.745338000000118], [-67.54444399999988, 9.745959000000141], [-67.544141, 9.746477], [-67.543642, 9.74672800000019], [-67.5428639999999, 9.746945], [-67.542381, 9.747563000000184], [-67.542008, 9.748061000000178], [-67.541095, 9.748398000000122], [-67.540227, 9.749239000000102], [-67.538269, 9.750057], [-67.53751, 9.750181], [-67.536534, 9.750659], [-67.535989, 9.751463], [-67.535546, 9.75139], [-67.534824, 9.751834], [-67.533511, 9.752556], [-67.532122, 9.753143], [-67.53102699999988, 9.754085000000146], [-67.530001, 9.754473], [-67.529348, 9.754914000000156], [-67.527974, 9.755845], [-67.527089, 9.756273], [-67.526734, 9.756471], [-67.527276, 9.757528], [-67.53239799999983, 9.769378000000188], [-67.536646, 9.7775180000001], [-67.541352, 9.785432000000128], [-67.54381199999989, 9.790084], [-67.537329, 9.80043000000012], [-67.535646, 9.809204], [-67.533705, 9.820985000000178], [-67.53037152399992, 9.837972335000131], [-67.52890199999985, 9.845461000000114], [-67.52494299999984, 9.853981], [-67.522393, 9.858353], [-67.518703, 9.855652], [-67.518336, 9.857419], [-67.518896, 9.862753000000168], [-67.51596357699992, 9.870277818000147], [-67.515854, 9.870559000000128], [-67.51659565199998, 9.874870253000097], [-67.516897, 9.876622000000168], [-67.51711771599992, 9.878186668000126], [-67.51732290699994, 9.87716422699998], [-67.51732383199993, 9.87716555500009], [-67.51732389999995, 9.877165221000098], [-67.51900398899994, 9.879577278000056], [-67.52178412399996, 9.882333328000016], [-67.52425624199992, 9.883257343000025], [-67.52741137299995, 9.883390325000164], [-67.5344816839999, 9.883298284000091], [-67.54063895099983, 9.88411727], [-67.54425211499989, 9.885344279000037], [-67.54720925199996, 9.887592325000014], [-67.54943936399985, 9.889255352000077], [-67.54866534599995, 9.892986453000105], [-67.54909738099997, 9.895367512000064], [-67.55122447799994, 9.89638852000013], [-67.5552916549999, 9.897011513999985], [-67.55889182599998, 9.898835547000033], [-67.56201297999996, 9.902550627000096], [-67.56508612499994, 9.904773661000036], [-67.56863927199993, 9.903705615000092], [-67.57245743699985, 9.901783543000079], [-67.57655960499989, 9.90029348500002], [-67.57764363199988, 9.897061398000062], [-67.57622655899996, 9.895477358999983], [-67.57536750999992, 9.893999329999986], [-67.57403244299996, 9.891702272000032], [-67.5747434569999, 9.888384194000082], [-67.57745956199994, 9.885746107000045], [-67.58017866099993, 9.883314027999972], [-67.58194572099995, 9.880805954000152], [-67.58325676899989, 9.878694893000159], [-67.58553085499994, 9.877394853000055], [-67.58559783399994, 9.873031741000034], [-67.58491578099995, 9.868152612000188], [-67.58681583399994, 9.863851489000183], [-67.58919892899985, 9.860713407000048], [-67.59066795199988, 9.854123227000116], [-67.58984888999998, 9.84938411000013], [-67.59211796499994, 9.846362023000097], [-67.59691916799994, 9.843711921000079], [-67.59984829199982, 9.844191918000092], [-67.60215541199995, 9.847781997000027], [-67.60410851199998, 9.84951803500013], [-67.60811868599995, 9.849521016000097], [-67.61165883699994, 9.850473016000024], [-67.61313490399993, 9.851459037000154], [-67.61723710799998, 9.854216084000086], [-67.62082228299988, 9.857945150999967], [-67.62536049199997, 9.860395186000119], [-67.62980968399995, 9.861654202000182], [-67.63356083899998, 9.85860810100013], [-67.63783198399994, 9.853279936999968], [-67.64199815399996, 9.850065832000041], [-67.64326418699983, 9.846715739000103], [-67.64721435299998, 9.845823699000164], [-67.65145454099991, 9.847130703000119], [-67.65447467299987, 9.847471703999986], [-67.65697078499988, 9.848417714000107], [-67.66104996499996, 9.846949651000045], [-67.66428009899988, 9.846000605000086], [-67.6672942059999, 9.843218520000164], [-67.66939427999995, 9.83985442200003], [-67.67165036199998, 9.837520354000162], [-67.67445446399984, 9.833272228], [-67.67629353099994, 9.830923155999983], [-67.67972464899998, 9.825355997000088], [-67.68336779199996, 9.822815913000056], [-67.68698094699994, 9.82261789000006], [-67.69562733799995, 9.826743939000153], [-67.69828746599995, 9.829201991000161], [-67.70184262899994, 9.831095013000095], [-67.70753589399999, 9.833295043000021], [-67.71155708499998, 9.83664910300007], [-67.71061006799988, 9.83967319300001], [-67.7092340239999, 9.843323294000129], [-67.7063949269999, 9.846860388000039], [-67.70298679399991, 9.849649488000068], [-67.70369582899997, 9.851819534000015], [-67.70635995899994, 9.85310655000012], [-67.71030913599992, 9.85494658000016], [-67.71178922799993, 9.85889366900011], [-67.71153822499986, 9.861905753000144], [-67.71111823699994, 9.867284886000164], [-67.71119626899997, 9.870566975000031], [-67.71243534199994, 9.873944050000091], [-67.71549747299997, 9.875477065000041], [-67.71905563299993, 9.87613006200013], [-67.7221177749999, 9.877571089000071], [-67.72469789999997, 9.879364121000094], [-67.72870207199998, 9.880331125], [-67.73090316699995, 9.880202098999973], [-67.73307528699996, 9.883931184000062], [-67.73423335099994, 9.886621246000061], [-67.73510740099988, 9.888994307000019], [-67.7360274699999, 9.892675389000146], [-67.73792855999989, 9.894066413000132], [-67.74094468199996, 9.894176406999975], [-67.74477586299997, 9.895857423000166], [-67.74759899399999, 9.898289470000066], [-67.74979610499986, 9.900663518000044], [-67.75157620199997, 9.903136570000186], [-67.75405030699994, 9.904081587000121], [-67.75770246699989, 9.904755573000102], [-67.76306770699989, 9.90530756000004], [-67.7655078169999, 9.907011596000189], [-67.76688789799988, 9.910432673000173], [-67.76707991899997, 9.912197717000026], [-67.76740594499995, 9.913683753000043], [-67.76818098799993, 9.915599791000147], [-67.77025308199995, 9.91611580099999], [-67.7721461619999, 9.917002806000141], [-67.77418726599996, 9.918391830000132], [-67.77663637799992, 9.920577878000188], [-67.78234264299988, 9.923419916000114], [-67.78520477599994, 9.92403791400011], [-67.78938495599994, 9.924379901000066], [-67.79321812799992, 9.92477489200013], [-67.79587023099998, 9.923902856000097], [-67.79980440799989, 9.924800847000085]]]}}]}