{"type": "FeatureCollection", "features": [{"type": "Feature", "properties": {"Pais": "Venezuela", "Estado": "Apure", "Municipio": "P\u00e1ez", "Parroquia": "Guasdualito"}, "geometry": {"type": "Polygon", "coordinates": [[[-71.32543774699985, 7.443795850000072], [-71.32586777499989, 7.445061870000188], [-71.3268768229999, 7.445618882000076], [-71.32841387999997, 7.446407891000092], [-71.33002295199998, 7.446807884000066], [-71.33160902299994, 7.447183884000083], [-71.33264805499994, 7.446660873000042], [-71.33422011999988, 7.445749848000105], [-71.33583618699993, 7.444908818000158], [-71.33657621199995, 7.4444068090001], [-71.33824326699988, 7.442968769000117], [-71.33941731399995, 7.442951771000139], [-71.3409123749999, 7.443166759000178], [-71.34168941999991, 7.443974774000139], [-71.34269746399991, 7.444807787000059], [-71.34460354599997, 7.445483792000118], [-71.34607560699999, 7.445675792000031], [-71.34651362299991, 7.44565478800007], [-71.34796367599989, 7.445708787000171], [-71.34890771599993, 7.445644773000026], [-71.34973975599996, 7.445189769000024], [-71.35082879399982, 7.44395473600008], [-71.35106978999994, 7.442209695000031], [-71.35091777799988, 7.440784671000074], [-71.35079775999992, 7.437957610000183], [-71.35230580899997, 7.436059569000065], [-71.35295183399995, 7.435855557000082], [-71.35453990199994, 7.435841549000145], [-71.35538794599984, 7.436443556000143], [-71.3555219559999, 7.437156570000184], [-71.35639298799993, 7.437689577000128], [-71.35717501999989, 7.437854583000103], [-71.35765504199992, 7.438316593000138], [-71.35852208099988, 7.439538610000056], [-71.3609171789999, 7.439390594000088], [-71.36139520399996, 7.440243606000138], [-71.36325927999997, 7.440436609000017], [-71.36579637599993, 7.439669577000188], [-71.36628139699991, 7.439373564999983], [-71.36734443299997, 7.438620552000145], [-71.36794842699993, 7.438093130000027], [-71.36875648499989, 7.437387516000058], [-71.36961052099997, 7.437139513000091], [-71.37004954099996, 7.436842496000111], [-71.37103857799997, 7.436962494000113], [-71.37138059699987, 7.43751650500019], [-71.37181410999995, 7.437991145000012], [-71.37270734899994, 7.438969110000016], [-71.37272965499994, 7.438993531], [-71.37293167299993, 7.439684550000095], [-71.37368969999994, 7.440055552000047], [-71.37445694099995, 7.440245994000179], [-71.37455390699995, 7.439519791], [-71.37479115799988, 7.437375499000041], [-71.375288, 7.432885], [-71.37610819699995, 7.415885944000081], [-71.37666797899993, 7.404284136000058], [-71.38234299999988, 7.286666], [-71.383525, 7.247067000000129], [-71.382489, 7.246321], [-71.380419, 7.245058], [-71.37895, 7.244454], [-71.377595, 7.243825000000129], [-71.376608, 7.243399], [-71.374341, 7.243054], [-71.372827, 7.242519], [-71.370576, 7.24148700000012], [-71.369697, 7.240327], [-71.36808, 7.238647000000128], [-71.366248, 7.238343], [-71.36371999999983, 7.236901000000103], [-71.36272899999989, 7.236109000000113], [-71.361742, 7.23566], [-71.360752, 7.234982000000116], [-71.360614, 7.234892000000116], [-71.35997, 7.234554], [-71.359369, 7.23385], [-71.358839, 7.23337400000014], [-71.357971, 7.233474], [-71.35714899999988, 7.233665], [-71.356487, 7.233717], [-71.354712, 7.234604000000104], [-71.353752, 7.234705000000133], [-71.352364, 7.235337000000186], [-71.35140299999989, 7.235277], [-71.351126, 7.235005], [-71.350505, 7.234645000000114], [-71.34988, 7.233849], [-71.349759, 7.233140000000105], [-71.349727, 7.232086000000152], [-71.349264, 7.23147200000011], [-71.348641, 7.230951000000175], [-71.348382, 7.23008300000015], [-71.34783, 7.229721], [-71.347255, 7.229429], [-71.34656799999988, 7.229252000000145], [-71.345375, 7.228805], [-71.345166, 7.228509], [-71.34466, 7.228148], [-71.343697, 7.227859000000137], [-71.343965, 7.227238000000114], [-71.344392, 7.226409000000103], [-71.343743, 7.22543], [-71.34264799999988, 7.225715], [-71.341688, 7.225724], [-71.340567, 7.225666], [-71.339881, 7.225673], [-71.338832, 7.225981], [-71.337804, 7.22608200000019], [-71.33755, 7.225855], [-71.337318, 7.225491000000147], [-71.336607, 7.225360000000137], [-71.335831, 7.225482000000113], [-71.335004, 7.225055000000111], [-71.333993, 7.224537000000112], [-71.33328199999988, 7.224292], [-71.333141, 7.223881000000176], [-71.33298999999988, 7.2232810000001], [-71.33295099999987, 7.223127000000147], [-71.332575, 7.222008], [-71.33190399999984, 7.221143], [-71.331258, 7.220577000000162], [-71.330318, 7.220242000000155], [-71.328808, 7.220119000000125], [-71.328762, 7.220142], [-71.32816799999989, 7.220171000000164], [-71.326524, 7.220392000000118], [-71.324881, 7.220729000000119], [-71.324715, 7.220157], [-71.323819, 7.219685], [-71.322651, 7.219467000000179], [-71.322422, 7.219377000000179], [-71.32212199999987, 7.219082000000128], [-71.321385, 7.218493], [-71.320215, 7.218092], [-71.319773, 7.217317], [-71.319541, 7.21693], [-71.3187089999999, 7.215953], [-71.318475, 7.215359], [-71.31819699999983, 7.214972], [-71.317257, 7.214660000000151], [-71.316931, 7.214091000000167], [-71.316313, 7.213982], [-71.316093, 7.212449], [-71.315472, 7.21204200000011], [-71.3153329999999, 7.211883], [-71.314482, 7.211273], [-71.313512, 7.210434], [-71.313235, 7.21007], [-71.31303799999989, 7.208583], [-71.312876, 7.208401], [-71.312312, 7.206688], [-71.312689, 7.20547], [-71.312912, 7.204895], [-71.313475, 7.20392800000019], [-71.313308, 7.203196], [-71.312781, 7.202995000000101], [-71.311559, 7.201952000000119], [-71.310388, 7.201345000000174], [-71.309695, 7.200618], [-71.307903, 7.199741000000131], [-71.306935, 7.198834], [-71.3061689999999, 7.197604], [-71.30540999999982, 7.197130000000129], [-71.303896, 7.196594000000175], [-71.302818, 7.19619200000011], [-71.30155599999989, 7.195723], [-71.30059099999988, 7.195182], [-71.29917399999988, 7.195195], [-71.297436, 7.195235], [-71.296181, 7.195475000000158], [-71.295269, 7.195782000000122], [-71.29379, 7.196460000000116], [-71.293495, 7.196784], [-71.29230699999988, 7.196886000000177], [-71.289817, 7.197185], [-71.288331, 7.197221000000184], [-71.287119, 7.197210000000155], [-71.2859299999999, 7.197175000000129], [-71.284831, 7.197002], [-71.284079, 7.197238], [-71.282707, 7.197251], [-71.281699, 7.197008000000153], [-71.28025699999984, 7.196816], [-71.27933899999982, 7.196503000000121], [-71.277904, 7.197067], [-71.277198, 7.19730200000015], [-71.275324, 7.197389], [-71.27426399999985, 7.19655100000017], [-71.273322, 7.196033000000114], [-71.271913, 7.194442], [-71.26879, 7.193028], [-71.267711, 7.192556], [-71.26614899999987, 7.191861], [-71.264448, 7.190868], [-71.2635269999999, 7.190121], [-71.263042, 7.189621], [-71.262579, 7.188938000000178], [-71.263232, 7.187809000000186], [-71.262589, 7.187586], [-71.26114399999989, 7.187004], [-71.259704, 7.187086], [-71.256166, 7.18776], [-71.254869, 7.188391], [-71.254259, 7.189153], [-71.253625, 7.189915], [-71.252573, 7.189856], [-71.251118, 7.19071700000012], [-71.24927, 7.191192000000171], [-71.248249, 7.192050000000108], [-71.247933, 7.192488], [-71.247039, 7.19224400000013], [-71.245575, 7.19212], [-71.24334, 7.192828000000134], [-71.242502, 7.193615], [-71.24109, 7.194361000000185], [-71.2401129999999, 7.194989], [-71.238648, 7.194911], [-71.237498, 7.19409700000017], [-71.23667, 7.193623], [-71.235545, 7.193061], [-71.235225, 7.193086], [-71.23407999999989, 7.192914], [-71.233229, 7.19228], [-71.23219499999988, 7.191785], [-71.231232, 7.191428000000144], [-71.229718, 7.190869], [-71.228848, 7.19074], [-71.2275479999999, 7.191118], [-71.22678899999988, 7.190667], [-71.225387, 7.189809000000139], [-71.22477, 7.189838], [-71.223332, 7.19008], [-71.221779, 7.190323], [-71.221391, 7.190396], [-71.219639, 7.191283], [-71.21978399999983, 7.192198], [-71.220268, 7.192629], [-71.220775, 7.19303600000012], [-71.221009, 7.193699], [-71.2208389999999, 7.195052000000146], [-71.219889, 7.196275], [-71.21895199999989, 7.196284000000105], [-71.218402, 7.196174], [-71.216827, 7.195801000000131], [-71.21579099999985, 7.195375], [-71.215396, 7.194668000000149], [-71.214242, 7.193716000000109], [-71.213734, 7.193308], [-71.213408, 7.192714000000137], [-71.21335, 7.19111], [-71.213114, 7.190287], [-71.211871, 7.189679000000183], [-71.2111349999999, 7.189388000000122], [-71.210721, 7.189300000000117], [-71.21012499999989, 7.189305000000161], [-71.20985, 7.189353], [-71.209323, 7.189358], [-71.20908899999989, 7.188787000000104], [-71.208623, 7.187851000000137], [-71.20833699999986, 7.186547], [-71.208103, 7.185884000000101], [-71.207434, 7.185455000000104], [-71.2067919999999, 7.185369], [-71.205893, 7.184827], [-71.205461, 7.185243000000128], [-71.204197, 7.184888000000115], [-71.203027, 7.184853], [-71.20224699999983, 7.18483700000013], [-71.200889, 7.18418400000013], [-71.199438, 7.183441], [-71.198351, 7.182281], [-71.197844, 7.18185], [-71.19737899999984, 7.181098], [-71.1963889999999, 7.18058], [-71.196159, 7.18049], [-71.19488899999988, 7.179447], [-71.193389, 7.17838300000011], [-71.1925609999999, 7.177977], [-71.19058799999988, 7.177949], [-71.189236, 7.178076], [-71.186275, 7.177713], [-71.18483, 7.177634000000126], [-71.18297499999989, 7.177926000000127], [-71.181787, 7.178533], [-71.180597, 7.178864], [-71.178949, 7.17922300000015], [-71.177876, 7.179852000000153], [-71.176387, 7.180071000000169], [-71.17489599999988, 7.180016], [-71.17434, 7.179142000000184], [-71.174084, 7.178739], [-71.172909, 7.178062000000182], [-71.172492, 7.177538], [-71.171661, 7.176881], [-71.17126899999988, 7.176564], [-71.170711, 7.17572], [-71.17077199999989, 7.174711], [-71.170807, 7.173358000000178], [-71.170411, 7.172559000000149], [-71.170059, 7.171485], [-71.169471, 7.16961], [-71.16942, 7.168968], [-71.169255, 7.168328], [-71.168583, 7.167486000000167], [-71.16722699999985, 7.167154], [-71.166584, 7.166976], [-71.164404, 7.166835000000106], [-71.163443, 7.167119000000184], [-71.161956, 7.167476], [-71.159461, 7.168140000000108], [-71.159235, 7.16855500000014], [-71.157118, 7.170568], [-71.156166, 7.172021], [-71.155255, 7.172763000000145], [-71.153636, 7.174039], [-71.15281699999986, 7.174825], [-71.151033, 7.175392], [-71.149276, 7.175733], [-71.149204, 7.175519000000122], [-71.149178, 7.175752], [-71.14798699999989, 7.175946], [-71.146682, 7.176233], [-71.145583, 7.1765860000001], [-71.144778, 7.176341], [-71.143855, 7.175593], [-71.142682, 7.175122000000101], [-71.140426, 7.173973000000103], [-71.139919, 7.173702], [-71.1392919999999, 7.172676], [-71.13882899999987, 7.172038], [-71.137723, 7.17136], [-71.136066, 7.170664], [-71.135603, 7.170072], [-71.13456999999988, 7.169921], [-71.133146, 7.169681], [-71.13293, 7.168399], [-71.132465, 7.167624], [-71.132224, 7.166090000000111], [-71.131184, 7.164975], [-71.130815, 7.164681], [-71.129824, 7.164139000000148], [-71.12914, 7.164581000000112], [-71.128137, 7.165392000000111], [-71.127477, 7.166086000000121], [-71.126569, 7.167217000000107], [-71.125725, 7.167798], [-71.12528599999985, 7.167366000000186], [-71.1244109999999, 7.167007000000126], [-71.121538, 7.166299], [-71.119696, 7.16526], [-71.119715, 7.164756], [-71.118299, 7.165525], [-71.116771, 7.166662], [-71.1156289999999, 7.167199], [-71.114402, 7.168655], [-71.113928, 7.169645000000116], [-71.112974, 7.170845], [-71.11295499999989, 7.171396000000186], [-71.11278, 7.17254400000013], [-71.112785, 7.173117000000104], [-71.11270399999984, 7.174539], [-71.112734, 7.175479000000166], [-71.112695, 7.176327000000185], [-71.112068, 7.178351000000134], [-71.111206, 7.179551000000117], [-71.110849, 7.180861000000164], [-71.10975799999989, 7.1822], [-71.108823, 7.182827], [-71.108527, 7.183105000000182], [-71.10717499999987, 7.183255000000145], [-71.106854, 7.18328], [-71.105317, 7.183202], [-71.103504, 7.183058000000187], [-71.101804, 7.182614], [-71.10108999999989, 7.182185], [-71.099891, 7.181370000000129], [-71.099152, 7.180666], [-71.098, 7.179988], [-71.096483, 7.179703], [-71.094485, 7.179331], [-71.09221799999989, 7.179786], [-71.091028, 7.180141], [-71.08942499999989, 7.180407], [-71.0881409999999, 7.180418], [-71.086667, 7.179698], [-71.084875, 7.179209], [-71.083522, 7.17929], [-71.082583, 7.179435000000126], [-71.0820609999999, 7.180082], [-71.08130799999986, 7.180662], [-71.080669, 7.181080000000122], [-71.080056, 7.181842000000131], [-71.07958, 7.182626], [-71.0793139999999, 7.18382], [-71.07875, 7.18501700000013], [-71.078457, 7.185731], [-71.077548, 7.186793000000137], [-71.077118, 7.187531], [-71.075814, 7.188001], [-71.075378, 7.188005], [-71.074392, 7.187945], [-71.073861, 7.187514000000135], [-71.07293499999986, 7.186352], [-71.070795, 7.1855690000001], [-71.0692289999999, 7.184734000000162], [-71.06839699999989, 7.183893000000182], [-71.066996, 7.183653], [-71.06501799999984, 7.182890000000157], [-71.063291, 7.181874000000107], [-71.06223599999987, 7.18186], [-71.061225, 7.181708], [-71.06023499999986, 7.181213000000128], [-71.059567, 7.180783], [-71.058184, 7.179901], [-71.057488, 7.178852000000177], [-71.0570709999999, 7.178282], [-71.05690199999987, 7.177160000000185], [-71.056757, 7.17615300000017], [-71.05627, 7.175446], [-71.054636, 7.174612], [-71.05445, 7.174361], [-71.05218999999988, 7.172639], [-71.051846, 7.172596], [-71.050098, 7.171946], [-71.048349, 7.171296], [-71.045979, 7.170331], [-71.044187, 7.169819], [-71.042853, 7.169349000000125], [-71.041221, 7.168813000000171], [-71.04069, 7.168428000000119], [-71.03949199999988, 7.16759], [-71.03907399999986, 7.166905], [-71.038424, 7.165879], [-71.038049, 7.164828000000171], [-71.037191, 7.163597], [-71.036728, 7.162959], [-71.036098, 7.161589], [-71.03508199999987, 7.160543000000189], [-71.034317, 7.159495000000163], [-71.03371, 7.158124], [-71.033059, 7.156869], [-71.031808, 7.155206], [-71.030819, 7.15487], [-71.030183, 7.151859000000172], [-70.841228, 7.162939000000165], [-70.722479, 7.16984], [-70.551975, 7.211415000000102], [-70.4437989999999, 7.230485], [-70.443794, 7.230486], [-70.439898, 7.231172000000186], [-70.370718, 7.243367], [-70.37057099999987, 7.243393], [-70.369737, 7.243543], [-70.369725, 7.243542000000161], [-70.369268, 7.243628000000172], [-70.3718669999999, 7.24563], [-70.405861, 7.339815000000101], [-70.43108249599993, 7.398930124000117], [-70.43455177399994, 7.407061551000083], [-70.4388507079999, 7.417137559000139], [-70.43972741599998, 7.41919242299997], [-70.44056544499995, 7.421519764999971], [-70.44073327399997, 7.421421397000017], [-70.44537134799998, 7.420915574], [-70.44717053699998, 7.420719350000127], [-70.45000665399988, 7.420210331000021], [-70.45263375799993, 7.420089312000016], [-70.45574188899997, 7.420314309000105], [-70.45802297899996, 7.42035130000005], [-70.4611141119999, 7.419545265000068], [-70.4637642159999, 7.419401257000061], [-70.46615931699984, 7.419508241000187], [-70.46795638999993, 7.419519242000092], [-70.47037249399989, 7.420037236000155], [-70.47207356999996, 7.420643237000149], [-70.47294659999989, 7.420969244], [-70.47441767099986, 7.42168824800018], [-70.47605273499994, 7.421766252000054], [-70.47736578999996, 7.421683244000121], [-70.4802999019999, 7.420281194000097], [-70.48180096799996, 7.419694182], [-70.48827323799998, 7.41982515300009], [-70.49194338099988, 7.418565109000156], [-70.4950585069999, 7.41766807900018], [-70.49707958499988, 7.416459044000021], [-70.5012397509999, 7.414982998000141], [-70.50139268099997, 7.414928730999975], [-70.50195277999995, 7.41472998100005], [-70.50388484699994, 7.413483946000099], [-70.50810601999996, 7.411834896000073], [-70.51088913199993, 7.410713862000023], [-70.51350222699995, 7.408975810000129], [-70.5152622889999, 7.407044763000101], [-70.5156022939999, 7.403853694000134], [-70.51456423699989, 7.40066063300003], [-70.51263314499988, 7.397665577000168], [-70.51148307799997, 7.394634523000036], [-70.51113805599994, 7.391706462000172], [-70.51047901099992, 7.389263416000176], [-70.50949395199996, 7.385038330000157], [-70.50906992099993, 7.381469258000095], [-70.50917491599995, 7.377937186000054], [-70.50946390299987, 7.374449114000129], [-70.51146297899999, 7.371712045000038], [-70.51361205199998, 7.369660993000139], [-70.51501710399998, 7.368514966000077], [-70.51660316899995, 7.367205928000146], [-70.5190342649999, 7.36707591000004], [-70.52117135599997, 7.367178910000064], [-70.52268342899987, 7.368415931000186], [-70.52403848299997, 7.369929947], [-70.52531555199994, 7.372247998000034], [-70.52723064099996, 7.374304033999977], [-70.52863570599993, 7.376046064000093], [-70.53065878799993, 7.376197052000123], [-70.53304688799989, 7.376251047000096], [-70.53448294899988, 7.375563024000087], [-70.53628100999998, 7.37457198900006], [-70.53835609699996, 7.373690963000172], [-70.54109020999988, 7.373853962000055], [-70.54234526599998, 7.374795967000125], [-70.5442033459999, 7.374697963000187], [-70.54711145699991, 7.374238941000044], [-70.54988857299992, 7.37277289400015], [-70.55109860799996, 7.370896847999973], [-70.55209364099994, 7.368519803000027], [-70.55281465999991, 7.364771716000178], [-70.55419969199994, 7.360921633000032], [-70.55666977899995, 7.356068517000097], [-70.5595558949999, 7.355632495000123], [-70.56167297199994, 7.354544468000029], [-70.5637060489999, 7.352472415000136], [-70.56620613399991, 7.349475342], [-70.56881524299996, 7.34753029], [-70.57027929599997, 7.347232275000124], [-70.5723523829999, 7.346236249000185], [-70.5750664759999, 7.343648175000055], [-70.57803759699982, 7.341423123000027], [-70.5811347099999, 7.339883071000145], [-70.58283378499982, 7.33987906700014], [-70.58500987499991, 7.339592047], [-70.58688194299992, 7.338966033000077], [-70.58927303999997, 7.33775799100016], [-70.59108310199997, 7.336124951000045], [-70.59363120499995, 7.33468591400009], [-70.59584328899996, 7.333755883000151], [-70.59740235499999, 7.332240849000186], [-70.59917341799996, 7.331043807000071], [-70.60055946899996, 7.330416791000061], [-70.60088148799997, 7.330072781000013], [-70.60173351199995, 7.329431766000027], [-70.60256354999996, 7.328424748000032], [-70.6035075879999, 7.327760720000128], [-70.60445161499996, 7.32728070600001], [-70.60601667999998, 7.326526685999966], [-70.60781275499988, 7.325474656000154], [-70.60870978699995, 7.325085649000016], [-70.61048284999993, 7.324102620000133], [-70.61186290699999, 7.323783604000027], [-70.61448502199994, 7.324040601999968], [-70.61512804599994, 7.32440860100013], [-70.61692012099991, 7.325328609000053], [-70.61783816199994, 7.326407636000113], [-70.61827418399992, 7.327233651000142], [-70.61926123799998, 7.328129657000034], [-70.6209843119999, 7.329394679000075], [-70.62204035599996, 7.330313697000065], [-70.62608852999989, 7.330319675000055], [-70.62721556899999, 7.330137667000088], [-70.62857262499983, 7.3297496510001], [-70.62967667799995, 7.330026653000118], [-70.63043470699989, 7.330601664000028], [-70.63137674999996, 7.330855666000048], [-70.6327578069999, 7.332065678000163], [-70.63610493899989, 7.331550661999984], [-70.63951708799988, 7.330932624000013], [-70.64055412499988, 7.331217632000175], [-70.64128416299997, 7.331857646000174], [-70.64163017899995, 7.332229643000119], [-70.64234020599997, 7.332412648000115], [-70.64347825599998, 7.332436648000112], [-70.6443832839999, 7.332395634000136], [-70.6449233059999, 7.332189636000123], [-70.64519232199996, 7.331647624000027], [-70.6458143399999, 7.330984603000161], [-70.64607335099993, 7.330488592000052], [-70.64609635199997, 7.33046559200011], [-70.64644336599991, 7.329479566000089], [-70.64959748799993, 7.327466516000129], [-70.65100153699996, 7.326803492000181], [-70.65466068099983, 7.325409444000115], [-70.65795181499982, 7.323878403000151], [-70.65928686199999, 7.323077379000154], [-70.66101293099996, 7.322323358], [-70.66250799199986, 7.322210349000159], [-70.66547611499993, 7.321343320000096], [-70.6678222089999, 7.321186306000072], [-70.66954727599989, 7.32116629], [-70.67221538999996, 7.320963274000121], [-70.67437747999998, 7.320921273000067], [-70.67704458899993, 7.320764258000168], [-70.67858664399989, 7.320514241000183], [-70.68090973599982, 7.320128219000026], [-70.68302682599995, 7.319145189000039], [-70.68390285099991, 7.317655157000047], [-70.68466487899991, 7.31614311800007], [-70.68501189199986, 7.314767094999979], [-70.6848548719999, 7.311878034000131], [-70.68573289299991, 7.30958597800003], [-70.6858498869999, 7.308002955000063], [-70.6862439059999, 7.306512913000063], [-70.68688992599982, 7.30493188700018], [-70.68820396399991, 7.302593828000056], [-70.68965501599996, 7.301220792000152], [-70.69078406299997, 7.300258768000106], [-70.69189009299998, 7.298494732], [-70.69246711199997, 7.297256696999966], [-70.69403517099994, 7.294323638000037], [-70.69690828499989, 7.295176640000079], [-70.69799032499998, 7.29435261600014], [-70.6993483849999, 7.293620592000138], [-70.70005441299998, 7.293349590000105], [-70.70173747499996, 7.293101571000079], [-70.70597066199991, 7.294019570000103], [-70.70845375799985, 7.294688573000144], [-70.70994882999992, 7.294529564000186], [-70.71341996999996, 7.295360567000102], [-70.71397099099988, 7.295337565000182], [-70.71514304099998, 7.295889574000114], [-70.71604007799993, 7.296326572], [-70.71622209899994, 7.297198589000118], [-70.71640310899988, 7.299262637000027], [-70.71679312899983, 7.299882645000025], [-70.71768816999997, 7.301007660000096], [-70.71911422899996, 7.300894651000078], [-70.72040327499991, 7.300208639000175], [-70.72134730999994, 7.298948608000103], [-70.72206134399988, 7.29872060200006], [-70.72323339499997, 7.2992956], [-70.72399043199988, 7.300397626000063], [-70.72493147299997, 7.3012696400001], [-70.72626253699997, 7.303541678000158], [-70.72913366799992, 7.305334703000085], [-70.72977768499999, 7.305633702000023], [-70.73097274799994, 7.306162711000013], [-70.73205378699993, 7.306026704000033], [-70.73299681999998, 7.305614696000077], [-70.73336583199995, 7.305065684000112], [-70.73385284199992, 7.302405628000145], [-70.73380883199997, 7.300868594000121], [-70.73397083699996, 7.299905569000146], [-70.73420383799993, 7.298094531], [-70.73441284699999, 7.296512502000155], [-70.73551887999986, 7.295436470000084], [-70.73625591199993, 7.294657455000049], [-70.73756496099998, 7.295232464000094], [-70.73933404799993, 7.296473480000088], [-70.74039009399985, 7.297850502000188], [-70.74176816099998, 7.299320528000123], [-70.74319122299988, 7.300743548000071], [-70.74482428699991, 7.300562532000015], [-70.74572232399998, 7.300059517000079], [-70.74632234199998, 7.29822547800012], [-70.74602532599988, 7.296711444999971], [-70.74572829999994, 7.295495433000099], [-70.74552428899995, 7.293546385000127], [-70.74525026299989, 7.292192360000058], [-70.74536825999996, 7.289968314000077], [-70.74603629099994, 7.289304300000026], [-70.74691331999992, 7.287379252000107], [-70.74882339199996, 7.286395230000039], [-70.74990144599997, 7.287864252000077], [-70.75100349399997, 7.28947128599998], [-70.75148451299998, 7.29068729800008], [-70.75276858199999, 7.292844347000141], [-70.7540536429999, 7.294887377000066], [-70.75494868599998, 7.296310400000095], [-70.75740879099993, 7.296634401000176], [-70.75938587199994, 7.296683396000049], [-70.76092693399988, 7.296708387000081], [-70.7623749899999, 7.296962387000121], [-70.76338603699998, 7.297674393000079], [-70.76363805299997, 7.298248401000137], [-70.76517612099985, 7.30022244200012], [-70.76676119099989, 7.301393453000117], [-70.76823125699997, 7.302198462000035], [-70.77048335599994, 7.303439476000051], [-70.77236943799994, 7.303166470000178], [-70.77372748599987, 7.302618447000043], [-70.77616658299996, 7.301359414000046], [-70.77745463599996, 7.300742389999982], [-70.77899668999993, 7.300216373000069], [-70.78136478999994, 7.299990358000116], [-70.78219382499998, 7.29930334300002], [-70.78403489699997, 7.298640317000036], [-70.78442590499998, 7.298045305000016], [-70.78718602099991, 7.29795629500012], [-70.78969112599998, 7.299106301000052], [-70.79122920299989, 7.30041532600012], [-70.7927462639999, 7.301380342000186], [-70.79414632499993, 7.302872362000187], [-70.79619141999996, 7.304159378000122], [-70.79747947599992, 7.304275378000114], [-70.79872052599995, 7.304276377000122], [-70.8010666209999, 7.304325359000075], [-70.80276669199998, 7.305061366000132], [-70.80354773499994, 7.30609439300008], [-70.80377673899994, 7.306965404000096], [-70.80320072299992, 7.30765342300009], [-70.80301571799998, 7.308707444000163], [-70.80225469399988, 7.309968468000079], [-70.80236770499982, 7.311436501000117], [-70.80271071999994, 7.312674531000027], [-70.80365376799983, 7.312744521000184], [-70.80411377899998, 7.312630523000166], [-70.80558583899989, 7.312311507000061], [-70.80701090699995, 7.31286351500006], [-70.80786093899997, 7.313689528000111], [-70.80921600499988, 7.315159554000047], [-70.81052605699983, 7.315366549000032], [-70.81179111099988, 7.314932534000093], [-70.81243612899993, 7.314291519999983], [-70.81436920199985, 7.313215484000125], [-70.81558825499991, 7.31298848199998], [-70.81660030299997, 7.312805470000114], [-70.81862338599996, 7.313152461000186], [-70.8220485249999, 7.314004466000029], [-70.82294555999988, 7.314165463000109], [-70.82432462799994, 7.31485547200009], [-70.82469164699995, 7.315520486000082], [-70.82645971999995, 7.317472519000034], [-70.82838981299994, 7.318987538000044], [-70.83075790199996, 7.318921530000125], [-70.83183895099995, 7.318533516000173], [-70.83501407799997, 7.317183472000181], [-70.83625712099996, 7.316153452000037], [-70.83727015999995, 7.315259423000043], [-70.83920323399991, 7.314551402000177], [-70.84039928399994, 7.313704378000068], [-70.84272237499994, 7.313225362000082], [-70.84348140799995, 7.313615367000068], [-70.84336540199996, 7.314005376000125], [-70.84308839299996, 7.314738389000127], [-70.84226036299998, 7.315403409000055], [-70.8408553129999, 7.317052446000162], [-70.84083130999988, 7.31769446200019], [-70.83952026799994, 7.318335479000041], [-70.83915025399995, 7.319527501000039], [-70.83933425899994, 7.319550500999981], [-70.84105933799992, 7.319666499], [-70.84296741799994, 7.320058497000105], [-70.84358744199994, 7.320288495000113], [-70.84549552499988, 7.321322510000186], [-70.84606954999987, 7.322217525000042], [-70.84705659399998, 7.323571558000083], [-70.84742361199989, 7.324030565000157], [-70.84854966299997, 7.32501857200009], [-70.84985971599986, 7.325386579000053], [-70.85094076499996, 7.324883564000118], [-70.8516767939999, 7.32453955200009], [-70.85248282799989, 7.323829537000051], [-70.85409288999989, 7.32346452000013], [-70.85547194599997, 7.324016528000129], [-70.85657599899992, 7.32445352600007], [-70.85724102099994, 7.32523353900001], [-70.85811406399989, 7.325876545000085], [-70.85875709099997, 7.326657564000186], [-70.85903210999999, 7.328079596000066], [-70.85978914699996, 7.329020611000033], [-70.85994916099986, 7.329822622000052], [-70.86098319799999, 7.330764640000154], [-70.86199524799997, 7.330879636000077], [-70.86250125999999, 7.330719626000189], [-70.86328330099997, 7.330284619000167], [-70.86383631799998, 7.329735606000099], [-70.86448034599994, 7.329689603000134], [-70.86523837099998, 7.329644593000125], [-70.86602140699983, 7.329416587000082], [-70.86700945199988, 7.329921591000129], [-70.86790548399995, 7.330427601000054], [-70.86820450399989, 7.330725608000137], [-70.87068660799991, 7.331714612999974], [-70.87155963799995, 7.332059623000134], [-70.87247868299994, 7.332748628], [-70.87316871299993, 7.333000633000154], [-70.87452476899995, 7.333667642000023], [-70.87666286499996, 7.333646631000136], [-70.87937696599988, 7.333007606000137], [-70.88103403099996, 7.331931572000087], [-70.8830591069999, 7.331130544000075], [-70.88351912699994, 7.330374531000132], [-70.88361213099995, 7.329526506000036], [-70.88322211199988, 7.328929499000139], [-70.88301609699988, 7.328264483000169], [-70.88239607199995, 7.327759477000143], [-70.88223506599996, 7.327346469000076], [-70.88156902999998, 7.327185471000064], [-70.88069499699998, 7.327184482000064], [-70.87968295999997, 7.327343489000157], [-70.87968295999997, 7.327366489000099], [-70.87800289399996, 7.328419511], [-70.87774988899992, 7.328832521000095], [-70.87565680199992, 7.328967539000075], [-70.87547378699998, 7.328096516000016], [-70.87577379399994, 7.326835494000136], [-70.87598279199989, 7.325688468000067], [-70.87637481199994, 7.324015430000031], [-70.87775685999998, 7.322067379999964], [-70.87840087499995, 7.321770374000096], [-70.87982693299989, 7.321404365000092], [-70.88088697499995, 7.320029332000104], [-70.88224501999997, 7.318632291000085], [-70.88385508099998, 7.317992278000133], [-70.88590117899997, 7.318980280000176], [-70.88693522599988, 7.319623296999964], [-70.88858929899999, 7.320886309000059], [-70.8899463439999, 7.320658300000105], [-70.89077537699995, 7.319627277000166], [-70.89181042299987, 7.31887126100014], [-70.89298545499992, 7.317152218999979], [-70.89427450999989, 7.315663179000069], [-70.89526354499992, 7.315412171999981], [-70.89721862999988, 7.315437161000034], [-70.8988056899999, 7.314704143000142], [-70.9000937319999, 7.31411011900019], [-70.90112976899991, 7.312941095000099], [-70.90251181899998, 7.311452054000085], [-70.90453590099992, 7.310491030000151], [-70.90534093299993, 7.310400020000088], [-70.90685800499995, 7.311089035000123], [-70.9080070519999, 7.311113023000189], [-70.90897308899997, 7.311412032000135], [-70.91097217999999, 7.312125038000147], [-70.9126732449999, 7.312929040000085], [-70.91347728799997, 7.314008055000102], [-70.91416631599998, 7.314971076000063], [-70.91554437899993, 7.315615085000161], [-70.9164414139999, 7.315868082000065], [-70.91720044399995, 7.315570071000025], [-70.91768346599991, 7.315066065000053], [-70.91860549099994, 7.313233017000073], [-70.91996354799994, 7.31194998400008], [-70.92217262699984, 7.310873960000038], [-70.92293066399992, 7.310759949000101], [-70.9250697519999, 7.310326934000045], [-70.92649480799997, 7.31074093], [-70.92805886999997, 7.310489920000066], [-70.92851988399991, 7.310008915000139], [-70.93075097099995, 7.308978878000062], [-70.93252204599986, 7.307994856], [-70.93339607899998, 7.307742845], [-70.93496014299996, 7.30797384400006], [-70.93776525599998, 7.308113830000082], [-70.94033935999988, 7.308711833000075], [-70.94192543399993, 7.309492836000118], [-70.9427754749999, 7.309722845000067], [-70.94376451099998, 7.30958683900019], [-70.94443252999997, 7.308898819000092], [-70.94523756999996, 7.308074797000131], [-70.94599758999988, 7.307295782000097], [-70.94737764799993, 7.307044762000089], [-70.94838869199992, 7.307068762000142], [-70.95101079299991, 7.307047749000048], [-70.95264286399993, 7.30700274700007], [-70.95588499899998, 7.307120724000185], [-70.95793007999998, 7.30794773700012], [-70.95944715299999, 7.30916476100009], [-70.96172424299994, 7.30854672800001], [-70.96285029299986, 7.309166745000084], [-70.96259528499996, 7.311069782000061], [-70.96247929399988, 7.312307803000067], [-70.9627083119999, 7.313546828000028], [-70.96305132899988, 7.315151867000054], [-70.96309533799996, 7.316596888000163], [-70.96360135399993, 7.317261902000098], [-70.96463441099996, 7.318615924000028], [-70.96555344399997, 7.319395936000092], [-70.96624248299997, 7.32010795500014], [-70.96688452299998, 7.322331997000106], [-70.96780256599999, 7.323755019000089], [-70.96952663199988, 7.324788030000036], [-70.97223875399993, 7.325983041000029], [-70.9738698249999, 7.327016052000147], [-70.97527188399982, 7.328324072000044], [-70.97699595799992, 7.328325069000186], [-70.97996407799991, 7.326768026000082], [-70.98247117299996, 7.326081996000141], [-70.98435624999996, 7.325968986000021], [-70.98633433599997, 7.326153983000154], [-70.98750538199994, 7.327025994999985], [-70.9885634339999, 7.327394004000155], [-70.98803340799992, 7.328334019000067], [-70.98798642099996, 7.329893047000098], [-70.98835243899987, 7.331635082000048], [-70.99151257499994, 7.333825114999968], [-70.9939756849999, 7.334484125000188], [-70.99659379699989, 7.336333144000093], [-70.99720283499994, 7.339233200000081], [-70.99787886699994, 7.340198220000161], [-70.99936993099993, 7.34019121200015], [-71.00171502599989, 7.338879179], [-71.00238304699991, 7.33876817200013], [-71.00491515699997, 7.338830161000033], [-71.00621920599997, 7.339918172000068], [-71.00863330999988, 7.340301169000099], [-71.0098553549999, 7.340056156000117], [-71.01234246799999, 7.340025150999963], [-71.01362851499994, 7.340424153000129], [-71.01475156199984, 7.341143158000023], [-71.01546359899987, 7.3413081650001], [-71.01622462699987, 7.341129151000189], [-71.01646263399994, 7.33998213600006], [-71.01531657499999, 7.339331126], [-71.01442653699996, 7.338245100000051], [-71.01381451499992, 7.336955086000046], [-71.01368449999984, 7.335805058000119], [-71.01364749199996, 7.334495034000099], [-71.01439352099999, 7.333189003000143], [-71.01476352699996, 7.332892992000041], [-71.01643559799999, 7.334121013000129], [-71.01692962699991, 7.335871040000086], [-71.01788767499988, 7.337095067000178], [-71.01880071399995, 7.338249089000101], [-71.01980675999994, 7.339152095000031], [-71.02180885099995, 7.339233089000174], [-71.02305689799994, 7.338505074000068], [-71.02533998399991, 7.337991044000148], [-71.02611701699993, 7.338823065000156], [-71.02703006699994, 7.339840079000112], [-71.0302982099999, 7.343238132000181], [-71.03029022099997, 7.34431815500011], [-71.03058023499989, 7.345653188000142], [-71.0309592619999, 7.34742522300013], [-71.03123127399994, 7.347978230000138], [-71.0322173219999, 7.348558229999981], [-71.03281634099989, 7.348470235999969], [-71.03475841199992, 7.347241194000105], [-71.03619646799996, 7.345756161000054], [-71.03820254099998, 7.345286146000149], [-71.03893757899993, 7.345474140000078], [-71.03899857999994, 7.346623164000107], [-71.03935960499996, 7.347637189000068], [-71.03856957299996, 7.348666213000115], [-71.03872359299999, 7.349724229000117], [-71.03954162799982, 7.351269253000055], [-71.04123870799998, 7.35215326499997], [-71.04310377599995, 7.352049254000178], [-71.04567888499992, 7.352524250000045], [-71.04748195999991, 7.351524229000177], [-71.04910065299998, 7.350544097000068], [-71.0495860389999, 7.3502501910001], [-71.05023206499999, 7.350001184000178], [-71.05507425399998, 7.348813139000015], [-71.05781636999995, 7.348462118000043], [-71.05993744699992, 7.347969102000093], [-71.06295556999999, 7.347642073000145], [-71.06509366699999, 7.348000072000161], [-71.06522766499995, 7.348644087000082], [-71.06656072999994, 7.348974088000091], [-71.06828079899998, 7.349835100000121], [-71.07071191199987, 7.351113113999986], [-71.07301499699997, 7.35105810400006], [-71.07301100199993, 7.351518106000128], [-71.07449906699986, 7.352699134000147], [-71.07442506699994, 7.35345714500005], [-71.07600513499995, 7.354707160000032], [-71.0748420939999, 7.356447203000187], [-71.07501810999997, 7.357597231000113], [-71.07441709299991, 7.357938239000077], [-71.07588315099997, 7.358935254000073], [-71.07790824199992, 7.358993248000104], [-71.07924629499996, 7.358679234000022], [-71.08046833899994, 7.358319220999988], [-71.08152637799998, 7.358440212000176], [-71.08308045499996, 7.360058241], [-71.08369348299988, 7.36137226000011], [-71.08359847899993, 7.361808269000051], [-71.08439152799991, 7.363536312000122], [-71.0845225349999, 7.364640328000121], [-71.08520456399992, 7.365885346000141], [-71.0855895819999, 7.366738370000178], [-71.0861626119999, 7.367132373000175], [-71.08735066599996, 7.368472393000047], [-71.08813170399992, 7.368683399000076], [-71.09007377499995, 7.367431357000044], [-71.09302689099997, 7.366529325000045], [-71.09394892399996, 7.366328316000022], [-71.0954009859999, 7.366038307000053], [-71.09712905499998, 7.36588730200009], [-71.09818509699988, 7.36623829500013], [-71.09825210199995, 7.366584301000159], [-71.09900314399988, 7.367806330000064], [-71.10014019699992, 7.369789360000027], [-71.10089422999994, 7.370667381000089], [-71.10246029099994, 7.370630372000164], [-71.10282530999996, 7.371046371000034], [-71.10351634399984, 7.371050377000188], [-71.10448637499996, 7.370481353000173], [-71.10590243399992, 7.368881320000014], [-71.10667344799992, 7.367208281000046], [-71.10726347199989, 7.365098229000125], [-71.1084455059999, 7.363887200000022], [-71.11003857399999, 7.363276183000153], [-71.11247567899994, 7.363612186000182], [-71.11338771399994, 7.364950208000039], [-71.11400573999998, 7.365528212000072], [-71.11441576799996, 7.366036222000162], [-71.11613783399991, 7.36666722200016], [-71.11712287699999, 7.36750023500008], [-71.11838393799997, 7.368243245000087], [-71.1188889579999, 7.368407247000164], [-71.12249309899994, 7.366544199000032], [-71.12385614799985, 7.365770171000122], [-71.12603223099995, 7.364037124000163], [-71.12706927799996, 7.363790114000153], [-71.12822331299998, 7.363314107000122], [-71.12909534999989, 7.363733107000144], [-71.12984838999995, 7.364749129000188], [-71.13193648099997, 7.365795133], [-71.13267051399993, 7.366167140000186], [-71.13414257499988, 7.366268133000062], [-71.13581764699995, 7.367036151000036], [-71.13957679899994, 7.366001106000112], [-71.14077483899985, 7.365870101000041], [-71.14252991499984, 7.365030075000163], [-71.14529602399989, 7.364564053000151], [-71.14688708299991, 7.364159031000042], [-71.14893217299993, 7.364677037999968], [-71.15178429299993, 7.365061039000068], [-71.15438240199995, 7.365421023000181], [-71.15752753799995, 7.366680042000155], [-71.16088067299995, 7.367918048000092], [-71.16225373599997, 7.369121071000052], [-71.16378680999998, 7.370417087000021], [-71.16550887499989, 7.371047093000072], [-71.16736895699995, 7.371701103000021], [-71.16899802799992, 7.372515110000109], [-71.17080811399995, 7.373881131000076], [-71.17163314499999, 7.374323131000097], [-71.17222816999993, 7.374832133999973], [-71.17434125799997, 7.375533148999978], [-71.17716138399999, 7.377273162000165], [-71.17758941399995, 7.378654195000138], [-71.17795042799992, 7.37973621500015], [-71.17732141099998, 7.380858243999967], [-71.17690339499995, 7.38140825], [-71.17627637599998, 7.382208278000121], [-71.17615637399996, 7.382920288000037], [-71.1763253819999, 7.385219328000062], [-71.17645039799999, 7.387150366000128], [-71.17718343899998, 7.387751381000044], [-71.17844348399996, 7.388609391000159], [-71.17915851199996, 7.388429384000062], [-71.18076858799992, 7.388507376000121], [-71.18263565399997, 7.388265364000176], [-71.18378970099997, 7.387698350000164], [-71.18436372299993, 7.387931352000066], [-71.18546178299994, 7.389040366000188], [-71.18660482899992, 7.390264392], [-71.18760687999998, 7.391764420000129], [-71.18902993799986, 7.392392417000167], [-71.19029598799989, 7.392537424000182], [-71.1920040579999, 7.391766398000129], [-71.19453014799996, 7.389299333], [-71.1958781969999, 7.387330282000107], [-71.19696623299996, 7.38646326200012], [-71.1985122939999, 7.385829244000035], [-71.19924233299992, 7.386867261000077], [-71.1994633459999, 7.388155289000053], [-71.20025738799995, 7.389929321000125], [-71.20033739599984, 7.39181435900008], [-71.20069142599982, 7.393976402000021], [-71.20070742999997, 7.395010425000066], [-71.20106944799994, 7.395954444999973], [-71.2023715119999, 7.397501465000119], [-71.20284953699996, 7.39826247600007], [-71.20444160099987, 7.397788466000122], [-71.20580164899997, 7.397475446000158], [-71.2068316999999, 7.39837745900013], [-71.20744972599988, 7.398863473000176], [-71.20845776899989, 7.399535474000061], [-71.20907679899994, 7.399929488000168], [-71.21011083299999, 7.400280492000093], [-71.21079686899998, 7.400950496000121], [-71.21244494599995, 7.402338524000186], [-71.21466603999994, 7.404097542000102], [-71.21560508199991, 7.404814550000083], [-71.21649712999994, 7.40569356400016], [-71.21740916499988, 7.407123598000169], [-71.21859721899995, 7.408370612000112], [-71.21909124899997, 7.410372648000077], [-71.22024730899989, 7.413021698000023], [-71.22010230999996, 7.414077729000098], [-71.21937828999984, 7.415636761000144], [-71.21886427599992, 7.416736783000033], [-71.21837925499995, 7.417009794000137], [-71.21738621199995, 7.417531801000052], [-71.2156801509999, 7.417889818000106], [-71.21453009799995, 7.417768827000145], [-71.21369406399998, 7.418774852000183], [-71.21334405699997, 7.419508870000129], [-71.21349806599994, 7.420680893000053], [-71.2142320989999, 7.42105288800019], [-71.21567716499993, 7.421865903000025], [-71.21754224599988, 7.421829898000169], [-71.21883429599995, 7.421331872000167], [-71.21945931799996, 7.420875864000095], [-71.22097837299998, 7.420792856000162], [-71.22192440999999, 7.420498840000164], [-71.22302646599996, 7.421033857000111], [-71.22479652999988, 7.421342853999988], [-71.22645260699994, 7.421558847000028], [-71.22799366999993, 7.421819846000062], [-71.23009075399995, 7.421555826000031], [-71.23209883599992, 7.420694809000111], [-71.23369189099992, 7.419990786000028], [-71.23629999799982, 7.419040746000121], [-71.23782104999998, 7.418635736], [-71.23916111099993, 7.418045721000169], [-71.23980713599991, 7.417704702000094], [-71.24144320399995, 7.417575693000174], [-71.24224723099991, 7.417809699000145], [-71.24311626699989, 7.418687707000174], [-71.24297227199997, 7.419514730000117], [-71.24317228099989, 7.420710758000098], [-71.24348329899988, 7.422343788000035], [-71.24347831199992, 7.423101798000062], [-71.24305729399998, 7.424110824000081], [-71.24327931199997, 7.425352852000174], [-71.24348032599988, 7.426341868000122], [-71.24418934999994, 7.427080883000031], [-71.24483038899996, 7.427658886000188], [-71.24487538499994, 7.427728892000118], [-71.24639445199995, 7.427805879000175], [-71.24804951299996, 7.428136883000036], [-71.24864854499998, 7.42816288400013], [-71.25006660499997, 7.42954989600014], [-71.25107764999996, 7.429830907000053], [-71.25238770199996, 7.430136903000118], [-71.25335974199993, 7.429360879000058], [-71.25504780099982, 7.428198851], [-71.25610984599996, 7.427813840000056], [-71.25737988899994, 7.427108813000075], [-71.25848993199997, 7.426310793000084], [-71.2604700149999, 7.426344794000158], [-71.26127405499994, 7.42655578800003], [-71.26267411299995, 7.427252797000051], [-71.26271811699996, 7.427597810000123], [-71.26402516799999, 7.428317807999974], [-71.26545122699997, 7.428486808000116], [-71.26641727599997, 7.428652806000173], [-71.26763132099995, 7.429669819000026], [-71.26979141399988, 7.430164826000066], [-71.27119646999995, 7.430080813000131], [-71.2718645029999, 7.429946806000146], [-71.27269453299994, 7.429766798000173], [-71.27376956599994, 7.427360746000033], [-71.27426057799983, 7.426122724000095], [-71.27507460299995, 7.424954693000188], [-71.27584062999989, 7.423925669000084], [-71.27641765299995, 7.42362965600006], [-71.27761570499996, 7.423590651000097], [-71.27853573999988, 7.423687650000033], [-71.27989080099991, 7.424177658000076], [-71.28082684099991, 7.425285679000183], [-71.2817448799999, 7.425818686000127], [-71.28228791299983, 7.427269712000111], [-71.28154288899998, 7.428529743000013], [-71.28063285599995, 7.430454778000069], [-71.28037484999999, 7.431096796000077], [-71.27923980999998, 7.432330824000189], [-71.27872579699988, 7.433430846000078], [-71.27962183899996, 7.433665845000064], [-71.28081588399988, 7.434154861000025], [-71.28167091199992, 7.433722844999977], [-71.28208293699993, 7.434023843000034], [-71.28309597899988, 7.434006846000159], [-71.28367399599995, 7.433664834000069], [-71.2863521079999, 7.432507792000081], [-71.28757814699992, 7.431595776000108], [-71.28843018499998, 7.431554762000133], [-71.28851319399996, 7.432887798000081], [-71.28908022099995, 7.434245819000125], [-71.28935023699984, 7.435235839000143], [-71.28975825599991, 7.436248858], [-71.29088030999998, 7.43712787100003], [-71.29253338599995, 7.437826877000134], [-71.29305940899997, 7.438265887], [-71.29562951899999, 7.439589901000147], [-71.29783660699997, 7.440152902000079], [-71.29928066899998, 7.441125912000132], [-71.29998770799989, 7.442140929000175], [-71.30053572699995, 7.44274194400009], [-71.30228380699998, 7.443003936000082], [-71.30393687199995, 7.443678949000059], [-71.30533493299998, 7.444720960000041], [-71.30664399299997, 7.445232963000024], [-71.30936210299996, 7.444948944000089], [-71.31093316299985, 7.444107925000026], [-71.31176518899986, 7.443514908999987], [-71.31280223699997, 7.443428898999969], [-71.31448430499995, 7.443184890000168], [-71.31600936199999, 7.44222785400018], [-71.31622036199997, 7.441677849000087], [-71.31761241499993, 7.439938810000172], [-71.31886046199992, 7.439256783000133], [-71.32035652699989, 7.439172782000185], [-71.32106655599995, 7.43984278500011], [-71.32196558799996, 7.439640782000026], [-71.32276862299989, 7.440058789000034], [-71.32421468299998, 7.440755786000068], [-71.32512172999998, 7.442805830000054], [-71.32543774699985, 7.443795850000072]]]}}, {"type": "Feature", "properties": {"Pais": "Venezuela", "Estado": "Apure", "Municipio": "P\u00e1ez", "Parroquia": "Arismendi"}, "geometry": {"type": "Polygon", "coordinates": [[[-69.88093218299997, 7.769898291], [-69.88883029299996, 7.77816451700005], [-69.898223, 7.787995000000137], [-69.89924788399992, 7.789068235000059], [-69.90033766599987, 7.789939508000089], [-69.90156406199998, 7.790741638000043], [-69.9015555599999, 7.790735724000058], [-69.90158921399996, 7.790664860000049], [-69.90218957799988, 7.789400685000032], [-69.90257958899991, 7.788044657000057], [-69.9029015939999, 7.787331639000058], [-69.90312960499995, 7.785653598000067], [-69.90338160199991, 7.784780586000124], [-69.90446264299993, 7.782481525000037], [-69.9045076349999, 7.781700513999965], [-69.9050816599999, 7.779838471], [-69.90669171499997, 7.777654409000149], [-69.90825576699996, 7.775217357000145], [-69.90982182399995, 7.774066327000071], [-69.91219492299996, 7.772685279000029], [-69.91429000399984, 7.771166244000028], [-69.91670809699997, 7.769302181000057], [-69.91744412299994, 7.768290160000106], [-69.91988521399998, 7.766105101000051], [-69.92057522799985, 7.765208081000083], [-69.92112825599997, 7.76456406300008], [-69.92158826499991, 7.763851045000081], [-69.92292030999988, 7.760862973000087], [-69.92331132899994, 7.76010395600008], [-69.92425435699988, 7.758494912], [-69.9251283829999, 7.756770880000033], [-69.92655544099995, 7.75516084000003], [-69.9276824769999, 7.754010805000178], [-69.92906352199998, 7.752354766], [-69.9299375619999, 7.751158731000089], [-69.9310665999999, 7.750720717999968], [-69.9338547179999, 7.750051691000124], [-69.93602181099982, 7.750002678000101], [-69.93885591799983, 7.749378657000079], [-69.94035298499989, 7.74822862000002], [-69.94300108299996, 7.746295568000164], [-69.9446341389999, 7.744179514000052], [-69.94548617399988, 7.743305493000094], [-69.94677321499995, 7.741075432000059], [-69.94783024799995, 7.738339370000176], [-69.94978530899988, 7.735580304000109], [-69.95091334999995, 7.734361268000157], [-69.95199540399994, 7.733946255000035], [-69.95374746999988, 7.733990249000101], [-69.95446249899999, 7.73408125300017], [-69.95651558799995, 7.735181264000175], [-69.95672360199984, 7.735985286000073], [-69.95776164799992, 7.736742287000084], [-69.95903171199996, 7.737935308000147], [-69.95986374999995, 7.739634346], [-69.96002576099994, 7.740047354000069], [-69.96064979799996, 7.741126370000188], [-69.96129783299995, 7.743285423000032], [-69.96169185299993, 7.744663442000103], [-69.9619478699999, 7.746042479000096], [-69.96310091899994, 7.746890487000087], [-69.96386396499997, 7.748245516], [-69.96573204399994, 7.749207528], [-69.96718611199998, 7.75044654800007], [-69.96829415199988, 7.75099654700017], [-69.97000022999993, 7.75127055400003], [-69.97205131499999, 7.751336542000161], [-69.97426340099997, 7.750598517000071], [-69.97624548499994, 7.750733505000085], [-69.97742053499996, 7.75024949200008], [-69.97880158199996, 7.749145467000119], [-69.98027464199998, 7.747558416000174], [-69.98089566499993, 7.746684396000148], [-69.98181670199995, 7.745878383000161], [-69.98294373599992, 7.744498346000114], [-69.98621587099996, 7.743713311000079], [-69.99020303699996, 7.743271288000187], [-69.99368318699999, 7.743496271000083], [-69.99488223399999, 7.74367826800011], [-69.99852437999988, 7.743697254000097], [-70.00039145999989, 7.743625242000178], [-70.00219854199986, 7.744429256000103], [-70.00319157699994, 7.744548249000047], [-70.00457764299989, 7.744577250000077], [-70.00623871399983, 7.745066252000015], [-70.0077627739999, 7.745462250000116], [-70.00960885499995, 7.746021257000109], [-70.0109919219999, 7.746854269000096], [-70.01198295999995, 7.747340270000052], [-70.01422305299991, 7.747739268000032], [-70.01704516899991, 7.747061242000086], [-70.01958727199985, 7.746888226000124], [-70.02141335299996, 7.746872218000078], [-70.02363044499998, 7.746996208000041], [-70.02569052699988, 7.746384181999986], [-70.02656856999988, 7.746387181000159], [-70.0283246439999, 7.746325173], [-70.03079574799989, 7.746610162000081], [-70.03239180999998, 7.746180153000068], [-70.03472890299997, 7.745409124000162], [-70.03643897599989, 7.745484112000156], [-70.03928608899992, 7.744278076], [-70.0416731759999, 7.742702029999975], [-70.04341723599998, 7.740182970000092], [-70.04590232599998, 7.7371598900001], [-70.04630133499995, 7.73573786500009], [-70.04732536799986, 7.733903822000173], [-70.04922943999992, 7.73186675900007], [-70.05104050499995, 7.729691707000086], [-70.05159553399994, 7.729648708000184], [-70.05340160299988, 7.728851677000023], [-70.0558987089999, 7.728447656000071], [-70.05798078599997, 7.727904642000112], [-70.06087589599997, 7.726146591000031], [-70.0625669609999, 7.725165560000107], [-70.06604110499995, 7.723272497999972], [-70.06608809899996, 7.723135502000048], [-70.06731215599996, 7.723116493000134], [-70.06860820499998, 7.722708480000051], [-70.06925622899996, 7.722343467000144], [-70.07207634899999, 7.722262451000176], [-70.07348540399994, 7.722359447000031], [-70.07669554299997, 7.722670436000101], [-70.07923665399994, 7.722772429000088], [-70.08247078499988, 7.72287641700018], [-70.08459587499988, 7.722953414000074], [-70.08534790399995, 7.722783907000178], [-70.08609993399989, 7.722614400000055], [-70.08975407899999, 7.721663360999969], [-70.09285919599995, 7.719562294000127], [-70.09492128399995, 7.718100256000128], [-70.09541029999991, 7.71736724200008], [-70.09650133799994, 7.715993201000174], [-70.09734235699989, 7.713837157000114], [-70.09881040799996, 7.710925086000145], [-70.09888541099986, 7.709593053000106], [-70.09911841699994, 7.708997048000128], [-70.10022845199995, 7.708749031000082], [-70.10145750599997, 7.707743004000065], [-70.10316957599986, 7.707220982000081], [-70.10557167699994, 7.70725297000007], [-70.10873779999997, 7.707264958000167], [-70.10996385399989, 7.706924952000065], [-70.1114949059999, 7.705437907000032], [-70.11212592899989, 7.703579861000151], [-70.1117869069999, 7.701717822000035], [-70.1132769539999, 7.698920763000103], [-70.1148850049999, 7.695619688000136], [-70.11623605599988, 7.693005626000172], [-70.11723509099994, 7.691654586000141], [-70.11797711399998, 7.690968564000059], [-70.11846713399984, 7.689913548000163], [-70.12052820499991, 7.688611506000029], [-70.12094522999996, 7.688406502000134], [-70.12394935499992, 7.688257478000082], [-70.12732449099997, 7.687718455000152], [-70.13113963999996, 7.686859416000061], [-70.13252669999997, 7.686865415999989], [-70.13421377099996, 7.686618403000068], [-70.13673387699998, 7.686237381000183], [-70.13902196699996, 7.685924368000144], [-70.14047902099998, 7.685631355000112], [-70.14226009099991, 7.685017332000029], [-70.14383615199995, 7.683898301000056], [-70.14501620399994, 7.683282282], [-70.14578223199993, 7.6824582590001], [-70.14661925899998, 7.681289234000133], [-70.14664925199997, 7.679544193000083], [-70.14653624399995, 7.678809183000169], [-70.14716825999994, 7.676744135000035], [-70.14763727499985, 7.675138098000104], [-70.14845230499998, 7.67351005200004], [-70.15040336999994, 7.67103599800015], [-70.15139940499989, 7.670373969000025], [-70.15290845999988, 7.668610934000071], [-70.15434651499993, 7.6670078840001], [-70.15483553099989, 7.666205869000123], [-70.15595156599989, 7.664441831000147], [-70.15611657499994, 7.663500800000179], [-70.1554635419999, 7.662267784000107], [-70.15550853499991, 7.661693774000071], [-70.15476950599998, 7.660247738000123], [-70.15456149099998, 7.659237720000078], [-70.15456148699997, 7.658387709000181], [-70.15435246699991, 7.657515692000061], [-70.15359043799992, 7.656161656000108], [-70.15287540499992, 7.655312641000137], [-70.15229736999987, 7.654165629999966], [-70.15178933999994, 7.652857593000022], [-70.15176534299991, 7.652099583], [-70.15146431399995, 7.649826533000066], [-70.15139429899995, 7.647989492000022], [-70.15194631799994, 7.64640346200008], [-70.1528453549999, 7.644680424000114], [-70.15358237499998, 7.643761397000048], [-70.15427340099995, 7.641923359000032], [-70.15556444099991, 7.64006131300016], [-70.15710850199997, 7.63881927500006], [-70.15805352699988, 7.636889224000129], [-70.15849054699999, 7.63613121100002], [-70.15853654099988, 7.634638178000046], [-70.15818951699987, 7.633628160000114], [-70.16003358599994, 7.631353103000095], [-70.16141563199989, 7.628894046000141], [-70.16346670299998, 7.625836972000116], [-70.16535677199994, 7.623216901000148], [-70.16662280499997, 7.619609825000111], [-70.16742883599994, 7.618276784000045], [-70.16934190599989, 7.615725725000118], [-70.17243202399993, 7.615400705000013], [-70.17473911799988, 7.615213690000076], [-70.17755324299992, 7.615187674000083], [-70.18188941899996, 7.615802674000179], [-70.18505055199995, 7.616027658000121], [-70.18814068199993, 7.615679639], [-70.19012476399996, 7.615722626000093], [-70.19406792099988, 7.614271578000114], [-70.19637301199992, 7.612982544000033], [-70.19895511099998, 7.610981486000071], [-70.20086917999998, 7.609669453000095], [-70.20257324599993, 7.607141395000042], [-70.20427830299997, 7.604246317000104], [-70.20628337799997, 7.602360274000091], [-70.2077814349999, 7.600360226000021], [-70.20897946999992, 7.599234196000111], [-70.20992350199998, 7.597120144000144], [-70.20987648699997, 7.595260103000157], [-70.20992149099999, 7.594548092000139], [-70.21026649399994, 7.593261065000149], [-70.21194956099998, 7.591307017000133], [-70.21349362299992, 7.590340981000111], [-70.21499368899998, 7.590774985000166], [-70.21720777699994, 7.590886983000189], [-70.21912185199994, 7.590975971999967], [-70.2226980069999, 7.592578987000024], [-70.2246591039999, 7.593517997999982], [-70.22749822699996, 7.595879039000067], [-70.22849127799998, 7.597049060000131], [-70.23100638899996, 7.598217077000072], [-70.23386750599991, 7.60037211000008], [-70.23550658599999, 7.60195413200006], [-70.2387827259999, 7.602868138000019], [-70.24058179899998, 7.603187128000116], [-70.24249688099991, 7.603804138000044], [-70.24491899299994, 7.604260132000093], [-70.24591202999994, 7.604833144000054], [-70.24976519799998, 7.606527164999989], [-70.25172628299998, 7.607443175000128], [-70.2530423479999, 7.608635191000133], [-70.25426540499996, 7.609804206000149], [-70.25475142699992, 7.61113623600005], [-70.25597448299993, 7.612075250000146], [-70.25694352699992, 7.61296927], [-70.25920563399995, 7.614643290000174], [-70.26121271599993, 7.614571277000152], [-70.26217975299994, 7.613582256000143], [-70.2627797749999, 7.61293823800014], [-70.26393181099985, 7.612156217000177], [-70.26540687099993, 7.611052192000045], [-70.26941902699991, 7.608933124000032], [-70.27273916199982, 7.608308097000076], [-70.27472224699994, 7.607617067000092], [-70.2773743489999, 7.607291056000065], [-70.27942743199998, 7.607334043000151], [-70.28318659099995, 7.607145023000157], [-70.28616271599998, 7.607898030000172], [-70.28976087299998, 7.608261013000117], [-70.29252898399994, 7.608027002000028], [-70.29610412799991, 7.608457993000059], [-70.29744218399998, 7.608753996000132], [-70.29914926499998, 7.608613978000108], [-70.30043930399995, 7.607715950000056], [-70.30078532699991, 7.607095938999976], [-70.30152134899998, 7.605257900000026], [-70.30202635899991, 7.603189849999978], [-70.3016793299999, 7.601169815000105], [-70.30213935099994, 7.600594798000031], [-70.30273937499993, 7.600272782000047], [-70.30518346499991, 7.599556763000066], [-70.30748855799987, 7.598864738999964], [-70.30841060299997, 7.59861072800004], [-70.30937964299994, 7.598609718000091], [-70.31011866799997, 7.599228731000096], [-70.31154873999998, 7.599983744000099], [-70.31235676599988, 7.600395744000082], [-70.31434186099989, 7.60211477200005], [-70.31551891299995, 7.602388769000072], [-70.31794000499997, 7.602292761000115], [-70.31997009799983, 7.601945740000076], [-70.3208921289999, 7.601438728000062], [-70.3225281949999, 7.600793712000154], [-70.32398025099997, 7.599091661000102], [-70.32471627499996, 7.597575624000172], [-70.32618931699989, 7.594909567000116], [-70.32674233099988, 7.593668539000134], [-70.32724735299996, 7.591578494000089], [-70.32736134399994, 7.590108461000057], [-70.32742734199991, 7.587559409], [-70.32654829299992, 7.584897347000037], [-70.32516122099997, 7.58212029900011], [-70.32453818999994, 7.581065276000118], [-70.32206707199998, 7.577670222000052], [-70.32218006599999, 7.575374171000078], [-70.32213305699992, 7.574800162000088], [-70.32240806499993, 7.573491128000114], [-70.32303008199995, 7.572709110000062], [-70.3233459039999, 7.572128369000097], [-70.3239051139999, 7.571100079000075], [-70.32538017299999, 7.569789042000082], [-70.32616319599992, 7.569466031000047], [-70.3276612549999, 7.56810899400017], [-70.32897531299983, 7.567348967000044], [-70.33227244999995, 7.567366962000051], [-70.33496955599992, 7.566260922000026], [-70.33706763299995, 7.565705894000075], [-70.33845168599998, 7.565175880000083], [-70.34080278099992, 7.564712863000068], [-70.34149480699989, 7.564183845000173], [-70.34264685599999, 7.563768833000154], [-70.34370690099996, 7.562733811000101], [-70.34428291699993, 7.561928780000017], [-70.34432792099994, 7.561193770000159], [-70.34423389999995, 7.559425729000111], [-70.34476091399995, 7.556600674000094], [-70.34485090499993, 7.553845614000011], [-70.34514790299983, 7.551249556000187], [-70.34537690999986, 7.550078535000182], [-70.34615893299997, 7.548148485000183], [-70.3467569529999, 7.546563449000132], [-70.34733096399998, 7.544311398000048], [-70.34898802199996, 7.541553339000188], [-70.34988605299998, 7.539600288000145], [-70.35103709199996, 7.538129257000037], [-70.35200412599994, 7.536290213000086], [-70.35386818899997, 7.533394141000088], [-70.35594226799998, 7.532173103000162], [-70.35734731799988, 7.530357057000174], [-70.35792233799992, 7.528887022000106], [-70.35852034699997, 7.527553994000129], [-70.35851935099987, 7.526933983999982], [-70.35833433699992, 7.526199968000014], [-70.35798731299997, 7.525120950000087], [-70.35784831299986, 7.524339929000064], [-70.35819230699997, 7.522295885], [-70.3585133169999, 7.521101864000116], [-70.35906533699995, 7.519860837000181], [-70.35993935999994, 7.517378771000153], [-70.36060638199996, 7.515931748000071], [-70.36118039199994, 7.51354268900019], [-70.36150139899996, 7.511865654000076], [-70.36142838499995, 7.508375585000067], [-70.3612173549999, 7.504931505], [-70.3608233359999, 7.503829487000132], [-70.36045330999991, 7.50247546200012], [-70.35975927399994, 7.500226421000093], [-70.35961926699991, 7.49905539000008], [-70.35941025499994, 7.497287350000022], [-70.35968625799995, 7.496552339], [-70.35966224999993, 7.49607033], [-70.35961525199997, 7.495106312000189], [-70.35940623099998, 7.494004282000162], [-70.35972723599997, 7.491891238000107], [-70.35944922599998, 7.490973221000104], [-70.35861818299998, 7.489504198000134], [-70.35873217699998, 7.488701180000135], [-70.35921519699997, 7.487667154000178], [-70.35953721399989, 7.487115137999979], [-70.36041324299998, 7.486172117000024], [-70.36105726599999, 7.485115090000079], [-70.36237131199988, 7.484562077000021], [-70.36338435199997, 7.483779051000113], [-70.36578044899989, 7.482076003000032], [-70.36697949299997, 7.481591990000084], [-70.3686155559999, 7.480417960000068], [-70.36978959499999, 7.478716916000053], [-70.37202568799995, 7.478391900000133], [-70.37301572399991, 7.477058871000054], [-70.37407476499988, 7.476275845000089], [-70.37465077999991, 7.47517281800009], [-70.37566381999989, 7.474642806000077], [-70.37681386099985, 7.472092744000122], [-70.37709087199994, 7.471770741000057], [-70.3778728989999, 7.47066670900017], [-70.37925494699994, 7.468758663000017], [-70.37976095699997, 7.468069650000132], [-70.37969095899996, 7.467426641000145], [-70.37984995499994, 7.465382598000019], [-70.38030795499992, 7.46241953100008], [-70.38097397999996, 7.460145473000068], [-70.38131898299991, 7.458789446000026], [-70.38209900199996, 7.455642376000071], [-70.38368906499988, 7.454538352000043], [-70.38525512099989, 7.453180309000174], [-70.38663817999992, 7.45262729500007], [-70.38847924499993, 7.450167232000183], [-70.38993029799991, 7.448879196], [-70.3929024119999, 7.446486142000083], [-70.39527349499997, 7.443933071000117], [-70.39601051399995, 7.442807044000119], [-70.39667854499999, 7.442300033000038], [-70.39836061199998, 7.441471004999983], [-70.39995067699988, 7.440916984000069], [-70.40174774699989, 7.440247963000047], [-70.4037068259999, 7.439532940000163], [-70.40460585999995, 7.439760939000109], [-70.40511388299996, 7.439828943], [-70.40781099599985, 7.440099942000131], [-70.40843402199988, 7.440098934000048], [-70.4115461479999, 7.439909916999966], [-70.41237617899992, 7.439908909000053], [-70.41495729199988, 7.439330891000054], [-70.4164553409999, 7.438523870000154], [-70.41811440699996, 7.437648841000112], [-70.41928846099995, 7.436727814000051], [-70.42018648499999, 7.435830794000083], [-70.42101551799993, 7.434543765000058], [-70.42357262099995, 7.4332537250001], [-70.42447064499999, 7.432494706000057], [-70.42529967999985, 7.431711681000024], [-70.42658972999993, 7.430653658000153], [-70.42704975099997, 7.430101642000125], [-70.42873181599998, 7.42897361200005], [-70.4293998359999, 7.428513594000037], [-70.43101189499998, 7.427523565000058], [-70.43138090799994, 7.427178562000051], [-70.43267095799985, 7.426303535000045], [-70.43373100499997, 7.425704522000103], [-70.43499704999994, 7.424783495000042], [-70.44056544499995, 7.421519764999971], [-70.43972741599998, 7.41919242299997], [-70.4388507079999, 7.417137559000139], [-70.43455177399994, 7.407061551000083], [-70.43108249599993, 7.398930124000117], [-70.405861, 7.339815000000101], [-70.3718669999999, 7.24563], [-70.369268, 7.243628000000172], [-70.36836399999987, 7.243798], [-70.367256, 7.243479], [-70.36556999999988, 7.24291], [-70.36464599999982, 7.242293000000188], [-70.36333, 7.241722], [-70.361921, 7.24122100000011], [-70.361506, 7.241497], [-70.360813, 7.24143], [-70.35952, 7.240791], [-70.35885, 7.240471], [-70.357765, 7.240267], [-70.35638, 7.24011], [-70.356056, 7.239675], [-70.355085, 7.238782000000128], [-70.354277, 7.238302], [-70.353675, 7.237592], [-70.3527509999999, 7.23709], [-70.352243, 7.236655000000155], [-70.35171, 7.235899000000131], [-70.351061, 7.235587], [-70.35070799999988, 7.235434], [-70.349586, 7.234986000000106], [-70.34848, 7.235746], [-70.34762599999988, 7.236001], [-70.347003, 7.235934], [-70.346149, 7.235523000000114], [-70.346125, 7.235270000000128], [-70.34570899999989, 7.234766], [-70.344602, 7.235182000000123], [-70.343563, 7.234932], [-70.342986, 7.234704], [-70.341532, 7.234570000000133], [-70.34070299999985, 7.235421], [-70.339297, 7.236251000000152], [-70.33856, 7.236643], [-70.3379599999999, 7.236828], [-70.336552, 7.236993], [-70.336184, 7.237361000000135], [-70.335401, 7.237914], [-70.334111, 7.238997000000154], [-70.33325699999989, 7.239159], [-70.332658, 7.239459000000181], [-70.33245099999982, 7.239988], [-70.33176, 7.240288], [-70.330768, 7.240543000000173], [-70.329914, 7.240201000000127], [-70.32876, 7.240295], [-70.3283449999999, 7.24038800000011], [-70.327032, 7.241241000000173], [-70.326641, 7.241953000000137], [-70.325788, 7.242391000000111], [-70.32454099999984, 7.241843], [-70.323317, 7.241548], [-70.322394, 7.241436000000135], [-70.32112499999988, 7.241439], [-70.320363, 7.241234000000134], [-70.31937, 7.240594000000101], [-70.317824, 7.240437], [-70.316648, 7.241128], [-70.315795, 7.241475], [-70.314642, 7.241478], [-70.313695, 7.24148], [-70.312356, 7.241346], [-70.311433, 7.24153100000018], [-70.310372, 7.24144200000012], [-70.309195, 7.241652000000101], [-70.30808699999983, 7.241057], [-70.306494, 7.240855], [-70.305455, 7.240697000000125], [-70.30439499999989, 7.241204000000153], [-70.302919, 7.241391], [-70.30180999999988, 7.240866], [-70.301094, 7.240638], [-70.299663, 7.240275], [-70.298346, 7.239543], [-70.296615, 7.239364000000137], [-70.295784, 7.238999000000149], [-70.29548199999988, 7.238173000000188], [-70.294927, 7.237394], [-70.294509, 7.236247000000162], [-70.294254, 7.235536000000138], [-70.292823, 7.235127], [-70.2913, 7.235153], [-70.2907, 7.2352], [-70.289038, 7.235182000000123], [-70.28834499999982, 7.234862000000135], [-70.287489, 7.233854], [-70.287327, 7.233372000000145], [-70.287118, 7.232868000000167], [-70.286586, 7.232410000000129], [-70.282665, 7.232878], [-70.28107199999988, 7.232584000000145], [-70.279618, 7.232518], [-70.27888, 7.232428], [-70.2780259999999, 7.232338], [-70.276895, 7.232066], [-70.27590099999986, 7.23151700000011], [-70.275048, 7.231496000000163], [-70.274884, 7.230579000000148], [-70.27502, 7.229155000000105], [-70.274303, 7.228491], [-70.272757, 7.228059], [-70.270541, 7.228064], [-70.268512, 7.22839], [-70.26775, 7.22818500000011], [-70.266803, 7.227935], [-70.26564899999988, 7.227961], [-70.26366499999989, 7.228332], [-70.263435, 7.228494000000126], [-70.262604, 7.228610000000117], [-70.261588, 7.228177000000187], [-70.26107999999988, 7.227856], [-70.260064, 7.227790000000141], [-70.258862, 7.228214], [-70.258819, 7.228229], [-70.257829, 7.229103], [-70.256977, 7.230207], [-70.255754, 7.230187], [-70.254601, 7.230167000000165], [-70.252985, 7.229780000000119], [-70.252131, 7.229668], [-70.251508, 7.229715], [-70.25065399999983, 7.229923], [-70.248994, 7.230432], [-70.248811, 7.231167000000141], [-70.248258, 7.23149], [-70.24770599999988, 7.232432000000131], [-70.247337, 7.232731], [-70.246483, 7.232596], [-70.244935, 7.231612000000155], [-70.244103, 7.230811000000131], [-70.243548, 7.229871000000173], [-70.243569, 7.22920500000015], [-70.242876, 7.228725], [-70.24215999999984, 7.228198000000134], [-70.241004, 7.227834], [-70.240381, 7.227399000000105], [-70.239342, 7.227126], [-70.238441, 7.226692], [-70.237564, 7.226648000000125], [-70.23604099999989, 7.226445], [-70.235095, 7.226378000000182], [-70.234102, 7.226174000000185], [-70.233479, 7.226152000000127], [-70.232879, 7.226154000000122], [-70.231956, 7.22590300000013], [-70.23153999999988, 7.225789000000134], [-70.229878, 7.225472], [-70.228194, 7.225246000000141], [-70.226555, 7.22502], [-70.225655, 7.224976], [-70.225078, 7.225138], [-70.223809, 7.224797], [-70.2227, 7.22418], [-70.221084, 7.223724000000118], [-70.2194, 7.223889], [-70.21827, 7.224121000000139], [-70.216308, 7.22446900000017], [-70.215477, 7.224356], [-70.214532, 7.224726], [-70.21296399999989, 7.225326000000166], [-70.21217899999988, 7.225282000000107], [-70.210494, 7.224987], [-70.209987, 7.224942], [-70.20922599999989, 7.225633000000187], [-70.208651, 7.226139000000103], [-70.20731299999989, 7.226739], [-70.20717499999984, 7.226808], [-70.204291, 7.226929], [-70.203668, 7.22693], [-70.201199, 7.226683], [-70.200623, 7.227557], [-70.199702, 7.228247000000124], [-70.199148, 7.228639], [-70.19910299999987, 7.228869], [-70.198665, 7.229237000000126], [-70.198205, 7.229858], [-70.19788199999982, 7.229973], [-70.197236, 7.230066000000136], [-70.196986, 7.232201], [-70.196408, 7.23195], [-70.1956009999999, 7.232159000000138], [-70.193225, 7.232164000000182], [-70.192715, 7.231752], [-70.189368, 7.230726], [-70.18939099999989, 7.230933000000107], [-70.18669099999988, 7.230801], [-70.186369, 7.231192], [-70.184476, 7.230966], [-70.184247, 7.231885], [-70.183279, 7.232553], [-70.18272699999989, 7.233219], [-70.18168899999989, 7.233841], [-70.180444, 7.234510000000114], [-70.179223, 7.23517800000019], [-70.177769, 7.235457000000167], [-70.17610899999988, 7.235896], [-70.175534, 7.236885], [-70.175534, 7.237321], [-70.174635, 7.237529000000166], [-70.17336599999987, 7.237463], [-70.1729519999999, 7.238405000000171], [-70.17223699999988, 7.238705000000152], [-70.17135999999988, 7.238868000000139], [-70.170761, 7.23916700000018], [-70.169838, 7.239169000000174], [-70.168799, 7.238712], [-70.166558, 7.237960000000157], [-70.166142, 7.237547], [-70.165842, 7.237364], [-70.164896, 7.237688], [-70.1646659999999, 7.237803], [-70.163373, 7.237599000000102], [-70.162773, 7.237669], [-70.161782, 7.238406000000111], [-70.161552, 7.238705000000152], [-70.160701, 7.24017600000019], [-70.160359, 7.242334], [-70.1588359999999, 7.242659], [-70.156596, 7.241676], [-70.15548799999988, 7.241426], [-70.154957, 7.240991000000122], [-70.15361799999988, 7.240994000000171], [-70.1514509999999, 7.242284000000154], [-70.14979199999988, 7.243596], [-70.14783199999988, 7.244357], [-70.14674699999989, 7.243854], [-70.145361, 7.243008], [-70.14482799999985, 7.241609], [-70.144526, 7.24064600000014], [-70.144155, 7.239889], [-70.14366799999988, 7.239063000000101], [-70.142929, 7.238239000000135], [-70.14242, 7.237436000000116], [-70.14207, 7.235233000000107], [-70.141699, 7.23429300000015], [-70.141512, 7.232778], [-70.141579, 7.231654000000105], [-70.14120799999989, 7.230208000000175], [-70.140168, 7.229223], [-70.13869, 7.228698000000122], [-70.137466, 7.228127000000143], [-70.136403, 7.227395000000115], [-70.13541, 7.226731], [-70.13483199999985, 7.225699000000134], [-70.134508, 7.225241], [-70.133698, 7.224095], [-70.13342099999988, 7.223682], [-70.132036, 7.223593000000164], [-70.13058099999984, 7.223045], [-70.129774, 7.22332200000011], [-70.12922, 7.222864], [-70.12832, 7.223096], [-70.12749, 7.223465], [-70.126567, 7.223558], [-70.125989, 7.222687000000121], [-70.125157, 7.221725000000106], [-70.1250869999999, 7.221564000000114], [-70.124186, 7.220510000000161], [-70.122985, 7.219824], [-70.12254599999989, 7.219526], [-70.12206, 7.219022000000109], [-70.12102, 7.218543000000125], [-70.120119, 7.217557], [-70.11963299999985, 7.217099000000189], [-70.118386, 7.216138], [-70.118523, 7.215357], [-70.117738, 7.215083000000163], [-70.116746, 7.215154], [-70.115777, 7.214972], [-70.115775, 7.21426], [-70.115751, 7.213457000000119], [-70.115911, 7.212791], [-70.115357, 7.212586000000158], [-70.11480399999988, 7.212587], [-70.11434299999985, 7.213139], [-70.114113, 7.213828], [-70.11383699999988, 7.214425], [-70.113654, 7.215068], [-70.112409, 7.215461000000175], [-70.11134599999986, 7.214614], [-70.110444, 7.213583], [-70.110351, 7.212894], [-70.109911, 7.211931000000163], [-70.108825, 7.211221], [-70.10847799999988, 7.210786], [-70.107717, 7.210627], [-70.106655, 7.210239000000115], [-70.105154, 7.209989], [-70.104416, 7.210105], [-70.103587, 7.210819000000129], [-70.103104, 7.211715], [-70.10264399999988, 7.212657], [-70.1015139999999, 7.213531], [-70.10133, 7.213784000000146], [-70.100084, 7.213947000000132], [-70.099184, 7.21372], [-70.09796, 7.213745000000131], [-70.09683, 7.213885000000175], [-70.096091, 7.21393200000017], [-70.09489199999985, 7.214348], [-70.092907, 7.214122], [-70.09126799999984, 7.213437], [-70.090138, 7.213806], [-70.08868499999988, 7.214084000000128], [-70.0884089999999, 7.214888], [-70.086587, 7.215535000000102], [-70.086288, 7.215925], [-70.085873, 7.215949], [-70.0846959999999, 7.216181], [-70.083681, 7.216344], [-70.083496, 7.216046], [-70.08319499999988, 7.215312], [-70.08234, 7.214877000000172], [-70.082248, 7.215061000000105], [-70.079503, 7.215617000000123], [-70.078465, 7.215481], [-70.077427, 7.215483], [-70.07574199999988, 7.215257000000179], [-70.07461099999989, 7.215076000000124], [-70.072208, 7.21393200000017], [-70.07114699999983, 7.213705], [-70.069554, 7.21318], [-70.066601, 7.213645], [-70.06584, 7.213922], [-70.06503199999986, 7.213923000000136], [-70.064202, 7.214521], [-70.063395, 7.214408000000105], [-70.062101, 7.213745000000131], [-70.061062, 7.213104], [-70.06006899999983, 7.212670000000173], [-70.059353, 7.212442000000124], [-70.058339, 7.212719000000163], [-70.05707, 7.213043000000141], [-70.0561249999999, 7.213641], [-70.055595, 7.213964000000146], [-70.054464, 7.214310000000182], [-70.053659, 7.215942], [-70.05324499999989, 7.216883], [-70.051307, 7.216979], [-70.050177, 7.217188], [-70.048491, 7.217328000000123], [-70.04641499999985, 7.217332000000113], [-70.046116, 7.217976], [-70.04496299999988, 7.219011], [-70.043972, 7.21977], [-70.04300299999989, 7.219818], [-70.041619, 7.219935], [-70.040672, 7.219569], [-70.03998, 7.219204000000104], [-70.038364, 7.218954000000167], [-70.03658699999988, 7.21898], [-70.035643, 7.220061000000101], [-70.035205, 7.220865], [-70.034237, 7.221119000000101], [-70.033267, 7.220869000000164], [-70.032159, 7.220687], [-70.031167, 7.220459000000176], [-70.029803, 7.219153000000119], [-70.029618, 7.218947000000128], [-70.02850999999987, 7.218559], [-70.027541, 7.218652], [-70.02742699999988, 7.219571], [-70.026944, 7.220467000000156], [-70.02625299999988, 7.22157], [-70.025308, 7.222582000000159], [-70.02412899999985, 7.221734], [-70.024127, 7.220242000000155], [-70.023205, 7.220565], [-70.02179799999988, 7.220797], [-70.021106, 7.221166], [-70.019512, 7.219952000000148], [-70.019349, 7.219172], [-70.018864, 7.21876], [-70.016994, 7.218258000000162], [-70.01551599999988, 7.21732], [-70.013208, 7.216979], [-70.012565, 7.219276], [-70.011989, 7.219690000000128], [-70.011065, 7.219256000000144], [-70.01071999999988, 7.220083000000159], [-70.009383, 7.220659], [-70.00730699999986, 7.2211], [-70.006221, 7.220504000000176], [-70.006151, 7.220137], [-70.004421, 7.220346], [-70.00409599999989, 7.219061000000124], [-70.004557, 7.218211000000167], [-70.004833, 7.217706000000135], [-70.004739, 7.216765], [-70.003447, 7.216982], [-70.002195, 7.21774900000014], [-70.00148, 7.2169], [-70.000098, 7.216578], [-69.998877, 7.216301], [-69.99837, 7.216346], [-69.997518, 7.216391], [-69.99668899999989, 7.215794000000187], [-69.996113, 7.21561], [-69.995698, 7.215587000000141], [-69.9945699999999, 7.215723], [-69.993832, 7.216066000000126], [-69.9926109999999, 7.215767], [-69.991828, 7.215445000000102], [-69.99143699999985, 7.215903], [-69.990837, 7.216705000000104], [-69.99063, 7.21698], [-69.9906529999999, 7.217622000000119], [-69.9906519999999, 7.218265], [-69.990007, 7.21886], [-69.988671, 7.21918], [-69.987611, 7.219247000000109], [-69.986666, 7.219246000000169], [-69.98563, 7.219566], [-69.984961, 7.219932], [-69.98404, 7.220504000000176], [-69.983924, 7.221146], [-69.983717, 7.221811000000116], [-69.98364699999985, 7.222636], [-69.983255, 7.223805], [-69.98337, 7.224493000000166], [-69.98389999999989, 7.22520500000013], [-69.984038, 7.225503], [-69.984037, 7.226466000000187], [-69.98405999999983, 7.22736], [-69.98405999999983, 7.227635], [-69.984175, 7.228186], [-69.984128, 7.229080000000124], [-69.983667, 7.229561000000103], [-69.983252, 7.230524], [-69.982607, 7.231394], [-69.982653, 7.231990000000167], [-69.98306699999989, 7.23254100000014], [-69.983459, 7.232748000000186], [-69.98389599999985, 7.233024000000114], [-69.984426, 7.233712], [-69.984449, 7.234194000000116], [-69.98430999999988, 7.234927], [-69.983803, 7.234881], [-69.983389, 7.234582], [-69.98235199999988, 7.235315000000128], [-69.982305, 7.235590000000172], [-69.981868, 7.235269], [-69.98143, 7.235268000000133], [-69.980555, 7.235061], [-69.979656, 7.235014], [-69.978665, 7.235792000000174], [-69.978297, 7.236273], [-69.977928, 7.2368], [-69.97748999999988, 7.237006], [-69.97696, 7.237212], [-69.976638, 7.236707], [-69.97631499999989, 7.236569000000145], [-69.97548499999988, 7.236981000000128], [-69.975116, 7.237416], [-69.974609, 7.237484], [-69.973872, 7.237208], [-69.972858, 7.237184], [-69.972121, 7.23739], [-69.971752, 7.237596], [-69.97136099999989, 7.237366000000179], [-69.970508, 7.23748], [-69.9702779999999, 7.238098], [-69.969725, 7.238258], [-69.96861799999988, 7.238807], [-69.96831899999984, 7.239265000000103], [-69.96753499999988, 7.239815000000135], [-69.967121, 7.239493000000152], [-69.966545, 7.239401000000157], [-69.965117, 7.238757], [-69.964841, 7.237725], [-69.964472, 7.237105], [-69.964358, 7.236234000000138], [-69.9624, 7.23575], [-69.962723, 7.234627], [-69.962815, 7.234145000000126], [-69.96270299999986, 7.234129], [-69.96165799999989, 7.234474], [-69.961087, 7.235152000000141], [-69.96053399999988, 7.235496000000182], [-69.960305, 7.234921], [-69.958594, 7.235485000000153], [-69.957967, 7.23505], [-69.957216, 7.235744000000125], [-69.956801, 7.236248], [-69.956524, 7.236683], [-69.956133, 7.236797], [-69.95548799999983, 7.236200000000167], [-69.953392, 7.235831000000189], [-69.952148, 7.235004000000174], [-69.951895, 7.23429300000015], [-69.951802, 7.233651000000123], [-69.951526, 7.232848000000104], [-69.951088, 7.232618000000116], [-69.94970599999988, 7.232685000000117], [-69.948946, 7.23234], [-69.947771, 7.231674000000169], [-69.948002, 7.230711], [-69.948095, 7.229863], [-69.947266, 7.229288], [-69.94641399999989, 7.229012000000182], [-69.945861, 7.228644], [-69.945723, 7.227819], [-69.945862, 7.227085], [-69.945562, 7.22687800000017], [-69.945009, 7.227199], [-69.94454799999988, 7.227473], [-69.94411, 7.227771000000132], [-69.94353399999983, 7.227954000000182], [-69.943189, 7.228137], [-69.942567, 7.228136000000177], [-69.942406, 7.227677], [-69.94249799999989, 7.227012], [-69.94259099999988, 7.2266], [-69.9423829999999, 7.226439], [-69.941094, 7.225818], [-69.941094, 7.225405000000137], [-69.940726, 7.224579000000176], [-69.9403339999999, 7.223731], [-69.939933, 7.223553], [-69.93971299999987, 7.223455000000115], [-69.93883699999986, 7.223385000000178], [-69.937916, 7.223177], [-69.937178, 7.223268], [-69.936925, 7.223428000000183], [-69.93650999999988, 7.223428000000183], [-69.935611, 7.2241140000001], [-69.93512699999985, 7.224527000000137], [-69.93466699999988, 7.22448], [-69.93416, 7.22367700000018], [-69.933838, 7.22367700000018], [-69.9333769999999, 7.22418], [-69.933261, 7.224432], [-69.9334219999999, 7.224891], [-69.93358299999989, 7.225465000000156], [-69.933284, 7.225992], [-69.9323849999999, 7.22661], [-69.93155499999989, 7.227044], [-69.930403, 7.22747900000013], [-69.930334, 7.227845], [-69.92980399999988, 7.228280000000154], [-69.929251, 7.228165], [-69.928144, 7.227865000000122], [-69.92713, 7.228002], [-69.9269, 7.228231], [-69.926209, 7.228069000000119], [-69.925817, 7.228069000000119], [-69.925195, 7.227885000000185], [-69.9245499999999, 7.228618], [-69.924043, 7.228594], [-69.923698, 7.228341], [-69.92254599999984, 7.22873], [-69.922292, 7.229142], [-69.922107, 7.229417], [-69.9216459999999, 7.230448000000138], [-69.920494, 7.231456], [-69.91994, 7.232670000000155], [-69.919133, 7.233174], [-69.918097, 7.233081], [-69.91742899999986, 7.23319400000014], [-69.916783, 7.23319400000014], [-69.91618399999987, 7.23323900000014], [-69.915793, 7.233628000000181], [-69.915424, 7.234132000000102], [-69.914871, 7.234246000000155], [-69.914502, 7.233741000000123], [-69.91418, 7.233442], [-69.913604, 7.233166000000153], [-69.912867, 7.2330970000001], [-69.912153, 7.233394], [-69.911646, 7.233829000000128], [-69.911346, 7.234241000000111], [-69.910839, 7.234768], [-69.909733, 7.234423], [-69.909111, 7.23394], [-69.908674, 7.233664000000147], [-69.90784499999984, 7.232792], [-69.907499, 7.233044000000177], [-69.90713099999982, 7.233043], [-69.906209, 7.233409000000165], [-69.905909, 7.234051], [-69.905125, 7.234416000000181], [-69.904619, 7.234003], [-69.904043, 7.233750000000157], [-69.903558, 7.23349700000017], [-69.90314399999988, 7.233244000000184], [-69.90243, 7.23324300000013], [-69.901255, 7.232669], [-69.901209, 7.232279000000119], [-69.90109399999983, 7.232072], [-69.90026499999988, 7.2323], [-69.900241, 7.232553], [-69.8999879999999, 7.23269], [-69.89918199999988, 7.231496000000163], [-69.898422, 7.231289], [-69.897823, 7.23083000000014], [-69.89717799999983, 7.23076], [-69.896533, 7.23156200000011], [-69.896118, 7.231836], [-69.895612, 7.230987000000141], [-69.895382, 7.230482000000109], [-69.894529, 7.23087100000015], [-69.894253, 7.230802], [-69.893239, 7.230319000000122], [-69.8929399999999, 7.229241000000115], [-69.892756, 7.228988000000129], [-69.89165, 7.22917], [-69.89114299999989, 7.22942200000017], [-69.89066, 7.229215], [-69.889899, 7.229122000000189], [-69.88918499999988, 7.229603], [-69.888839, 7.230244000000141], [-69.888263, 7.229808000000105], [-69.887203, 7.230471], [-69.886558, 7.230745000000184], [-69.885429, 7.230606], [-69.88377, 7.23081], [-69.883056, 7.23103900000018], [-69.882688, 7.230167000000165], [-69.882619, 7.2291120000001], [-69.88119099999989, 7.2295], [-69.881167, 7.230486], [-69.881167, 7.230899000000136], [-69.880821, 7.231563], [-69.880222, 7.231654000000105], [-69.880037, 7.231791], [-69.87976, 7.231172000000186], [-69.87948399999988, 7.230231000000117], [-69.878632, 7.230093], [-69.878125, 7.230963], [-69.87771, 7.231375], [-69.877456, 7.231788000000165], [-69.87731699999989, 7.232728000000122], [-69.87704, 7.233576000000141], [-69.876026, 7.233643], [-69.875727, 7.233505], [-69.875727, 7.232771000000128], [-69.875728, 7.232015000000104], [-69.875867, 7.231143], [-69.875729, 7.230753000000163], [-69.8751529999999, 7.230661000000168], [-69.87436999999989, 7.230683], [-69.87427699999989, 7.231646000000126], [-69.87427599999984, 7.232104], [-69.87432199999989, 7.23238], [-69.874506, 7.232884], [-69.87446, 7.233595], [-69.873354, 7.233548], [-69.872548, 7.23350100000016], [-69.871857, 7.23272], [-69.87056699999988, 7.232604], [-69.870037, 7.233268], [-69.86962199999988, 7.233703000000162], [-69.869, 7.233221], [-69.8693, 7.232694000000151], [-69.869139, 7.23239500000011], [-69.868309, 7.232463], [-69.867088, 7.23292], [-69.86648899999989, 7.233286000000135], [-69.865429, 7.232895], [-69.863862, 7.233236], [-69.862825, 7.233648], [-69.862226, 7.233784000000128], [-69.86148899999984, 7.233990000000119], [-69.861028, 7.234493000000157], [-69.860428, 7.234928], [-69.85978299999988, 7.235386000000119], [-69.859598, 7.236372000000188], [-69.85885999999982, 7.236783000000116], [-69.858354, 7.23598], [-69.85817, 7.235934], [-69.857318, 7.235795], [-69.856949, 7.236391], [-69.855727, 7.237054000000114], [-69.855012, 7.237282000000164], [-69.853122, 7.237394], [-69.85286899999988, 7.237302], [-69.851555, 7.237828], [-69.851463, 7.237942], [-69.851371, 7.238034], [-69.850726, 7.238034], [-69.850312, 7.237413000000174], [-69.850036, 7.236908000000142], [-69.84962099999984, 7.236610000000155], [-69.849068, 7.236563], [-69.848447, 7.235897000000136], [-69.84833199999986, 7.235048], [-69.84833299999985, 7.234361], [-69.848264, 7.234016000000111], [-69.847365, 7.233855000000119], [-69.846904, 7.234014000000116], [-69.846858, 7.234037], [-69.846213, 7.233715], [-69.844324, 7.233965000000182], [-69.843195, 7.234193], [-69.84183499999989, 7.234649000000104], [-69.840982, 7.235336], [-69.83946099999986, 7.236298], [-69.838931, 7.236733], [-69.83807799999983, 7.237121000000172], [-69.837456, 7.237304], [-69.836787, 7.238014], [-69.83625699999988, 7.238517], [-69.8349209999999, 7.238767000000109], [-69.834183, 7.239890000000116], [-69.8339749999999, 7.240073000000166], [-69.83346799999987, 7.240554], [-69.833145, 7.241333000000168], [-69.833328, 7.242572000000166], [-69.833328, 7.24314500000014], [-69.832959, 7.243534000000182], [-69.832014, 7.243510000000128], [-69.83107, 7.243187], [-69.830032, 7.243461], [-69.829455, 7.243919], [-69.829248, 7.244056], [-69.828164, 7.246233], [-69.826872, 7.247286000000145], [-69.825973, 7.248569], [-69.825189, 7.249897000000146], [-69.824497, 7.250997], [-69.82276699999989, 7.252554], [-69.821177, 7.253583000000106], [-69.819794, 7.253856000000155], [-69.819448, 7.254039], [-69.818918, 7.255047000000104], [-69.818341, 7.255436000000145], [-69.817213, 7.255297], [-69.81605999999988, 7.256006], [-69.814908, 7.256463], [-69.81393899999989, 7.257195], [-69.812833, 7.257515], [-69.812395, 7.258064000000161], [-69.812072, 7.259142], [-69.811449, 7.25976], [-69.810412, 7.259942000000137], [-69.809744, 7.260308], [-69.808799, 7.260421000000122], [-69.807163, 7.260464000000127], [-69.80564299999986, 7.260232000000144], [-69.80430499999989, 7.260207], [-69.803291, 7.260527], [-69.80130999999989, 7.260524000000146], [-69.799743, 7.260659], [-69.798152, 7.261597000000108], [-69.79748299999989, 7.263017000000161], [-69.796907, 7.263177], [-69.79617, 7.262534000000187], [-69.796125, 7.261777], [-69.796079, 7.261250000000189], [-69.795204, 7.260996], [-69.794789, 7.260560000000112], [-69.794375, 7.260032], [-69.792947, 7.259617], [-69.792781, 7.259581], [-69.792417, 7.259501], [-69.791888, 7.258675], [-69.791543, 7.257596], [-69.790668, 7.257595], [-69.790138, 7.25709], [-69.78965399999987, 7.257020000000125], [-69.78965399999987, 7.257043], [-69.788087, 7.257614], [-69.786935, 7.258094], [-69.785137, 7.259077000000161], [-69.784675, 7.259718], [-69.783891, 7.260336], [-69.783177, 7.260518000000161], [-69.782785, 7.260724000000153], [-69.782785, 7.260976], [-69.78278399999988, 7.261618], [-69.782876, 7.262284], [-69.783383, 7.26233000000019], [-69.7835659999999, 7.263523000000134], [-69.782967, 7.263705], [-69.782667, 7.264209], [-69.782966, 7.264806], [-69.783035, 7.265448], [-69.782527, 7.266044], [-69.782043, 7.266593000000114], [-69.7816959999999, 7.267716000000121], [-69.78098199999988, 7.268059000000108], [-69.78052, 7.268586], [-69.78052, 7.269067000000177], [-69.78075, 7.2701], [-69.780657, 7.270856], [-69.779296, 7.27129], [-69.777683, 7.271539], [-69.774919, 7.270824], [-69.7739969999999, 7.27057], [-69.773006, 7.270685000000128], [-69.773005, 7.271693], [-69.771738, 7.27199], [-69.771253, 7.273067], [-69.770146, 7.273730000000171], [-69.769616, 7.273798000000113], [-69.768741, 7.27365900000018], [-69.767613, 7.272923], [-69.766507, 7.272027000000151], [-69.765563, 7.271475000000123], [-69.76445599999988, 7.272666], [-69.764018, 7.273009], [-69.763235, 7.273076], [-69.761553, 7.273097], [-69.760723, 7.273646000000156], [-69.760768, 7.274655000000166], [-69.760928, 7.27571], [-69.760605, 7.276122], [-69.759361, 7.276005000000112], [-69.759268, 7.276716000000135], [-69.759291, 7.277083000000118], [-69.759129, 7.277679], [-69.75846, 7.278366], [-69.758229, 7.278962], [-69.756062, 7.280334], [-69.754218, 7.280308000000161], [-69.753066, 7.280329000000108], [-69.751891, 7.280304000000172], [-69.75087599999989, 7.28138], [-69.750323, 7.281838000000107], [-69.749147, 7.28179], [-69.748364, 7.281468], [-69.74716599999988, 7.281374], [-69.745023, 7.281577], [-69.74407799999983, 7.281942000000186], [-69.74370999999985, 7.281598000000145], [-69.743688, 7.280107], [-69.74262799999985, 7.280358], [-69.742489, 7.28132], [-69.742327, 7.281687], [-69.740647, 7.279575], [-69.739265, 7.279572], [-69.738458, 7.280259], [-69.73848, 7.281038], [-69.738433, 7.281382], [-69.735992, 7.280690000000163], [-69.735923, 7.280140000000131], [-69.735463, 7.279038], [-69.734542, 7.278785], [-69.733736, 7.278462], [-69.733205, 7.27931000000018], [-69.732721, 7.279515000000117], [-69.731685, 7.278252], [-69.731548, 7.277564000000154], [-69.730233, 7.277516], [-69.729909, 7.278983000000153], [-69.72878, 7.279188], [-69.72733, 7.278084], [-69.725994, 7.277027], [-69.724958, 7.275948], [-69.724752, 7.274571], [-69.724246, 7.273814000000186], [-69.72422499999988, 7.272163], [-69.72413299999988, 7.271864000000164], [-69.724456, 7.271223], [-69.724457, 7.270489], [-69.72388099999984, 7.269892], [-69.72379, 7.269158], [-69.721878, 7.269178000000124], [-69.721324, 7.270163], [-69.720125, 7.270917000000111], [-69.719664, 7.270985], [-69.718005, 7.27112], [-69.717429, 7.271211000000108], [-69.716644, 7.272012000000132], [-69.715837, 7.272836], [-69.715122, 7.273500000000126], [-69.714776, 7.273775000000171], [-69.713716, 7.274094000000105], [-69.713554, 7.27524], [-69.713461, 7.275951], [-69.712216, 7.276659], [-69.710926, 7.276428000000124], [-69.709659, 7.275577], [-69.70853, 7.275621000000115], [-69.708092, 7.275712], [-69.707148, 7.274541000000113], [-69.70664099999988, 7.274769000000163], [-69.7053959999999, 7.275478], [-69.70463499999983, 7.276142], [-69.704289, 7.276462], [-69.703459, 7.276713], [-69.702791, 7.276253], [-69.70247, 7.274647000000186], [-69.701986, 7.274509000000137], [-69.70159499999983, 7.274806], [-69.700903, 7.275034], [-69.700005, 7.274941000000183], [-69.699936, 7.274735], [-69.697863, 7.273837000000128], [-69.69760899999989, 7.274547], [-69.696871, 7.274362], [-69.695904, 7.274017000000129], [-69.69477499999988, 7.273556000000156], [-69.695351, 7.274405], [-69.69576399999983, 7.275507000000118], [-69.695994, 7.276425], [-69.69560099999984, 7.277204], [-69.695002, 7.27734], [-69.69493199999982, 7.277982], [-69.693965, 7.277567], [-69.691915, 7.276555000000144], [-69.691846, 7.276532], [-69.691109, 7.276278000000161], [-69.688644, 7.276228], [-69.688528, 7.276755], [-69.689333, 7.278385], [-69.689724, 7.278798000000108], [-69.690322, 7.279785], [-69.690344, 7.280657], [-69.690205, 7.281161], [-69.689629, 7.281321000000105], [-69.688892, 7.281411000000105], [-69.688131, 7.281341], [-69.687808, 7.281569], [-69.6879919999999, 7.282671000000107], [-69.687945, 7.283198], [-69.687392, 7.283335000000136], [-69.68739099999982, 7.283954], [-69.68792, 7.284780000000183], [-69.687758, 7.285812], [-69.686698, 7.285879000000136], [-69.685592, 7.286129], [-69.684647, 7.286127], [-69.684347, 7.286746000000107], [-69.685176, 7.287137000000143], [-69.685221, 7.287940000000162], [-69.68443799999983, 7.28787], [-69.683377, 7.288303000000155], [-69.68319199999985, 7.288853000000188], [-69.68231599999984, 7.289035000000126], [-69.681163, 7.289308000000176], [-69.67973499999988, 7.289077], [-69.679388, 7.289878000000101], [-69.6795709999999, 7.290727000000174], [-69.679086, 7.291850000000181], [-69.677106, 7.290952000000118], [-69.67678399999988, 7.289690000000178], [-69.675562, 7.291133000000173], [-69.6746619999999, 7.292530000000113], [-69.674015, 7.293446], [-69.673807, 7.294088000000102], [-69.673208, 7.29427], [-69.672171, 7.294452], [-69.671524, 7.295758], [-69.67103999999989, 7.296307000000184], [-69.669979, 7.296695000000113], [-69.66949499999987, 7.297153], [-69.668711, 7.297955000000115], [-69.668387, 7.298413], [-69.667788, 7.298985], [-69.667464, 7.299833], [-69.666842, 7.299969000000146], [-69.66619699999984, 7.299739000000102], [-69.664769, 7.299438], [-69.664401, 7.298772], [-69.662512, 7.298265000000185], [-69.66232799999989, 7.297186], [-69.661339, 7.296359], [-69.6610859999999, 7.295830000000137], [-69.659888, 7.295644], [-69.659058, 7.295712000000151], [-69.659679, 7.296517000000165], [-69.659678, 7.297594], [-69.6593309999999, 7.298671], [-69.659514, 7.299933000000181], [-69.660183, 7.299338000000148], [-69.66066599999988, 7.299866000000122], [-69.660827, 7.300692], [-69.66066399999988, 7.301586000000157], [-69.66018, 7.302044], [-69.658844, 7.301606], [-69.658176, 7.301788], [-69.658197, 7.302820000000111], [-69.658128, 7.303508], [-69.6566749999999, 7.303780000000131], [-69.656191, 7.303504], [-69.654325, 7.302859000000126], [-69.652735, 7.302879], [-69.652065, 7.304437000000178], [-69.65181, 7.305560000000185], [-69.651302, 7.306614], [-69.6519229999999, 7.307968], [-69.652061, 7.308381000000168], [-69.65206, 7.308977], [-69.651736, 7.309848], [-69.651159, 7.310741], [-69.65141099999988, 7.311842000000183], [-69.651526, 7.31276], [-69.651018, 7.313378], [-69.650233, 7.31434], [-69.64954099999989, 7.314889], [-69.64861799999983, 7.316034000000116], [-69.647812, 7.31578], [-69.64654499999989, 7.315915], [-69.646152, 7.316419000000167], [-69.64541499999984, 7.316303000000175], [-69.645068, 7.317174], [-69.645044, 7.318343], [-69.645043, 7.319192000000101], [-69.644743, 7.319833000000187], [-69.64435, 7.32024500000017], [-69.644579, 7.321759], [-69.6449, 7.322746000000166], [-69.645152, 7.324237], [-69.64487499999984, 7.324672], [-69.643907, 7.325129000000175], [-69.643698, 7.325977], [-69.64332899999982, 7.326985], [-69.642313, 7.328176], [-69.641391, 7.328770000000134], [-69.640192, 7.328791000000138], [-69.640399, 7.329708000000153], [-69.640399, 7.329938], [-69.640491, 7.33060300000011], [-69.640491, 7.330833000000155], [-69.639801, 7.331622], [-69.63929299999984, 7.332195], [-69.638992, 7.33247], [-69.638484, 7.333755000000167], [-69.63825299999985, 7.334673], [-69.638138, 7.335568], [-69.637814, 7.33653100000015], [-69.637653, 7.336807], [-69.636937, 7.337242000000174], [-69.636498, 7.337655], [-69.6357589999999, 7.337815000000148], [-69.635159, 7.33793], [-69.634559, 7.337952000000143], [-69.63416599999982, 7.337952000000143], [-69.633612, 7.337951], [-69.63275799999985, 7.33802], [-69.631118, 7.337858000000153], [-69.63042599999989, 7.337857], [-69.629456, 7.338133], [-69.628647, 7.338247], [-69.628, 7.338522], [-69.627238, 7.338889], [-69.62592199999983, 7.33914], [-69.624444, 7.338726], [-69.624352, 7.339025000000106], [-69.6240509999999, 7.339483000000143], [-69.623359, 7.340079], [-69.622735, 7.340515], [-69.621835, 7.340583], [-69.621281, 7.340789], [-69.619733, 7.340628], [-69.619156, 7.340008], [-69.617909, 7.339617], [-69.616709, 7.338950000000125], [-69.615647, 7.339248], [-69.61463, 7.340073000000132], [-69.613984, 7.34131200000013], [-69.613245, 7.342183], [-69.612575, 7.343399000000147], [-69.61197499999986, 7.344707], [-69.612159, 7.345349], [-69.6122749999999, 7.346841], [-69.612505, 7.347690000000114], [-69.612736, 7.348815000000116], [-69.61285099999986, 7.34955], [-69.612644, 7.350031000000172], [-69.612644, 7.350444], [-69.611997, 7.350696000000141], [-69.61167399999982, 7.350948000000187], [-69.611928, 7.351247], [-69.6123889999999, 7.351385000000107], [-69.61335899999989, 7.351477000000102], [-69.613544, 7.351524], [-69.613683, 7.351983], [-69.614075, 7.352465000000109], [-69.614444, 7.35297], [-69.614952, 7.353314], [-69.61546, 7.353866], [-69.615922, 7.354095], [-69.616499, 7.354555], [-69.616453, 7.354968], [-69.616545, 7.355565000000126], [-69.616338, 7.356368], [-69.615945, 7.357308000000103], [-69.615945, 7.357675], [-69.616083, 7.357767], [-69.616083, 7.358226], [-69.615598, 7.358226], [-69.61522899999989, 7.358226], [-69.61522899999989, 7.358294000000114], [-69.615206, 7.358593], [-69.61543699999987, 7.358777000000146], [-69.61576, 7.359259], [-69.615922, 7.359419000000116], [-69.61610599999989, 7.360039], [-69.61626799999988, 7.360613000000171], [-69.616591, 7.360659], [-69.61700699999983, 7.360659], [-69.617307, 7.360958], [-69.617538, 7.361578], [-69.61809199999988, 7.361945], [-69.618484, 7.363093], [-69.619385, 7.36431000000016], [-69.619477, 7.365251], [-69.61968499999989, 7.365848], [-69.619408, 7.366329], [-69.6186919999999, 7.366742000000102], [-69.618576, 7.367545000000121], [-69.61801299999985, 7.367132], [-69.622792, 7.383007000000134], [-69.628929, 7.403729000000112], [-69.63751599999989, 7.428867000000139], [-69.644115, 7.450959000000182], [-69.656849, 7.491181000000154], [-69.66912699999989, 7.52987700000017], [-69.67736199999985, 7.554367000000184], [-69.687515, 7.564767], [-69.746786, 7.628092], [-69.769482, 7.652168], [-69.80952599999989, 7.695164], [-69.88093218299997, 7.769898291]]]}}, {"type": "Feature", "properties": {"Pais": "Venezuela", "Estado": "Apure", "Municipio": "P\u00e1ez", "Parroquia": "El Amparo"}, "geometry": {"type": "Polygon", "coordinates": [[[-70.369725, 7.243542000000161], [-70.369737, 7.243543], [-70.37057099999987, 7.243393], [-70.370718, 7.243367], [-70.439898, 7.231172000000186], [-70.443794, 7.230486], [-70.4437989999999, 7.230485], [-70.551975, 7.211415000000102], [-70.722479, 7.16984], [-70.841228, 7.162939000000165], [-71.030183, 7.151859000000172], [-71.030819, 7.15487], [-71.031808, 7.155206], [-71.033059, 7.156869], [-71.03371, 7.158124], [-71.034317, 7.159495000000163], [-71.03508199999987, 7.160543000000189], [-71.036098, 7.161589], [-71.036728, 7.162959], [-71.037191, 7.163597], [-71.038049, 7.164828000000171], [-71.038424, 7.165879], [-71.03907399999986, 7.166905], [-71.03949199999988, 7.16759], [-71.04069, 7.168428000000119], [-71.041221, 7.168813000000171], [-71.042853, 7.169349000000125], [-71.044187, 7.169819], [-71.045979, 7.170331], [-71.048349, 7.171296], [-71.050098, 7.171946], [-71.051846, 7.172596], [-71.05218999999988, 7.172639], [-71.05445, 7.174361], [-71.054636, 7.174612], [-71.05627, 7.175446], [-71.056757, 7.17615300000017], [-71.05690199999987, 7.177160000000185], [-71.0570709999999, 7.178282], [-71.057488, 7.178852000000177], [-71.058184, 7.179901], [-71.059567, 7.180783], [-71.06023499999986, 7.181213000000128], [-71.061225, 7.181708], [-71.06223599999987, 7.18186], [-71.063291, 7.181874000000107], [-71.06501799999984, 7.182890000000157], [-71.066996, 7.183653], [-71.06839699999989, 7.183893000000182], [-71.0692289999999, 7.184734000000162], [-71.070795, 7.1855690000001], [-71.07293499999986, 7.186352], [-71.073861, 7.187514000000135], [-71.074392, 7.187945], [-71.075378, 7.188005], [-71.075814, 7.188001], [-71.077118, 7.187531], [-71.077548, 7.186793000000137], [-71.078457, 7.185731], [-71.07875, 7.18501700000013], [-71.0793139999999, 7.18382], [-71.07958, 7.182626], [-71.080056, 7.181842000000131], [-71.080669, 7.181080000000122], [-71.08130799999986, 7.180662], [-71.0820609999999, 7.180082], [-71.082583, 7.179435000000126], [-71.083522, 7.17929], [-71.084875, 7.179209], [-71.086667, 7.179698], [-71.0881409999999, 7.180418], [-71.08942499999989, 7.180407], [-71.091028, 7.180141], [-71.09221799999989, 7.179786], [-71.094485, 7.179331], [-71.096483, 7.179703], [-71.098, 7.179988], [-71.099152, 7.180666], [-71.099891, 7.181370000000129], [-71.10108999999989, 7.182185], [-71.101804, 7.182614], [-71.103504, 7.183058000000187], [-71.105317, 7.183202], [-71.106854, 7.18328], [-71.10717499999987, 7.183255000000145], [-71.108527, 7.183105000000182], [-71.108823, 7.182827], [-71.10975799999989, 7.1822], [-71.110849, 7.180861000000164], [-71.111206, 7.179551000000117], [-71.112068, 7.178351000000134], [-71.112695, 7.176327000000185], [-71.112734, 7.175479000000166], [-71.11270399999984, 7.174539], [-71.112785, 7.173117000000104], [-71.11278, 7.17254400000013], [-71.11295499999989, 7.171396000000186], [-71.112974, 7.170845], [-71.113928, 7.169645000000116], [-71.114402, 7.168655], [-71.1156289999999, 7.167199], [-71.116771, 7.166662], [-71.118299, 7.165525], [-71.119715, 7.164756], [-71.119696, 7.16526], [-71.121538, 7.166299], [-71.1244109999999, 7.167007000000126], [-71.12528599999985, 7.167366000000186], [-71.125725, 7.167798], [-71.126569, 7.167217000000107], [-71.127477, 7.166086000000121], [-71.128137, 7.165392000000111], [-71.12914, 7.164581000000112], [-71.129824, 7.164139000000148], [-71.130815, 7.164681], [-71.131184, 7.164975], [-71.132224, 7.166090000000111], [-71.132465, 7.167624], [-71.13293, 7.168399], [-71.133146, 7.169681], [-71.13456999999988, 7.169921], [-71.135603, 7.170072], [-71.136066, 7.170664], [-71.137723, 7.17136], [-71.13882899999987, 7.172038], [-71.1392919999999, 7.172676], [-71.139919, 7.173702], [-71.140426, 7.173973000000103], [-71.142682, 7.175122000000101], [-71.143855, 7.175593], [-71.144778, 7.176341], [-71.145583, 7.1765860000001], [-71.146682, 7.176233], [-71.14798699999989, 7.175946], [-71.149178, 7.175752], [-71.149204, 7.175519000000122], [-71.149276, 7.175733], [-71.151033, 7.175392], [-71.15281699999986, 7.174825], [-71.153636, 7.174039], [-71.155255, 7.172763000000145], [-71.156166, 7.172021], [-71.157118, 7.170568], [-71.159235, 7.16855500000014], [-71.159461, 7.168140000000108], [-71.161956, 7.167476], [-71.163443, 7.167119000000184], [-71.164404, 7.166835000000106], [-71.166584, 7.166976], [-71.16722699999985, 7.167154], [-71.168583, 7.167486000000167], [-71.169255, 7.168328], [-71.16942, 7.168968], [-71.169471, 7.16961], [-71.170059, 7.171485], [-71.170411, 7.172559000000149], [-71.170807, 7.173358000000178], [-71.17077199999989, 7.174711], [-71.170711, 7.17572], [-71.17126899999988, 7.176564], [-71.171661, 7.176881], [-71.172492, 7.177538], [-71.172909, 7.178062000000182], [-71.174084, 7.178739], [-71.17434, 7.179142000000184], [-71.17489599999988, 7.180016], [-71.176387, 7.180071000000169], [-71.177876, 7.179852000000153], [-71.178949, 7.17922300000015], [-71.180597, 7.178864], [-71.181787, 7.178533], [-71.18297499999989, 7.177926000000127], [-71.18483, 7.177634000000126], [-71.186275, 7.177713], [-71.189236, 7.178076], [-71.19058799999988, 7.177949], [-71.1925609999999, 7.177977], [-71.193389, 7.17838300000011], [-71.19488899999988, 7.179447], [-71.196159, 7.18049], [-71.1963889999999, 7.18058], [-71.19737899999984, 7.181098], [-71.197844, 7.18185], [-71.198351, 7.182281], [-71.199438, 7.183441], [-71.200889, 7.18418400000013], [-71.20224699999983, 7.18483700000013], [-71.203027, 7.184853], [-71.204197, 7.184888000000115], [-71.205461, 7.185243000000128], [-71.205893, 7.184827], [-71.2067919999999, 7.185369], [-71.207434, 7.185455000000104], [-71.208103, 7.185884000000101], [-71.20833699999986, 7.186547], [-71.208623, 7.187851000000137], [-71.20908899999989, 7.188787000000104], [-71.209323, 7.189358], [-71.20985, 7.189353], [-71.21012499999989, 7.189305000000161], [-71.210721, 7.189300000000117], [-71.2111349999999, 7.189388000000122], [-71.211871, 7.189679000000183], [-71.213114, 7.190287], [-71.21335, 7.19111], [-71.213408, 7.192714000000137], [-71.213734, 7.193308], [-71.214242, 7.193716000000109], [-71.215396, 7.194668000000149], [-71.21579099999985, 7.195375], [-71.216827, 7.195801000000131], [-71.218402, 7.196174], [-71.21895199999989, 7.196284000000105], [-71.219889, 7.196275], [-71.2208389999999, 7.195052000000146], [-71.221009, 7.193699], [-71.220775, 7.19303600000012], [-71.220268, 7.192629], [-71.21978399999983, 7.192198], [-71.219639, 7.191283], [-71.221391, 7.190396], [-71.221779, 7.190323], [-71.223332, 7.19008], [-71.22477, 7.189838], [-71.225387, 7.189809000000139], [-71.22678899999988, 7.190667], [-71.23578511399995, 7.099573546000045], [-71.23587420299992, 7.098671439999976], [-71.23731818699997, 7.084049853000181], [-71.23804168599997, 7.076723797999989], [-71.24030090199983, 7.053847270000063], [-71.24354072499995, 7.021041250000167], [-71.24355037799995, 7.020943508000073], [-71.24430753899998, 7.013345890999972], [-71.24432969799994, 7.013123540000151], [-71.24388024699994, 7.012699693000172], [-71.24225828499993, 7.012015299000041], [-71.24094873899998, 7.011829261000116], [-71.2404725959999, 7.011961258999975], [-71.23967525499995, 7.012182299000187], [-71.23943012799998, 7.012250254000037], [-71.23851360399993, 7.01339442], [-71.23740601699996, 7.014919562000102], [-71.23683458099998, 7.016191327000058], [-71.23627343899994, 7.017811220000056], [-71.23558797099997, 7.019805283000096], [-71.23434154899996, 7.022360145000107], [-71.23329169699997, 7.024096627000063], [-71.23215281299997, 7.025202417000116], [-71.23018647299989, 7.026646439000046], [-71.22792009499994, 7.027410126000063], [-71.22578971399997, 7.02712144200018], [-71.22408454099985, 7.026312689000122], [-71.22264174699995, 7.025205454000059], [-71.22102127599999, 7.023843967000118], [-71.21959317099993, 7.022631590000117], [-71.21830859299996, 7.021733998000116], [-71.21788734199993, 7.021439651000151], [-71.21588348799997, 7.020461415000057], [-71.21542351599999, 7.020279251999966], [-71.21422082299995, 7.019802948000176], [-71.21321258299992, 7.019413461], [-71.2131626449999, 7.019394170000112], [-71.21223854699997, 7.019037188000084], [-71.21076777999997, 7.018845462], [-71.20853805399997, 7.019163689000152], [-71.2071172499999, 7.01966706800016], [-71.20594375499996, 7.020525282000108], [-71.2056194839999, 7.020995610999989], [-71.20484398299993, 7.022120412000106], [-71.20384651199993, 7.023428443000057], [-71.20280592199998, 7.024315994], [-71.20182522099992, 7.02484749100006], [-71.20031213599998, 7.025167759000055], [-71.19937424099999, 7.025061758000106], [-71.19769688799994, 7.024422444000152], [-71.19755169599989, 7.024339711000152], [-71.19661235199999, 7.023804457000097], [-71.1958009839999, 7.022994241], [-71.19523962799991, 7.022122938000109], [-71.19432850299995, 7.02044467800016], [-71.19371002999992, 7.019635537000113], [-71.1928359609999, 7.019103385000108], [-71.19147212099995, 7.01895565600006], [-71.19049133099998, 7.019211337000172], [-71.18962662099995, 7.019942845000116], [-71.18839023399994, 7.020529765], [-71.18766568899997, 7.020785375], [-71.18642918499995, 7.020913383000163], [-71.18492719999995, 7.02083079200014], [-71.18487359999995, 7.020827845000156], [-71.18380785599999, 7.020658540999989], [-71.18251704899984, 7.020754910000107], [-71.18151931699998, 7.02119142000015], [-71.18045938599994, 7.021690111000112], [-71.17946174399998, 7.022561784], [-71.17837450999991, 7.023156526000037], [-71.17791144099988, 7.023409837000088], [-71.17650271399992, 7.023994315000152], [-71.17627060299992, 7.024090618000059], [-71.17435251299992, 7.02445272000017], [-71.17273253599984, 7.024879156999987], [-71.17064363899993, 7.025347522000118], [-71.16879799599997, 7.025991019000173], [-71.16729792599995, 7.026369956000167], [-71.16599748899989, 7.026561227000059], [-71.16446850299997, 7.026608990000057], [-71.16394235899998, 7.026591211999971], [-71.16393682099994, 7.026585818000058], [-71.16393568899991, 7.026590987000077], [-71.1638935229999, 7.026783468000076], [-71.16313863899995, 7.026697807], [-71.16265322899994, 7.026676392000127], [-71.16238910899995, 7.026762053000027], [-71.1621392649999, 7.026783468000076], [-71.16185372999996, 7.026783468000076], [-71.16161102499996, 7.026769191000085], [-71.16143256499993, 7.026733499000102], [-71.16121127499991, 7.026690669000118], [-71.1608472179999, 7.026597869999989], [-71.16066875799999, 7.026540763000185], [-71.1603500409999, 7.026466643000049], [-71.16005485699998, 7.026397995000082], [-71.15954089399992, 7.026447964000056], [-71.15920538999995, 7.02649079400004], [-71.15874853299994, 7.026597869999989], [-71.15836306099999, 7.026654977000021], [-71.15779912799997, 7.026733499000102], [-71.15625009899998, 7.026926235000076], [-71.15472114399995, 7.027201341000136], [-71.15418710699998, 7.027297431000079], [-71.15389443299983, 7.02731170800007], [-71.15339474599995, 7.027247463000037], [-71.15278084499988, 7.02708328], [-71.15275298099988, 7.027079600000093], [-71.15240251099993, 7.027033311000082], [-71.15182430199997, 7.026969066000163], [-71.15138172199994, 7.026983342000108], [-71.15116341599997, 7.026991047000138], [-71.15077495899999, 7.027004758000089], [-71.15077647799995, 7.026991107000129], [-71.15015152999996, 7.026991205000115], [-71.14828038299993, 7.027489948000095], [-71.14697100999996, 7.028549215000055], [-71.1465345179999, 7.029920333], [-71.14578635499998, 7.03141582], [-71.14507885999996, 7.032489703000181], [-71.14425869899998, 7.032984865000117], [-71.14347016599999, 7.033134190000112], [-71.14283038699983, 7.033091331000037], [-71.1414025489999, 7.032580629000051], [-71.13976092499996, 7.032262105000143], [-71.13855206099987, 7.032163937], [-71.13686860799993, 7.032164153000053], [-71.13537019099994, 7.032518117], [-71.13417664699995, 7.0327522340001], [-71.13198863599985, 7.032918650000056], [-71.12998499799988, 7.032706385000154], [-71.1285781119999, 7.032237473000066], [-71.12759770799988, 7.031450890000087], [-71.12685151199997, 7.030684627000028], [-71.12614828599993, 7.029769171000112], [-71.1255723129999, 7.028705620000153], [-71.1251247909999, 7.027790138000057], [-71.12476888699996, 7.026931151000156], [-71.12439488199993, 7.025934274000178], [-71.12377082299997, 7.024688749000063], [-71.12333459099995, 7.023567534999984], [-71.12296004799992, 7.022757167000123], [-71.12295994799996, 7.021760242000141], [-71.12316914899992, 7.020774610000103], [-71.12364590299995, 7.019766344000175], [-71.12414471999989, 7.018769374000101], [-71.12464407499994, 7.017589294000175], [-71.12472876699991, 7.016121041000076], [-71.12432360899999, 7.014568053000062], [-71.12319385299992, 7.013056968000171], [-71.1220641409999, 7.012014949], [-71.12087053999988, 7.011121], [-71.11929345799996, 7.010525481000059], [-71.11777976699994, 7.010333464000041], [-71.11652234399992, 7.010418340000172], [-71.11560037599992, 7.010856977000117], [-71.11484128999984, 7.011157690000061], [-71.11373322799989, 7.011556764000034], [-71.11135979799991, 7.012104019000105], [-71.10917693599993, 7.011916521000046], [-71.10755009699989, 7.011341320000156], [-71.10601542399985, 7.010234857000171], [-71.10471494099988, 7.009213160000058], [-71.10377761199987, 7.008277320000104], [-71.10311629799997, 7.006872408000049], [-71.10269143299996, 7.005624587000057], [-71.10281582199997, 7.004689827], [-71.10356413699998, 7.004148358000066], [-71.10486397199998, 7.004106479000086], [-71.10644153999993, 7.004041962000144], [-71.10749302599999, 7.003442829000051], [-71.10817908799999, 7.002633501000048], [-71.10892740199989, 7.002197164000108], [-71.10981771399986, 7.002077284000109], [-71.11062772499997, 7.002268248000121], [-71.11152262499996, 7.003183719000106], [-71.11235705099989, 7.00475137900014], [-71.11324973599994, 7.005929079000055], [-71.11378262599999, 7.006673901000056], [-71.11454965899998, 7.007035535000114], [-71.11506097099988, 7.006652321000047], [-71.1151157889999, 7.005934578000051], [-71.11474124499989, 7.004907174000152], [-71.11371846799995, 7.003714796000054], [-71.11299323999998, 7.002502053000171], [-71.11235171699991, 7.001532311000062], [-71.11176904299992, 7.000432576000094], [-71.11144484999994, 6.999300044], [-71.11134745499993, 6.997845364999989], [-71.11167092699998, 6.996838255000171], [-71.1128303879999, 6.996027509000044], [-71.11354136499995, 6.995530363000114], [-71.11403620199991, 6.994254224000144], [-71.11398789899994, 6.99345227200007], [-71.11378711499992, 6.993303118000142], [-71.11363245099983, 6.993201991000035], [-71.11351347699991, 6.993124659000046], [-71.11337070999991, 6.992958096], [-71.11326958299992, 6.992785585000036], [-71.11315655799996, 6.992488153000124], [-71.11306732899999, 6.992137182000135], [-71.11304353399993, 6.991934928000092], [-71.11352887899994, 6.991942777000133], [-71.11301328199994, 6.990843079000058], [-71.11167099199997, 6.989927641000179], [-71.10923822899997, 6.989735661000111], [-71.10631959299997, 6.989363986000171], [-71.10580543099996, 6.989269819000128], [-71.10530064999995, 6.989177371000096], [-71.10437609699994, 6.989008044000059], [-71.10288567499998, 6.988782072000163], [-71.10084489199994, 6.988426134], [-71.09925718199997, 6.988329007000061], [-71.09916719899996, 6.988322633000053], [-71.09801338399996, 6.988240900000164], [-71.09608063199994, 6.987680352000154], [-71.09371063299994, 6.986247235000121], [-71.0926506209999, 6.985062717000176], [-71.09208950699991, 6.984377768000058], [-71.09144780399993, 6.983774272000062], [-71.09143626999997, 6.983763420000059], [-71.09102952199999, 6.983380882], [-71.09010590599996, 6.983380902000022], [-71.09010586499994, 6.983380909000118], [-71.08979798499996, 6.983380916000044], [-71.08969833499998, 6.983380916000044], [-71.08928345699991, 6.983380936], [-71.08772407199996, 6.983879430000059], [-71.08598142099999, 6.984368883000172], [-71.08423196999996, 6.984466118000114], [-71.08254755699994, 6.98401289300017], [-71.08108995899994, 6.983041974000059], [-71.07972908399995, 6.981877784000176], [-71.07843326399995, 6.981101271000171], [-71.07781786399994, 6.980875218], [-71.07726752899987, 6.980778011000041], [-71.07648981299991, 6.980875212000171], [-71.07557804899994, 6.980995027000063], [-71.07475450999993, 6.981500257000107], [-71.07357407899997, 6.98233102], [-71.07279690999997, 6.982913109000151], [-71.0720938529999, 6.983145954000122], [-71.07095018099994, 6.982880313000067], [-71.06981329999985, 6.982133175000058], [-71.06905314499994, 6.981247015000122], [-71.06791288699998, 6.980550720000167], [-71.06708935599988, 6.980360825000162], [-71.06594907999994, 6.980424084000163], [-71.06531556999994, 6.980930446000116], [-71.0646187289999, 6.981436793], [-71.06347843399982, 6.98213303000017], [-71.06265488599996, 6.982512784000164], [-71.06151460899997, 6.982576037000115], [-71.0599942469999, 6.982006323000064], [-71.0590440449999, 6.981563203000178], [-71.05752369099997, 6.981120073000113], [-71.05562552399994, 6.980518668000173], [-71.05391285899998, 6.980550236000113], [-71.05194903399996, 6.980803316999982], [-71.05080875699991, 6.980929845000162], [-71.05040123099997, 6.981004828000096], [-71.05023069599997, 6.981036206000169], [-71.04840147899995, 6.981372777000047], [-71.04662771899984, 6.981499262000114], [-71.04441047099988, 6.982005486999981], [-71.04346022399994, 6.982195310000179], [-71.04135557899997, 6.982100206000098], [-71.0388612719999, 6.98158233900017], [-71.03707964299997, 6.980935649000116], [-71.03477998299991, 6.979576839000117], [-71.03364604899997, 6.978379754000116], [-71.03294286399989, 6.977823020000073], [-71.03262803299987, 6.977573758000062], [-71.03060097499991, 6.976750702000174], [-71.02819385899988, 6.975737718000175], [-71.02654691399994, 6.974851394000041], [-71.02528002899993, 6.974281584000153], [-71.02382306099992, 6.973901641000054], [-71.02204930999994, 6.974028046000115], [-71.02059223399993, 6.974724121000065], [-71.01869168599995, 6.975610030000098], [-71.01641104299995, 6.976622486000053], [-71.01457383599995, 6.977445101000171], [-71.01216654899991, 6.977887855000176], [-71.01070950799988, 6.978140838000058], [-71.00906241999996, 6.978393777000122], [-71.00722526699991, 6.97877328900006], [-71.00609283199998, 6.979316794], [-71.00513463499993, 6.979659126000115], [-71.0039942329999, 6.980481801000053], [-71.00253711199997, 6.981177833000061], [-71.00133343199991, 6.981494123000118], [-71.00012979799999, 6.981620514000042], [-70.99917953299996, 6.981810247], [-70.99772246499992, 6.982063197000173], [-70.99658213599992, 6.982379476000119], [-70.99544174299996, 6.983075542000165], [-70.99411117599993, 6.984467823000159], [-70.99316068699989, 6.985860188000174], [-70.99240013699995, 6.987822231000052], [-70.99201976299997, 6.989404569000044], [-70.99138607399988, 6.990417197], [-70.99030893999992, 6.991429740000058], [-70.98929519999996, 6.992189113000052], [-70.98847156199997, 6.99263202800006], [-70.98771130799992, 6.992948372000114], [-70.98701432399997, 6.993644491000055], [-70.98650741299997, 6.994150773], [-70.98627701299984, 6.995156679000104], [-70.9861794649999, 6.996515283000065], [-70.98611408599993, 6.998197145000177], [-70.98599968499997, 6.998961199000121], [-70.98568277799995, 6.999720690000174], [-70.98485906799993, 7.000480089000064], [-70.98397213399988, 7.00054320300012], [-70.98283184799988, 7.000353093], [-70.98200837199994, 6.999973140000122], [-70.98105819699992, 6.999466580000103], [-70.98004458299994, 6.999466374000122], [-70.9790942549999, 6.999782654000171], [-70.97801713899986, 7.000478694000037], [-70.97725677799991, 7.00117479000005], [-70.97681317199988, 7.001870951], [-70.97592593299993, 7.003389874], [-70.97541895099982, 7.004149321000057], [-70.97532815899996, 7.00481349], [-70.97522859799989, 7.005541806000053], [-70.97516489799995, 7.007124191000173], [-70.97541797199983, 7.00864335], [-70.97541771099998, 7.009845987000119], [-70.97484715499996, 7.011618163000037], [-70.97383310099997, 7.013453529], [-70.97174211899988, 7.014972167000053], [-70.96977785399997, 7.016364242000066], [-70.96800382499993, 7.016933494999989], [-70.96648328299989, 7.017186336000066], [-70.96420251399991, 7.017375673000174], [-70.96287208199988, 7.017438636000122], [-70.96078160399992, 7.016677442000059], [-70.95907116699988, 7.016297237000117], [-70.95748726499994, 7.016235968000103], [-70.95742399799997, 7.016233521000174], [-70.95488986799995, 7.01623286500012], [-70.95197558999996, 7.016358690000118], [-70.95001165699995, 7.016294867000113], [-70.9483013009999, 7.015661426000179], [-70.94697102199996, 7.015154698000174], [-70.94450049299991, 7.014331158000061], [-70.94345755699999, 7.013784963999967], [-70.94317027699998, 7.013634513000056], [-70.94165008499988, 7.012684626000066], [-70.94019308899993, 7.012304432000064], [-70.93867248399982, 7.012747058000116], [-70.93829209199998, 7.013696390000121], [-70.93784807299988, 7.015531855], [-70.93790373699989, 7.016932643000132], [-70.93791095499995, 7.017114273000061], [-70.93727703199983, 7.018443302000151], [-70.93562944999991, 7.019708723000122], [-70.93315827399994, 7.020973901000161], [-70.9306239199999, 7.021606082000176], [-70.9271393279999, 7.022048046000123], [-70.92492187299985, 7.022237222000172], [-70.92365470899989, 7.022489989], [-70.92199665599992, 7.023443016000101], [-70.9215636109999, 7.02369192499998], [-70.92035957199994, 7.024640970000121], [-70.91972575699998, 7.025463602000116], [-70.91928199799992, 7.026286304000166], [-70.91909534599995, 7.027905940000039], [-70.91932173099985, 7.029232967000155], [-70.91953736399995, 7.029464904000065], [-70.92023099599993, 7.030210981999971], [-70.92109632499995, 7.030324037000014], [-70.92168809999998, 7.030401353], [-70.9227649909999, 7.03084477900012], [-70.92441196999994, 7.031604879000156], [-70.92517200899994, 7.032301378000113], [-70.92542524399994, 7.032871129000114], [-70.92580506999991, 7.033820699000159], [-70.92599443399996, 7.03597282100003], [-70.92555011799993, 7.038504526000168], [-70.92580284999991, 7.040656683000179], [-70.92624604399998, 7.041606264000109], [-70.92725921599998, 7.043252284000062], [-70.92757564899995, 7.044328430000121], [-70.92757536199991, 7.045214563000172], [-70.9273849629999, 7.046227243000089], [-70.92656044499995, 7.047176412000056], [-70.9252297349999, 7.047808951000093], [-70.92434252199996, 7.048441617000037], [-70.92393849799993, 7.048764305000077], [-70.92384770099994, 7.048836824000091], [-70.9233919159999, 7.049200854000048], [-70.92231449499985, 7.05021323800014], [-70.92066675099994, 7.051541891], [-70.91895574699993, 7.052554059000101], [-70.91724493299995, 7.052996551000149], [-70.9160411279999, 7.052996140000175], [-70.91547099299999, 7.052742760000172], [-70.91496463099992, 7.051286770000161], [-70.91483843599997, 7.049830923000059], [-70.91426947999997, 7.047805251000113], [-70.91407998899984, 7.046159483], [-70.91338349799986, 7.044893324000157], [-70.91287698199994, 7.043943706999983], [-70.91192696999997, 7.042993918000036], [-70.91129359399997, 7.042424036000114], [-70.91028015999996, 7.041664126000114], [-70.90939324499993, 7.041473915000097], [-70.90768269099988, 7.041283411000165], [-70.90609851099998, 7.04197909300018], [-70.90476772899984, 7.042801446000055], [-70.90388026599993, 7.044067036000172], [-70.90261260799997, 7.045459065000159], [-70.90134469899994, 7.047484075], [-70.90052043999998, 7.049129456000173], [-70.89969615599995, 7.05077484800006], [-70.89912767399983, 7.051626033000048], [-70.89842827399997, 7.052673239], [-70.89792111199989, 7.053432595000118], [-70.89754057599998, 7.054445176000172], [-70.89646186999988, 7.057166484999982], [-70.89532056999997, 7.05931810300001], [-70.89398949099996, 7.060710099000119], [-70.89272205799989, 7.061342556000113], [-70.89088432999989, 7.06210138], [-70.88942672299999, 7.062986939000041], [-70.88809585999991, 7.063745944], [-70.88632153499992, 7.064378180000119], [-70.88404043399993, 7.064757015000112], [-70.88049238499997, 7.064565641000058], [-70.8752336199999, 7.064373498000066], [-70.87352299399993, 7.064182867], [-70.8723826189999, 7.063992487000064], [-70.87086251699998, 7.062789194000061], [-70.87016343899995, 7.061227966000047], [-70.86971055299989, 7.059384276000117], [-70.86852103099989, 7.057787781000059], [-70.86757097299989, 7.057091098000058], [-70.86706694999992, 7.056701647000068], [-70.86617757799996, 7.056014441000059], [-70.86491072899997, 7.055317609000156], [-70.86301017199997, 7.05487367000012], [-70.86206709499993, 7.054751660000136], [-70.86104620399993, 7.054619582000043], [-70.85920878999997, 7.054682023000112], [-70.85775121899997, 7.055377589000159], [-70.85470975699997, 7.055945818000168], [-70.85356928199991, 7.056008566], [-70.85204871399998, 7.055943411000044], [-70.8504012389999, 7.056259081000064], [-70.8491337079999, 7.057018020000044], [-70.84868978599997, 7.057840644000066], [-70.84868938299991, 7.058663492000164], [-70.84963933299991, 7.059550093000041], [-70.85039960299991, 7.059613759000172], [-70.85141321799995, 7.059867441], [-70.85229990099998, 7.060564120000038], [-70.85247929199988, 7.061632317000033], [-70.85223532999993, 7.063095923000162], [-70.85090382899989, 7.065057448000175], [-70.85019338899991, 7.065673986000036], [-70.84944593499989, 7.06632264600006], [-70.84849519399984, 7.067018437000172], [-70.84786128799988, 7.067651083000101], [-70.84710025299995, 7.067967183000121], [-70.84646652799995, 7.068220048], [-70.84557907399994, 7.069042456000034], [-70.84550005799991, 7.069807615], [-70.84582611899998, 7.070518721000042], [-70.84668691199988, 7.070993867000084], [-70.84751768199988, 7.071527771000035], [-70.84799224399995, 7.071676073000049], [-70.84849690899989, 7.071587034000061], [-70.84900168199982, 7.071291137], [-70.84953594599989, 7.070817805000104], [-70.85019338899991, 7.070112611000013], [-70.85072401299993, 7.069543448000104], [-70.8514365119999, 7.068980914000065], [-70.85217887099998, 7.068685136000113], [-70.85349925899999, 7.068666555000107], [-70.85476634199995, 7.068920349000166], [-70.85666680799994, 7.069618634999983], [-70.85749004199994, 7.070568461000107], [-70.85767955099993, 7.071771170000034], [-70.85723534299996, 7.073226766], [-70.85666434699993, 7.074807755], [-70.85609346699994, 7.076136696000106], [-70.85514269999999, 7.076895788], [-70.85330484499997, 7.077654452000104], [-70.85235442799996, 7.077653995000162], [-70.8517841769999, 7.077653725000118], [-70.85102405899983, 7.077210288000117], [-70.85077092299991, 7.076577203000056], [-70.85020114899993, 7.075627484000051], [-70.85019338899991, 7.075622149000083], [-70.84918771299994, 7.074930742000163], [-70.84785731799991, 7.074550305], [-70.84640007999997, 7.074422998000045], [-70.84506945099997, 7.074548924000169], [-70.8439286979999, 7.075054727], [-70.84310466399995, 7.07575056200011], [-70.84221715599989, 7.076636258000065], [-70.84075920799995, 7.077901425], [-70.83980856599999, 7.078344007000055], [-70.83847788299994, 7.078533219000064], [-70.83676713099999, 7.078532332000066], [-70.83505672999985, 7.077835203000063], [-70.83436033799995, 7.076758804000065], [-70.83366401799998, 7.075492531000179], [-70.83328428199991, 7.074669486], [-70.83265101399991, 7.074036191000118], [-70.83132060999998, 7.073719025000173], [-70.82986331799992, 7.073718251000116], [-70.82853254399987, 7.074097311], [-70.8270751799999, 7.074223121000159], [-70.82593478699994, 7.074032624000097], [-70.8252386289999, 7.073589170000162], [-70.82473213199984, 7.072892647000174], [-70.82454252399987, 7.072006402000113], [-70.82397279499997, 7.071056667000164], [-70.8233395449999, 7.070423355000173], [-70.82264290199998, 7.069853320000163], [-70.82200929299995, 7.069852970000113], [-70.82156560599992, 7.070169212000167], [-70.82105815699998, 7.071181659], [-70.82074073699988, 7.072320805000118], [-70.82023318899991, 7.073523136000063], [-70.81953555699994, 7.074725371000113], [-70.81921748199989, 7.075991106000117], [-70.81921695199992, 7.076940541999988], [-70.81908976799997, 7.077763312000059], [-70.81896255799995, 7.078649380000172], [-70.81839188499998, 7.079408602000115], [-70.81736738399985, 7.079357173], [-70.81635826099995, 7.079119246000118], [-70.81554091999988, 7.078900648000172], [-70.81490609399987, 7.078825676000179], [-70.81446384899994, 7.07877344700006], [-70.81300642199989, 7.078962515000057], [-70.81091535099989, 7.079214503000117], [-70.80961330599996, 7.079550919000042], [-70.80920435699989, 7.079656581000108], [-70.80768327499999, 7.080351947999986], [-70.80754161699997, 7.080417163000163], [-70.80685935899993, 7.080731254000113], [-70.80584532199998, 7.081173729000056], [-70.80371722299992, 7.081804386999977], [-70.80350053999996, 7.081868601000167], [-70.80166285599995, 7.082184], [-70.80146108899993, 7.082219444000145], [-70.79950834599993, 7.082562478000114], [-70.79806395299988, 7.08289712300018], [-70.79678341399989, 7.083193805], [-70.79481920299992, 7.083192619000101], [-70.79317198899997, 7.082875136000041], [-70.79153877999994, 7.082791622000059], [-70.78962354499998, 7.083189430000118], [-70.78759641599993, 7.083378052000114], [-70.78734956099987, 7.083269310000162], [-70.7864730629999, 7.082883202000176], [-70.78598792799983, 7.082669495000175], [-70.78545445399993, 7.082196952000061], [-70.78499959299995, 7.081794043000059], [-70.78354367499992, 7.079577782000058], [-70.78259393999991, 7.078501158000165], [-70.78257133999995, 7.078455484000131], [-70.78255178899991, 7.078455484000131], [-70.7818646419999, 7.078455484000131], [-70.77963746599994, 7.076970700000174], [-70.77950507599996, 7.076906044000168], [-70.77902356499993, 7.076670888000081], [-70.77876379299994, 7.076641522000102], [-70.77840467499988, 7.07660092600014], [-70.77820265099996, 7.076578089000122], [-70.77774593099991, 7.076641523000035], [-70.77743170599996, 7.076685165000072], [-70.77723588899988, 7.07677530300009], [-70.77708530899997, 7.07684461700012], [-70.77703269699998, 7.076868835000028], [-70.77653226899986, 7.077099191000059], [-70.77550434199998, 7.077991489000169], [-70.77421943299998, 7.079504826000061], [-70.77344848799999, 7.080354294000188], [-70.77254905199999, 7.082474394000087], [-70.77189945899994, 7.084487418000037], [-70.77145687899991, 7.085779465000087], [-70.77057171999996, 7.08786387300006], [-70.77001492599999, 7.088699063999968], [-70.76986415299996, 7.08893641100002], [-70.7692011499999, 7.089441455000042], [-70.76876994399993, 7.089568281000084], [-70.76871573999989, 7.089584223000145], [-70.76785199599993, 7.089605638000023], [-70.76716671099996, 7.089527116000113], [-70.76648856399999, 7.089519978000055], [-70.7654035299999, 7.089969696000139], [-70.76498236599997, 7.090369445000078], [-70.76449606899996, 7.09080829800007], [-70.76439701799995, 7.090897686000176], [-70.76426138899984, 7.091254605000131], [-70.76430421899994, 7.091454479000163], [-70.76444698699999, 7.091675769000176], [-70.76468255399993, 7.092032689000064], [-70.76479676799988, 7.092325362], [-70.76484019499992, 7.092630337000116], [-70.76478249099995, 7.093824423000115], [-70.76441129499989, 7.094669131000046], [-70.76396395599994, 7.095725612000138], [-70.76328495999996, 7.096553839000023], [-70.76309783299985, 7.096782093000058], [-70.76216508399995, 7.097315092000031], [-70.76112763899988, 7.09757207399997], [-70.76048994299998, 7.097657734000165], [-70.75961430199999, 7.097648216000039], [-70.75837698199996, 7.097476895], [-70.75724435799992, 7.096801128000152], [-70.75604510999983, 7.095839826000031], [-70.75466969399997, 7.09499957200012], [-70.75342770299989, 7.094240828000068], [-70.75204151799994, 7.093179259000067], [-70.75042958199998, 7.092013653000038], [-70.75041571499997, 7.09200473900006], [-70.75002983299993, 7.091756671000098], [-70.74945207999991, 7.09153098600018], [-70.7494206909999, 7.091518725000128], [-70.74775506799995, 7.091452100000026], [-70.74689280699994, 7.09119560400012], [-70.74625124899995, 7.091004761000079], [-70.74469983999984, 7.090052977000028], [-70.74394646099995, 7.089496530000076], [-70.74388269699989, 7.089474818000042], [-70.74228230799991, 7.088929871000175], [-70.74121630899998, 7.088758550000136], [-70.74085882799989, 7.088740607000148], [-70.73905613599999, 7.088650124000026], [-70.73875118799998, 7.088634818000173], [-70.73596245899995, 7.088701443000105], [-70.73402410299997, 7.088908839000055], [-70.7336496229999, 7.088948907000145], [-70.73204110799998, 7.089405764000048], [-70.72941418299996, 7.089872138000089], [-70.72896747899995, 7.090011810000078], [-70.72845602199999, 7.090171727999973], [-70.72663709099993, 7.090740455000059], [-70.72536937099994, 7.091372435000096], [-70.72416495399995, 7.092067778], [-70.72277067899995, 7.092446479000159], [-70.72048929099992, 7.092887786000176], [-70.71934862699999, 7.093076811000117], [-70.71719395599996, 7.093518196000105], [-70.71503927499992, 7.093959595000115], [-70.71256808099992, 7.094020947000047], [-70.71028713299984, 7.093892562000178], [-70.70870342099988, 7.093448235000096], [-70.70673958599986, 7.092940322000061], [-70.7054724859999, 7.092749418000096], [-70.70395189899995, 7.092621615000098], [-70.70274780599988, 7.092873827000176], [-70.70122705699998, 7.092935893000174], [-70.69989618499994, 7.093251298000041], [-70.69850195499993, 7.0935666150001], [-70.69704426799996, 7.094008497000118], [-70.69577627799993, 7.094893581000122], [-70.69504553599995, 7.095568348000086], [-70.69495459299998, 7.095652324000127], [-70.69406417899995, 7.096474534000095], [-70.6927949219999, 7.098878689000173], [-70.69152544099995, 7.101536011000121], [-70.69082760299995, 7.102548142000103], [-70.6900030839999, 7.103496882000115], [-70.6886719069999, 7.104128720000176], [-70.68721431699993, 7.104380671000115], [-70.68582042799994, 7.10425291100006], [-70.68430022799993, 7.103618675000121], [-70.68385743999988, 7.10273217200006], [-70.68297174599996, 7.101085759000171], [-70.68221279499988, 7.099439442000119], [-70.68170675599993, 7.09842629700006], [-70.68126446199994, 7.096970145000171], [-70.68101181899993, 7.096020517000113], [-70.68037997999994, 7.093931252000175], [-70.67987428299995, 7.092538332000061], [-70.67905176699992, 7.091145144000052], [-70.67772236899998, 7.089751515000103], [-70.67639286199994, 7.088484478000169], [-70.67588646399986, 7.087914389000161], [-70.67443015099997, 7.086773827000115], [-70.6727202699999, 7.085759628000119], [-70.67168482699992, 7.085352234000027], [-70.67094676299996, 7.085061843000062], [-70.66936049799989, 7.084750362000136], [-70.66803265499993, 7.084489625000117], [-70.66786802499996, 7.084468256000036], [-70.66672337699993, 7.084319680000021], [-70.66606869499986, 7.084234702000117], [-70.66442148099998, 7.084043377000171], [-70.66290115499999, 7.083662249000042], [-70.66188782799998, 7.083154998000111], [-70.66067428299993, 7.082061970999973], [-70.66062164399983, 7.082014560000061], [-70.66026332299992, 7.081630355000186], [-70.65973544699995, 7.081064348000154], [-70.65910230499998, 7.080557420000105], [-70.65796216299998, 7.08017661700012], [-70.65666453299997, 7.080036552000024], [-70.65618824199998, 7.079985141000122], [-70.65435090899996, 7.079856887000176], [-70.65286254299997, 7.079855530000145], [-70.65257681699995, 7.07985527000011], [-70.65092986399998, 7.079410694000103], [-70.6492194889999, 7.07902935900006], [-70.6478892099999, 7.078711661000057], [-70.64649587799988, 7.0780774320001], [-70.64560942999992, 7.077443662000064], [-70.64472334099997, 7.076430130000062], [-70.6442805339999, 7.075670172000059], [-70.64429039799995, 7.075617305000037], [-70.64422455499982, 7.075551053000027], [-70.64344492999999, 7.07476658700017], [-70.64326647099995, 7.073499524000056], [-70.64342113599997, 7.072345485000028], [-70.64337949499998, 7.070858322000163], [-70.64305231899982, 7.069710232000034], [-70.64233253199995, 7.068996394000123], [-70.6417352979999, 7.068779620000157], [-70.64152946399992, 7.068704910000179], [-70.64076208799997, 7.068752499000084], [-70.64047575799998, 7.068914896000138], [-70.63996496899989, 7.069204597], [-70.63775801899999, 7.069858948999979], [-70.63694305299998, 7.070102843000086], [-70.63673169599997, 7.070133586000054], [-70.63628870199994, 7.070198022000056], [-70.63491229499982, 7.070392458000185], [-70.63468851399995, 7.070424070000115], [-70.63355232099991, 7.070364584000174], [-70.63270166399997, 7.070037408000132], [-70.63159521499989, 7.069698335000055], [-70.6300604619999, 7.069252186000142], [-70.62866847799995, 7.069389005], [-70.62764156399999, 7.069725259000109], [-70.6273357419999, 7.069825398000148], [-70.62728803699986, 7.069999399000096], [-70.62717886599995, 7.070084054000063], [-70.62629152799991, 7.070399667000174], [-70.62546768299995, 7.070588753000152], [-70.62451735499985, 7.070524535000175], [-70.62401092999994, 7.070080980000171], [-70.62356790799998, 7.069574197000065], [-70.62287165099991, 7.06887728300012], [-70.62211184699993, 7.068370184000173], [-70.62147862399996, 7.067989792000162], [-70.62142150499994, 7.06797294900008], [-70.62040184099993, 7.067672275000064], [-70.61926158199992, 7.067480144000058], [-70.61818455599996, 7.067415788000062], [-70.61685403399986, 7.067414466000173], [-70.61565022899998, 7.067413280000039], [-70.61419310799994, 7.06728523400011], [-70.61336952299985, 7.067221130000121], [-70.61260953899995, 7.0669039], [-70.61197628099995, 7.066586803000177], [-70.61127959299995, 7.066332930000044], [-70.61064672099997, 7.06563606300017], [-70.61007711699995, 7.065002543000162], [-70.60925416999987, 7.064305488000116], [-70.60868426999997, 7.063988435000113], [-70.60865087299993, 7.063978586000076], [-70.60760751299995, 7.063670892], [-70.60653037899993, 7.063733098], [-70.60532618799994, 7.064111642000057], [-70.60431194499995, 7.064616968000166], [-70.60304452999998, 7.064868859000114], [-70.60215732699993, 7.065057835000118], [-70.60095340499998, 7.065183194000099], [-70.59854529999996, 7.065687088000061], [-70.59639053799992, 7.066254507], [-70.59559106199993, 7.066530052000189], [-70.59474264099998, 7.066822467000122], [-70.59379188199995, 7.067201233], [-70.59246083099993, 7.067706203000057], [-70.59144690199997, 7.067895019000048], [-70.5899895199999, 7.068020091999983], [-70.58840552099997, 7.068081726000116], [-70.58669472499997, 7.068206510000152], [-70.58599756899991, 7.068395662000171], [-70.58523687599995, 7.068774625000174], [-70.58479296399992, 7.06915391800004], [-70.58485545099995, 7.069976802000042], [-70.58536138199997, 7.070863466000048], [-70.58593067099997, 7.071750178000059], [-70.58631009299995, 7.072446802000172], [-70.58624552199996, 7.0735860260001], [-70.5856743729999, 7.074471544000176], [-70.58484968399989, 7.075420092000115], [-70.58427871499998, 7.076115700000116], [-70.58339148499994, 7.076304644000118], [-70.58231425199989, 7.076430093000113], [-70.58117392099996, 7.076302290000115], [-70.58022373699987, 7.076111389000062], [-70.57940061099998, 7.075604166000119], [-70.57851392899988, 7.075286744000095], [-70.57756374499996, 7.075095843000042], [-70.57673829199996, 7.075055681000094], [-70.57623327699991, 7.075031110000111], [-70.57509206599991, 7.075726128000042], [-70.57426736799988, 7.076674642], [-70.57344204999998, 7.07819279500012], [-70.57280694099995, 7.079584572000101], [-70.57096820599992, 7.080785161000051], [-70.5685601909999, 7.08109899599998], [-70.56754671199991, 7.080844721000176], [-70.56704433399989, 7.080485415000112], [-70.56621721399995, 7.079893853000044], [-70.5648244219999, 7.07887962], [-70.56443923699999, 7.078638535999971], [-70.56330485799992, 7.077928536000059], [-70.56282628999998, 7.077768590000119], [-70.56197480399993, 7.077484007000123], [-70.56077097999997, 7.077482669000176], [-70.55950323299999, 7.077987613000062], [-70.55880931299993, 7.078638576000174], [-70.55842499399995, 7.078999104000161], [-70.55798092099997, 7.079504966000059], [-70.55704750899991, 7.079498270000045], [-70.55633491099985, 7.079320027000165], [-70.55580167999995, 7.07860624500006], [-70.55573015599998, 7.077822894000178], [-70.55562455899997, 7.0771457620001], [-70.55541136199997, 7.076575891000118], [-70.55501948999989, 7.075934600000096], [-70.55452094299994, 7.075578016000065], [-70.55366595299989, 7.075256066000065], [-70.55252439199995, 7.075219738000101], [-70.55166906099998, 7.075218786], [-70.55084879199995, 7.075217852000094], [-70.55010005499992, 7.075003379], [-70.54960142699997, 7.074716873000114], [-70.54913795899989, 7.074360320000039], [-70.54867564999984, 7.073968729000057], [-70.54824921099998, 7.072899032000066], [-70.5479637709999, 7.072186649000059], [-70.54771554899997, 7.071580564000044], [-70.54743101599996, 7.071081802000037], [-70.54682511199991, 7.070617717000061], [-70.54632645699996, 7.07036848600012], [-70.54550668099989, 7.069939202000171], [-70.54497182399996, 7.069689928000116], [-70.54450945299993, 7.069368409000106], [-70.54404602999995, 7.068976819], [-70.54361901599998, 7.068405552000115], [-70.5431922169999, 7.067657983000117], [-70.54290711899995, 7.066659647000165], [-70.5426942179999, 7.065839982000114], [-70.54264805399998, 7.065707426000131], [-70.54244613899988, 7.065127642000107], [-70.54223329199988, 7.064272931], [-70.54226918899991, 7.063559786000098], [-70.54252045699991, 7.062492003000102], [-70.54230764599998, 7.061601128], [-70.54184419599994, 7.061244568000177], [-70.54091796999995, 7.060922512], [-70.54027547699997, 7.060815542000057], [-70.53974175199994, 7.060565135], [-70.53920708399994, 7.060172330000114], [-70.53892255099993, 7.059673567000118], [-70.53821061899993, 7.058960683000123], [-70.53778257099987, 7.058319338000103], [-70.53778376599996, 7.057286304000058], [-70.53771323899997, 7.056645372000162], [-70.53739364599994, 7.056145433000097], [-70.5368590039999, 7.055717592000121], [-70.53628933799996, 7.055253531000176], [-70.53543482399994, 7.05457666], [-70.53547117899984, 7.053472451000061], [-70.53597097499988, 7.052724819000048], [-70.53650654999996, 7.052333234000059], [-70.53704222499988, 7.051871581000114], [-70.53747048799988, 7.051337479000154], [-70.53775636699999, 7.050660796000045], [-70.53829202399999, 7.050198013000056], [-70.53904060799994, 7.050519868000094], [-70.53971666199993, 7.050947882000173], [-70.54075086599988, 7.050806664000049], [-70.5412504009999, 7.050273758000174], [-70.54157256399992, 7.049525900000106], [-70.54164477899997, 7.04870655700006], [-70.5413954519999, 7.048100465], [-70.54096883299997, 7.047209344000123], [-70.54072059199996, 7.046639416], [-70.5402939729999, 7.045748296], [-70.5397594669999, 7.04521308000011], [-70.53861795999995, 7.045211759000097], [-70.5380835609999, 7.045568301000117], [-70.53747666799995, 7.04599485000017], [-70.53697730399995, 7.046385321000059], [-70.5363342089999, 7.046812945000056], [-70.53572848399989, 7.047203298000113], [-70.53501428699997, 7.0474873], [-70.53458659899991, 7.04753087000006], [-70.53352394599995, 7.047800892], [-70.53286583099992, 7.047536788], [-70.53233893299995, 7.047272829000121], [-70.53220803099993, 7.046021500000052], [-70.53253898799989, 7.045495186000039], [-70.53313318799991, 7.04431138700005], [-70.53352856299995, 7.043850713000097], [-70.53412190099993, 7.043391386000053], [-70.53459157599997, 7.043248392000123], [-70.53534084299997, 7.042964444000063], [-70.53655366699996, 7.042930812000122], [-70.53755161399994, 7.04282459600006], [-70.53805094299997, 7.042469140000094], [-70.53837277299994, 7.042006114000174], [-70.53872975499996, 7.041471920000049], [-70.53880188999989, 7.040724920000059], [-70.53871315599986, 7.040613727000164], [-70.53837486699985, 7.040189817000112], [-70.53716238299995, 7.039938630000165], [-70.53577212399995, 7.039830779000056], [-70.53459542999997, 7.039933405], [-70.53456034999988, 7.039935621000041], [-70.53370390599997, 7.039970789999984], [-70.53263473099997, 7.040040761], [-70.53163687299991, 7.040074629000173], [-70.53095908499989, 7.040181201999985], [-70.53038856499995, 7.040465369000174], [-70.52996701299998, 7.041066161000117], [-70.52961335499992, 7.041641040000172], [-70.52922612699996, 7.041922012000157], [-70.52863890799995, 7.041980106000153], [-70.52805086099988, 7.041768049000098], [-70.52772328199995, 7.041346084000111], [-70.52734785799998, 7.040231231000121], [-70.52683998199996, 7.038355639000031], [-70.52675424199998, 7.038039002], [-70.52654139499987, 7.037219332000063], [-70.52622228699994, 7.036328310000044], [-70.5257229579999, 7.035723052000094], [-70.52497566799997, 7.035293810000098], [-70.52390575599992, 7.03504389], [-70.52308539699999, 7.035185330000161], [-70.52215893699997, 7.035113024000054], [-70.52158910899993, 7.034827532000065], [-70.52108958299988, 7.034398586000066], [-70.52051990699982, 7.033970673000113], [-70.51980800099989, 7.033293936000177], [-70.51916715199997, 7.032793610000169], [-70.51834760099996, 7.032259157999988], [-70.51770649999992, 7.031972442000097], [-70.5170642679999, 7.031686852000064], [-70.51649447499989, 7.031366316], [-70.51592499699996, 7.030795991000161], [-70.51542687299997, 7.030153417000122], [-70.51482139899997, 7.02940447300017], [-70.51442939199995, 7.028941744000122], [-70.51411001399998, 7.028299387], [-70.51343292699988, 7.027836293000064], [-70.51250658399982, 7.027692769000112], [-70.51172147499994, 7.027691817], [-70.51118768699996, 7.027548771000056], [-70.51068851099996, 7.026834986000097], [-70.51079763799999, 7.025482222000051], [-70.51101212899988, 7.024912835000123], [-70.51144060799999, 7.024200183000119], [-70.51172625399994, 7.023738251000111], [-70.51297495699993, 7.022991536000063], [-70.51368917199989, 7.022671421000098], [-70.51429478899996, 7.022352286000114], [-70.5147263479999, 7.021890536000058], [-70.51483563699998, 7.021317635], [-70.51464967699997, 7.020744385], [-70.51418519399988, 7.020357280000042], [-70.51325447699998, 7.020092815999988], [-70.51193689999985, 7.019812065000167], [-70.51088194499994, 7.019376777], [-70.50995172199998, 7.018709940000178], [-70.50922405099993, 7.017997010000158], [-70.50889923799997, 7.017190755000172], [-70.50881635899992, 7.016497823000179], [-70.50892593599986, 7.015692096000066], [-70.50917475099999, 7.014809680000042], [-70.50911432099997, 7.014268221000123], [-70.50874164599998, 7.013741080000102], [-70.50768786899982, 7.013289966000059], [-70.50699036299994, 7.012902574000179], [-70.50615311499985, 7.012079879000055], [-70.50540956999998, 7.011413269000116], [-70.50475537199992, 7.010763704000112], [-70.5042923449999, 7.010122308000177], [-70.50400814499983, 7.009409908], [-70.50351039699996, 7.008482506], [-70.50340398299994, 7.007627909000121], [-70.50333353699995, 7.00695081300006], [-70.50312065399993, 7.006203470000116], [-70.50233736799998, 7.005667911000103], [-70.50229807799991, 7.005666052000038], [-70.50224890399994, 7.005663726000023], [-70.50155233899994, 7.005630775000043], [-70.50058949799995, 7.005772019], [-70.49891387899993, 7.005983561000107], [-70.49812993799992, 7.005982592000123], [-70.49700872299996, 7.006124752000176], [-70.49613293799996, 7.006301119000113], [-70.49559767699992, 7.006442861000096], [-70.49491353799988, 7.006246492000116], [-70.49438682899984, 7.005888690000177], [-70.49360334499994, 7.005514731000062], [-70.4927121259999, 7.005371217000061], [-70.49235537799996, 7.005700800000056], [-70.49241688599989, 7.006273906000047], [-70.49281601599989, 7.00733004600005], [-70.49298826799992, 7.007993704000057], [-70.49288590499998, 7.008434363000049], [-70.49249289599999, 7.008744971000169], [-70.49236616699989, 7.008845129000122], [-70.49134210599988, 7.009075554000049], [-70.49052094699988, 7.008981850000112], [-70.4897557939999, 7.008744971000169], [-70.48942858599992, 7.008643672000062], [-70.48875125699993, 7.00842920700012], [-70.48807399899994, 7.008143544000063], [-70.48729037999993, 7.007892771000172], [-70.48579335599999, 7.007321262000062], [-70.48422519499996, 7.00664226900011], [-70.48322794799998, 7.006248816000152], [-70.48219477799995, 7.005642840000064], [-70.48116170599991, 7.004964513000175], [-70.48041337399997, 7.004536341000119], [-70.47955880599989, 7.004035692000173], [-70.47870415799997, 7.003607375000172], [-70.47788461599998, 7.003144061], [-70.4768163039999, 7.002608097000063], [-70.47603183199993, 7.002143704000105], [-70.47573916199997, 7.001970620000179], [-70.47524849199993, 7.001680442000122], [-70.47449999799983, 7.001393532], [-70.47371629799989, 7.001215080000179], [-70.47293137799988, 7.001106698000115], [-70.47114976699999, 7.001069363000113], [-70.47029343899993, 7.001068261000057], [-70.46940336099993, 7.000924699000052], [-70.46807791499992, 7.000668689000179], [-70.4669794639999, 7.000707954000177], [-70.46654594599994, 7.000917614000116], [-70.46635981499998, 7.001392065000175], [-70.46654850599998, 7.002416299], [-70.46631808799998, 7.003026325000064], [-70.46574979599995, 7.003342056000122], [-70.46503701899996, 7.003433810000104], [-70.46415954399993, 7.003161406000117], [-70.4633048149999, 7.002804271000116], [-70.4619501379999, 7.002410306000115], [-70.46088137599992, 7.002231451000171], [-70.4601674399999, 7.002336770000113], [-70.45970430499989, 7.002692179000121], [-70.45927477499998, 7.003297422000173], [-70.45905990699987, 7.004116549000173], [-70.45891573699993, 7.005363005000106], [-70.45880793899988, 7.006467097000154], [-70.45866390299994, 7.007606179000106], [-70.45844891799993, 7.008496508000121], [-70.45833541999997, 7.008744971000169], [-70.45791230099996, 7.009671235000042], [-70.45741220799994, 7.010596240000098], [-70.45680498299998, 7.011272448000113], [-70.45609172999997, 7.011698724000041], [-70.45541384299997, 7.011911446000056], [-70.45409500899996, 7.011767283000097], [-70.45401313199983, 7.011742341000172], [-70.45371569899999, 7.011651734000054], [-70.45327519699998, 7.011517545000061], [-70.45242061199997, 7.011053027000173], [-70.45195742199991, 7.010589009000171], [-70.45142324799986, 7.009912424000049], [-70.45099630599998, 7.00941229600005], [-70.45074835299988, 7.008736091000117], [-70.45042779799991, 7.008201053000107], [-70.45035776499998, 7.007275312000161], [-70.4506436449999, 7.006669892000161], [-70.45157049999995, 7.006386303000056], [-70.45221326299992, 7.006208589000096], [-70.45314000999997, 7.005996213000117], [-70.45401313199983, 7.005788201000144], [-70.45403170399993, 7.005783776000044], [-70.45463850699997, 7.005428555000037], [-70.45524417799999, 7.005073336], [-70.45556643099991, 7.004325559000051], [-70.45521085999997, 7.003755443000159], [-70.45439091399999, 7.003611955000167], [-70.45401313199983, 7.003632091000043], [-70.45374947199997, 7.003646145000175], [-70.4527154029999, 7.003752137000049], [-70.45193142499988, 7.003786138000123], [-70.45154668099985, 7.003807282000082], [-70.4512888509999, 7.003821453000114], [-70.4506123839999, 7.003820555], [-70.45000624599993, 7.003677337000056], [-70.44947155999995, 7.003390664000051], [-70.44879439999994, 7.003069912000171], [-70.44765476199996, 7.002604990000066], [-70.44644225199994, 7.002497129000119], [-70.44537325699986, 7.002495694000118], [-70.44448162499998, 7.00267194200012], [-70.44330469699992, 7.003026370000157], [-70.44273387999988, 7.003524029000175], [-70.44223400399989, 7.004271571000061], [-70.4417327619999, 7.005197672], [-70.44141151499997, 7.006015525000123], [-70.44098266899994, 7.006941730999984], [-70.44069696899999, 7.007404732], [-70.43998263699996, 7.007794816000171], [-70.43941240499993, 7.007865245], [-70.43852149099996, 7.007508020000046], [-70.43816592899992, 7.006937907], [-70.43805919099998, 7.006403155000044], [-70.43795426799983, 7.005369997000173], [-70.43784797099983, 7.004515400000059], [-70.43784932699992, 7.003517418000058], [-70.43794852799988, 7.002110415000118], [-70.43784283199994, 7.001644618], [-70.43760346699992, 7.0013097530001], [-70.4370125939999, 7.001204680000058], [-70.43693735699998, 7.001191301000063], [-70.43649703899996, 7.001389625000172], [-70.43622931399983, 7.001948724000158], [-70.43622541799994, 7.001979525000138], [-70.43610809599994, 7.002906977000123], [-70.43621288399999, 7.00403849300011], [-70.4368378509999, 7.00530405000012], [-70.43706311299997, 7.006023180000113], [-70.43688937799993, 7.006502162000118], [-70.43631546299986, 7.006794103000061], [-70.43605237299994, 7.006813105], [-70.43540925999991, 7.006859555000119], [-70.43430313799996, 7.006712241], [-70.43336975199992, 7.006803651000098], [-70.43255596799992, 7.007122385], [-70.43175593799998, 7.007307750000166], [-70.43110665299997, 7.007284271000117], [-70.43056176199985, 7.007026956], [-70.43012249499992, 7.006466891000116], [-70.42989738599994, 7.005643783000096], [-70.42986226199997, 7.004860489000123], [-70.42997071599996, 7.004148600000065], [-70.42997208999998, 7.00315061800012], [-70.42986565799998, 7.002402259000121], [-70.42973303999992, 7.001960949000022], [-70.42967198099996, 7.001757763000057], [-70.42933910099993, 7.001158288000113], [-70.4285142139999, 7.000512931000117], [-70.42801496699997, 6.999977641000044], [-70.42755294499995, 6.999514739000119], [-70.42691264399997, 6.998729486000059], [-70.42652100499998, 6.998088107], [-70.42641428599995, 6.997553369000173], [-70.42662907299996, 6.996841631000109], [-70.42695106499997, 6.996307467000122], [-70.42755860399996, 6.995421082000064], [-70.42777366099989, 6.994516073000057], [-70.42770340399994, 6.993780211000114], [-70.42702671199993, 6.993138425000097], [-70.42627856799993, 6.992637839000054], [-70.42560261299997, 6.992280886000117], [-70.4248893319999, 6.991923876000044], [-70.42439088399988, 6.991638367000178], [-70.42385662899983, 6.991067998000119], [-70.4235011479999, 6.990461707000122], [-70.42325362599985, 6.989499539000121], [-70.42325466799991, 6.988751342000114], [-70.42325555699983, 6.988110501000108], [-70.42325650099991, 6.987433506000116], [-70.42322114299998, 6.986828785000114], [-70.4230752599999, 6.986616982000101], [-70.42290166599986, 6.986364949000119], [-70.42236747399988, 6.985758417], [-70.42190423999995, 6.985366705000104], [-70.42133463599998, 6.985008762000064], [-70.42058634799997, 6.984616668000115], [-70.42050226099991, 6.984564471000169], [-70.41983816899995, 6.984152236000057], [-70.41909131799997, 6.983545388000152], [-70.41823643599986, 6.982547345000057], [-70.4177034299999, 6.981905756000174], [-70.41727557099995, 6.981299368000123], [-70.4166710049999, 6.980871293000121], [-70.41606486699993, 6.980763072000116], [-70.41538729499985, 6.980762131000176], [-70.41467453599995, 6.980868499000053], [-70.41342611999994, 6.981400205], [-70.41273111899989, 6.981708301000083], [-70.41246290999999, 6.981827199000179], [-70.41164221799994, 6.982253270000172], [-70.4110717609999, 6.982501108000065], [-70.41057221699998, 6.982998828], [-70.41050468199995, 6.983558189000064], [-70.41067755399996, 6.984503298000163], [-70.41035550699996, 6.985064556000054], [-70.40960653699989, 6.985170874000175], [-70.40867933199985, 6.984919784000169], [-70.40694350799993, 6.984564691000173], [-70.40621032999991, 6.984697011000094], [-70.40563625299995, 6.985108728000171], [-70.40540923999998, 6.985654302], [-70.40511798799997, 6.986828174000152], [-70.40470354999997, 6.987919368], [-70.4041126379999, 6.988225946000171], [-70.40339903499995, 6.988117563000174], [-70.40279308499998, 6.987868037000112], [-70.40241023199991, 6.987435758000174], [-70.40197565399995, 6.986797685], [-70.40133387099996, 6.986298337999983], [-70.40087200199991, 6.985764218000043], [-70.40048025599992, 6.98522905599998], [-70.3999110289999, 6.984622451000178], [-70.39944833399989, 6.983873582000115], [-70.39905792599984, 6.983196018000172], [-70.39866634199996, 6.982554618000052], [-70.39827449599994, 6.98209179700001], [-70.39738393399989, 6.981555916], [-70.39681388099996, 6.981518934000178], [-70.39595827099998, 6.981838681000056], [-70.39524518899992, 6.982158632000164], [-70.39460222799994, 6.982477555000173], [-70.39371020999994, 6.982939645000044], [-70.3925332469999, 6.9833289930001], [-70.39157119599997, 6.983719780000172], [-70.39060781599994, 6.984252975000175], [-70.39007235699995, 6.984537004000117], [-70.38907385299996, 6.985105180000062], [-70.38843093699995, 6.985389054999985], [-70.38729042699998, 6.985600994000038], [-70.38575791899996, 6.985456338000176], [-70.38481954799994, 6.985131723000052], [-70.38395187399988, 6.984417275000055], [-70.38301582099996, 6.983280035000121], [-70.3826242539999, 6.982638629000178], [-70.38216225099995, 6.982209593], [-70.38159294299993, 6.981675295000059], [-70.38109361499994, 6.981247345000156], [-70.38048892299997, 6.980925470000102], [-70.37991812399991, 6.980639816000064], [-70.37931301899994, 6.98060275], [-70.37817174599991, 6.980566018], [-70.37706641299997, 6.98070678400012], [-70.37653235599998, 6.980812237], [-70.37539056099996, 6.981131516000062], [-70.37435653799992, 6.981236217000117], [-70.37307393199984, 6.981163101000107], [-70.3725165919999, 6.981018250000091], [-70.37211170199998, 6.980913020000116], [-70.37129268999996, 6.980199760000062], [-70.37115146499991, 6.979343977000042], [-70.37122411199982, 6.97841844300001], [-70.37140383799994, 6.977741718000061], [-70.37147627799999, 6.976958590000152], [-70.37140619199994, 6.97617411900012], [-70.37133658099998, 6.975070926000058], [-70.37133941099995, 6.973182351000048], [-70.37126980099987, 6.972078044000057], [-70.37105564199999, 6.971579281000118], [-70.37045112999988, 6.971151163000059], [-70.36973792999993, 6.970794092000062], [-70.36899063999994, 6.970543184000064], [-70.36792124999994, 6.970114362000118], [-70.36738725499998, 6.969436567000116], [-70.36717421899993, 6.968937821000054], [-70.3667477439999, 6.968225152000116], [-70.36639267599992, 6.967405214000166], [-70.36600082199993, 6.966977401], [-70.36478968599988, 6.966797004000114], [-70.36418319799998, 6.966938497000172], [-70.36357650299988, 6.967222407000065], [-70.36307730899995, 6.967471412000123], [-70.3622221849999, 6.967470117000119], [-70.36151035099988, 6.966970618000062], [-70.36133314899996, 6.965972374000103], [-70.36148075999995, 6.965595119000056], [-70.36194141599987, 6.964655472], [-70.36233432999995, 6.963626451000039], [-70.36252959699993, 6.962408380000056], [-70.36255226199995, 6.961629702000153], [-70.36249371799988, 6.960708501], [-70.36201231999996, 6.959664584000052], [-70.36148651799988, 6.958813872], [-70.36131012499993, 6.95803037100012], [-70.36102342799995, 6.956892940000046], [-70.36092054399995, 6.956634150000127], [-70.36075412199995, 6.956215538000151], [-70.36024357299988, 6.955749115], [-70.3594600809999, 6.955534311000179], [-70.35850987899988, 6.955593915000122], [-70.35778420199995, 6.956030198000121], [-70.35714109799994, 6.956456441000114], [-70.35657037999988, 6.956882790000122], [-70.35576014499992, 6.957135864000122], [-70.35485964599991, 6.957236195000121], [-70.35396851799999, 6.957128604000047], [-70.35304136699995, 6.956913568000175], [-70.35225801799999, 6.95659138700006], [-70.35155666699995, 6.955906545000062], [-70.3512975569999, 6.955235926000114], [-70.35157766099996, 6.954766196000151], [-70.35204198199995, 6.954380372], [-70.35273887699998, 6.954285373000062], [-70.35444271099988, 6.953997528000116], [-70.35492726299992, 6.953708925000171], [-70.35506261199993, 6.95320618400001], [-70.35492884399997, 6.952665749000175], [-70.35450346399995, 6.951988104000122], [-70.35369213299998, 6.95148505800006], [-70.35293658699999, 6.951483908000171], [-70.3521433389999, 6.951714379000123], [-70.35113589599996, 6.952234977000046], [-70.35001317299992, 6.95269664000017], [-70.34929720599996, 6.952695544000051], [-70.34842725999982, 6.952056782000113], [-70.34820214199993, 6.951348915000096], [-70.34834584599992, 6.950576071000114], [-70.34826893199994, 6.949842467000167], [-70.34767103099995, 6.948836776000178], [-70.34688866099998, 6.947891857000059], [-70.34631955199995, 6.947286313000063], [-70.34626493399998, 6.947176417000037], [-70.34592942199998, 6.946501345000115], [-70.34521687899985, 6.945753185], [-70.3446840069999, 6.945110403000115], [-70.34415008399998, 6.944433720000177], [-70.34365173499992, 6.944147005], [-70.34258203899998, 6.943967908], [-70.34194062399985, 6.944038111000054], [-70.34126279999998, 6.944250662000115], [-70.34072856299991, 6.944499613000062], [-70.34008590799993, 6.944641026000113], [-70.33830451299997, 6.944638248000047], [-70.3373062419999, 6.944350745000179], [-70.33673692599996, 6.943887609000058], [-70.33609663399994, 6.943244656000047], [-70.33583273599993, 6.942867536999984], [-70.33559782599997, 6.942531843000097], [-70.33456670399988, 6.94156842100017], [-70.33349786199994, 6.940854725000065], [-70.33292821299995, 6.940604059000123], [-70.33210849999989, 6.940425329000107], [-70.33198358599998, 6.940435111], [-70.33121712899987, 6.940495129000169], [-70.33050446899995, 6.94056520800001], [-70.32972037399992, 6.940741414000058], [-70.3285789389999, 6.940882015000057], [-70.3277955989999, 6.940595975000178], [-70.32711901499988, 6.940025284000114], [-70.32669215299984, 6.939597397000171], [-70.32626603699993, 6.938706116000048], [-70.32580373699994, 6.937814790000175], [-70.32541244899983, 6.937065963000123], [-70.32516475699992, 6.93635355400005], [-70.32492737199993, 6.936051097000188], [-70.32477308199992, 6.935854513000095], [-70.32466973299984, 6.935730183000089], [-70.32441749299994, 6.935426737000057], [-70.32349211199994, 6.934855649000042], [-70.3223875519999, 6.934567947000062], [-70.3212462969999, 6.934602299000062], [-70.32024834899994, 6.934849353000061], [-70.31914299899995, 6.935062324000171], [-70.31789504199998, 6.935345132000123], [-70.31686127799998, 6.935343488000171], [-70.31607743499995, 6.935377265000056], [-70.31511460299998, 6.935589332000063], [-70.31508533499994, 6.935590908000052], [-70.3149064449999, 6.935600542000145], [-70.31422411899985, 6.935637290000159], [-70.31383078499988, 6.935658473000046], [-70.3124053649999, 6.935869793000109], [-70.31154877699998, 6.936118186000158], [-70.31058677099998, 6.936508801000059], [-70.30990855199991, 6.936969970000121], [-70.3093730029999, 6.93732510000018], [-70.30844635499989, 6.937537201000055], [-70.30773267899991, 6.937536051000109], [-70.30662831699993, 6.937143209000112], [-70.3055192629999, 6.936872764000043], [-70.30545251299998, 6.936856487000057], [-70.30537700699995, 6.936862794000092], [-70.30420483299997, 6.936960698000064], [-70.30331415399996, 6.937315254000055], [-70.30263654599997, 6.93738535000017], [-70.30196342099987, 6.937237539000137], [-70.30157002899989, 6.937151155000095], [-70.30149575699988, 6.937134846000049], [-70.30148679499996, 6.937130216000014], [-70.30024930899998, 6.936490861000152], [-70.29943114999998, 6.936062302000153], [-70.29836249599998, 6.935277327000108], [-70.29722338799996, 6.93470583900006], [-70.29622534999999, 6.934312024000064], [-70.29512094399985, 6.933954181000047], [-70.29447966299989, 6.933953148000057], [-70.29365944699998, 6.934094195000114], [-70.29291017199989, 6.934413930000176], [-70.29212563699997, 6.934874874000116], [-70.29155513499995, 6.935158752000177], [-70.29080575999996, 6.935549670000171], [-70.28991416399998, 6.935761807000063], [-70.28956282399997, 6.93582649700005], [-70.28921822799992, 6.935889944999985], [-70.28838117099997, 6.936044068000058], [-70.28790455999996, 6.93636686900004], [-70.28748893799997, 6.936648364000121], [-70.28684604899996, 6.937609086000066], [-70.28634572399994, 6.938533882000172], [-70.28591683199988, 6.939352543000155], [-70.28541549099998, 6.940206133000061], [-70.28488069699995, 6.940775997000173], [-70.28381021099995, 6.94109404500017], [-70.28361181799988, 6.941070386000092], [-70.28259912899995, 6.940949622000062], [-70.28170872799996, 6.940449710000053], [-70.28099744199994, 6.939700335000168], [-70.28060569599995, 6.939272459000108], [-70.27985791999998, 6.9387016], [-70.27917029299994, 6.938046073000066], [-70.27910752099996, 6.938125194000122], [-70.27907172599993, 6.938170312000125], [-70.27848875799992, 6.937872880000043], [-70.27831531799995, 6.937795289000064], [-70.27826270899988, 6.937771753000106], [-70.27807235199992, 6.937724163000041], [-70.27753697299994, 6.937646831000052], [-70.27701349199998, 6.937843136000026], [-70.27699071999996, 6.93785753200018], [-70.2765178269999, 6.938156488000061], [-70.27649595899999, 6.938170312000125], [-70.27612714299994, 6.938414207000108], [-70.27585350499993, 6.938664050000114], [-70.2757481939999, 6.93877972000007], [-70.27530331199995, 6.939268361000131], [-70.27512776899994, 6.939461170000186], [-70.2748698669999, 6.939684102000115], [-70.27442582799995, 6.94006793200009], [-70.27418391899988, 6.940274003000184], [-70.27379359999992, 6.940606498000079], [-70.27362275999991, 6.94075202800002], [-70.27359588399992, 6.940768567000077], [-70.27331342999997, 6.940942384000152], [-70.27317005599986, 6.940979327000093], [-70.27309023099991, 6.940999895], [-70.27306292699996, 6.941006930000185], [-70.2726306319999, 6.941118320000157], [-70.27261070099985, 6.941123456000014], [-70.27234379999999, 6.941192228000034], [-70.27100535299996, 6.941263612000057], [-70.27098799499998, 6.941262973000107], [-70.26986647899997, 6.941221713000061], [-70.26936375599996, 6.941203218000055], [-70.26922670599998, 6.941198176000171], [-70.2688274439999, 6.941181880000045], [-70.26858558299995, 6.941172008000137], [-70.26823029399998, 6.941157507000071], [-70.26776928599992, 6.941138690000059], [-70.26721892799986, 6.941087494000101], [-70.26688689999992, 6.941056608], [-70.26662406299994, 6.941032158000098], [-70.26649032499995, 6.941019717000074], [-70.26550284899997, 6.941233868000097], [-70.26538674299997, 6.941303101000074], [-70.2653248659999, 6.941339997999989], [-70.26472504799995, 6.941697668000131], [-70.26389671199996, 6.942191601000047], [-70.26266966199995, 6.943444021000118], [-70.26167087099998, 6.944155460000104], [-70.26056464999994, 6.944865577000144], [-70.26041207599997, 6.944952307], [-70.25931589099991, 6.945575426000175], [-70.2582452719999, 6.945965763], [-70.25728315699996, 6.946391296000172], [-70.25660480399995, 6.94688853800011], [-70.25603359299987, 6.947564528000044], [-70.25572291899994, 6.948027215000081], [-70.25560381999992, 6.94820458900017], [-70.25557054699993, 6.948253291000128], [-70.25555934599998, 6.94826968700005], [-70.25506859599994, 6.948988010000051], [-70.2546032219999, 6.949947860000066], [-70.25388899099988, 6.950908411000057], [-70.25338914999998, 6.951513309], [-70.25246052599988, 6.952188680000063], [-70.25131950399998, 6.952721264000047], [-70.25064502599997, 6.952943921999974], [-70.2505703089999, 6.952968586999987], [-70.24960680299995, 6.953536520000171], [-70.24960673899994, 6.95357304800018], [-70.24960480799996, 6.954676871000117], [-70.25006735099987, 6.955354656000168], [-70.25063609199992, 6.956102692000059], [-70.25070603499995, 6.95685099700006], [-70.25052577899987, 6.957741264000106], [-70.24999055399991, 6.958523544000172], [-70.24934729699999, 6.958985799000118], [-70.24880178099994, 6.959143211000026], [-70.24824169599998, 6.959304827000039], [-70.24738637399997, 6.959445738000056], [-70.24653135699987, 6.959408064000172], [-70.24564014699985, 6.959371465000061], [-70.24499878699999, 6.959405366000112], [-70.24407076399984, 6.95972470900017], [-70.24317809899998, 6.96050635000006], [-70.24293443899995, 6.960718627000176], [-70.24260716599997, 6.96100374700012], [-70.24206294599998, 6.961379464], [-70.2419139889999, 6.961482301000103], [-70.24167969999996, 6.961644048000096], [-70.24157095899994, 6.961674850000122], [-70.24068045899998, 6.961927091000121], [-70.23982532499991, 6.961960615000066], [-70.23882747699997, 6.96210124900017], [-70.23800682999985, 6.962455804000115], [-70.23725762699985, 6.962704240000051], [-70.23665099399994, 6.962916764000056], [-70.23572414799997, 6.963199913000096], [-70.23493994499995, 6.963412124000172], [-70.23411922699995, 6.963802826000176], [-70.23336976199994, 6.964193665000096], [-70.2326917499999, 6.964477263000106], [-70.23137197199992, 6.965008339000178], [-70.23037367499995, 6.965398730000061], [-70.22974893199995, 6.965885137000043], [-70.22955251599996, 6.96603806100012], [-70.22887397299985, 6.966606459000047], [-70.2287984059999, 6.96684209700004], [-70.22862258799984, 6.967390340000179], [-70.2285859289999, 6.96828085900006], [-70.22872697299994, 6.96909934700011], [-70.22883042999996, 6.969560197000021], [-70.22897495299992, 6.970203980000065], [-70.22886622099992, 6.970916918000114], [-70.22790239199992, 6.971627200000057], [-70.22780453999991, 6.971659595000176], [-70.22726067899993, 6.971839649000174], [-70.22665417299993, 6.97198095400006], [-70.22617101999992, 6.972312048000049], [-70.22608340199997, 6.972372092000057], [-70.22554730499985, 6.97297577500018], [-70.22522598699999, 6.973652162000121], [-70.22501018399998, 6.974150178000116], [-70.22433276499999, 6.974719692000178], [-70.22369011899991, 6.974824769000065], [-70.22294246999996, 6.974823415000117], [-70.22233620599997, 6.974822318000122], [-70.22173013999992, 6.974714978000122], [-70.22087629999999, 6.974646749000044], [-70.22029588099991, 6.974741764000044], [-70.21952079599993, 6.974895199], [-70.21857225499997, 6.975279989000057], [-70.21746866699993, 6.975702916000159], [-70.21659527999998, 6.975809816000094], [-70.21541921499994, 6.975664145000053], [-70.21420826799994, 6.97541330100006], [-70.21353095599994, 6.975304693000169], [-70.21289014299992, 6.975018714000043], [-70.21242706099997, 6.974661868000169], [-70.21196331599998, 6.974469823000163], [-70.21182126399987, 6.97441099700012], [-70.21169642099994, 6.974410767000109], [-70.21085871099996, 6.974409225000159], [-70.21014574499998, 6.974622647000047], [-70.2092897309999, 6.975119479000114], [-70.20863121599996, 6.97577408300009], [-70.20850330099995, 6.975901238000063], [-70.20814604099996, 6.976435154000171], [-70.20760984599991, 6.977074969000057], [-70.20736002299986, 6.977609069000039], [-70.20671784499984, 6.978070130000106], [-70.20611098899997, 6.978389977000177], [-70.20507730599991, 6.978316861000167], [-70.20496404999994, 6.978182620000155], [-70.20429517899993, 6.977389808999988], [-70.20362661699994, 6.976222232000111], [-70.20314330499991, 6.97579640400005], [-70.20262208499997, 6.975676766000106], [-70.20230002299996, 6.97570285900008], [-70.20188562799996, 6.975736433000179], [-70.20120722899998, 6.976217759], [-70.1997326629999, 6.977237823000053], [-70.1986611879999, 6.978020157000117], [-70.19752657099997, 6.978704053000058], [-70.19667413299999, 6.97908897200017], [-70.19612896199999, 6.979083441000171], [-70.19552309399995, 6.978868707000174], [-70.1949180339999, 6.978226780000057], [-70.19402920499988, 6.977513111000064], [-70.19248857599996, 6.976357457000063], [-70.19177289599997, 6.976201275000108], [-70.19117863499991, 6.976438627], [-70.19071501399986, 6.976972326], [-70.19004841899994, 6.977782536000063], [-70.18958248999996, 6.978342211000097], [-70.18904018599994, 6.978611302000104], [-70.18832417399994, 6.978629169000044], [-70.18735650999997, 6.97833802700012], [-70.18607930299999, 6.977854166000157], [-70.18540233299996, 6.977566948], [-70.18465422499992, 6.977209528000117], [-70.1841558939999, 6.976959958000066], [-70.18362117099991, 6.976816552000116], [-70.18291656899999, 6.976783572000045], [-70.18252545399992, 6.97685239700013], [-70.18233838599991, 6.976885315], [-70.18198601299997, 6.977206744000057], [-70.18158705299999, 6.978236686000173], [-70.18130085899986, 6.978841918000171], [-70.18087263199993, 6.979197102000057], [-70.18022080499992, 6.979367647000061], [-70.17942803299997, 6.979307371000061], [-70.17834181699999, 6.978907488000061], [-70.17777230299993, 6.978621605000171], [-70.17709540499999, 6.97829934400005], [-70.17588543699998, 6.97754886600012], [-70.17543435199985, 6.977157617000159], [-70.1753513349999, 6.977085612000167], [-70.17474575299997, 6.976728450999985], [-70.17414111499994, 6.976477536000118], [-70.1741038049999, 6.976470855000173], [-70.17353506699999, 6.976369008], [-70.17278621299994, 6.976403737000112], [-70.17217949099995, 6.976652346000037], [-70.17146602199995, 6.977113201000066], [-70.17089480199996, 6.977717874000064], [-70.17021605299993, 6.978357367000115], [-70.16957418799984, 6.978640939000172], [-70.16900412599983, 6.978639832000169], [-70.16818506099992, 6.978139859000066], [-70.16757914699997, 6.977960134000057], [-70.16688879699996, 6.978001238000047], [-70.16640267699995, 6.978030182000168], [-70.16590340299996, 6.978277859000116], [-70.16504635599995, 6.978703397000174], [-70.1645471349999, 6.978916029000175], [-70.16358438399993, 6.979021547], [-70.16276479699997, 6.979375941000058], [-70.16190780399995, 6.979766445], [-70.16115847399993, 6.980049785000176], [-70.16051660099993, 6.980333336000115], [-70.1592690299999, 6.980330912000113], [-70.15834288499997, 6.980221739], [-70.1575577029999, 6.980327579000061], [-70.15684470099995, 6.980539787000055], [-70.15630887399988, 6.980965939000157], [-70.1559166159999, 6.981428537000056], [-70.15530945399996, 6.981889588000115], [-70.15448858199989, 6.982316298000057], [-70.15384697799993, 6.982457441000065], [-70.15299154899992, 6.982633206000173], [-70.15227732499989, 6.982881571000178], [-70.15156404499993, 6.983236164000118], [-70.15088554699992, 6.983733228000062], [-70.15013607399999, 6.984087746000057], [-70.14960178299992, 6.984300297000175], [-70.14903051699991, 6.984335342000122], [-70.14831806299998, 6.984262731000058], [-70.14717914299996, 6.983654722000097], [-70.1466450499999, 6.983190320000062], [-70.14653927699993, 6.983110727000167], [-70.14641710099988, 6.983018792000109], [-70.14607583299988, 6.982761994000157], [-70.14581784899997, 6.982392200000106], [-70.14565393899989, 6.982157250000057], [-70.14557843499995, 6.982049023000059], [-70.14557141899996, 6.982019393000087], [-70.14540120699985, 6.981300508], [-70.14540261699995, 6.980588522000062], [-70.14540452199992, 6.979626768000116], [-70.14526327099998, 6.978985702000159], [-70.14512625599991, 6.97891691000018], [-70.1444090359999, 6.978556810000043], [-70.14383769799997, 6.978626879000046], [-70.14319623799992, 6.978696803000162], [-70.14237614799993, 6.978730224000174], [-70.14166449399994, 6.978265450000094], [-70.14123969699995, 6.977591013000165], [-70.14123828799984, 6.977588776000061], [-70.14084716199989, 6.976911051], [-70.14038526599995, 6.976554125000121], [-70.14029217299998, 6.976571095000111], [-70.13942237099997, 6.976729655000099], [-70.13870789599997, 6.977120388], [-70.13817381999996, 6.977225562], [-70.13724634599993, 6.977223719000108], [-70.13653442199984, 6.976902467], [-70.13596522199998, 6.97647412900011], [-70.13553853099995, 6.976044951000119], [-70.13503324799996, 6.975619732000041], [-70.13464875899996, 6.975296168000057], [-70.13440197899996, 6.975240884000129], [-70.13368665499985, 6.975080635000097], [-70.13308040799996, 6.975079414000049], [-70.13222440399994, 6.975539937000065], [-70.13168812799995, 6.976179652000155], [-70.13086739099998, 6.976535135000177], [-70.13014812099988, 6.976664316000097], [-70.13008327799997, 6.976675962], [-70.12922763299986, 6.976959039000064], [-70.12872705599983, 6.977277872000059], [-70.12801340699991, 6.977810986000122], [-70.12733497299985, 6.978272978000177], [-70.1265200179999, 6.978536406000103], [-70.12569498099987, 6.97880309400017], [-70.12490981799994, 6.978908887000102], [-70.12376984699989, 6.978835378000156], [-70.12245117399988, 6.978761518000113], [-70.12187478099997, 6.978837876], [-70.12113199799995, 6.978936277000059], [-70.12011011899989, 6.97919300600006], [-70.1193934879999, 6.979309177], [-70.11892250799997, 6.979339701000072], [-70.11892182499997, 6.979339745000061], [-70.11787973999998, 6.979407283000114], [-70.11780200599998, 6.979412321000041], [-70.11775799699996, 6.979360401000179], [-70.11765697599986, 6.979241219000073], [-70.11763395299982, 6.979257876000133], [-70.11671599999988, 6.979922], [-70.11392299999989, 6.981886000000145], [-70.11320616699993, 6.982258495000167], [-70.111479, 6.983156], [-70.11043199999989, 6.984427], [-70.109617, 6.986506000000134], [-70.108337, 6.988586000000112], [-70.10793868299993, 6.989030523000054], [-70.107406, 6.989625000000103], [-70.106475, 6.989625000000103], [-70.106393, 6.989625000000103], [-70.102052, 6.989625000000103], [-70.101005, 6.989972], [-70.10077199999989, 6.991704], [-70.10088799999988, 6.993553], [-70.098561, 6.994130000000155], [-70.09818469599998, 6.994186252000191], [-70.096233, 6.994478000000186], [-70.09519174699994, 6.995625565000182], [-70.095185, 6.995633000000169], [-70.097048, 6.998867], [-70.096699, 7.001293], [-70.096, 7.003488000000118], [-70.09309, 7.007184], [-70.09064599999988, 7.009725000000174], [-70.09064599999988, 7.010765], [-70.090762, 7.011573000000112], [-70.09239199999985, 7.013075], [-70.092973, 7.013306000000171], [-70.092741, 7.014692], [-70.091461, 7.016771000000119], [-70.09052899999989, 7.01989], [-70.088518, 7.021992000000125], [-70.08969699999989, 7.023128000000156], [-70.090587, 7.024804], [-70.143201, 7.066017000000159], [-70.193155, 7.105528000000106], [-70.252545, 7.151926], [-70.295659, 7.18589], [-70.341695, 7.221975], [-70.369725, 7.243542000000161]]]}}, {"type": "Feature", "properties": {"Pais": "Venezuela", "Estado": "Apure", "Municipio": "P\u00e1ez", "Parroquia": "San Camilo"}, "geometry": {"type": "Polygon", "coordinates": [[[-71.82526527499994, 7.483483338000042], [-71.82638331599992, 7.483648343000141], [-71.82748036699991, 7.483922340000163], [-71.82814339899988, 7.484087346000138], [-71.83072650499992, 7.485421352000174], [-71.8311441589999, 7.485717461000092], [-71.8323485759999, 7.486571373], [-71.83330419399994, 7.487124439000127], [-71.83417665899992, 7.487629380000101], [-71.83737679499995, 7.48898839300017], [-71.84050948099997, 7.488807879000149], [-71.84060492599997, 7.488802379000049], [-71.84082492599987, 7.488580371000182], [-71.84246735299996, 7.48836512400004], [-71.84328202299997, 7.488258358000053], [-71.84726017499986, 7.485777286000143], [-71.84772399299993, 7.485549098000092], [-71.84894524399994, 7.484948269000029], [-71.84898536499998, 7.484928530000104], [-71.85063031199991, 7.484119240999973], [-71.85063330399998, 7.484115244000122], [-71.85148033499996, 7.483258217000184], [-71.85182574499999, 7.482908721], [-71.85200386699995, 7.482728491000046], [-71.85209130599998, 7.482640018000097], [-71.85215635999998, 7.482574195000041], [-71.85215594199991, 7.482520636000174], [-71.85215578999998, 7.48250118600015], [-71.85215412799994, 7.482288520000111], [-71.85215235999988, 7.482062186000064], [-71.85217867599994, 7.481947000000105], [-71.85255036199999, 7.480320147999976], [-71.85223534999994, 7.479195131999973], [-71.85109929299989, 7.477769108000132], [-71.85034025799996, 7.476905100000067], [-71.85033926499989, 7.476905100000067], [-71.84975723499997, 7.476242084999967], [-71.8497392349999, 7.475963080000099], [-71.84967521899995, 7.47493206200005], [-71.8492682029999, 7.473463026000161], [-71.84850315299985, 7.470736980000027], [-71.84856716099989, 7.470210969000107], [-71.84838014999997, 7.469595951000031], [-71.84857815099991, 7.468468934000157], [-71.84918317199998, 7.467133909000097], [-71.84999019299988, 7.465184857000111], [-71.85111022699994, 7.464255837000167], [-71.85228127999989, 7.46405383300015], [-71.85228628199997, 7.464049824000085], [-71.85229328299994, 7.464051822000044], [-71.85233827899998, 7.464043828000115], [-71.85357133599996, 7.464548831000059], [-71.85390034499994, 7.464601830000106], [-71.85411334399998, 7.461703770000099], [-71.85369030899994, 7.458792717000051], [-71.85345329199998, 7.45645466700006], [-71.85407031799997, 7.455561646000149], [-71.85412431299989, 7.455434642000114], [-71.8542133229999, 7.455355649000069], [-71.8548683439999, 7.454407617000129], [-71.85601337999998, 7.454174607000027], [-71.85630839699996, 7.453072588000055], [-71.85552335599994, 7.451653562000047], [-71.85467030499996, 7.44998253], [-71.8546333029999, 7.449911531000112], [-71.85387927299996, 7.449498526000127], [-71.85356425999993, 7.448374503000082], [-71.85375826199999, 7.446837469000116], [-71.85446428299997, 7.445195437000166], [-71.85516830999995, 7.444403414000078], [-71.85526930999987, 7.444178415000181], [-71.85533930499997, 7.444211419000055], [-71.85537931099998, 7.444166412000186], [-71.85620134899989, 7.444468413000038], [-71.85648536199994, 7.444748421000099], [-71.85729039599994, 7.44508842900018], [-71.85788341599988, 7.444283398999971], [-71.85847943999983, 7.443444384000145], [-71.85854743499993, 7.443021371000043], [-71.85899444799998, 7.442718371000183], [-71.85932146799996, 7.442259361000026], [-71.86102852999988, 7.44091932800012], [-71.86104852499994, 7.440577319000113], [-71.86097352399986, 7.439897297000186], [-71.86016348999988, 7.439633302000118], [-71.85945246299997, 7.440558323000175], [-71.85853342399992, 7.440973334000148], [-71.8576773879999, 7.440694333000067], [-71.85748137999991, 7.440661330000069], [-71.85779437799988, 7.438275289999979], [-71.86017748299997, 7.43787626], [-71.8614625329999, 7.437657251000132], [-71.86155552799994, 7.437435255000025], [-71.86155752599996, 7.437301251000122], [-71.8612685189999, 7.436453229000165], [-71.8607474939999, 7.435125210000137], [-71.86123649699994, 7.431642130000057], [-71.86124449099998, 7.431611136000186], [-71.86123148999997, 7.430717113000185], [-71.86168350399998, 7.430036107000149], [-71.86183651199985, 7.429489094000076], [-71.86229252399994, 7.429119080000021], [-71.86326155699999, 7.427659049000113], [-71.86393658399999, 7.428710061], [-71.86439261099997, 7.428859069000112], [-71.86501362999991, 7.429777083000033], [-71.86614468199997, 7.430486096000152], [-71.86746773399994, 7.42914805200013], [-71.86848368099999, 7.426590407000162], [-71.86917978399993, 7.42483796800019], [-71.8703968189999, 7.423089920000166], [-71.87162287099983, 7.4225709050001], [-71.87346794299998, 7.422764901000164], [-71.87438098199993, 7.42142887], [-71.87405495199988, 7.418666814000119], [-71.87506598699997, 7.416715775000057], [-71.87659903999997, 7.416296752000108], [-71.87706206799999, 7.416537760000153], [-71.87716306899995, 7.416484759000127], [-71.87762408699996, 7.416830764000053], [-71.87834611799991, 7.417207773000086], [-71.88060020899991, 7.417295754000179], [-71.88192326199999, 7.416059726000071], [-71.8825312759999, 7.415032701000086], [-71.88415433599994, 7.412770655000145], [-71.88557938399998, 7.411431618000108], [-71.8876234629999, 7.410804599000187], [-71.89130861299998, 7.410475568000038], [-71.89508975799993, 7.40922353000019], [-71.89897991399994, 7.408893505000151], [-71.90062397899999, 7.409702509000113], [-71.90246205799991, 7.408974491000095], [-71.90430212399991, 7.408451476000096], [-71.9062512139999, 7.40884847600006], [-71.90747224799986, 7.407613442000184], [-71.90889430199991, 7.405966405000072], [-71.91093337599989, 7.40462336700017], [-71.91307746099983, 7.403586331000156], [-71.91480952099988, 7.402245305], [-71.91592456199993, 7.400601261000077], [-71.91755261599991, 7.399055221000026], [-71.91949969399997, 7.399146220000034], [-71.92174578599992, 7.39810819000013], [-71.92409788399993, 7.397685166000088], [-71.92512091799995, 7.397473159000072], [-71.92624496299987, 7.397057142], [-71.92971109599995, 7.394784078000043], [-71.93288421499994, 7.394458064999981], [-71.93421326799995, 7.394245051000155], [-71.93595934999985, 7.39484805900014], [-71.93719039599989, 7.395148060000167], [-71.93800342999987, 7.394324038000036], [-71.93778940499993, 7.3928920030001], [-71.93778740599993, 7.392723008000075], [-71.9377764009999, 7.391151978000096], [-71.93930446099995, 7.389913939000053], [-71.94135554499991, 7.390310938000141], [-71.94300561199992, 7.389933930000041], [-71.94344461699995, 7.388954905000105], [-71.94349561899998, 7.388762898000152], [-71.94352561999989, 7.388710903000174], [-71.94393463299997, 7.387195863000045], [-71.94500967299996, 7.386686852000139], [-71.94528268899995, 7.386800846000142], [-71.94542769199995, 7.386702850000063], [-71.94808479199997, 7.385970820000068], [-71.95135892299999, 7.385540804000186], [-71.9544320469999, 7.385623791], [-71.95586310599998, 7.385205774000156], [-71.95749115999996, 7.38376273200015], [-71.95953024499994, 7.382316697000135], [-71.96085729799995, 7.381796676000022], [-71.96207833299991, 7.380663647000119], [-71.96463043199986, 7.379419620000135], [-71.96738953799996, 7.378583587000151], [-71.96756644399994, 7.378440244000103], [-71.96993563699988, 7.376520532000086], [-71.97227871799993, 7.374765490000186], [-71.97446880399997, 7.373653457999978], [-71.97491581799983, 7.373319452000089], [-71.97625186599998, 7.371875407000061], [-71.97655887699989, 7.37143340200015], [-71.97670288699999, 7.371198398000104], [-71.97675488299996, 7.371150400000033], [-71.97817893399997, 7.369099353000024], [-71.98022000699996, 7.368165315000056], [-71.98247110499995, 7.367844308000031], [-71.98379515199997, 7.366812278000054], [-71.98584023699982, 7.366390262000152], [-71.98778830899988, 7.366788255000131], [-71.9892203739999, 7.366471249000028], [-71.99044241499985, 7.365543222000042], [-71.99258048899998, 7.363789175000136], [-71.99421356099992, 7.362960147000138], [-71.99554461299994, 7.362952147000158], [-71.99609563399997, 7.36309214400012], [-71.99767069399991, 7.363066133000189], [-71.99911075299997, 7.362938129999975], [-72.00014879099996, 7.362412115000097], [-72.00261190099991, 7.363215120000177], [-72.00352893499985, 7.363970133], [-72.00441196799989, 7.364090132000115], [-72.00441097499998, 7.364200130000143], [-72.00685306199989, 7.3631231], [-72.00918415599995, 7.362155063000102], [-72.01272829599992, 7.361421031000134], [-72.0164904419999, 7.361130018000154], [-72.01968657899994, 7.362158019], [-72.02211668099994, 7.362405013], [-72.02497780299996, 7.363760030000151], [-72.02663287499996, 7.364109021000161], [-72.02784491799997, 7.364564027000142], [-72.03005401399986, 7.364809024000067], [-72.03115706099999, 7.365041018000056], [-72.03281212099989, 7.36539002100011], [-72.03326614299988, 7.364180994000151], [-72.03427117399991, 7.363087971000027], [-72.03604324399998, 7.362775954000085], [-72.03714029899999, 7.363670966000029], [-72.03835534399997, 7.363793966000117], [-72.04100344999995, 7.364374964000035], [-72.0435385529999, 7.365173972000036], [-72.04639567999999, 7.366970993000166], [-72.04826776399989, 7.367763996000122], [-72.05036085399996, 7.36855900900008], [-72.05301395999993, 7.368587993000176], [-72.05533404999994, 7.368832989000055], [-72.05864418299984, 7.369530982000128], [-72.06105929699999, 7.371323014999973], [-72.06291138199992, 7.374213059], [-72.06433544899983, 7.375663087000078], [-72.06729858199986, 7.378013115000044], [-72.06751974299993, 7.378440244000103], [-72.0691926749999, 7.381671184000083], [-72.06930967599999, 7.3817911860001], [-72.06939167499985, 7.381893179000087], [-72.07100974899998, 7.383130197000128], [-72.07275283799993, 7.38590824500011], [-72.07278883599992, 7.386071244], [-72.07363187899995, 7.38710726100004], [-72.07436992999999, 7.392082360000188], [-72.07478995099984, 7.392741367000042], [-72.07612000499995, 7.394332400000167], [-72.07797209299997, 7.395237412000085], [-72.08172124899994, 7.396380410000177], [-72.0831283089999, 7.397490427000093], [-72.08507738899988, 7.398562435000144], [-72.08645145299988, 7.398970447000124], [-72.0887595449999, 7.400430462999964], [-72.08996359599996, 7.401330476000112], [-72.09385175899996, 7.402028467000036], [-72.0967988829999, 7.402471462], [-72.09714389199996, 7.402506463000122], [-72.09716189099993, 7.402525466000043], [-72.10326414999992, 7.403441456000166], [-72.10828734499995, 7.401371390000122], [-72.11185847699994, 7.399392337000052], [-72.11639465699983, 7.398673294000162], [-72.1178717109999, 7.396986263000088], [-72.12220086899998, 7.395155200000033], [-72.12890014499999, 7.395035166000071], [-72.13107622399991, 7.392751111000166], [-72.13480634599989, 7.387401995000062], [-72.13889451099993, 7.387681974000031], [-72.14112059799999, 7.387646961000087], [-72.14184462399987, 7.387414957999965], [-72.14693482899997, 7.386916927000073], [-72.15057498699997, 7.387500923000061], [-72.1530820829999, 7.387461912000163], [-72.15326608799995, 7.387503902000049], [-72.15433913099992, 7.387435902000107], [-72.15741925399993, 7.387263878000113], [-72.15773526599997, 7.387155877000112], [-72.15989433799984, 7.384513813000183], [-72.16123038799998, 7.383509785000058], [-72.16278945399995, 7.382336761000033], [-72.16621359499999, 7.38270375400009], [-72.16719063699992, 7.384700783000028], [-72.16744364999988, 7.386117812000123], [-72.16782168499992, 7.388239850000048], [-72.16857172799996, 7.390897899000151], [-72.1700918009999, 7.393893958000149], [-72.17073483399997, 7.396109], [-72.17072683999993, 7.396180991999984], [-72.17037383999997, 7.399306061], [-72.17080185899994, 7.400856087000022], [-72.17222792299998, 7.402085101000125], [-72.17223292499995, 7.402086107000173], [-72.17287594799996, 7.402194103000056], [-72.17432601299993, 7.402439104000166], [-72.17665209499995, 7.402021083000136], [-72.17830317199986, 7.402812089], [-72.18051326099993, 7.403055087000041], [-72.18160930999994, 7.40406009700007], [-72.18313538799998, 7.406505147000075], [-72.18399042099998, 7.407148153000151], [-72.18522146899994, 7.408073164000029], [-72.18786158599988, 7.409646181000085], [-72.18865862799993, 7.410694200000023], [-72.18932465399996, 7.411241209000082], [-72.18941966599994, 7.412644238000041], [-72.18944266799997, 7.412998238000057], [-72.18971867699997, 7.413479252000059], [-72.19044671899991, 7.414752271000111], [-72.19344484599998, 7.417488310000124], [-72.19510591399995, 7.417922312000144], [-72.19809104399991, 7.417912306], [-72.19893007699989, 7.418739310999968], [-72.20037187499992, 7.4201598410001], [-72.20042413899995, 7.420211333999987], [-72.20108916999993, 7.420539339000072], [-72.20164420099985, 7.421086348000131], [-72.20374227399998, 7.420310319000123], [-72.20418729299996, 7.420858334000059], [-72.20750843699994, 7.421836337000059], [-72.20972452399997, 7.422707338000123], [-72.21034956599982, 7.42402936100018], [-72.21117660099986, 7.425778393000087], [-72.21262667699995, 7.428409443000021], [-72.21439974599991, 7.429172446000166], [-72.21639383299998, 7.430044453000107], [-72.21783389599995, 7.430589460000022], [-72.21972398399998, 7.432670492000057], [-72.22205208399998, 7.433980505000022], [-72.22470418199993, 7.433422483000186], [-72.22580322399995, 7.432100452000157], [-72.22756728399997, 7.430886417000124], [-72.22943834899996, 7.428903375], [-72.23142643599988, 7.428567352000016], [-72.23312044899995, 7.428561515000183], [-72.23374952799998, 7.428559346999975], [-72.23596561499994, 7.429540359000157], [-72.23784069399989, 7.428545327000052], [-72.24071080399989, 7.427437289000068], [-72.24192083999998, 7.426005259000021], [-72.24456893699988, 7.424788217000071], [-72.24866510999988, 7.425653214000135], [-72.2511012089999, 7.426304217000109], [-72.25519938299988, 7.427608226000075], [-72.25763348199996, 7.427929223000092], [-72.25906453599998, 7.426606185000026], [-72.26115460699998, 7.424182132000112], [-72.26358270499998, 7.423186104000138], [-72.2662378099999, 7.42339609600009], [-72.26945194599995, 7.424813100000108], [-72.27199705099991, 7.425134096000022], [-72.2744301439999, 7.425235095000119], [-72.27598521299996, 7.426658114000134], [-72.27798430699988, 7.428409138000063], [-72.28008938799996, 7.429170141999975], [-72.28197347399998, 7.429933144000074], [-72.28363054099998, 7.429488129000106], [-72.28561061399995, 7.427504082000155], [-72.28815071099996, 7.426726052000106], [-72.2910238149999, 7.426167036000038], [-72.29345892099997, 7.42670802900011], [-72.29522899399996, 7.426701020000166], [-72.29733307999987, 7.427243020000049], [-72.30099122999997, 7.429098040000042], [-72.30332334199989, 7.431067073000179], [-72.30377336799984, 7.432603099000062], [-72.30521642399987, 7.433697115000029], [-72.30731851099995, 7.433909109000126], [-72.30842054699986, 7.433026089000066], [-72.31007461999991, 7.432142062000025], [-72.31217769899996, 7.432354055000076], [-72.31461579899997, 7.433444071000054], [-72.31749491599999, 7.434093062000159], [-72.32070705199999, 7.435070071000098], [-72.32158908899999, 7.434628052000051], [-72.32279612999992, 7.432756017000145], [-72.32466818999984, 7.430991966000079], [-72.32621024999997, 7.429777945000069], [-72.32697427299996, 7.427687890000072], [-72.32807130299994, 7.425926858000025], [-72.32906735099994, 7.426032855000187], [-72.33250049399987, 7.427008859000125], [-72.3347155859999, 7.427550858000131], [-72.33659465399995, 7.427433839000116], [-72.33892475399995, 7.428963860000124], [-72.34002980799988, 7.428629851000153], [-72.34057481299993, 7.427089824000177], [-72.34045079799989, 7.424344761000157], [-72.34092910899994, 7.422733312000105], [-72.34110381499994, 7.422144720000119], [-72.34319188599994, 7.419500658000175], [-72.34738804499995, 7.418167615000129], [-72.34877310199988, 7.417806596000162], [-72.35203424099996, 7.418480596000165], [-72.35535737199996, 7.419566598000131], [-72.35768146999993, 7.419777597000063], [-72.36532278499982, 7.421947599000021], [-72.36609581499994, 7.421614596000097], [-72.36730586299996, 7.420292565000068], [-72.36886592499997, 7.419769539000129], [-72.37070998399997, 7.418487509000101], [-72.37485753199985, 7.41745635500007], [-72.37632120299997, 7.417092460000049], [-72.3796673309999, 7.415193406000128], [-72.38111238999994, 7.414643384000101], [-72.38227642899994, 7.414041367000095], [-72.38375148999995, 7.413640355000155], [-72.3875066309999, 7.412747319000175], [-72.38930501299984, 7.411898936000057], [-72.38932123799992, 7.411891282000113], [-72.38938270299997, 7.41186228600003], [-72.39064875899999, 7.41097926600014], [-72.39114576999998, 7.410537260000183], [-72.39141977699995, 7.410454258000073], [-72.39185645799989, 7.410156954000172], [-72.3926198229999, 7.409637235000048], [-72.39335385499999, 7.409869231000073], [-72.3954149459999, 7.410838240000032], [-72.39756503399991, 7.411502241000164], [-72.4007681619999, 7.410611218000099], [-72.40331326599988, 7.410821210000051], [-72.4074074269999, 7.411355195000056], [-72.40916649199994, 7.409151140000063], [-72.41067991399996, 7.408139372], [-72.41137232599993, 7.407676474000084], [-72.41148057699996, 7.407604105000019], [-72.41346664999998, 7.406608080000126], [-72.41351153799985, 7.405387654000037], [-72.41356364199999, 7.403971028000115], [-72.41375426199994, 7.402959468000063], [-72.41386364699986, 7.402378995000106], [-72.41377955399992, 7.400668600000074], [-72.41333822799999, 7.400637761000098], [-72.40886002299999, 7.400324830000045], [-72.40684046199988, 7.400183706000064], [-72.37972016099991, 7.398288573000059], [-72.37807933399995, 7.397686566000061], [-72.37656134199995, 7.397479675000056], [-72.37586695399995, 7.39758372600005], [-72.37566278399993, 7.397516450000182], [-72.37516553199993, 7.397352599000044], [-72.37451124299997, 7.397261232], [-72.37409037399988, 7.39712255000012], [-72.37338990399991, 7.397217861000058], [-72.37273642399992, 7.397406300000114], [-72.37203595399995, 7.397501611000109], [-72.37138056099991, 7.397037157000057], [-72.37072463799984, 7.396386173], [-72.36992991799997, 7.396201938000161], [-72.36890202099994, 7.396158280000066], [-72.36759205999982, 7.395509184], [-72.36704516499987, 7.395426810000117], [-72.36698448499999, 7.395417672000065], [-72.3661653559999, 7.395439502000102], [-72.36507125299988, 7.395468671000117], [-72.36439171299997, 7.395172334000051], [-72.36404015799991, 7.395006459000058], [-72.36315092399997, 7.394449409000174], [-72.36235594199991, 7.394171879000112], [-72.36118777299998, 7.394081976000052], [-72.36052290699996, 7.394083889000115], [-72.35987970899993, 7.394085740000037], [-72.35908581399997, 7.394181296000113], [-72.35896760199995, 7.394203500000174], [-72.35784529499983, 7.39441431], [-72.35782514499994, 7.394418090000158], [-72.35698531899999, 7.394793586000162], [-72.35609932899996, 7.395355752000114], [-72.35521279199997, 7.395731373], [-72.35460667899991, 7.396152827000094], [-72.35448019799992, 7.396163715000057], [-72.35348575299997, 7.396249318000173], [-72.35283104199982, 7.396017999000094], [-72.35208252099989, 7.395647058000065], [-72.35193553099998, 7.395612088000178], [-72.35072681199989, 7.395324490000178], [-72.34932411799991, 7.394908778000058], [-72.34852859699998, 7.394444690000057], [-72.34752305899991, 7.393628186000171], [-72.34749843599991, 7.393608187000041], [-72.34749035999988, 7.393600751000122], [-72.34688367399997, 7.393041595000057], [-72.34618691299994, 7.392399415], [-72.34525073499992, 7.391749168000104], [-72.34333244499993, 7.390728637000166], [-72.34131888099995, 7.38905547100012], [-72.3409909419999, 7.388729949000151], [-72.34033571899988, 7.388312079000059], [-72.33835213999998, 7.387510396000039], [-72.33804399099989, 7.387385854000058], [-72.33752893199988, 7.386967583000171], [-72.33720100299996, 7.386642069000061], [-72.33677870499992, 7.385990359000175], [-72.33673890699998, 7.385903602000155], [-72.33656375399988, 7.385521788], [-72.33655156699996, 7.385495223000021], [-72.33654367899999, 7.385478030000115], [-72.33624435499985, 7.385205666000161], [-72.33598164799997, 7.384966620000114], [-72.33581915099984, 7.384881835000101], [-72.33580341299995, 7.384873626000058], [-72.33578255799989, 7.384862744000031], [-72.33575675899993, 7.384849281000072], [-72.33542636699991, 7.384676877000174], [-72.33509271899993, 7.384502773000179], [-72.33425039599996, 7.383992153], [-72.3327973449999, 7.382270720000122], [-72.33223399399992, 7.381292949000169], [-72.33143779899996, 7.380572341000061], [-72.33068943899997, 7.380247984000107], [-72.32993396499995, 7.380024036000066], [-72.32975434799994, 7.379970791000176], [-72.32952482699994, 7.379884615000151], [-72.32839815999989, 7.379461601000173], [-72.32774309999996, 7.379090351000173], [-72.3270876439999, 7.378579193000121], [-72.32702299199997, 7.378105306000123], [-72.32699225199991, 7.377879919], [-72.32681220899997, 7.377239812000084], [-72.32675632699994, 7.377041136000173], [-72.3265680319999, 7.376528672000063], [-72.32614641599992, 7.37611012800005], [-72.32553873199993, 7.375971914000161], [-72.32446415899994, 7.375928273], [-72.32331216199998, 7.376152774000047], [-72.32325022099991, 7.376164845000062], [-72.32321714499994, 7.376175956000168], [-72.3225501469999, 7.376399972000058], [-72.32203680399988, 7.376587943000061], [-72.32189983699993, 7.376670499000113], [-72.32133724999994, 7.377009611000119], [-72.32045005499998, 7.377151986000115], [-72.3196096989999, 7.377340865000178], [-72.31867657399994, 7.377763180000045], [-72.31783660499991, 7.378091966000056], [-72.31718402399991, 7.378606773000115], [-72.31671777099996, 7.378934522000122], [-72.31615810299996, 7.379262525], [-72.31574334099992, 7.379441342000177], [-72.31485161999996, 7.379825777000065], [-72.31391886199992, 7.380387987000063], [-72.31381302499989, 7.380430595], [-72.3129855929999, 7.38076366100006], [-72.31255303799992, 7.380764860000056], [-72.31219142099991, 7.380765854000174], [-72.31153715199997, 7.380674387000113], [-72.31123425699997, 7.380721764000043], [-72.31093010499984, 7.380769338999983], [-72.3107913689999, 7.381282720000115], [-72.31069988499996, 7.381982515000175], [-72.31068614999998, 7.382212089000177], [-72.31067432799989, 7.382409726000105], [-72.3106552399999, 7.38272881], [-72.31065820299989, 7.383801432000155], [-72.31028589599998, 7.38431545800006], [-72.30958671099995, 7.384877023000058], [-72.30809604599989, 7.386420122000118], [-72.3069312369999, 7.387542602000053], [-72.30590578199997, 7.388384870000095], [-72.30573413299999, 7.388538025000116], [-72.30521353199998, 7.389002560000051], [-72.30506694399992, 7.389133356000059], [-72.30450751899991, 7.389554621000173], [-72.30249998199997, 7.390026497000122], [-72.30215506599995, 7.39015669600019], [-72.30175328499985, 7.39030836000012], [-72.30086630599999, 7.39054397100017], [-72.2998389309999, 7.390686695000056], [-72.2992904009999, 7.390657771000178], [-72.29899788099993, 7.390642363000097], [-72.29815608099995, 7.390318224000055], [-72.29717451799996, 7.390134359], [-72.29623992899991, 7.390043638000066], [-72.29385633899989, 7.389677054000117], [-72.29353783199991, 7.389649024000107], [-72.29320248199997, 7.389619514000117], [-72.29282831599983, 7.389586582000049], [-72.29240721199989, 7.38939688500011], [-72.29179926899997, 7.389123015000166], [-72.29121776199997, 7.38897420100011], [-72.29103189299997, 7.38892664399998], [-72.29100464699991, 7.388919671000053], [-72.29053701899994, 7.38879999], [-72.2883874129999, 7.388572656], [-72.28782693599999, 7.388620812000113], [-72.28679903799991, 7.38857696700012], [-72.28666791199993, 7.388479345], [-72.2862372969999, 7.388158755000177], [-72.28576784399996, 7.387320574000171], [-72.28534586999996, 7.386762073000057], [-72.28472851199996, 7.386149117000116], [-72.28469006299997, 7.386110938000115], [-72.28361355899989, 7.385367664000057], [-72.28235145299993, 7.385091262000117], [-72.28127646499996, 7.384907608], [-72.28072029999987, 7.384678737000172], [-72.27823648699996, 7.383656605000169], [-72.27702084999993, 7.38328679], [-72.27636682399998, 7.383288542000173], [-72.2759075049999, 7.383203836000064], [-72.27586272399992, 7.383195581], [-72.27487113599994, 7.383012731000179], [-72.27424925899993, 7.382960432000175], [-72.27379641099992, 7.38292234000005], [-72.27371673899984, 7.382909305000112], [-72.27335907499997, 7.382850781000059], [-72.27276016899998, 7.382752782000068], [-72.27223607299999, 7.382667024000057], [-72.27183343899998, 7.382601138000098], [-72.27075770499988, 7.382137645000057], [-72.27014951899992, 7.381812814000114], [-72.26993262199989, 7.381801359000121], [-72.26930849799987, 7.381768421000061], [-72.26856384199988, 7.382282427000121], [-72.26856240299998, 7.382283413000039], [-72.26790985699995, 7.382844798], [-72.2673973599999, 7.383359165000059], [-72.26693118899982, 7.383733511000116], [-72.26576289399998, 7.383596706000048], [-72.26510712399988, 7.382945534000044], [-72.26431056899997, 7.38206155000006], [-72.26415587099996, 7.381976280000117], [-72.26304735899998, 7.381365356], [-72.2614577629999, 7.380903197000066], [-72.26047609299997, 7.380672618000062], [-72.25958736199988, 7.380255234000174], [-72.25865228799995, 7.379977887000052], [-72.25813815499998, 7.379885973000114], [-72.25776356799997, 7.379560503000164], [-72.2574354379999, 7.379141640000057], [-72.25715495799994, 7.378704196000115], [-72.2571070589999, 7.378629498000123], [-72.25645253899995, 7.37844467900004], [-72.25603209099995, 7.378445795000118], [-72.2557050769999, 7.378446655], [-72.25542625799994, 7.379007033], [-72.25505413099995, 7.379614296000057], [-72.25484369199995, 7.379689941000038], [-72.25440071499997, 7.37984919600018], [-72.25327817099992, 7.379339152000057], [-72.25220344399997, 7.3792487], [-72.2515968649999, 7.379530113000158], [-72.25075842299998, 7.380465061000052], [-72.25052783599989, 7.381034351000096], [-72.25029616799992, 7.381606326000053], [-72.25024785699992, 7.381725598000173], [-72.24960362099989, 7.38278424300006], [-72.2495317659999, 7.382902301000058], [-72.24922450399998, 7.383407218], [-72.24899251499988, 7.384014110000123], [-72.24880785799996, 7.38485406000018], [-72.24839047299997, 7.386021079000045], [-72.24699250599997, 7.387377221000122], [-72.24577933099994, 7.387940044000061], [-72.24574425999998, 7.387950912000122], [-72.24456565299988, 7.388316320000115], [-72.24377267599994, 7.388784767000061], [-72.24312009399983, 7.389346112000055], [-72.24218842499994, 7.390374559000179], [-72.24194973199997, 7.390507743000171], [-72.24134872399998, 7.390843120000113], [-72.2406939419999, 7.390565009000113], [-72.2400862479999, 7.390426678000154], [-72.23947915899993, 7.390521540000179], [-72.23887231099991, 7.390709668000113], [-72.23817154299991, 7.390711490000058], [-72.23737550999988, 7.390014001000168], [-72.23681404499996, 7.3896889990001], [-72.23616011699994, 7.389737341], [-72.23571718499988, 7.389879291000057], [-72.23513317199996, 7.390066462000163], [-72.23424528599998, 7.389975490000097], [-72.23303133899998, 7.390258459000165], [-72.23088449999989, 7.391103487000066], [-72.22831850799986, 7.392462604000173], [-72.22789888699987, 7.392790145], [-72.22754564199994, 7.393112380000105], [-72.22738618199998, 7.393257834000053], [-72.2263600739999, 7.393913408000117], [-72.22556978899996, 7.394242964000057], [-72.22500230599991, 7.394360554], [-72.22496613299995, 7.394368593000081], [-72.22457399699994, 7.394455741000172], [-72.22352703799999, 7.394598499000097], [-72.22214694799999, 7.394884037000054], [-72.22100481099994, 7.39493163200018], [-72.21981507199996, 7.394836446000113], [-72.21876811399994, 7.394455741000172], [-72.21753079199988, 7.39407502500012], [-72.21648383299987, 7.393741892000151], [-72.21529410499994, 7.393313594000062], [-72.21453267399988, 7.393075646999989], [-72.21362847499995, 7.392504579], [-72.2123911619999, 7.391695557000048], [-72.21101107099992, 7.391981095000062], [-72.20963098099998, 7.391647976000115], [-72.20920268299994, 7.390743773000167], [-72.20953580299988, 7.38979199], [-72.20939542399992, 7.38926557200017], [-72.20934544999994, 7.389078154000117], [-72.20905991299998, 7.388649848], [-72.20839366699988, 7.388269143000059], [-72.20691840099994, 7.387698064000119], [-72.2053955419999, 7.386984225000162], [-72.20382509699982, 7.387364940000111], [-72.2031112599999, 7.38760288800006], [-72.20301562399999, 7.387637660000109], [-72.20258777599992, 7.38779324], [-72.20215947799994, 7.387555294000038], [-72.20177876199995, 7.386936644], [-72.20177876199995, 7.386175213000172], [-72.20116010099991, 7.38579449700012], [-72.20058903199993, 7.386032442000158], [-72.20006554899999, 7.386413157000163], [-72.19974414499995, 7.386498865000135], [-72.19935171299988, 7.386603514000171], [-72.19859028199994, 7.386746281000171], [-72.19778126899996, 7.386508334000098], [-72.19730537499993, 7.38612762200006], [-72.19592528599998, 7.385223429000121], [-72.19445002699996, 7.3837957450001], [-72.19430725699993, 7.382986732000063], [-72.19492591999989, 7.381511466], [-72.19487832599992, 7.381035574000066], [-72.19459278799997, 7.380416912000044], [-72.19430725699993, 7.379798252], [-72.19383136699992, 7.37884646800012], [-72.19330788199994, 7.378513349], [-72.19259404399986, 7.377799509000113], [-72.19164226199996, 7.377228441000113], [-72.18973868699993, 7.375991119000048], [-72.1882634289999, 7.375229692], [-72.18764476799998, 7.374753800000065], [-72.18731163699994, 7.373088177000056], [-72.18702610699995, 7.371232195000118], [-72.18664539099996, 7.370090050000044], [-72.18686170699993, 7.369441117000065], [-72.18640744699991, 7.368805146000113], [-72.18574119199997, 7.368424430000061], [-72.18490599299986, 7.367262415000084], [-72.18464664099997, 7.366901579000114], [-72.18407557299997, 7.366282920000174], [-72.18406003299992, 7.366271258000097], [-72.18331414299996, 7.365711852000175], [-72.18317138299994, 7.364807654000117], [-72.18293343699997, 7.363855870000066], [-72.18264789799997, 7.362999263000177], [-72.18255272199991, 7.362285424000163], [-72.18217200699996, 7.361190872000179], [-72.18150575199996, 7.360001146000172], [-72.18112503799995, 7.359192119999989], [-72.18098227899992, 7.358478284000114], [-72.18079191599998, 7.357812039000123], [-72.18064914699988, 7.3568602470001], [-72.18022084899997, 7.356241597000064], [-72.17969736399994, 7.355670519000057], [-72.1793365609999, 7.3553297630001], [-72.17884075599994, 7.354861504000155], [-72.17769862099993, 7.353671775000066], [-72.17698478399984, 7.353291061000164], [-72.17669924499995, 7.35238686200006], [-72.17646129999997, 7.351482671000099], [-72.17550951699997, 7.3495791040001], [-72.17493844099988, 7.349388744000123], [-72.1737963039999, 7.349388744000123], [-72.17265415899982, 7.348817677000056], [-72.17194031999998, 7.348199014000102], [-72.1716547929999, 7.347627946000102], [-72.17155960599985, 7.346105088000058], [-72.1716547929999, 7.345200895000119], [-72.17146502299994, 7.344821357000171], [-72.17132166199997, 7.34453464600017], [-72.17075059299998, 7.344344289000105], [-72.17056672599995, 7.344355108000059], [-72.1699415789999, 7.34439187300012], [-72.16889460999988, 7.343868398000097], [-72.16846631199996, 7.343773214], [-72.16799041999985, 7.343392506000157], [-72.16737175899982, 7.342250363000062], [-72.16684827499995, 7.341584108000063], [-72.16627720699995, 7.340775094000094], [-72.16484953299994, 7.339252246000058], [-72.16426683099996, 7.338738101000047], [-72.16324476399996, 7.338179332000095], [-72.16235232399998, 7.337625448000097], [-72.16151517399999, 7.336904623000066], [-72.16106774099995, 7.336127250000118], [-72.16067573499993, 7.335238527000058], [-72.16000594199994, 7.33462849700004], [-72.15877975899997, 7.334242222000114], [-72.15788759699996, 7.333799542000122], [-72.15710561399993, 7.332856149000122], [-72.15649032199991, 7.331745554000122], [-72.15554046099993, 7.33046894000006], [-72.15470306999993, 7.329636886000117], [-72.15386421399995, 7.328193193000118], [-72.15386181499997, 7.32719232400018], [-72.15430507999986, 7.326245997000115], [-72.15519481699994, 7.325687829000117], [-72.15602819299994, 7.324851776000116], [-72.15635980599995, 7.323794501000123], [-72.15674710599995, 7.322737103000065], [-72.15752424699991, 7.321678765000058], [-72.15818946699989, 7.320398276000049], [-72.15902094799998, 7.318783770000096], [-72.15924223899998, 7.318171597000116], [-72.15890474199995, 7.31678230600005], [-72.15845627599998, 7.315560097000059], [-72.15845319499988, 7.31428121600004], [-72.15889524699998, 7.312834452000061], [-72.15983554899987, 7.310163204], [-72.16083274199997, 7.307992264000177], [-72.16293942599998, 7.304039317000047], [-72.16417870599986, 7.302335105000054], [-72.16455317799995, 7.301826470000151], [-72.16521942299988, 7.301160225], [-72.16524057699996, 7.301109994000058], [-72.16534779199998, 7.301056137000103], [-72.16547082499994, 7.300839951000171], [-72.16559393099988, 7.300654608], [-72.16574800099994, 7.30050003700012], [-72.16596369399991, 7.300283623000155], [-72.16611784599996, 7.30015988800011], [-72.16627183399993, 7.299974469000119], [-72.16642583199996, 7.299789046000171], [-72.16661071599998, 7.299603553000168], [-72.16673389299996, 7.299449052000114], [-72.16685699799996, 7.299263711000151], [-72.16698010399983, 7.299078362000159], [-72.16704143199985, 7.298893165000038], [-72.16710275899993, 7.298707970000066], [-72.16716408799994, 7.298522774], [-72.16728704799993, 7.298275753000098], [-72.1673482949999, 7.298059717000172], [-72.16740947999983, 7.297812835000173], [-72.16753265699998, 7.297658334000062], [-72.16765583399996, 7.297503833000178], [-72.1676862779999, 7.297318706000055], [-72.16771671299995, 7.297133589999987], [-72.16774708499997, 7.296917626000095], [-72.16774663399991, 7.296732582000061], [-72.16780796299992, 7.296547385999986], [-72.16790017499994, 7.296362117000058], [-72.16793061899995, 7.296176994000064], [-72.16796105299989, 7.295991867000112], [-72.16808423999998, 7.295837366000058], [-72.16817645199995, 7.295652098000176], [-72.16833036999998, 7.29543583800006], [-72.16845332199995, 7.295188811000116], [-72.16854554299994, 7.295003543000064], [-72.1685450949999, 7.294818497000051], [-72.16854464499994, 7.294633444000112], [-72.16854419599991, 7.294448402000057], [-72.16860552399993, 7.294263204000174], [-72.16879040599997, 7.294077711], [-72.16891358399994, 7.293923210000116], [-72.16903675999998, 7.293768709000062], [-72.1691289719999, 7.293583431000172], [-72.16925192399987, 7.293336404000058], [-72.16931317999996, 7.293120366000153], [-72.1694671699999, 7.29293495700017], [-72.16955938199999, 7.292749678000177], [-72.16962070999989, 7.292564491000064], [-72.16974388699998, 7.292409980000173], [-72.16983609899995, 7.29222471200012], [-72.16989742699997, 7.292039514000066], [-72.16995875499998, 7.291854317000116], [-72.17005097599997, 7.291669049000063], [-72.1701122959999, 7.291483852000056], [-72.17020451699989, 7.291298584], [-72.17032769299988, 7.29114408300012], [-72.17041983299987, 7.290927968000119], [-72.17048115199998, 7.290742770000065], [-72.17054240699997, 7.290526736000118], [-72.17060373499999, 7.29034154500016], [-72.17066506399982, 7.290156348000039], [-72.17066461499996, 7.289971299000058], [-72.17069505099988, 7.289786182000114], [-72.17069460099987, 7.289601136000101], [-72.1706941519999, 7.289416083000162], [-72.17069370199988, 7.28923104], [-72.17069325199992, 7.289045995000095], [-72.1706928029999, 7.288860951000061], [-72.17069235599996, 7.288675898000122], [-72.17069190599989, 7.28849085700017], [-72.17069145699998, 7.288305810000054], [-72.17062923799995, 7.288120913000114], [-72.17056701299998, 7.287936011000056], [-72.17050478699997, 7.287751119000063], [-72.17047345199995, 7.287566147], [-72.17044211899992, 7.287381175000178], [-72.17041078799991, 7.287196203000121], [-72.17037944499998, 7.287011231000122], [-72.17031722699988, 7.28682633], [-72.17019315199985, 7.28661074300004], [-72.17017545499988, 7.286584387000175], [-72.17006915799988, 7.286425995], [-72.16991434199997, 7.28627216700005], [-72.16975960599996, 7.286149174000116], [-72.16957383599993, 7.285964578000119], [-72.16944991299988, 7.285810669000057], [-72.16932591899996, 7.285625922000179], [-72.16923280699996, 7.285441091000052], [-72.16910881399991, 7.285256344000118], [-72.16904658699991, 7.285071453], [-72.16904613799989, 7.284886400000062], [-72.16904568899986, 7.284701358000063], [-72.16904524899991, 7.284516312], [-72.16904479999994, 7.284331269000063], [-72.1690443519999, 7.284146217000057], [-72.16907478599995, 7.283961100000056], [-72.16910522799998, 7.283775977000118], [-72.16913596999996, 7.283714218000057], [-72.16913581599994, 7.283652539000059], [-72.1691353679999, 7.283467492999989], [-72.16916581199985, 7.283282369000119], [-72.16925802399993, 7.28309710200017], [-72.16931935299993, 7.282911904000116], [-72.16931890299998, 7.282726858000103], [-72.16941111499989, 7.282541590000051], [-72.16953421099993, 7.282356241000059], [-72.16962643199986, 7.282170973], [-72.16971864399994, 7.281985706000057], [-72.16977997299995, 7.281800508], [-72.16990313999992, 7.28164600700012], [-72.16993350199994, 7.281430043000171], [-72.16993306299992, 7.281245001000173], [-72.16993261499988, 7.281059945000095], [-72.16993216499992, 7.280874901000061], [-72.16993171399997, 7.280689859000063], [-72.16993126599994, 7.280504813], [-72.16983815599997, 7.280319985000176], [-72.16968342999996, 7.280196998], [-72.16949788199997, 7.280104919000166], [-72.16934314799994, 7.279981931000066], [-72.16920070999998, 7.279921376000118], [-72.16912671699998, 7.279889927000113], [-72.1689412419999, 7.279828688000123], [-72.16872489299993, 7.279767531000118], [-72.16857015699992, 7.279644544000178], [-72.16838461099996, 7.279552464000176], [-72.16819906299997, 7.279460389000121], [-72.16804433599998, 7.279337392000116], [-72.16792041399992, 7.279183482], [-72.16779649299997, 7.279029573000173], [-72.16773427499999, 7.278844681000123], [-72.16764116399997, 7.278659855000114], [-72.16764071599994, 7.278474809000102], [-72.16764027499994, 7.278289766000171], [-72.16763982599997, 7.278104713], [-72.16763944799993, 7.277947025000117], [-72.16760843899993, 7.277898306999987], [-72.16760812299992, 7.277765536000118], [-72.16760767599999, 7.277580494000063], [-72.16760722599992, 7.277395447000117], [-72.16760677699989, 7.277210394000178], [-72.1676681059999, 7.27702519800016], [-72.16772943299992, 7.276840010000114], [-72.16779068899984, 7.276623975000064], [-72.16788290099993, 7.276438697], [-72.16794422899994, 7.27625351000006], [-72.16806732499998, 7.276068162000172], [-72.1681285809999, 7.275852124000096], [-72.16825160499997, 7.275635944000101], [-72.16837470199994, 7.275450595000166], [-72.16852876299998, 7.275296024000056], [-72.16868289599995, 7.27517227900006], [-72.16880600199994, 7.274986941000179], [-72.16880555099988, 7.274801894000063], [-72.16880510099992, 7.274616842000171], [-72.16880465299988, 7.274431800000173], [-72.16880421399986, 7.274246753], [-72.16877287099993, 7.274061782000103], [-72.16874419799996, 7.273892516000103], [-72.16874153799989, 7.273876809000171], [-72.16867931899992, 7.273691912000061], [-72.16858621899996, 7.27350709000001], [-72.16846229599997, 7.273353182000051], [-72.16841686799995, 7.273289993000105], [-72.16831548499994, 7.273019637000118], [-72.16794615999999, 7.272454794000168], [-72.16781066699997, 7.272106393000058], [-72.16781055999996, 7.272059410000168], [-72.16781010899996, 7.271874368000113], [-72.16780966099998, 7.2716893220001], [-72.16780922199996, 7.271504278000066], [-72.16783965699989, 7.271319156000175], [-72.16793179599995, 7.271103046000064], [-72.16808592899991, 7.270979302000114], [-72.1682090239999, 7.270793964000063], [-72.16833220199999, 7.270639460000098], [-72.16848633499995, 7.270515730000113], [-72.16864046799998, 7.270391985000117], [-72.16879460199993, 7.270268251000175], [-72.16901065599995, 7.270206051000173], [-72.16919582499992, 7.270143926000117], [-72.16938092199996, 7.270050948000062], [-72.16956593899982, 7.269927141000039], [-72.16975110899995, 7.269865014000118], [-72.16993626999982, 7.269802889000061], [-72.17012159199999, 7.269802438000113], [-72.1703066799999, 7.269709470000066], [-72.17049177899997, 7.269616498000175], [-72.17067679499996, 7.269492689000117], [-72.17083085699994, 7.269338108000056], [-72.17089217599994, 7.269152911000106], [-72.17092261999989, 7.268967795000037], [-72.17101483199997, 7.268782520000059], [-72.17113792699996, 7.268597177000117], [-72.17129205999998, 7.268473443000175], [-72.17141522899988, 7.268318932000113], [-72.17153839599996, 7.268164432000106], [-72.17156883999996, 7.267979315000161], [-72.17159927499995, 7.267794191000121], [-72.17159882699997, 7.267609149000066], [-72.17159830599985, 7.267393255000172], [-72.17147439199988, 7.26723934600011], [-72.17135046999994, 7.267085447000113], [-72.17122655599991, 7.266931538000051], [-72.17113446099995, 7.266817147000097], [-72.17116138299991, 7.266719545], [-72.1710527599999, 7.266046087000063], [-72.17085307299999, 7.265752427000109], [-72.17085272199989, 7.265606263000109], [-72.17085227399986, 7.265421220000121], [-72.1708518239999, 7.265236168000115], [-72.1709131529999, 7.265050981000172], [-72.17097447099991, 7.264865783000118], [-72.17103579899992, 7.264680585000065], [-72.17115896699983, 7.264526085000057], [-72.17131309999996, 7.264402341000107], [-72.17146723299993, 7.264278607], [-72.17165239299999, 7.264216481], [-72.17183770799994, 7.264216030000057], [-72.17202294899988, 7.264184742000168], [-72.17220826299996, 7.264184295], [-72.17233142999993, 7.264029791000041], [-72.1724855629999, 7.263906057000099], [-72.17260873199996, 7.263751556000045], [-72.1726391759999, 7.263566432000175], [-72.17263872599995, 7.263381387000038], [-72.17263827699992, 7.263196344000107], [-72.17263782699996, 7.263011290000065], [-72.17263737799993, 7.262826249000113], [-72.1726369299999, 7.262641203000101], [-72.17263647999994, 7.262456150000105], [-72.17263595999998, 7.262240266000049], [-72.17263550999996, 7.262055223000061], [-72.1726350699999, 7.261870170000122], [-72.17263461999988, 7.261685129], [-72.17263417099991, 7.261500082000055], [-72.1726337209999, 7.261315040000056], [-72.17263327299997, 7.261129987000118], [-72.17263282499994, 7.260944941000048], [-72.17263238399988, 7.260759898000117], [-72.17266281799982, 7.260574772000098], [-72.17278598599995, 7.260420271000157], [-72.17294011899992, 7.260296537000045], [-72.17309424199988, 7.260172796], [-72.17321741099988, 7.260018295000123], [-72.1733715439999, 7.259894562000113], [-72.17355655099988, 7.259770747000061], [-72.17374164099982, 7.259677780000118], [-72.17392681099994, 7.259615641000039], [-72.17411190099989, 7.259522674000038], [-72.17429706099995, 7.259460547000174], [-72.17438927299992, 7.259275279000121], [-72.17441947899994, 7.259214581000037], [-72.17448147599993, 7.259090001000061], [-72.17448102799989, 7.258904959], [-72.17448057699994, 7.258719913000164], [-72.17448012699998, 7.258534870000062], [-72.17447967899994, 7.258349818], [-72.17447923999993, 7.258164772000157], [-72.17447878999997, 7.257979728000123], [-72.17444745699987, 7.25779475700017], [-72.17441612299996, 7.25760978500017], [-72.1742922009999, 7.257455875], [-72.17416828599994, 7.257301967000103], [-72.17398275799997, 7.257209891000116], [-72.17383530899991, 7.257092698000065], [-72.17382803199996, 7.257086904000118], [-72.17367330599996, 7.256963913], [-72.17348783999995, 7.256902675000106], [-72.17333311399994, 7.256779687000062], [-72.17314758499998, 7.256687609000039], [-72.17299285999997, 7.256564615000173], [-72.17280739299997, 7.256503382000176], [-72.17265259599986, 7.25634954800006], [-72.17246706699996, 7.256257469000161], [-72.17228152899997, 7.256165393], [-72.17209599099982, 7.256073314000105], [-72.17191046099992, 7.255981249000058], [-72.17172499499992, 7.255920007000157], [-72.17153946599996, 7.255827930000066], [-72.17135408099989, 7.255797535000113], [-72.17116861499983, 7.255736302000116], [-72.17098308699991, 7.255644227000062], [-72.1708591719999, 7.255490318], [-72.17079435399995, 7.255529670000101], [-72.17078725499988, 7.255517977000068], [-72.17051953299995, 7.255498249000084], [-72.17040792999995, 7.255490025000086], [-72.16932475399994, 7.255410207000068], [-72.16882294399988, 7.255411031000108], [-72.16872767199999, 7.255411187000163], [-72.16703766399996, 7.255413963000024], [-72.16579699999988, 7.255416], [-72.16505011799984, 7.255189952000023], [-72.160788, 7.2539], [-72.153031, 7.25224], [-72.147437, 7.251166000000183], [-72.143359, 7.248988], [-72.140098, 7.246146000000124], [-72.135771, 7.244862000000126], [-72.13163209699997, 7.244814075000136], [-72.129812, 7.244793], [-72.12557, 7.244857], [-72.12129, 7.246603000000107], [-72.116192, 7.249124000000165], [-72.111306, 7.252433], [-72.1066689999999, 7.254848], [-72.102676, 7.254017000000147], [-72.097988, 7.254046], [-72.093169, 7.253683], [-72.086596, 7.255515000000116], [-72.083378, 7.255927], [-72.08072965799994, 7.257432421000033], [-72.079316, 7.258236000000181], [-72.076569, 7.258092], [-72.07404, 7.258399000000168], [-72.071001, 7.261058000000105], [-72.069043, 7.261484000000166], [-72.067452, 7.260905], [-72.067309, 7.256976], [-72.066169, 7.251466000000107], [-72.0632609999999, 7.248179000000107], [-72.05944, 7.24993], [-72.055657, 7.249999], [-72.049522, 7.247460000000103], [-72.044959, 7.24651], [-72.03993899999989, 7.245443], [-72.03622, 7.242596], [-72.031783, 7.241086000000166], [-72.028714, 7.239929000000132], [-72.02509, 7.237868000000162], [-72.021785, 7.237045], [-72.018108, 7.237451000000135], [-72.014793, 7.237077], [-72.012331, 7.234356], [-72.009869, 7.231635], [-72.007127, 7.231267], [-72.002332, 7.234279], [-72.001135, 7.23481], [-71.999479, 7.234952000000135], [-71.997869, 7.235484], [-71.996925, 7.235303], [-71.995062, 7.235744000000125], [-71.992141, 7.23722], [-71.990347, 7.23727], [-71.98809199999988, 7.236933], [-71.986986, 7.236156000000108], [-71.985352, 7.235312], [-71.984247, 7.23517800000019], [-71.982177, 7.235413], [-71.9795079999999, 7.236016], [-71.97771399999988, 7.236893000000123], [-71.97637899999984, 7.237011000000109], [-71.974814, 7.236488], [-71.97363899999988, 7.235253000000171], [-71.972166, 7.234363], [-71.969013, 7.23389], [-71.96717199999983, 7.232817], [-71.965238, 7.232272], [-71.961718, 7.232672], [-71.959418, 7.232701], [-71.95796699999983, 7.232154], [-71.95451499999984, 7.230971], [-71.953295, 7.229805], [-71.952234, 7.228914], [-71.949495, 7.227820000000122], [-71.949012, 7.227592], [-71.948989, 7.227592], [-71.94673299999988, 7.226291], [-71.945467, 7.225836], [-71.9432359999999, 7.22692], [-71.94158, 7.227291], [-71.940176, 7.227226], [-71.93769099999986, 7.22666], [-71.93654, 7.226663000000144], [-71.934171, 7.226967], [-71.931639, 7.22651500000012], [-71.929177, 7.226407000000108], [-71.92768, 7.2257], [-71.925494, 7.225683], [-71.923584, 7.225986], [-71.921928, 7.225968], [-71.92126, 7.225992], [-71.919098, 7.22625], [-71.91615399999984, 7.228208], [-71.914889, 7.228601], [-71.913347, 7.228926000000172], [-71.910977, 7.229047], [-71.908608, 7.229489], [-71.907227, 7.229928], [-71.903915, 7.231726], [-71.902281, 7.232464000000164], [-71.900096, 7.233479000000102], [-71.89933699999989, 7.23403100000013], [-71.8989, 7.234078000000125], [-71.895633, 7.235004000000174], [-71.89404499999989, 7.234389], [-71.893055, 7.23368], [-71.891582, 7.233111], [-71.889235, 7.233208], [-71.885438, 7.233952000000158], [-71.8835519999999, 7.233888], [-71.880952, 7.234697000000153], [-71.87902, 7.235665000000154], [-71.877984, 7.236012], [-71.876533, 7.235488], [-71.875682, 7.235078], [-71.873955, 7.234348], [-71.872528, 7.23403100000013], [-71.87022799999988, 7.234312000000102], [-71.86788, 7.234134], [-71.866913, 7.233219], [-71.865601, 7.232535000000155], [-71.863644, 7.230705], [-71.861687, 7.229678], [-71.860789, 7.228900000000124], [-71.859869, 7.228536], [-71.858534, 7.229021], [-71.856418, 7.229393], [-71.85584199999983, 7.228569000000107], [-71.85522, 7.227011000000175], [-71.854828, 7.226576], [-71.854207, 7.226463], [-71.853079, 7.227337000000148], [-71.85160599999989, 7.227708], [-71.850547, 7.226954], [-71.850271, 7.226404], [-71.850248, 7.226198], [-71.850546, 7.224775], [-71.8505219999999, 7.222986], [-71.850015, 7.221887], [-71.84937, 7.220168], [-71.849069, 7.218243000000143], [-71.84881399999989, 7.215308000000107], [-71.848514, 7.212786], [-71.84793699999989, 7.210653], [-71.84706299999988, 7.210472], [-71.846303, 7.21059], [-71.843243, 7.210781], [-71.840804, 7.210924000000148], [-71.8352809999999, 7.209745000000112], [-71.829757, 7.208887000000175], [-71.82510799999983, 7.208027], [-71.823843, 7.207617], [-71.82184, 7.207094000000154], [-71.820137, 7.206525000000113], [-71.819331, 7.205587000000151], [-71.819239, 7.204624], [-71.818777, 7.201849000000152], [-71.81824699999987, 7.199717000000135], [-71.816819, 7.197771], [-71.81628899999987, 7.196924000000138], [-71.81398899999988, 7.197411000000102], [-71.81228599999986, 7.197897000000182], [-71.810606, 7.197809000000177], [-71.809087, 7.1974], [-71.807522, 7.197128000000134], [-71.804392, 7.197273], [-71.803633, 7.196656000000132], [-71.802804, 7.196245], [-71.80328599999984, 7.193033], [-71.804596, 7.191264], [-71.805148, 7.189382000000137], [-71.804388, 7.188512000000117], [-71.802892, 7.188607000000161], [-71.801512, 7.189505], [-71.800224, 7.191159], [-71.799811, 7.192720000000122], [-71.797442, 7.194491], [-71.796912, 7.194263], [-71.795692, 7.193303000000185], [-71.79433499999988, 7.19326000000018], [-71.792241, 7.193999], [-71.790746, 7.195378000000119], [-71.790171, 7.196435000000179], [-71.788169, 7.195912], [-71.78589, 7.194495], [-71.78384199999988, 7.193009], [-71.782689, 7.190695], [-71.78213599999987, 7.188266000000169], [-71.781606, 7.186478], [-71.780432, 7.184669], [-71.779327, 7.184304000000111], [-71.77817599999986, 7.184123], [-71.776772, 7.183576], [-71.775116, 7.183259000000135], [-71.773942, 7.182872], [-71.771618, 7.1823270000001], [-71.770721, 7.183567], [-71.770836, 7.184691000000157], [-71.77134299999989, 7.186066], [-71.771551, 7.187877000000128], [-71.771368, 7.190125000000137], [-71.770977, 7.191938], [-71.770195, 7.192811000000177], [-71.769252, 7.192377000000135], [-71.76863, 7.19231], [-71.767594, 7.191395], [-71.76713399999988, 7.191052000000127], [-71.765592, 7.190161000000103], [-71.764326, 7.188902], [-71.762554, 7.187714000000142], [-71.760828, 7.187626000000137], [-71.75967799999984, 7.189119], [-71.758297, 7.192357], [-71.757447, 7.195295000000158], [-71.75616, 7.198509000000172], [-71.754549, 7.199223], [-71.754135, 7.199110000000189], [-71.75234, 7.198930000000189], [-71.750775, 7.198039], [-71.749969, 7.19616], [-71.749577, 7.194349], [-71.749369, 7.193180000000154], [-71.748977, 7.189855], [-71.748838, 7.188318], [-71.748861, 7.18751500000019], [-71.748584, 7.185727], [-71.749113, 7.182973000000118], [-71.74964099999988, 7.180495], [-71.749893, 7.179096000000129], [-71.749709, 7.177307], [-71.747752, 7.175408000000175], [-71.746073, 7.175732000000153], [-71.742737, 7.17746000000011], [-71.741126, 7.178129], [-71.74032099999988, 7.178108], [-71.739124, 7.177995000000124], [-71.737812, 7.177494], [-71.73707599999989, 7.176968000000102], [-71.73574, 7.1756180000001], [-71.735003, 7.174679], [-71.734588, 7.173074], [-71.73290899999989, 7.172665], [-71.73111399999988, 7.17276100000015], [-71.729457, 7.174347000000125], [-71.729044, 7.17583900000011], [-71.728055, 7.177171], [-71.726766, 7.177243], [-71.725984, 7.177153], [-71.72453399999989, 7.17727], [-71.72345299999989, 7.177708], [-71.721359, 7.179479000000185], [-71.717678, 7.181001], [-71.716228, 7.18185300000016], [-71.714572, 7.182041], [-71.7118789999999, 7.181702], [-71.710727, 7.181062], [-71.70900099999989, 7.180378000000132], [-71.70769, 7.179852000000153], [-71.70653899999985, 7.179925000000139], [-71.70548, 7.17995], [-71.703547, 7.178875000000119], [-71.702489, 7.178441], [-71.70083199999988, 7.179249], [-71.698968, 7.180262000000141], [-71.69763399999988, 7.181985], [-71.697082, 7.182536], [-71.695931, 7.182539], [-71.69537899999989, 7.181989], [-71.6941819999999, 7.182313], [-71.692917, 7.181834], [-71.691858, 7.18110200000018], [-71.69142099999988, 7.180943000000184], [-71.690776, 7.180944], [-71.689442, 7.18101600000017], [-71.688613, 7.18166], [-71.68720999999988, 7.182396000000153], [-71.685828, 7.18184900000017], [-71.684953, 7.181002], [-71.684355, 7.179742], [-71.683112, 7.178483], [-71.681547, 7.177821000000165], [-71.67876199999989, 7.178377000000125], [-71.67685199999988, 7.178381000000115], [-71.676116, 7.179185000000189], [-71.67664599999989, 7.181639], [-71.67701499999987, 7.183404], [-71.676577, 7.183680000000152], [-71.675036, 7.183683], [-71.673839, 7.182860000000176], [-71.673332, 7.181783], [-71.67248099999989, 7.180707], [-71.67146799999989, 7.180089], [-71.670363, 7.179908000000182], [-71.66988, 7.18062], [-71.670249, 7.182271], [-71.670134, 7.183601000000181], [-71.66903, 7.184682000000123], [-71.668109, 7.184661000000119], [-71.667373, 7.184548], [-71.665877, 7.184918], [-71.66410499999989, 7.185334], [-71.662333, 7.185292000000118], [-71.660905, 7.184423000000152], [-71.660606, 7.182474000000184], [-71.660375, 7.181190000000186], [-71.660237, 7.179470000000151], [-71.65901699999989, 7.178486], [-71.657797, 7.178626000000122], [-71.656739, 7.17869700000017], [-71.65545, 7.179594000000122], [-71.655221, 7.181315], [-71.654691, 7.18255500000015], [-71.654645, 7.18267], [-71.653679, 7.182855], [-71.653035, 7.182329], [-71.651101, 7.181461], [-71.64969699999989, 7.180248], [-71.648363, 7.179838], [-71.647097, 7.178785000000119], [-71.646176, 7.17787], [-71.64472599999988, 7.17668], [-71.64431199999984, 7.176016000000175], [-71.643414, 7.175398], [-71.64260899999988, 7.175056000000154], [-71.640699, 7.175908000000106], [-71.639088, 7.176186], [-71.63835199999983, 7.177449], [-71.638007, 7.178391], [-71.637823, 7.180708], [-71.638099, 7.182817000000171], [-71.637754, 7.183988], [-71.63618799999983, 7.184060000000159], [-71.634462, 7.184132], [-71.633519, 7.183675000000108], [-71.632483, 7.183012000000133], [-71.630481, 7.180928000000165], [-71.629514, 7.179669000000104], [-71.627236, 7.177632000000131], [-71.625533, 7.174699], [-71.624313, 7.17282100000017], [-71.623438, 7.17259300000012], [-71.622011, 7.172756000000106], [-71.619526, 7.174848000000168], [-71.617846, 7.176251], [-71.61711, 7.176550000000134], [-71.615177, 7.176921000000107], [-71.613773, 7.176442], [-71.611931, 7.175551], [-71.61131, 7.174658], [-71.610665, 7.173673000000122], [-71.608847, 7.173194], [-71.608525, 7.172989], [-71.607581, 7.173082], [-71.606937, 7.173771], [-71.606362, 7.175263], [-71.606546, 7.176249], [-71.60712099999989, 7.177762], [-71.60818, 7.178701000000103], [-71.609423, 7.178996], [-71.610665, 7.179086], [-71.611655, 7.179979000000174], [-71.61158599999987, 7.180988000000184], [-71.611356, 7.182089000000133], [-71.610643, 7.183123], [-71.609262, 7.184158], [-71.6080879999999, 7.184802000000104], [-71.606823, 7.185034], [-71.605142, 7.184556000000157], [-71.603946, 7.184374], [-71.603716, 7.183297], [-71.603416, 7.181760000000111], [-71.603393, 7.179994], [-71.602979, 7.178619], [-71.602289, 7.178115000000105], [-71.601253, 7.177521000000183], [-71.60000999999988, 7.177317000000187], [-71.598698, 7.177228000000127], [-71.598054, 7.178261000000134], [-71.598629, 7.180095000000165], [-71.59899799999988, 7.1814940000001], [-71.599412, 7.183649], [-71.59991799999989, 7.184864], [-71.59991799999989, 7.186447000000101], [-71.599251, 7.187709], [-71.597663, 7.188928], [-71.59619, 7.189091], [-71.59513199999986, 7.188405000000103], [-71.595293, 7.187098000000162], [-71.596167, 7.185765000000174], [-71.5967189999999, 7.184182000000135], [-71.596903, 7.183034], [-71.596581, 7.180512], [-71.596075, 7.178907], [-71.594855, 7.177854], [-71.5935889999999, 7.17703100000017], [-71.592002, 7.176644000000124], [-71.590644, 7.176142000000141], [-71.589493, 7.176304], [-71.588227, 7.177339], [-71.587789, 7.177890000000161], [-71.587398, 7.179428], [-71.58649999999983, 7.180393000000151], [-71.5842679999999, 7.182026], [-71.582588, 7.182167], [-71.5811379999999, 7.182032], [-71.57938899999988, 7.181805000000111], [-71.577962, 7.182405000000188], [-71.57729499999982, 7.183117], [-71.577571, 7.183850000000177], [-71.578561, 7.184812], [-71.579895, 7.186369], [-71.581, 7.187468], [-71.581483, 7.18808700000011], [-71.58139099999988, 7.189303000000166], [-71.580793, 7.19045100000011], [-71.580287, 7.191690000000165], [-71.579895, 7.1929990000001], [-71.57932, 7.195064], [-71.578744, 7.197061], [-71.577663, 7.19915], [-71.576443, 7.199542], [-71.575568, 7.199039000000141], [-71.574947, 7.197733], [-71.573658, 7.196497000000136], [-71.571794, 7.19611], [-71.569861, 7.197031], [-71.56871, 7.197859], [-71.568204, 7.199030000000107], [-71.56801999999988, 7.200223], [-71.56801999999988, 7.201348], [-71.56797299999988, 7.201394000000164], [-71.567168, 7.202978], [-71.566592, 7.204539000000125], [-71.565488, 7.204427], [-71.56413, 7.203695], [-71.563232, 7.203467], [-71.563209, 7.202619], [-71.563785, 7.201425], [-71.56436, 7.200208], [-71.565902, 7.199218], [-71.566708, 7.198368], [-71.566478, 7.19751900000017], [-71.566109, 7.196579], [-71.56459, 7.196078000000114], [-71.56314, 7.197296000000165], [-71.562496, 7.198077000000126], [-71.56180599999988, 7.19895], [-71.560216, 7.199504000000104], [-71.558582, 7.199851], [-71.557547, 7.199784], [-71.555798, 7.198916000000111], [-71.555245, 7.197632000000112], [-71.55513, 7.196485], [-71.55460099999988, 7.19527], [-71.55322, 7.19424], [-71.552921, 7.192796000000158], [-71.552783, 7.191351000000168], [-71.552461, 7.189975000000175], [-71.550735, 7.189519], [-71.549791, 7.189773000000173], [-71.548871, 7.190555000000188], [-71.548088, 7.192185], [-71.54801899999984, 7.193653], [-71.547489, 7.195627000000115], [-71.547466, 7.196935000000167], [-71.54673, 7.19822100000016], [-71.544934, 7.198247], [-71.543646, 7.197837000000163], [-71.543784, 7.196758], [-71.543301, 7.195015], [-71.54405999999983, 7.192192], [-71.544037, 7.191252000000134], [-71.542726, 7.190336], [-71.54106799999988, 7.190385000000163], [-71.539688, 7.191167], [-71.538422, 7.191835], [-71.536211, 7.193078], [-71.535106, 7.193723000000148], [-71.534324, 7.193265], [-71.53370299999989, 7.19182], [-71.53365699999989, 7.189664], [-71.533634, 7.188035], [-71.533726, 7.186315], [-71.53370299999989, 7.184801000000164], [-71.532967, 7.18393], [-71.532254, 7.18351900000016], [-71.530758, 7.182581], [-71.529883, 7.182399], [-71.528755, 7.182791000000122], [-71.5284099999999, 7.183824000000186], [-71.52815699999985, 7.185223000000121], [-71.528295, 7.186714], [-71.528916, 7.187814], [-71.529675, 7.189327], [-71.529859, 7.190382000000113], [-71.52956, 7.19159800000017], [-71.528478, 7.191853000000151], [-71.527143, 7.191189], [-71.526269, 7.190503000000149], [-71.525901, 7.189678000000129], [-71.525049, 7.188509], [-71.524129, 7.187868], [-71.523461, 7.187755000000152], [-71.522748, 7.188031], [-71.522702, 7.188789], [-71.52240199999983, 7.189408000000128], [-71.52228699999989, 7.190671], [-71.522563, 7.19168000000019], [-71.522218, 7.193539], [-71.522171, 7.195581], [-71.521688, 7.196384], [-71.52037599999989, 7.196524], [-71.51915599999984, 7.196412], [-71.518604, 7.19577], [-71.518558, 7.194509000000153], [-71.517799, 7.193179], [-71.5170849999999, 7.192355], [-71.51605, 7.191623000000106], [-71.515313, 7.191555000000164], [-71.514508, 7.191763000000151], [-71.514139, 7.192222000000129], [-71.513633, 7.193278], [-71.513771, 7.194287], [-71.513863, 7.195985], [-71.51312599999989, 7.197569], [-71.51215899999988, 7.198328000000117], [-71.51121399999988, 7.198742], [-71.509396, 7.198355], [-71.508407, 7.197348], [-71.508269, 7.19627], [-71.508867, 7.195122], [-71.509443, 7.19431800000018], [-71.510249, 7.192894], [-71.51020299999988, 7.191587000000141], [-71.509674, 7.190831000000117], [-71.508822, 7.19019], [-71.507671, 7.189366], [-71.506475, 7.189505], [-71.505577, 7.190126], [-71.504173, 7.191023], [-71.50362, 7.191552000000115], [-71.502723, 7.191829], [-71.502184, 7.192124], [-71.501989, 7.193272], [-71.501889, 7.194785], [-71.5018419999999, 7.195023], [-71.501432, 7.197103], [-71.50116899999989, 7.19832], [-71.50081, 7.19901], [-71.499195, 7.199897], [-71.497574, 7.200050000000147], [-71.4971379999999, 7.199894], [-71.496427, 7.199626], [-71.49587799999989, 7.199586000000124], [-71.494927, 7.200557000000174], [-71.49375399999985, 7.202149], [-71.49221199999988, 7.203447], [-71.491737, 7.204047000000116], [-71.49042, 7.204954], [-71.488743, 7.206482000000108], [-71.488063, 7.207084], [-71.48736, 7.207618000000139], [-71.486677, 7.207923000000164], [-71.486116, 7.20676], [-71.485731, 7.204702000000111], [-71.48542, 7.203353], [-71.484701, 7.202284], [-71.484282, 7.201509], [-71.483344, 7.201358], [-71.482636, 7.201502], [-71.48142899999988, 7.201949], [-71.479973, 7.202674000000172], [-71.480123, 7.203955000000121], [-71.480171, 7.204275000000109], [-71.479589, 7.205564], [-71.47863699999988, 7.206352], [-71.477475, 7.206753000000163], [-71.476245, 7.2072], [-71.475862, 7.20544], [-71.476147, 7.204200000000128], [-71.475675, 7.202647], [-71.4752749999999, 7.201459], [-71.474494, 7.201032], [-71.473078, 7.201206], [-71.47201099999984, 7.201949], [-71.470865, 7.201686000000166], [-71.469745, 7.201742], [-71.468569, 7.200631], [-71.46806099999986, 7.200109], [-71.467622, 7.199656], [-71.465999, 7.199671], [-71.46568199999984, 7.199972], [-71.465923, 7.20123], [-71.466324, 7.202555], [-71.466398, 7.203150000000107], [-71.464993, 7.204355], [-71.463589, 7.203429000000142], [-71.462755, 7.202292], [-71.46269399999989, 7.200712], [-71.462778, 7.199909], [-71.463247, 7.19869], [-71.463209, 7.197133000000179], [-71.462473, 7.196819000000119], [-71.461691, 7.196300000000178], [-71.460839, 7.195621000000131], [-71.46014299999985, 7.1946200000001], [-71.460153, 7.193199000000106], [-71.459424, 7.191168000000118], [-71.45906999999988, 7.18998], [-71.458652, 7.189274], [-71.45844199999988, 7.18884], [-71.457191, 7.187134000000128], [-71.455249, 7.187222000000133], [-71.45235999999989, 7.186334], [-71.450768, 7.187197], [-71.449376, 7.187393], [-71.447338, 7.187070000000176], [-71.446954, 7.185195], [-71.447099, 7.183613], [-71.44664399999988, 7.181418], [-71.44652699999989, 7.181167], [-71.444624, 7.180521], [-71.44327, 7.179961000000105], [-71.4399509999999, 7.179650000000152], [-71.439065, 7.180208000000107], [-71.436893, 7.180229], [-71.43479, 7.177798], [-71.433934, 7.176707], [-71.432881, 7.176625000000115], [-71.431998, 7.177436], [-71.430977, 7.178339], [-71.429225, 7.179204], [-71.427338, 7.180207], [-71.424834, 7.181399], [-71.423862, 7.182508000000155], [-71.422242, 7.182845000000157], [-71.420803, 7.182950000000119], [-71.41894, 7.184251000000131], [-71.416806, 7.185784000000126], [-71.416283, 7.186064], [-71.413559, 7.185838], [-71.41266599999989, 7.185617], [-71.410896, 7.184672000000148], [-71.409703, 7.184134], [-71.407399, 7.18466], [-71.4051659999999, 7.18546], [-71.403959, 7.185976], [-71.40350099999989, 7.185843], [-71.401719, 7.185997], [-71.399846, 7.18613], [-71.398357, 7.1858], [-71.39754799999986, 7.184915], [-71.396988, 7.183683], [-71.39637999999985, 7.182314], [-71.395842, 7.180990000000179], [-71.39537599999989, 7.180079], [-71.393737, 7.178353000000129], [-71.39248, 7.178388000000155], [-71.391616, 7.178832000000114], [-71.391734, 7.179312], [-71.391831, 7.179838], [-71.392341, 7.180635000000109], [-71.392576, 7.181274], [-71.392537, 7.182053000000167], [-71.392496, 7.182512000000145], [-71.391471, 7.182865], [-71.390983, 7.182091000000128], [-71.391222, 7.180760000000134], [-71.391174, 7.180462], [-71.390954, 7.179044], [-71.390538, 7.178567], [-71.389772, 7.177383000000134], [-71.388646, 7.176775], [-71.38751799999989, 7.175961], [-71.386271, 7.174576], [-71.385067, 7.175435], [-71.38396999999986, 7.175399000000141], [-71.382986, 7.175363000000175], [-71.38209399999988, 7.175326], [-71.380404, 7.175433000000112], [-71.380038, 7.17546], [-71.378362, 7.17472], [-71.377672, 7.174199000000101], [-71.376525, 7.173844], [-71.375771, 7.173897000000181], [-71.374107, 7.174348], [-71.373504, 7.17346], [-71.373195, 7.172203], [-71.372754, 7.171451000000104], [-71.372612, 7.170971], [-71.3704, 7.171542], [-71.369691, 7.171549], [-71.3696819999999, 7.170587], [-71.370035, 7.169163], [-71.370894, 7.16817], [-71.371094, 7.167572000000177], [-71.370284, 7.166526000000147], [-71.36937, 7.166535000000181], [-71.367528, 7.165201], [-71.366489, 7.164088], [-71.364801, 7.162065000000155], [-71.364906, 7.161124], [-71.364446, 7.160785], [-71.36317, 7.16121], [-71.362584, 7.162086000000102], [-71.361832, 7.162368000000185], [-71.361054, 7.162307000000112], [-71.360091, 7.162041000000102], [-71.359242, 7.161636], [-71.35802299999989, 7.160846], [-71.357264, 7.160326000000168], [-71.357001, 7.159138], [-71.356879, 7.158314000000132], [-71.354865, 7.158058], [-71.35466, 7.158083], [-71.354295, 7.158247], [-71.353437, 7.159400000000119], [-71.352668, 7.16025500000012], [-71.35187, 7.16044600000015], [-71.350294, 7.160576], [-71.34814399999988, 7.160458], [-71.346475, 7.160451], [-71.34539399999983, 7.159774000000141], [-71.34392, 7.158666], [-71.342708, 7.1587], [-71.34174599999989, 7.158434000000113], [-71.34078299999987, 7.158191], [-71.340182, 7.157395000000122], [-71.339878, 7.156688], [-71.339386, 7.155386], [-71.338717, 7.154728], [-71.337047, 7.154675000000111], [-71.33535499999982, 7.15464500000013], [-71.33411699999988, 7.154245], [-71.333703, 7.153951], [-71.332423, 7.153963], [-71.330945, 7.15482400000019], [-71.329604, 7.155639000000122], [-71.3281199999999, 7.155905000000132], [-71.32709, 7.155685], [-71.3258689999999, 7.154712000000188], [-71.32575, 7.154186000000152], [-71.325105, 7.153688000000159], [-71.32450199999988, 7.152708], [-71.323855, 7.152004], [-71.3232569999999, 7.151643], [-71.322388, 7.151537000000189], [-71.321405, 7.151592000000107], [-71.320612, 7.152355], [-71.319319, 7.153513], [-71.318306, 7.152789], [-71.31764, 7.152475], [-71.316612, 7.152462000000185], [-71.315357, 7.152748], [-71.314786, 7.152845], [-71.314233, 7.152369], [-71.31427, 7.151361000000179], [-71.314148, 7.150606], [-71.313929, 7.149165], [-71.312463, 7.148835], [-71.310654, 7.148508], [-71.308689, 7.148549], [-71.308514, 7.146924], [-71.308162, 7.145965000000103], [-71.307567, 7.145925], [-71.305565, 7.146998000000167], [-71.305269, 7.147115], [-71.302454, 7.146752], [-71.29952, 7.145954], [-71.299521, 7.146000000000186], [-71.297812, 7.146612000000175], [-71.2964, 7.147244], [-71.2933819999999, 7.149769000000106], [-71.292396, 7.149458], [-71.290284, 7.148424], [-71.287949, 7.148124], [-71.287675, 7.148127000000102], [-71.285945, 7.148991], [-71.285673, 7.149268], [-71.28505899999988, 7.149595], [-71.283846, 7.149400000000128], [-71.28277, 7.149295000000109], [-71.281905, 7.149716000000126], [-71.281715, 7.151436], [-71.282159, 7.152486000000181], [-71.282462, 7.153033000000164], [-71.282861, 7.154243], [-71.2830929999999, 7.154539], [-71.28321199999982, 7.155134], [-71.28314399999988, 7.15518], [-71.28230099999985, 7.155417], [-71.281089, 7.155383], [-71.27992199999983, 7.155325], [-71.279398, 7.155467000000101], [-71.278585, 7.156574], [-71.278384, 7.157080000000178], [-71.27751799999987, 7.157363000000146], [-71.276321, 7.156481000000156], [-71.27530699999988, 7.15566500000017], [-71.274776, 7.155120000000181], [-71.274127, 7.154118], [-71.27297499999986, 7.153121000000169], [-71.271256, 7.152679], [-71.268692, 7.152336], [-71.26757, 7.152117], [-71.265923, 7.152041000000168], [-71.265034, 7.152347], [-71.264356, 7.153201], [-71.263449, 7.15398800000014], [-71.262628, 7.154225], [-71.260658, 7.153831], [-71.261104, 7.15259], [-71.259018, 7.151967], [-71.259017, 7.151876000000186], [-71.2558, 7.152501], [-71.25585399999989, 7.153440000000103], [-71.25653099999988, 7.154969000000108], [-71.256518, 7.156092000000115], [-71.255768, 7.15658000000019], [-71.254433, 7.158127], [-71.254053, 7.159047], [-71.253471, 7.160359], [-71.25322299999982, 7.16075], [-71.253096, 7.161897000000124], [-71.252953, 7.1638], [-71.252527, 7.16465200000016], [-71.251964, 7.165665000000104], [-71.251215, 7.166291], [-71.250671, 7.166754], [-71.249463, 7.167178], [-71.24844799999988, 7.166133000000116], [-71.246008, 7.164391], [-71.245331, 7.165337], [-71.244287, 7.16624], [-71.243013, 7.166917000000126], [-71.242581, 7.167218], [-71.2401579999999, 7.167241000000161], [-71.239769, 7.167244], [-71.238286, 7.167579], [-71.237925, 7.168109000000186], [-71.238138, 7.168932], [-71.239153, 7.169931000000133], [-71.239315, 7.17013500000013], [-71.238956, 7.170826], [-71.238322, 7.171496000000104], [-71.23798099999982, 7.171752], [-71.238008, 7.17221], [-71.23978199999988, 7.173705], [-71.239672, 7.174188000000129], [-71.238924, 7.174928], [-71.237301, 7.174897000000158], [-71.236866, 7.174855], [-71.236116, 7.17532000000017], [-71.234919, 7.176958000000127], [-71.23382399999986, 7.177220000000148], [-71.23320599999988, 7.177203000000191], [-71.231566, 7.17790500000018], [-71.2304079999999, 7.178788], [-71.229954, 7.179113], [-71.228974, 7.179465000000107], [-71.228944, 7.181230000000141], [-71.229326, 7.182968], [-71.229263, 7.18361], [-71.22849699999989, 7.184877], [-71.2282019999999, 7.185063000000184], [-71.228043, 7.185225], [-71.228231, 7.185773000000154], [-71.22854199999989, 7.187305], [-71.228685, 7.187969000000123], [-71.228713, 7.188518], [-71.2284939999999, 7.189597000000163], [-71.227979, 7.190702000000101], [-71.2275479999999, 7.191118], [-71.228848, 7.19074], [-71.229718, 7.190869], [-71.231232, 7.191428000000144], [-71.23219499999988, 7.191785], [-71.233229, 7.19228], [-71.23407999999989, 7.192914], [-71.235225, 7.193086], [-71.235545, 7.193061], [-71.23667, 7.193623], [-71.237498, 7.19409700000017], [-71.238648, 7.194911], [-71.2401129999999, 7.194989], [-71.24109, 7.194361000000185], [-71.242502, 7.193615], [-71.24334, 7.192828000000134], [-71.245575, 7.19212], [-71.247039, 7.19224400000013], [-71.247933, 7.192488], [-71.248249, 7.192050000000108], [-71.24927, 7.191192000000171], [-71.251118, 7.19071700000012], [-71.252573, 7.189856], [-71.253625, 7.189915], [-71.254259, 7.189153], [-71.254869, 7.188391], [-71.256166, 7.18776], [-71.259704, 7.187086], [-71.26114399999989, 7.187004], [-71.262589, 7.187586], [-71.263232, 7.187809000000186], [-71.262579, 7.188938000000178], [-71.263042, 7.189621], [-71.2635269999999, 7.190121], [-71.264448, 7.190868], [-71.26614899999987, 7.191861], [-71.267711, 7.192556], [-71.26879, 7.193028], [-71.271913, 7.194442], [-71.273322, 7.196033000000114], [-71.27426399999985, 7.19655100000017], [-71.275324, 7.197389], [-71.277198, 7.19730200000015], [-71.277904, 7.197067], [-71.27933899999982, 7.196503000000121], [-71.28025699999984, 7.196816], [-71.281699, 7.197008000000153], [-71.282707, 7.197251], [-71.284079, 7.197238], [-71.284831, 7.197002], [-71.2859299999999, 7.197175000000129], [-71.287119, 7.197210000000155], [-71.288331, 7.197221000000184], [-71.289817, 7.197185], [-71.29230699999988, 7.196886000000177], [-71.293495, 7.196784], [-71.29379, 7.196460000000116], [-71.295269, 7.195782000000122], [-71.296181, 7.195475000000158], [-71.297436, 7.195235], [-71.29917399999988, 7.195195], [-71.30059099999988, 7.195182], [-71.30155599999989, 7.195723], [-71.302818, 7.19619200000011], [-71.303896, 7.196594000000175], [-71.30540999999982, 7.197130000000129], [-71.3061689999999, 7.197604], [-71.306935, 7.198834], [-71.307903, 7.199741000000131], [-71.309695, 7.200618], [-71.310388, 7.201345000000174], [-71.311559, 7.201952000000119], [-71.312781, 7.202995000000101], [-71.313308, 7.203196], [-71.313475, 7.20392800000019], [-71.312912, 7.204895], [-71.312689, 7.20547], [-71.312312, 7.206688], [-71.312876, 7.208401], [-71.31303799999989, 7.208583], [-71.313235, 7.21007], [-71.313512, 7.210434], [-71.314482, 7.211273], [-71.3153329999999, 7.211883], [-71.315472, 7.21204200000011], [-71.316093, 7.212449], [-71.316313, 7.213982], [-71.316931, 7.214091000000167], [-71.317257, 7.214660000000151], [-71.31819699999983, 7.214972], [-71.318475, 7.215359], [-71.3187089999999, 7.215953], [-71.319541, 7.21693], [-71.319773, 7.217317], [-71.320215, 7.218092], [-71.321385, 7.218493], [-71.32212199999987, 7.219082000000128], [-71.322422, 7.219377000000179], [-71.322651, 7.219467000000179], [-71.323819, 7.219685], [-71.324715, 7.220157], [-71.324881, 7.220729000000119], [-71.326524, 7.220392000000118], [-71.32816799999989, 7.220171000000164], [-71.328762, 7.220142], [-71.328808, 7.220119000000125], [-71.330318, 7.220242000000155], [-71.331258, 7.220577000000162], [-71.33190399999984, 7.221143], [-71.332575, 7.222008], [-71.33295099999987, 7.223127000000147], [-71.33298999999988, 7.2232810000001], [-71.333141, 7.223881000000176], [-71.33328199999988, 7.224292], [-71.333993, 7.224537000000112], [-71.335004, 7.225055000000111], [-71.335831, 7.225482000000113], [-71.336607, 7.225360000000137], [-71.337318, 7.225491000000147], [-71.33755, 7.225855], [-71.337804, 7.22608200000019], [-71.338832, 7.225981], [-71.339881, 7.225673], [-71.340567, 7.225666], [-71.341688, 7.225724], [-71.34264799999988, 7.225715], [-71.343743, 7.22543], [-71.344392, 7.226409000000103], [-71.343965, 7.227238000000114], [-71.343697, 7.227859000000137], [-71.34466, 7.228148], [-71.345166, 7.228509], [-71.345375, 7.228805], [-71.34656799999988, 7.229252000000145], [-71.347255, 7.229429], [-71.34783, 7.229721], [-71.348382, 7.23008300000015], [-71.348641, 7.230951000000175], [-71.349264, 7.23147200000011], [-71.349727, 7.232086000000152], [-71.349759, 7.233140000000105], [-71.34988, 7.233849], [-71.350505, 7.234645000000114], [-71.351126, 7.235005], [-71.35140299999989, 7.235277], [-71.352364, 7.235337000000186], [-71.353752, 7.234705000000133], [-71.354712, 7.234604000000104], [-71.356487, 7.233717], [-71.35714899999988, 7.233665], [-71.357971, 7.233474], [-71.358839, 7.23337400000014], [-71.359369, 7.23385], [-71.35997, 7.234554], [-71.360614, 7.234892000000116], [-71.360752, 7.234982000000116], [-71.361742, 7.23566], [-71.36272899999989, 7.236109000000113], [-71.36371999999983, 7.236901000000103], [-71.366248, 7.238343], [-71.36808, 7.238647000000128], [-71.369697, 7.240327], [-71.370576, 7.24148700000012], [-71.372827, 7.242519], [-71.374341, 7.243054], [-71.376608, 7.243399], [-71.377595, 7.243825000000129], [-71.37895, 7.244454], [-71.380419, 7.245058], [-71.382489, 7.246321], [-71.383525, 7.247067000000129], [-71.38234299999988, 7.286666], [-71.37666797899993, 7.404284136000058], [-71.37610819699995, 7.415885944000081], [-71.375288, 7.432885], [-71.37479115799988, 7.437375499000041], [-71.37455390699995, 7.439519791], [-71.37445694099995, 7.440245994000179], [-71.37453974099986, 7.440266546000089], [-71.37588980299984, 7.441537576000087], [-71.37685283899992, 7.442278577000025], [-71.37801689899999, 7.443777611000087], [-71.3794609609999, 7.444773621000081], [-71.38153204299994, 7.444990616000155], [-71.38346412699991, 7.445093605000068], [-71.38537520799997, 7.445034600000042], [-71.38867233899998, 7.444270568000093], [-71.39018739999995, 7.44496757600001], [-71.39269482199995, 7.445752211000013], [-71.39347253599988, 7.445995577000076], [-71.39413756799985, 7.446458592000113], [-71.39475460199992, 7.44715159499998], [-71.3943785919999, 7.448366629000134], [-71.39428058699997, 7.449377641000126], [-71.39514463699993, 7.451150678000033], [-71.39728572299998, 7.451024670999971], [-71.39726671699992, 7.450380656000107], [-71.39776272699993, 7.448338611000167], [-71.3991737749999, 7.447266576000175], [-71.40238390099995, 7.445536528000048], [-71.40342294499993, 7.445036516000073], [-71.40457898899984, 7.444192496000028], [-71.40536301799995, 7.443990482000174], [-71.40575503199989, 7.443900478000046], [-71.40667107399992, 7.444663497000022], [-71.40656808199992, 7.446408526000084], [-71.40684009499995, 7.447214545000065], [-71.40706510199993, 7.447996559000103], [-71.40848316199992, 7.449474578000093], [-71.40965321399995, 7.450078594000161], [-71.41089627399992, 7.450176584000076], [-71.41156629199986, 7.449720576000175], [-71.4119242989999, 7.447585527], [-71.41117825499998, 7.445491492000031], [-71.41090724599997, 7.444593473000054], [-71.41229629699995, 7.443291436000095], [-71.41354234699992, 7.442815429000063], [-71.41508240499991, 7.443236424000133], [-71.41793053099991, 7.444262428000116], [-71.41951759499995, 7.444477427000038], [-71.42087265599991, 7.444966430000136], [-71.42361675599994, 7.444108401999983], [-71.42456879599985, 7.442849376000083], [-71.42461479699983, 7.442826375000038], [-71.42569783399989, 7.442602364999971], [-71.4266628769999, 7.442814363000139], [-71.42767392199988, 7.443164362000061], [-71.42842396099996, 7.444707399000094], [-71.42926700599998, 7.446205417000044], [-71.43027204799995, 7.447450445000015], [-71.43141710299989, 7.448444458000097], [-71.43277115999996, 7.449072467000121], [-71.43440622199995, 7.449011453000026], [-71.4365913129999, 7.449252453000099], [-71.43739634499991, 7.449440447000029], [-71.43808337299998, 7.449903450000022], [-71.43864541299996, 7.452157504000013], [-71.43868441899991, 7.453283516000113], [-71.43963646399999, 7.455723568000053], [-71.44000148399988, 7.456346579000126], [-71.44248259299991, 7.457117585000162], [-71.44418165899998, 7.457837593000079], [-71.44574773099998, 7.457685583999989], [-71.44857983899993, 7.457584559999987], [-71.45038992599996, 7.459041587], [-71.45109795799993, 7.460009598000113], [-71.45227000699998, 7.460314601], [-71.45325504999994, 7.461077609000085], [-71.45451010799997, 7.46287664800019], [-71.45536114199996, 7.462949642000183], [-71.4564671899999, 7.462725631000012], [-71.45794824399997, 7.461561606000089], [-71.45839224999992, 7.460414579000144], [-71.45807523999997, 7.459517553000126], [-71.45631016299996, 7.458359539000071], [-71.45495909499994, 7.457065520000015], [-71.45391704499991, 7.454395468000087], [-71.45440605999988, 7.453410447000067], [-71.45560110899999, 7.453669449000131], [-71.45670415699988, 7.454088460000094], [-71.45769220099999, 7.454368454000189], [-71.45904724999997, 7.45481246200012], [-71.46074632799991, 7.455648463000102], [-71.46187137099992, 7.456136474000061], [-71.46239340099999, 7.45724149300014], [-71.46250720999996, 7.457605946000172], [-71.4625514149999, 7.457747506000146], [-71.46297683999984, 7.458485991000089], [-71.46375946899991, 7.459844542000098], [-71.46414549199989, 7.460627549000151], [-71.4655465539999, 7.461163557000077], [-71.46709260399996, 7.460596542000189], [-71.46970770499996, 7.458312484000032], [-71.46946268599993, 7.45686444800009], [-71.46889666399989, 7.455321422000168], [-71.46776559999995, 7.452076367000132], [-71.46807160299994, 7.450906341000177], [-71.46904263699997, 7.450107317000118], [-71.46964765999996, 7.449145295000108], [-71.46980166299988, 7.449172291000025], [-71.47098071299996, 7.449382290000074], [-71.47243077799993, 7.449458284000173], [-71.47376383099999, 7.449763287000053], [-71.47618192899995, 7.449615271000084], [-71.47635794599995, 7.451017305999983], [-71.47787100999994, 7.452036316000147], [-71.47837503699998, 7.452383326000074], [-71.47968508999992, 7.452803329000062], [-71.48046712099995, 7.452853322000067], [-71.48097613499988, 7.452327309000111], [-71.4816771539999, 7.450699266000186], [-71.48200816699995, 7.449254243000041], [-71.48256918399989, 7.447694207000097], [-71.48338121199993, 7.446688183], [-71.48469825999985, 7.445936162000066], [-71.48580430799996, 7.445689151000124], [-71.48765336999992, 7.444320111000025], [-71.48971045499997, 7.442998074000116], [-71.49026647499994, 7.442449061000104], [-71.49165552499994, 7.441078024000092], [-71.49421961399992, 7.439482988000066], [-71.49540964799996, 7.436777923000022], [-71.49629268599995, 7.435357896000028], [-71.49732972099986, 7.435224881000124], [-71.49914878599998, 7.43212281600006], [-71.50223889099988, 7.426854691000187], [-71.50329793399993, 7.426746686], [-71.50516800399993, 7.426701671000103], [-71.50608303799999, 7.427093685000045], [-71.50878315099999, 7.427032667000162], [-71.50985819299996, 7.426943665000067], [-71.51068422399999, 7.426257643000156], [-71.51297531199992, 7.425047603000053], [-71.51347933599999, 7.424658597000189], [-71.51503739899994, 7.423906576000036], [-71.51593042399992, 7.423770570000158], [-71.51668745199987, 7.423061548000135], [-71.51598242199998, 7.421523525000111], [-71.51650944599999, 7.4209745120001], [-71.51827451299982, 7.419877476000067], [-71.51969355799997, 7.419743466], [-71.52255467399993, 7.419361450000054], [-71.52303469399993, 7.419339441000091], [-71.52399673199989, 7.419181440000045], [-71.52482076499996, 7.418839425999977], [-71.52580380799992, 7.419232434000037], [-71.52717486899996, 7.419763440000054], [-71.52898194599999, 7.420066430000077], [-71.53058200899994, 7.420758436000142], [-71.53152005299995, 7.42060043400005], [-71.53470017499995, 7.420768421], [-71.53662025899996, 7.421530431000178], [-71.53730429499996, 7.422243442000081], [-71.53787432399997, 7.423299458000088], [-71.53785031999996, 7.423597466000047], [-71.53782532499991, 7.42451548300005], [-71.53830135499993, 7.425984507000123], [-71.5386903669999, 7.426260518000106], [-71.54006042499992, 7.427204520999965], [-71.54063145499993, 7.427572532000113], [-71.54349456599994, 7.42643350000003], [-71.54498361499998, 7.425611473000174], [-71.54871975899982, 7.423166408999975], [-71.54956878899998, 7.42220538000015], [-71.55082883799997, 7.421360354000058], [-71.55197388699997, 7.421064351000155], [-71.55268191599998, 7.421571355000026], [-71.55398397699992, 7.422468365000157], [-71.55587905299996, 7.423735383000178], [-71.55782014299996, 7.425437405000139], [-71.5582971639999, 7.426562433000129], [-71.55875219099988, 7.427732456000058], [-71.55849918799993, 7.428397462000021], [-71.55865619899987, 7.429429485000014], [-71.56217834099988, 7.430126484000084], [-71.56394040799984, 7.43003947800014], [-71.56432842699996, 7.430200477000085], [-71.56745856999999, 7.431905497000116], [-71.5691056359999, 7.43216149400007], [-71.57146272699998, 7.432053483000061], [-71.57219375599988, 7.432376486000067], [-71.57354181899996, 7.43334249600008], [-71.5759909219999, 7.433027484000092], [-71.57658693599996, 7.432524471000136], [-71.57752796599982, 7.431104432000154], [-71.57883701499986, 7.42920439400018], [-71.58110610599994, 7.427719346], [-71.58339719299994, 7.426440317000186], [-71.58497725299998, 7.426008298000056], [-71.58669231599993, 7.426265287999968], [-71.58806337799996, 7.42686430100008], [-71.59012345799988, 7.426479286000074], [-71.59046847499991, 7.425792261000026], [-71.59060647699994, 7.42547126400018], [-71.59060747999996, 7.424898248000034], [-71.59099848599988, 7.424211235000087], [-71.5915965079999, 7.4230892060001], [-71.59219452799982, 7.421691176000081], [-71.59233552899985, 7.420384142999978], [-71.59279653899989, 7.419009114000175], [-71.59382657299994, 7.41880511200003], [-71.59503962899993, 7.418373095000049], [-71.59764873199998, 7.418173082000123], [-71.59904478799996, 7.417740059000096], [-71.60041684199996, 7.418088070000181], [-71.6003678429999, 7.419555098000046], [-71.60038884899996, 7.420220114000188], [-71.60056986499984, 7.421092130000034], [-71.60203192499995, 7.421898132000138], [-71.60267195699993, 7.422221135000143], [-71.60289896299997, 7.42309315100016], [-71.60525306599999, 7.423901159000025], [-71.60573008899996, 7.425370183000098], [-71.60700715399992, 7.427025215000072], [-71.60830821299999, 7.428518240000074], [-71.60951825899991, 7.429209243000116], [-71.61173834999994, 7.428825231000133], [-71.61382043999998, 7.429013220000172], [-71.61567151099996, 7.429935237000166], [-71.61756659899999, 7.431315258000041], [-71.6187776509999, 7.432235268000113], [-71.61948468799989, 7.432925279000074], [-71.62092275699996, 7.434534298000074], [-71.62189980299996, 7.437288357000114], [-71.62265183999995, 7.438712385000031], [-71.62267184199999, 7.439881404], [-71.6233558799999, 7.440892424000026], [-71.62536796499995, 7.441470421000133], [-71.6274500529999, 7.441177405000019], [-71.62937511799993, 7.43992037300012], [-71.62958312399991, 7.439003348000028], [-71.63125717999998, 7.437470316000031], [-71.63187720799993, 7.436256287], [-71.63318525499989, 7.43502125200007], [-71.63403428299989, 7.43385422700004], [-71.63575135299993, 7.433215207000103], [-71.63730940299996, 7.43230218400015], [-71.63772241799995, 7.431913167], [-71.63832043799988, 7.430378142000109], [-71.63868944799992, 7.429392116000031], [-71.64102753699996, 7.427196063000167], [-71.64265459899991, 7.425962033000189], [-71.64519669499992, 7.424911998000084], [-71.64595272099996, 7.424569985000119], [-71.65060290299988, 7.421988915999975], [-71.65202196099995, 7.422038906000068], [-71.65426604399994, 7.42112588100008], [-71.65538708699995, 7.421036867], [-71.65820120799998, 7.420745859000078], [-71.66138132999998, 7.420775845000094], [-71.66357741699994, 7.420780825000122], [-71.66426445399986, 7.420781827000042], [-71.66585694499997, 7.420604926000067], [-71.66810860899994, 7.420354800000155], [-71.66808360199991, 7.421111816000064], [-71.66908865299996, 7.421893827000019], [-71.67123874099997, 7.42235682200004], [-71.67295381499991, 7.422498824000115], [-71.67476188399996, 7.42234181200007], [-71.67613593099998, 7.421542786000032], [-71.67700696899993, 7.420856764000121], [-71.67854302099988, 7.41925473200007], [-71.67884103299997, 7.418934716000081], [-71.67946105199991, 7.418155702000092], [-71.68133813099996, 7.417426679000073], [-71.68195615499997, 7.417542681999976], [-71.68394523899997, 7.417982678000158], [-71.68572831299997, 7.4187656900001], [-71.68659435699993, 7.419891709000126], [-71.68798840799991, 7.420605711000064], [-71.68887944999983, 7.421432728000184], [-71.68963248899996, 7.422191740000073], [-71.69100554299996, 7.421758717000046], [-71.69137155499999, 7.42194272800009], [-71.69445968599996, 7.422142714000131], [-71.69713279799998, 7.423858733000088], [-71.69985490599987, 7.423979729000166], [-71.70244001599997, 7.423939712000106], [-71.70635117699993, 7.424016700000095], [-71.7083902519999, 7.422920668000188], [-71.71028932999991, 7.422855656000138], [-71.71250642199993, 7.423640664000061], [-71.71247943399993, 7.42556670099998], [-71.71442151399992, 7.426625713000021], [-71.71643359999996, 7.42734071700005], [-71.71910670999989, 7.428767739000023], [-71.72244285199997, 7.430449758000179], [-71.72536599299991, 7.432977792000088], [-71.73144424899994, 7.436430829000074], [-71.73386336399989, 7.438820865000082], [-71.73632846899994, 7.441554909], [-71.7378575489999, 7.443575942000166], [-71.74100967799995, 7.445806972000014], [-71.74363779099997, 7.447049994], [-71.74578489199996, 7.448660013999984], [-71.74758897199996, 7.450315031000059], [-71.7481359979999, 7.451027050000107], [-71.74563491499998, 7.454988139000022], [-71.74507890699994, 7.458083210000041], [-71.74422089999996, 7.463745317000189], [-71.74430889999996, 7.465098349000073], [-71.7448779369999, 7.466452372000106], [-71.74842009399998, 7.468844401000013], [-71.75050017499996, 7.469353409000064], [-71.75290227599999, 7.469725407999988], [-71.75482435299995, 7.469499395000071], [-71.7574794539999, 7.468702361000169], [-71.75914952199997, 7.469027358000176], [-71.76129561999994, 7.471141394000085], [-71.76222966599994, 7.473275432000094], [-71.76368574299988, 7.477061501000094], [-71.76494180499998, 7.478302519000124], [-71.76672487699989, 7.478856523000104], [-71.76864894999994, 7.47785149900011], [-71.76981999499992, 7.475927444000149], [-71.770188, 7.474988423000184], [-71.77010098799991, 7.472442378000096], [-71.77156803999998, 7.471253343000058], [-71.77335410799986, 7.470179319000181], [-71.77324609199997, 7.467129259000046], [-71.77626521199994, 7.467708256000094], [-71.77823129599989, 7.468354260000069], [-71.78181645599989, 7.471961309000164], [-71.78435256699993, 7.473227331000146], [-71.78549461799992, 7.47433034900007], [-71.79158086199993, 7.47395230300009], [-71.79510301399995, 7.474624303000041], [-71.79601504899989, 7.475955324000154], [-71.79731711099998, 7.477150342000073], [-71.79784214299997, 7.477954361000059], [-71.80037725099987, 7.479816388000074], [-71.80199932299996, 7.480965402999971], [-71.80332338199992, 7.482619429000067], [-71.80661452899989, 7.484414449999974], [-71.80992966799994, 7.485818457000107], [-71.81251177999997, 7.486993472000051], [-71.81557889399988, 7.486609457000156], [-71.81724895899998, 7.486451440000167], [-71.81873701599989, 7.485789421000163], [-71.82024907699997, 7.484875394000142], [-71.82171612799993, 7.483433358000184], [-71.82354720799998, 7.483230344999981], [-71.82526527499994, 7.483483338000042]]]}}, {"type": "Feature", "properties": {"Pais": "Venezuela", "Estado": "Apure", "Municipio": "P\u00e1ez", "Parroquia": "Urdaneta"}, "geometry": {"type": "Polygon", "coordinates": [[[-72.067452, 7.260905], [-72.069043, 7.261484000000166], [-72.071001, 7.261058000000105], [-72.07404, 7.258399000000168], [-72.076569, 7.258092], [-72.079316, 7.258236000000181], [-72.08072965799994, 7.257432421000033], [-72.083378, 7.255927], [-72.086596, 7.255515000000116], [-72.093169, 7.253683], [-72.097988, 7.254046], [-72.102676, 7.254017000000147], [-72.1066689999999, 7.254848], [-72.111306, 7.252433], [-72.116192, 7.249124000000165], [-72.12129, 7.246603000000107], [-72.12557, 7.244857], [-72.129812, 7.244793], [-72.13163209699997, 7.244814075000136], [-72.135771, 7.244862000000126], [-72.140098, 7.246146000000124], [-72.143359, 7.248988], [-72.147437, 7.251166000000183], [-72.153031, 7.25224], [-72.160788, 7.2539], [-72.16505011799984, 7.255189952000023], [-72.16579699999988, 7.255416], [-72.16703766399996, 7.255413963000024], [-72.16872767199999, 7.255411187000163], [-72.16882294399988, 7.255411031000108], [-72.16932475399994, 7.255410207000068], [-72.17040792999995, 7.255490025000086], [-72.17051953299995, 7.255498249000084], [-72.17078725499988, 7.255517977000068], [-72.17079435399995, 7.255529670000101], [-72.1708591719999, 7.255490318], [-72.17070444599995, 7.255367320000175], [-72.17061134599999, 7.25518250000016], [-72.17061103799995, 7.255056043000081], [-72.17061089599997, 7.254997447], [-72.17061044699983, 7.254812404000063], [-72.17061000599995, 7.254627359000096], [-72.17060955699992, 7.254442305999987], [-72.17060911799996, 7.254259993000119], [-72.17060910899988, 7.254257263000056], [-72.17060866799994, 7.254072221], [-72.17060821899997, 7.253887175000159], [-72.17060776999995, 7.253702121000117], [-72.17060769799997, 7.253671284000177], [-72.17045074499993, 7.252623056000118], [-72.17034133799996, 7.25208356700017], [-72.17035757999997, 7.252012094000179], [-72.1703548399999, 7.251877401000115], [-72.17034772899996, 7.25187081700011], [-72.16791222899997, 7.247627424000143], [-72.16760514999993, 7.247092398000063], [-72.16403091999996, 7.240864984000154], [-72.15543016999993, 7.225900292000063], [-72.1551289969999, 7.225376273000165], [-72.15389849999997, 7.223235296000041], [-72.12924569699999, 7.180341175000024], [-72.11569252499999, 7.156759622000095], [-72.09955257199994, 7.128677253000149], [-72.09861037599995, 7.127037900000118], [-72.08307219499989, 7.099986964000152], [-72.06628421299996, 7.07076021000006], [-72.05008333199993, 7.042555558000174], [-72.04767334899992, 7.038302587999965], [-72.04681214199996, 7.039170949000152], [-72.04681118999997, 7.03917077400007], [-72.04084717699999, 7.038069023000105], [-72.03741294799988, 7.036362324000038], [-72.03540634899997, 7.0353651100001], [-72.02951678699998, 7.034698354], [-72.02740264099992, 7.035125249000089], [-72.02385737699996, 7.035841119000168], [-72.02091327099998, 7.035847058000058], [-72.01938778199991, 7.034898780000105], [-72.01728522099995, 7.033591782000144], [-72.01493391499997, 7.033843818000037], [-72.01298321299998, 7.034052916000064], [-72.00958483599999, 7.03338092000007], [-72.00573170999996, 7.031804754000063], [-72.00323518299996, 7.029094599000075], [-72.00310658399997, 7.029070773000058], [-71.99961036399998, 7.028422977000105], [-71.99796122999987, 7.027877373000081], [-71.99553128399998, 7.027073444999985], [-71.99202090199998, 7.026579417000164], [-71.99077416799992, 7.026403959000049], [-71.98692202999996, 7.025280146000057], [-71.98216316699995, 7.023705527000061], [-71.97785508699991, 7.020998704000021], [-71.97598772099997, 7.020125105000091], [-71.97400172199997, 7.019196003000161], [-71.96992191599998, 7.017393704000142], [-71.96561567999993, 7.01559179100019], [-71.96176408899993, 7.014694031000147], [-71.95768649199988, 7.014022894000163], [-71.95383535199983, 7.013351310000189], [-71.95043756399997, 7.012905119000095], [-71.94960625999994, 7.012086699000065], [-71.94890721199994, 7.011398499000165], [-71.94886030599997, 7.011332144000107], [-71.94885387299996, 7.011323086000061], [-71.94885383899992, 7.01132307000006], [-71.94885081099994, 7.01132163200009], [-71.94881382499995, 7.011304103000157], [-71.94879525499988, 7.011295310000037], [-71.94767533499987, 7.010764719000122], [-71.94649020599996, 7.010641471000042], [-71.94536365599998, 7.010387004000052], [-71.94455624099999, 7.010209928000108], [-71.94405578099997, 7.009338367000055], [-71.94369405099997, 7.009007956000175], [-71.94330625399994, 7.008653734000177], [-71.94274416899998, 7.008094208000045], [-71.94168312399995, 7.007473427000093], [-71.94099661299998, 7.007226059000061], [-71.93987290199993, 7.006666425000105], [-71.93937360899997, 7.006418714000176], [-71.9388120889999, 7.006169973000112], [-71.93775220399993, 7.00617191300006], [-71.93650567399993, 7.006486117000122], [-71.93581987399995, 7.006626380000114], [-71.93501014999998, 7.007038115000171], [-71.93407515699982, 7.007300887000042], [-71.93346289899995, 7.007445681000149], [-71.93301571099983, 7.007551438000064], [-71.93207720499998, 7.007744151000111], [-71.93103281399988, 7.0081890780001], [-71.93021134099996, 7.008366883000122], [-71.92902656199988, 7.008431192000046], [-71.92771723999994, 7.008433566000065], [-71.92647124999996, 7.009058530000061], [-71.92535014399982, 7.00993304900004], [-71.92366899199999, 7.011057210000047], [-71.92339561099993, 7.011188350999987], [-71.92223588199988, 7.011744674000113], [-71.92155106999996, 7.012431939000066], [-71.92122667899997, 7.013524254000117], [-71.92132424499994, 7.014623739], [-71.92066854699988, 7.015152704000172], [-71.92016329899991, 7.015272590000166], [-71.91891198999986, 7.015569502], [-71.91761438299994, 7.016122220000113], [-71.91657082799986, 7.017050826], [-71.91532379499995, 7.017115208], [-71.91430989399993, 7.016285218000121], [-71.91331509999986, 7.01569703600012], [-71.9119427519999, 7.015575152000167], [-71.91108053999989, 7.015441070000065], [-71.91014515999996, 7.01550488800018], [-71.90921044499999, 7.015630858000122], [-71.90858682599998, 7.015756291000116], [-71.90771442699992, 7.01594543900012], [-71.90677993699995, 7.01650766], [-71.90615740399994, 7.017255804000115], [-71.90534789599997, 7.01781779900017], [-71.90441272299995, 7.018007062000095], [-71.90366421999988, 7.017882924000105], [-71.90316427199991, 7.017261077000114], [-71.90235322799998, 7.016951704000178], [-71.90166638499988, 7.016516668000065], [-71.90085534099995, 7.016206157000056], [-71.90022227099996, 7.016110072000174], [-71.89970474299986, 7.016112104000172], [-71.89904822699998, 7.016832050000062], [-71.89861288499992, 7.017580984], [-71.89824066799997, 7.018516309000063], [-71.89732536599996, 7.019715894000115], [-71.89656685499995, 7.020017843000119], [-71.89603025599996, 7.019458210000096], [-71.89512371199999, 7.019206628000063], [-71.89443809999995, 7.01914565900006], [-71.8927546299999, 7.019335071000114], [-71.89219474599992, 7.020022064000045], [-71.89144786899993, 7.020832562000123], [-71.89001436399991, 7.021333461000097], [-71.88895452299988, 7.021397460000117], [-71.88770671799995, 7.021026661000121], [-71.88683299899986, 7.020778393000171], [-71.88583462899993, 7.020406014000173], [-71.8850860089999, 7.020220834000099], [-71.88389999899994, 7.019600136000122], [-71.88340060799999, 7.019289066000113], [-71.88265177199992, 7.018978430000175], [-71.88152919199996, 7.01873170600004], [-71.88059368699999, 7.018733306000172], [-71.87915889799996, 7.018485999], [-71.87778667599991, 7.018115373000114], [-71.87662471399995, 7.018655324000065], [-71.87649463799994, 7.019663675000118], [-71.87598269699998, 7.020610508000061], [-71.87555980399998, 7.020727996000176], [-71.8748571079999, 7.020923218000178], [-71.87380055499989, 7.020925015000046], [-71.87281359399992, 7.02093798900006], [-71.87183896699986, 7.021555596000098], [-71.87093369799999, 7.022051019000116], [-71.86931277799994, 7.022117052000169], [-71.86756663299997, 7.022056706000171], [-71.86619346799995, 7.021125483000105], [-71.86550612199989, 7.020378445000119], [-71.86425822799993, 7.019944297000052], [-71.86238815099995, 7.020508], [-71.86101863299996, 7.021756885000116], [-71.85996003199995, 7.022567874000174], [-71.85871401399987, 7.023255963000167], [-71.85796705599995, 7.024066432000154], [-71.85715711699993, 7.024753798], [-71.85672896199992, 7.02510601], [-71.85591902299996, 7.025792240000158], [-71.85510109799998, 7.025768733000064], [-71.8543529719999, 7.025879600999986], [-71.85319516099992, 7.026563022000119], [-71.85248453899993, 7.027128172000175], [-71.85167459099989, 7.027815524000061], [-71.85055219999992, 7.027693059000114], [-71.84971393699993, 7.026653535000094], [-71.84886547899998, 7.025950819], [-71.84849088999988, 7.025515192000114], [-71.84711800399998, 7.025081188000115], [-71.84587101599993, 7.025208679000059], [-71.84512332199989, 7.025582880000059], [-71.84387624399983, 7.025647074], [-71.84312844199997, 7.025960225000119], [-71.84231842199989, 7.026273478000178], [-71.84051014899995, 7.026276414000051], [-71.83907615999993, 7.026527403000102], [-71.83782815699988, 7.026031015000115], [-71.83689212199988, 7.025720590000049], [-71.83495930599992, 7.025661571000057], [-71.83327707599994, 7.026661117000174], [-71.83246815199988, 7.027659255000174], [-71.83172165199994, 7.028782734000117], [-71.83047545599993, 7.029407474000152], [-71.82978965499996, 7.029595061000123], [-71.82885412199988, 7.029596561000062], [-71.82829322299995, 7.02972177800001], [-71.82735777999989, 7.029785441000058], [-71.82673506799989, 7.030160534000061], [-71.82617520199994, 7.03128258300012], [-71.8249928759999, 7.032593243], [-71.82474541699992, 7.032783273000121], [-71.82468465499988, 7.032829848000119], [-71.82417853399994, 7.033217631000184], [-71.8239336179999, 7.03340528200016], [-71.82343592499996, 7.034153140000058], [-71.82300122999993, 7.035026340000172], [-71.82250392299994, 7.036023972000123], [-71.82194403899996, 7.037146022000059], [-71.82182157999995, 7.038392821000059], [-71.82232325299998, 7.040135921000058], [-71.82301069799985, 7.041319262], [-71.82394815299995, 7.042501093], [-71.82450730899996, 7.043397577000121], [-71.82488760199988, 7.044929508000109], [-71.82521041599995, 7.046057497000106], [-71.82526046699991, 7.046232387000032], [-71.8255332299999, 7.047185485000171], [-71.82572365499988, 7.049178847000064], [-71.82576998099995, 7.050909101000059], [-71.82623113099993, 7.052403609000066], [-71.82596981199998, 7.054170532000171], [-71.82578487499995, 7.055603910000116], [-71.82465683399988, 7.056579951000117], [-71.82266229599998, 7.057268039000064], [-71.82091631199984, 7.057396274000098], [-71.81910749999992, 7.05714939000012], [-71.8179221549999, 7.056964778000122], [-71.81661335499996, 7.057403104000116], [-71.81617805799993, 7.058275186000174], [-71.81599288799998, 7.059584250000114], [-71.81456462999984, 7.06103429000018], [-71.81451644699985, 7.061059300000124], [-71.8136221069999, 7.061523514000157], [-71.81194379499988, 7.062394654000116], [-71.80876403799994, 7.063022407000119], [-71.80539741199993, 7.063522696], [-71.80240371399992, 7.063405285000158], [-71.80224137699992, 7.063363284000161], [-71.79953348899994, 7.062662682999985], [-71.79691436099995, 7.062604562000104], [-71.79491888799998, 7.062731961000054], [-71.79298591999998, 7.063046869000175], [-71.79025349699987, 7.063626324000097], [-71.78737450399996, 7.063802511000176], [-71.7858474919999, 7.064115414000014], [-71.78477172399988, 7.064335851000067], [-71.78369595699996, 7.064556288000119], [-71.7824060929999, 7.064785144000041], [-71.78157582499995, 7.064932456000122], [-71.77951810799988, 7.065061017], [-71.7793027329999, 7.065068498000016], [-71.77928636099989, 7.065069066999968], [-71.77764751899991, 7.065125991000059], [-71.77596324099983, 7.064940901000057], [-71.77415496799995, 7.065069064000056], [-71.77166110099995, 7.065571213000169], [-71.77050735899996, 7.065728329000024], [-71.76935361699998, 7.065885444000116], [-71.76816909399992, 7.066074249], [-71.76698457099997, 7.066263053], [-71.76386648199991, 7.066205486000115], [-71.76224441199997, 7.066020245000175], [-71.75981164899997, 7.06577518500012], [-71.75781595199987, 7.065778095000042], [-71.75638196199998, 7.065780189], [-71.75519695799989, 7.065844077000179], [-71.75376232199994, 7.06578399600005], [-71.75220322399997, 7.065724090000117], [-71.74977082899989, 7.0657276], [-71.74790013199993, 7.065730295000151], [-71.74621611399994, 7.065732712000113], [-71.74471917099999, 7.065609409000103], [-71.74303451499998, 7.06517555], [-71.74197381099992, 7.064741933000107], [-71.74075513899999, 7.064193251000177], [-71.73972634299997, 7.063124399], [-71.73910235499994, 7.062689024000122], [-71.73804012499988, 7.061569345000123], [-71.73704033599995, 7.06019980800005], [-71.73616609499999, 7.05920419600011], [-71.73565763799996, 7.058571757000095], [-71.73541639699988, 7.058271692000062], [-71.73472971599989, 7.057898561000172], [-71.73398106899998, 7.057711998000116], [-71.73254692699987, 7.057589683], [-71.73213025999996, 7.057568972000183], [-71.73011438799995, 7.057468771000117], [-71.72848453599994, 7.057250737000061], [-71.72780658899995, 7.057160044000113], [-71.7254357459999, 7.056664920000173], [-71.7230655589999, 7.05623193200006], [-71.72063207699989, 7.055426071000056], [-71.71882251999995, 7.054618183000173], [-71.71769864599992, 7.05387265100012], [-71.71713503399991, 7.052066192000154], [-71.71650953699998, 7.050509600000169], [-71.71588253999994, 7.048266965000153], [-71.71563027499997, 7.046211443000061], [-71.71575314699999, 7.044653826000058], [-71.71593666399997, 7.042347921000101], [-71.71568499199986, 7.040728655000066], [-71.71555911099995, 7.039669801000059], [-71.71564412099985, 7.038751044000151], [-71.71574360699998, 7.037675837000108], [-71.71567952999993, 7.036304972000096], [-71.71524156499993, 7.035370870000065], [-71.7145542639999, 7.034500401000059], [-71.71286974399999, 7.034066424000116], [-71.71087340899999, 7.03350853600017], [-71.70948347199993, 7.033099024000023], [-71.70918939099994, 7.033012380000173], [-71.70681884499999, 7.032641474], [-71.70501032899995, 7.032519573000116], [-71.70382563999988, 7.032769805000044], [-71.70324551699991, 7.032933325000101], [-71.70226731399998, 7.033208156000171], [-71.70114592999994, 7.034268671000063], [-71.70044305299996, 7.03466713600011], [-71.69971310799997, 7.035080946000051], [-71.69871647199989, 7.035953677000066], [-71.69747022099989, 7.036703536], [-71.69581418599995, 7.036843611000165], [-71.69556870299988, 7.03685637600006], [-71.69379385899992, 7.036953422000067], [-71.69376838999995, 7.036954815000115], [-71.69371996099994, 7.036969763000116], [-71.69368473799994, 7.03698063100012], [-71.69298226099994, 7.037197381000112], [-71.69298095399989, 7.037197784000057], [-71.69297946799998, 7.037198242000102], [-71.69296631999993, 7.037202299000171], [-71.6928616489999, 7.037234597000179], [-71.69096899699997, 7.037818598000115], [-71.68795323499995, 7.037607790000038], [-71.68735482599988, 7.037529917000086], [-71.68386007999993, 7.037075135000123], [-71.6797688559999, 7.038049016000173], [-71.67729186799994, 7.038052198000059], [-71.67373597699998, 7.03655014900005], [-71.66953409799993, 7.035479495000061], [-71.66631905499986, 7.03465961], [-71.66425348599995, 7.03301092300012], [-71.66166973399993, 7.033552149000116], [-71.65919384199998, 7.034416480000175], [-71.65585761599988, 7.036679947000096], [-71.65514398399989, 7.037556969000036], [-71.65349168699998, 7.039587569000162], [-71.6516636159999, 7.041527024000175], [-71.65092463399992, 7.042544378000116], [-71.65043378999991, 7.043220120000058], [-71.64994294699989, 7.043895862000056], [-71.64919252999988, 7.046371996000119], [-71.6488139299999, 7.048384187000067], [-71.64844337999989, 7.050353599000118], [-71.64424007999992, 7.052394587000038], [-71.64038426599996, 7.05351919900005], [-71.63443988599988, 7.05271590600006], [-71.6309053889999, 7.051591293], [-71.62874759599998, 7.049279371000068], [-71.62865616399995, 7.049181408000038], [-71.62496100899995, 7.044682959000056], [-71.62080077199988, 7.043546345000152], [-71.61939207899997, 7.042887916000154], [-71.61670990799996, 7.04257906800018], [-71.61434078999997, 7.042955903000177], [-71.61240777699999, 7.04333222300005], [-71.60941456299997, 7.043584281000108], [-71.60642115199994, 7.043649850000122], [-71.60436382199998, 7.044150618000174], [-71.60274305399997, 7.045024981000097], [-71.60174605899988, 7.045774329000096], [-71.60062475499996, 7.046646997000039], [-71.59900367299991, 7.047272711000119], [-71.59728431599996, 7.047430454000107], [-71.59694598299996, 7.047461494000174], [-71.59616666299985, 7.047618330000034], [-71.59538734299991, 7.047775166], [-71.59439067099999, 7.048835311000062], [-71.59389354399997, 7.050455505], [-71.59308566499993, 7.052429110000162], [-71.59289838099988, 7.052886634000174], [-71.59190252699989, 7.054693864000114], [-71.5895957429999, 7.055256999000107], [-71.58772440799999, 7.055196884], [-71.58572766899988, 7.054264353000065], [-71.58472872499993, 7.053268560000163], [-71.58397884699997, 7.051899504000062], [-71.58347769499994, 7.049844140000175], [-71.58347525099992, 7.047600586000158], [-71.58403412899997, 7.044983462000118], [-71.58440585199992, 7.042989300000158], [-71.5850905929999, 7.041679736000162], [-71.58596185099998, 7.040245642000173], [-71.58658374599992, 7.038376669000172], [-71.58733040699997, 7.036818369], [-71.58863901899997, 7.036006542999985], [-71.59019729099992, 7.035382072000118], [-71.59125659299991, 7.034196420000058], [-71.5923771969999, 7.032699874000059], [-71.59293709799988, 7.031079599000179], [-71.59293504099998, 7.029210186000171], [-71.5921849749999, 7.027653531000055], [-71.59180975799995, 7.026969006000172], [-71.59137186499999, 7.025848286000155], [-71.59069932599994, 7.023450103000073], [-71.59062057699998, 7.023169295000116], [-71.59086818899993, 7.020988768000052], [-71.59092897799991, 7.019679881000059], [-71.5908656009999, 7.018620908000059], [-71.58999083099991, 7.017314166000119], [-71.58868070999995, 7.01669169600018], [-71.58715522299997, 7.016411826000081], [-71.58699647699996, 7.016382702000158], [-71.5856248209999, 7.016384195], [-71.58419065199996, 7.016634404000058], [-71.58300644799988, 7.017383892000055], [-71.58279365499993, 7.017552514000158], [-71.58151105799993, 7.018568878000053], [-71.58125546199994, 7.018897884000069], [-71.58020340799993, 7.020252099000118], [-71.57802307999992, 7.02256013900012], [-71.5767154109999, 7.024243347000152], [-71.57441014499994, 7.026115220000065], [-71.57129305399997, 7.02736405800016], [-71.56982821399998, 7.027821223000046], [-71.56848779499995, 7.028239557000063], [-71.56410442099991, 7.028636324000104], [-71.56166060799995, 7.027891755000041], [-71.56087821099993, 7.027250584], [-71.55825907399998, 7.027066778000062], [-71.55601421999995, 7.027255577000176], [-71.55358287599995, 7.028192773000058], [-71.55328234499996, 7.02832184], [-71.55308565099995, 7.028406313000175], [-71.54921964199997, 7.03006662100006], [-71.54523069999988, 7.032375211000101], [-71.54298692399993, 7.033686278000118], [-71.54030618999991, 7.034747987000117], [-71.53787398299994, 7.034874710000054], [-71.53425714999992, 7.034878259000095], [-71.53082542399994, 7.033261929000105], [-71.52882882799992, 7.032266973000048], [-71.52785452899997, 7.031611021000117], [-71.52750450499997, 7.031375366000077], [-71.52633266199996, 7.030586416000176], [-71.52458552799993, 7.029591197000116], [-71.5214036509999, 7.027725911000175], [-71.51984238799997, 7.025857934000044], [-71.5174704129999, 7.023243611000055], [-71.5160976709999, 7.022122550000063], [-71.51403865099991, 7.021439536000059], [-71.51298302299995, 7.021539173000065], [-71.5124294769999, 7.021591421000096], [-71.51204322299992, 7.021627878], [-71.51045371199996, 7.02218995700008], [-71.50886420199998, 7.022752035000053], [-71.50743304199995, 7.026367925000102], [-71.50685918699998, 7.027715970000145], [-71.5058147989999, 7.030169344000115], [-71.50438307299999, 7.032600699000113], [-71.50245153399999, 7.034658406000119], [-71.50039488599998, 7.036031273000106], [-71.49846167599998, 7.036281680000116], [-71.49727633099997, 7.035971922000044], [-71.49378220699998, 7.034043419000113], [-71.49190924699997, 7.031428532], [-71.49034669899993, 7.027379042000177], [-71.48972086999993, 7.025199316000112], [-71.48869228899991, 7.023194975000081], [-71.48834682499984, 7.022521788000063], [-71.48709794199988, 7.02065342800006], [-71.48672172799985, 7.018659976000095], [-71.48665837899995, 7.017351184000177], [-71.48597149099993, 7.016480339000168], [-71.48360126799992, 7.015609837000056], [-71.48023270199991, 7.014740179000057], [-71.47817521899998, 7.015116051000064], [-71.47574397399995, 7.016301512000041], [-71.47424854799988, 7.017798126000059], [-71.47237991799989, 7.020105430000172], [-71.47100901699997, 7.021726258000172], [-71.46964417499993, 7.023092560000066], [-71.46920214499994, 7.023535062000064], [-71.46851743199994, 7.025217472000179], [-71.46851783599993, 7.025702176000152], [-71.46851914699994, 7.027273428000115], [-71.4690823009999, 7.029018081000174], [-71.47095497399994, 7.031445464000171], [-71.47103019499997, 7.031568261000132], [-71.47232858799998, 7.033687885000177], [-71.47220566299995, 7.035495287000174], [-71.47189508799994, 7.036803260000113], [-71.47071174599989, 7.038860215000057], [-71.46940359299992, 7.040480979], [-71.46753344399991, 7.041791391000061], [-71.4659747049999, 7.042104630000154], [-71.46522642699989, 7.042229587000122], [-71.46260616699988, 7.041483518000121], [-71.46173264499998, 7.040985788000114], [-71.46085912299992, 7.040488058000165], [-71.45948640699987, 7.039305786000057], [-71.45886165599995, 7.038309401000106], [-71.45829898699992, 7.036440395], [-71.45829757699994, 7.034696397000118], [-71.45835867999989, 7.032640388000118], [-71.45848175899988, 7.030957328000113], [-71.45841775399998, 7.028777101000117], [-71.45773003899996, 7.026846026000101], [-71.4574794269999, 7.025413055000115], [-71.45760290999982, 7.023543480000058], [-71.45816277599994, 7.021985513], [-71.45940769699985, 7.019119275000037], [-71.4595932439999, 7.017062035000151], [-71.45934217399991, 7.015069580000045], [-71.45877979299985, 7.013511398000105], [-71.45778043499996, 7.011581709000041], [-71.45734321599991, 7.010895989000119], [-71.45646988299995, 7.010211755], [-71.45497286699998, 7.009776681000062], [-71.45241557899988, 7.009716556000171], [-71.45035819499998, 7.010216648000153], [-71.4494866039999, 7.011712687000056], [-71.44923888499994, 7.013893173000156], [-71.44980218199998, 7.016634753000176], [-71.4499289979999, 7.019625341000165], [-71.44999309199989, 7.021992071000057], [-71.44999596699995, 7.02560554300004], [-71.44931189099992, 7.027475548000155], [-71.44818905999995, 7.028183986000158], [-71.44719417399995, 7.02813904400017], [-71.4468857299999, 7.028125111000179], [-71.44546123599991, 7.027185852000173], [-71.44369819299999, 7.02660739900017], [-71.44126500699991, 7.025488064], [-71.43839566199989, 7.024306894000176], [-71.43689888999995, 7.024245882000116], [-71.43527787899995, 7.025180723000062], [-71.43493444599994, 7.026464806000035], [-71.4349090689999, 7.026559690000056], [-71.43491500699997, 7.026563726], [-71.43490435699994, 7.026577310000107], [-71.4344657289999, 7.02713680200003], [-71.43413236699996, 7.027715725000064], [-71.43391488399988, 7.028166156999987], [-71.43378098099998, 7.028777263000109], [-71.4336906239999, 7.029301120000014], [-71.43347759999995, 7.029698617000122], [-71.43330940499999, 7.030257120000101], [-71.43312750199993, 7.03076536500015], [-71.43288635899995, 7.031329356000185], [-71.43264558999994, 7.031932380000114], [-71.43223341099986, 7.032650482000065], [-71.4318573189999, 7.033382835000168], [-71.43147579399988, 7.034026674000074], [-71.43087444299994, 7.034771156000033], [-71.43015489599992, 7.035542778000092], [-71.42931643399999, 7.036308360000021], [-71.4282385379999, 7.037047183000141], [-71.42698361099997, 7.037659418000089], [-71.42654132699988, 7.037789046000114], [-71.42545232999993, 7.038362546000144], [-71.42503835099996, 7.038660688000107], [-71.42436141399992, 7.03892981700011], [-71.42206671999992, 7.038676630000055], [-71.42058599199999, 7.038154557999974], [-71.41913494699992, 7.037217725], [-71.41682624099997, 7.036160334000044], [-71.41470584899992, 7.035787749000178], [-71.41152477999998, 7.03535488000017], [-71.40946700899997, 7.035542841000165], [-71.40697271999994, 7.035980897000172], [-71.40373004399993, 7.03641944400016], [-71.40067472099992, 7.037044331000061], [-71.39725169099995, 7.036840982], [-71.39411871699997, 7.036400044000118], [-71.39174485599995, 7.035942755000065], [-71.38932287199998, 7.034559779], [-71.38844880299996, 7.033563458000117], [-71.38763763299994, 7.032691430000057], [-71.38613955799997, 7.030698604], [-71.38495285599998, 7.028207129], [-71.3841723949999, 7.026712282000062], [-71.38395185899998, 7.026019014999974], [-71.38320113899994, 7.02420110700001], [-71.38244447099993, 7.022545002000072], [-71.38195906099992, 7.02151707500019], [-71.38147365099991, 7.020846067000093], [-71.38071698199991, 7.019803863000163], [-71.38016186499988, 7.019185322000055], [-71.37968777699984, 7.018657069000142], [-71.37902210699991, 7.017992144000118], [-71.37855454299995, 7.017705136000188], [-71.37739974899989, 7.016996280000114], [-71.37565310999997, 7.016250281000111], [-71.37406448399997, 7.015789005000158], [-71.37253477899998, 7.015471226000045], [-71.36984560999997, 7.015351975000044], [-71.36949417699992, 7.015424943000085], [-71.36748299899995, 7.015842522000071], [-71.36739950599997, 7.01585985700018], [-71.36523916599992, 7.01656760200018], [-71.36206269599984, 7.017834327000116], [-71.35989058799998, 7.018865979], [-71.35909613499996, 7.019243308000057], [-71.35852592399993, 7.01930287800019], [-71.35861533099995, 7.019530005999968], [-71.35817275099993, 7.019544283000187], [-71.35776586299994, 7.019601390000048], [-71.35738752899988, 7.019544283000187], [-71.35707343999985, 7.019537144000026], [-71.35667369099997, 7.019579975000113], [-71.35618828099996, 7.019608528000106], [-71.35599554399994, 7.019567228000028], [-71.35578853099992, 7.019522868000081], [-71.35543875099995, 7.019387238000093], [-71.35508896999988, 7.019301578000068], [-71.35041278599994, 7.01918967000006], [-71.34597765099988, 7.018469982000056], [-71.3429764689999, 7.017765263000058], [-71.34043402199995, 7.017021835000037], [-71.33869848499995, 7.01679901000017], [-71.33656844699993, 7.016965951000032], [-71.33586640299995, 7.017020973000115], [-71.33399572399998, 7.01689768000017], [-71.33125206299997, 7.017459793], [-71.33012469199997, 7.01781896000017], [-71.32850855399982, 7.018333842000118], [-71.32747969799988, 7.018458717999977], [-71.32645084599994, 7.018583594], [-71.32489143299995, 7.018770920000065], [-71.32284860199997, 7.019337126000039], [-71.32102569499995, 7.019707681000057], [-71.31797070499994, 7.021018126], [-71.31460326199993, 7.021954592000043], [-71.31273273599999, 7.022142019], [-71.30917878499997, 7.023452668000175], [-71.30662217099984, 7.024948156000107], [-71.30636815399998, 7.025083050000092], [-71.30631428699996, 7.025111656000149], [-71.30605711599998, 7.025248225000155], [-71.30356725199994, 7.026570450000065], [-71.30132275799997, 7.027879278000171], [-71.30100148499992, 7.028045944000098], [-71.30048097799994, 7.02831596700014], [-71.29963919799991, 7.028752656000108], [-71.2995920109999, 7.028763410000124], [-71.29826759599996, 7.029065242000058], [-71.29658364099998, 7.029128216000117], [-71.29480778899995, 7.028653195000174], [-71.29245573899993, 7.02739174400017], [-71.29066551299996, 7.026376443000061], [-71.28919049799993, 7.02564129600006], [-71.28797574199996, 7.025019052000118], [-71.28785123099988, 7.024970456000176], [-71.28654097999993, 7.02445907800012], [-71.28491976299989, 7.024397632000046], [-71.28317359099992, 7.024460568000109], [-71.28124040699993, 7.02502203500012], [-71.2790760829999, 7.025783269000044], [-71.27893342599992, 7.025833445000103], [-71.27743702099991, 7.026644492000116], [-71.27587785999998, 7.027516601000059], [-71.27431909499995, 7.028015714000105], [-71.27251110899994, 7.029075546], [-71.27101476799993, 7.030073089000041], [-71.2697679239999, 7.03119597500006], [-71.26865321399993, 7.031745743000045], [-71.26735457299998, 7.032096663000118], [-71.2657051139999, 7.032202450000113], [-71.26447641599992, 7.032062786000097], [-71.26314223799994, 7.031222388], [-71.26240814399995, 7.030138722000061], [-71.26215875299994, 7.028909080000119], [-71.26170164599995, 7.027332510000065], [-71.26127945599984, 7.025370500000065], [-71.26089307199993, 7.023828938000065], [-71.26054121999994, 7.022356312000056], [-71.26004971599997, 7.021060062000117], [-71.25945255199991, 7.020044165000172], [-71.25867787699997, 7.019240373000116], [-71.25857487099995, 7.019133496000052], [-71.25748639999995, 7.018748487000096], [-71.25573171199983, 7.018679077], [-71.25404729899998, 7.018989406], [-71.25313323099994, 7.019218399000067], [-71.25294632199984, 7.019265223], [-71.25280014999998, 7.019301842000118], [-71.25130343099988, 7.019302397000047], [-71.25048819299985, 7.019073240000012], [-71.24930758999994, 7.018741381000041], [-71.24814479299994, 7.017744891000177], [-71.24693318099997, 7.01622849], [-71.24587665399991, 7.014942594000047], [-71.24530952099991, 7.014173964], [-71.24500287199993, 7.013758365], [-71.24495064099995, 7.013709110000093], [-71.24432969799994, 7.013123540000151], [-71.24430753899998, 7.013345890999972], [-71.24355037799995, 7.020943508000073], [-71.24354072499995, 7.021041250000167], [-71.24030090199983, 7.053847270000063], [-71.23804168599997, 7.076723797999989], [-71.23731818699997, 7.084049853000181], [-71.23587420299992, 7.098671439999976], [-71.23578511399995, 7.099573546000045], [-71.22678899999988, 7.190667], [-71.2275479999999, 7.191118], [-71.227979, 7.190702000000101], [-71.2284939999999, 7.189597000000163], [-71.228713, 7.188518], [-71.228685, 7.187969000000123], [-71.22854199999989, 7.187305], [-71.228231, 7.185773000000154], [-71.228043, 7.185225], [-71.2282019999999, 7.185063000000184], [-71.22849699999989, 7.184877], [-71.229263, 7.18361], [-71.229326, 7.182968], [-71.228944, 7.181230000000141], [-71.228974, 7.179465000000107], [-71.229954, 7.179113], [-71.2304079999999, 7.178788], [-71.231566, 7.17790500000018], [-71.23320599999988, 7.177203000000191], [-71.23382399999986, 7.177220000000148], [-71.234919, 7.176958000000127], [-71.236116, 7.17532000000017], [-71.236866, 7.174855], [-71.237301, 7.174897000000158], [-71.238924, 7.174928], [-71.239672, 7.174188000000129], [-71.23978199999988, 7.173705], [-71.238008, 7.17221], [-71.23798099999982, 7.171752], [-71.238322, 7.171496000000104], [-71.238956, 7.170826], [-71.239315, 7.17013500000013], [-71.239153, 7.169931000000133], [-71.238138, 7.168932], [-71.237925, 7.168109000000186], [-71.238286, 7.167579], [-71.239769, 7.167244], [-71.2401579999999, 7.167241000000161], [-71.242581, 7.167218], [-71.243013, 7.166917000000126], [-71.244287, 7.16624], [-71.245331, 7.165337], [-71.246008, 7.164391], [-71.24844799999988, 7.166133000000116], [-71.249463, 7.167178], [-71.250671, 7.166754], [-71.251215, 7.166291], [-71.251964, 7.165665000000104], [-71.252527, 7.16465200000016], [-71.252953, 7.1638], [-71.253096, 7.161897000000124], [-71.25322299999982, 7.16075], [-71.253471, 7.160359], [-71.254053, 7.159047], [-71.254433, 7.158127], [-71.255768, 7.15658000000019], [-71.256518, 7.156092000000115], [-71.25653099999988, 7.154969000000108], [-71.25585399999989, 7.153440000000103], [-71.2558, 7.152501], [-71.259017, 7.151876000000186], [-71.259018, 7.151967], [-71.261104, 7.15259], [-71.260658, 7.153831], [-71.262628, 7.154225], [-71.263449, 7.15398800000014], [-71.264356, 7.153201], [-71.265034, 7.152347], [-71.265923, 7.152041000000168], [-71.26757, 7.152117], [-71.268692, 7.152336], [-71.271256, 7.152679], [-71.27297499999986, 7.153121000000169], [-71.274127, 7.154118], [-71.274776, 7.155120000000181], [-71.27530699999988, 7.15566500000017], [-71.276321, 7.156481000000156], [-71.27751799999987, 7.157363000000146], [-71.278384, 7.157080000000178], [-71.278585, 7.156574], [-71.279398, 7.155467000000101], [-71.27992199999983, 7.155325], [-71.281089, 7.155383], [-71.28230099999985, 7.155417], [-71.28314399999988, 7.15518], [-71.28321199999982, 7.155134], [-71.2830929999999, 7.154539], [-71.282861, 7.154243], [-71.282462, 7.153033000000164], [-71.282159, 7.152486000000181], [-71.281715, 7.151436], [-71.281905, 7.149716000000126], [-71.28277, 7.149295000000109], [-71.283846, 7.149400000000128], [-71.28505899999988, 7.149595], [-71.285673, 7.149268], [-71.285945, 7.148991], [-71.287675, 7.148127000000102], [-71.287949, 7.148124], [-71.290284, 7.148424], [-71.292396, 7.149458], [-71.2933819999999, 7.149769000000106], [-71.2964, 7.147244], [-71.297812, 7.146612000000175], [-71.299521, 7.146000000000186], [-71.29952, 7.145954], [-71.302454, 7.146752], [-71.305269, 7.147115], [-71.305565, 7.146998000000167], [-71.307567, 7.145925], [-71.308162, 7.145965000000103], [-71.308514, 7.146924], [-71.308689, 7.148549], [-71.310654, 7.148508], [-71.312463, 7.148835], [-71.313929, 7.149165], [-71.314148, 7.150606], [-71.31427, 7.151361000000179], [-71.314233, 7.152369], [-71.314786, 7.152845], [-71.315357, 7.152748], [-71.316612, 7.152462000000185], [-71.31764, 7.152475], [-71.318306, 7.152789], [-71.319319, 7.153513], [-71.320612, 7.152355], [-71.321405, 7.151592000000107], [-71.322388, 7.151537000000189], [-71.3232569999999, 7.151643], [-71.323855, 7.152004], [-71.32450199999988, 7.152708], [-71.325105, 7.153688000000159], [-71.32575, 7.154186000000152], [-71.3258689999999, 7.154712000000188], [-71.32709, 7.155685], [-71.3281199999999, 7.155905000000132], [-71.329604, 7.155639000000122], [-71.330945, 7.15482400000019], [-71.332423, 7.153963], [-71.333703, 7.153951], [-71.33411699999988, 7.154245], [-71.33535499999982, 7.15464500000013], [-71.337047, 7.154675000000111], [-71.338717, 7.154728], [-71.339386, 7.155386], [-71.339878, 7.156688], [-71.340182, 7.157395000000122], [-71.34078299999987, 7.158191], [-71.34174599999989, 7.158434000000113], [-71.342708, 7.1587], [-71.34392, 7.158666], [-71.34539399999983, 7.159774000000141], [-71.346475, 7.160451], [-71.34814399999988, 7.160458], [-71.350294, 7.160576], [-71.35187, 7.16044600000015], [-71.352668, 7.16025500000012], [-71.353437, 7.159400000000119], [-71.354295, 7.158247], [-71.35466, 7.158083], [-71.354865, 7.158058], [-71.356879, 7.158314000000132], [-71.357001, 7.159138], [-71.357264, 7.160326000000168], [-71.35802299999989, 7.160846], [-71.359242, 7.161636], [-71.360091, 7.162041000000102], [-71.361054, 7.162307000000112], [-71.361832, 7.162368000000185], [-71.362584, 7.162086000000102], [-71.36317, 7.16121], [-71.364446, 7.160785], [-71.364906, 7.161124], [-71.364801, 7.162065000000155], [-71.366489, 7.164088], [-71.367528, 7.165201], [-71.36937, 7.166535000000181], [-71.370284, 7.166526000000147], [-71.371094, 7.167572000000177], [-71.370894, 7.16817], [-71.370035, 7.169163], [-71.3696819999999, 7.170587], [-71.369691, 7.171549], [-71.3704, 7.171542], [-71.372612, 7.170971], [-71.372754, 7.171451000000104], [-71.373195, 7.172203], [-71.373504, 7.17346], [-71.374107, 7.174348], [-71.375771, 7.173897000000181], [-71.376525, 7.173844], [-71.377672, 7.174199000000101], [-71.378362, 7.17472], [-71.380038, 7.17546], [-71.380404, 7.175433000000112], [-71.38209399999988, 7.175326], [-71.382986, 7.175363000000175], [-71.38396999999986, 7.175399000000141], [-71.385067, 7.175435], [-71.386271, 7.174576], [-71.38751799999989, 7.175961], [-71.388646, 7.176775], [-71.389772, 7.177383000000134], [-71.390538, 7.178567], [-71.390954, 7.179044], [-71.391174, 7.180462], [-71.391222, 7.180760000000134], [-71.390983, 7.182091000000128], [-71.391471, 7.182865], [-71.392496, 7.182512000000145], [-71.392537, 7.182053000000167], [-71.392576, 7.181274], [-71.392341, 7.180635000000109], [-71.391831, 7.179838], [-71.391734, 7.179312], [-71.391616, 7.178832000000114], [-71.39248, 7.178388000000155], [-71.393737, 7.178353000000129], [-71.39537599999989, 7.180079], [-71.395842, 7.180990000000179], [-71.39637999999985, 7.182314], [-71.396988, 7.183683], [-71.39754799999986, 7.184915], [-71.398357, 7.1858], [-71.399846, 7.18613], [-71.401719, 7.185997], [-71.40350099999989, 7.185843], [-71.403959, 7.185976], [-71.4051659999999, 7.18546], [-71.407399, 7.18466], [-71.409703, 7.184134], [-71.410896, 7.184672000000148], [-71.41266599999989, 7.185617], [-71.413559, 7.185838], [-71.416283, 7.186064], [-71.416806, 7.185784000000126], [-71.41894, 7.184251000000131], [-71.420803, 7.182950000000119], [-71.422242, 7.182845000000157], [-71.423862, 7.182508000000155], [-71.424834, 7.181399], [-71.427338, 7.180207], [-71.429225, 7.179204], [-71.430977, 7.178339], [-71.431998, 7.177436], [-71.432881, 7.176625000000115], [-71.433934, 7.176707], [-71.43479, 7.177798], [-71.436893, 7.180229], [-71.439065, 7.180208000000107], [-71.4399509999999, 7.179650000000152], [-71.44327, 7.179961000000105], [-71.444624, 7.180521], [-71.44652699999989, 7.181167], [-71.44664399999988, 7.181418], [-71.447099, 7.183613], [-71.446954, 7.185195], [-71.447338, 7.187070000000176], [-71.449376, 7.187393], [-71.450768, 7.187197], [-71.45235999999989, 7.186334], [-71.455249, 7.187222000000133], [-71.457191, 7.187134000000128], [-71.45844199999988, 7.18884], [-71.458652, 7.189274], [-71.45906999999988, 7.18998], [-71.459424, 7.191168000000118], [-71.460153, 7.193199000000106], [-71.46014299999985, 7.1946200000001], [-71.460839, 7.195621000000131], [-71.461691, 7.196300000000178], [-71.462473, 7.196819000000119], [-71.463209, 7.197133000000179], [-71.463247, 7.19869], [-71.462778, 7.199909], [-71.46269399999989, 7.200712], [-71.462755, 7.202292], [-71.463589, 7.203429000000142], [-71.464993, 7.204355], [-71.466398, 7.203150000000107], [-71.466324, 7.202555], [-71.465923, 7.20123], [-71.46568199999984, 7.199972], [-71.465999, 7.199671], [-71.467622, 7.199656], [-71.46806099999986, 7.200109], [-71.468569, 7.200631], [-71.469745, 7.201742], [-71.470865, 7.201686000000166], [-71.47201099999984, 7.201949], [-71.473078, 7.201206], [-71.474494, 7.201032], [-71.4752749999999, 7.201459], [-71.475675, 7.202647], [-71.476147, 7.204200000000128], [-71.475862, 7.20544], [-71.476245, 7.2072], [-71.477475, 7.206753000000163], [-71.47863699999988, 7.206352], [-71.479589, 7.205564], [-71.480171, 7.204275000000109], [-71.480123, 7.203955000000121], [-71.479973, 7.202674000000172], [-71.48142899999988, 7.201949], [-71.482636, 7.201502], [-71.483344, 7.201358], [-71.484282, 7.201509], [-71.484701, 7.202284], [-71.48542, 7.203353], [-71.485731, 7.204702000000111], [-71.486116, 7.20676], [-71.486677, 7.207923000000164], [-71.48736, 7.207618000000139], [-71.488063, 7.207084], [-71.488743, 7.206482000000108], [-71.49042, 7.204954], [-71.491737, 7.204047000000116], [-71.49221199999988, 7.203447], [-71.49375399999985, 7.202149], [-71.494927, 7.200557000000174], [-71.49587799999989, 7.199586000000124], [-71.496427, 7.199626], [-71.4971379999999, 7.199894], [-71.497574, 7.200050000000147], [-71.499195, 7.199897], [-71.50081, 7.19901], [-71.50116899999989, 7.19832], [-71.501432, 7.197103], [-71.5018419999999, 7.195023], [-71.501889, 7.194785], [-71.501989, 7.193272], [-71.502184, 7.192124], [-71.502723, 7.191829], [-71.50362, 7.191552000000115], [-71.504173, 7.191023], [-71.505577, 7.190126], [-71.506475, 7.189505], [-71.507671, 7.189366], [-71.508822, 7.19019], [-71.509674, 7.190831000000117], [-71.51020299999988, 7.191587000000141], [-71.510249, 7.192894], [-71.509443, 7.19431800000018], [-71.508867, 7.195122], [-71.508269, 7.19627], [-71.508407, 7.197348], [-71.509396, 7.198355], [-71.51121399999988, 7.198742], [-71.51215899999988, 7.198328000000117], [-71.51312599999989, 7.197569], [-71.513863, 7.195985], [-71.513771, 7.194287], [-71.513633, 7.193278], [-71.514139, 7.192222000000129], [-71.514508, 7.191763000000151], [-71.515313, 7.191555000000164], [-71.51605, 7.191623000000106], [-71.5170849999999, 7.192355], [-71.517799, 7.193179], [-71.518558, 7.194509000000153], [-71.518604, 7.19577], [-71.51915599999984, 7.196412], [-71.52037599999989, 7.196524], [-71.521688, 7.196384], [-71.522171, 7.195581], [-71.522218, 7.193539], [-71.522563, 7.19168000000019], [-71.52228699999989, 7.190671], [-71.52240199999983, 7.189408000000128], [-71.522702, 7.188789], [-71.522748, 7.188031], [-71.523461, 7.187755000000152], [-71.524129, 7.187868], [-71.525049, 7.188509], [-71.525901, 7.189678000000129], [-71.526269, 7.190503000000149], [-71.527143, 7.191189], [-71.528478, 7.191853000000151], [-71.52956, 7.19159800000017], [-71.529859, 7.190382000000113], [-71.529675, 7.189327], [-71.528916, 7.187814], [-71.528295, 7.186714], [-71.52815699999985, 7.185223000000121], [-71.5284099999999, 7.183824000000186], [-71.528755, 7.182791000000122], [-71.529883, 7.182399], [-71.530758, 7.182581], [-71.532254, 7.18351900000016], [-71.532967, 7.18393], [-71.53370299999989, 7.184801000000164], [-71.533726, 7.186315], [-71.533634, 7.188035], [-71.53365699999989, 7.189664], [-71.53370299999989, 7.19182], [-71.534324, 7.193265], [-71.535106, 7.193723000000148], [-71.536211, 7.193078], [-71.538422, 7.191835], [-71.539688, 7.191167], [-71.54106799999988, 7.190385000000163], [-71.542726, 7.190336], [-71.544037, 7.191252000000134], [-71.54405999999983, 7.192192], [-71.543301, 7.195015], [-71.543784, 7.196758], [-71.543646, 7.197837000000163], [-71.544934, 7.198247], [-71.54673, 7.19822100000016], [-71.547466, 7.196935000000167], [-71.547489, 7.195627000000115], [-71.54801899999984, 7.193653], [-71.548088, 7.192185], [-71.548871, 7.190555000000188], [-71.549791, 7.189773000000173], [-71.550735, 7.189519], [-71.552461, 7.189975000000175], [-71.552783, 7.191351000000168], [-71.552921, 7.192796000000158], [-71.55322, 7.19424], [-71.55460099999988, 7.19527], [-71.55513, 7.196485], [-71.555245, 7.197632000000112], [-71.555798, 7.198916000000111], [-71.557547, 7.199784], [-71.558582, 7.199851], [-71.560216, 7.199504000000104], [-71.56180599999988, 7.19895], [-71.562496, 7.198077000000126], [-71.56314, 7.197296000000165], [-71.56459, 7.196078000000114], [-71.566109, 7.196579], [-71.566478, 7.19751900000017], [-71.566708, 7.198368], [-71.565902, 7.199218], [-71.56436, 7.200208], [-71.563785, 7.201425], [-71.563209, 7.202619], [-71.563232, 7.203467], [-71.56413, 7.203695], [-71.565488, 7.204427], [-71.566592, 7.204539000000125], [-71.567168, 7.202978], [-71.56797299999988, 7.201394000000164], [-71.56801999999988, 7.201348], [-71.56801999999988, 7.200223], [-71.568204, 7.199030000000107], [-71.56871, 7.197859], [-71.569861, 7.197031], [-71.571794, 7.19611], [-71.573658, 7.196497000000136], [-71.574947, 7.197733], [-71.575568, 7.199039000000141], [-71.576443, 7.199542], [-71.577663, 7.19915], [-71.578744, 7.197061], [-71.57932, 7.195064], [-71.579895, 7.1929990000001], [-71.580287, 7.191690000000165], [-71.580793, 7.19045100000011], [-71.58139099999988, 7.189303000000166], [-71.581483, 7.18808700000011], [-71.581, 7.187468], [-71.579895, 7.186369], [-71.578561, 7.184812], [-71.577571, 7.183850000000177], [-71.57729499999982, 7.183117], [-71.577962, 7.182405000000188], [-71.57938899999988, 7.181805000000111], [-71.5811379999999, 7.182032], [-71.582588, 7.182167], [-71.5842679999999, 7.182026], [-71.58649999999983, 7.180393000000151], [-71.587398, 7.179428], [-71.587789, 7.177890000000161], [-71.588227, 7.177339], [-71.589493, 7.176304], [-71.590644, 7.176142000000141], [-71.592002, 7.176644000000124], [-71.5935889999999, 7.17703100000017], [-71.594855, 7.177854], [-71.596075, 7.178907], [-71.596581, 7.180512], [-71.596903, 7.183034], [-71.5967189999999, 7.184182000000135], [-71.596167, 7.185765000000174], [-71.595293, 7.187098000000162], [-71.59513199999986, 7.188405000000103], [-71.59619, 7.189091], [-71.597663, 7.188928], [-71.599251, 7.187709], [-71.59991799999989, 7.186447000000101], [-71.59991799999989, 7.184864], [-71.599412, 7.183649], [-71.59899799999988, 7.1814940000001], [-71.598629, 7.180095000000165], [-71.598054, 7.178261000000134], [-71.598698, 7.177228000000127], [-71.60000999999988, 7.177317000000187], [-71.601253, 7.177521000000183], [-71.602289, 7.178115000000105], [-71.602979, 7.178619], [-71.603393, 7.179994], [-71.603416, 7.181760000000111], [-71.603716, 7.183297], [-71.603946, 7.184374], [-71.605142, 7.184556000000157], [-71.606823, 7.185034], [-71.6080879999999, 7.184802000000104], [-71.609262, 7.184158], [-71.610643, 7.183123], [-71.611356, 7.182089000000133], [-71.61158599999987, 7.180988000000184], [-71.611655, 7.179979000000174], [-71.610665, 7.179086], [-71.609423, 7.178996], [-71.60818, 7.178701000000103], [-71.60712099999989, 7.177762], [-71.606546, 7.176249], [-71.606362, 7.175263], [-71.606937, 7.173771], [-71.607581, 7.173082], [-71.608525, 7.172989], [-71.608847, 7.173194], [-71.610665, 7.173673000000122], [-71.61131, 7.174658], [-71.611931, 7.175551], [-71.613773, 7.176442], [-71.615177, 7.176921000000107], [-71.61711, 7.176550000000134], [-71.617846, 7.176251], [-71.619526, 7.174848000000168], [-71.622011, 7.172756000000106], [-71.623438, 7.17259300000012], [-71.624313, 7.17282100000017], [-71.625533, 7.174699], [-71.627236, 7.177632000000131], [-71.629514, 7.179669000000104], [-71.630481, 7.180928000000165], [-71.632483, 7.183012000000133], [-71.633519, 7.183675000000108], [-71.634462, 7.184132], [-71.63618799999983, 7.184060000000159], [-71.637754, 7.183988], [-71.638099, 7.182817000000171], [-71.637823, 7.180708], [-71.638007, 7.178391], [-71.63835199999983, 7.177449], [-71.639088, 7.176186], [-71.640699, 7.175908000000106], [-71.64260899999988, 7.175056000000154], [-71.643414, 7.175398], [-71.64431199999984, 7.176016000000175], [-71.64472599999988, 7.17668], [-71.646176, 7.17787], [-71.647097, 7.178785000000119], [-71.648363, 7.179838], [-71.64969699999989, 7.180248], [-71.651101, 7.181461], [-71.653035, 7.182329], [-71.653679, 7.182855], [-71.654645, 7.18267], [-71.654691, 7.18255500000015], [-71.655221, 7.181315], [-71.65545, 7.179594000000122], [-71.656739, 7.17869700000017], [-71.657797, 7.178626000000122], [-71.65901699999989, 7.178486], [-71.660237, 7.179470000000151], [-71.660375, 7.181190000000186], [-71.660606, 7.182474000000184], [-71.660905, 7.184423000000152], [-71.662333, 7.185292000000118], [-71.66410499999989, 7.185334], [-71.665877, 7.184918], [-71.667373, 7.184548], [-71.668109, 7.184661000000119], [-71.66903, 7.184682000000123], [-71.670134, 7.183601000000181], [-71.670249, 7.182271], [-71.66988, 7.18062], [-71.670363, 7.179908000000182], [-71.67146799999989, 7.180089], [-71.67248099999989, 7.180707], [-71.673332, 7.181783], [-71.673839, 7.182860000000176], [-71.675036, 7.183683], [-71.676577, 7.183680000000152], [-71.67701499999987, 7.183404], [-71.67664599999989, 7.181639], [-71.676116, 7.179185000000189], [-71.67685199999988, 7.178381000000115], [-71.67876199999989, 7.178377000000125], [-71.681547, 7.177821000000165], [-71.683112, 7.178483], [-71.684355, 7.179742], [-71.684953, 7.181002], [-71.685828, 7.18184900000017], [-71.68720999999988, 7.182396000000153], [-71.688613, 7.18166], [-71.689442, 7.18101600000017], [-71.690776, 7.180944], [-71.69142099999988, 7.180943000000184], [-71.691858, 7.18110200000018], [-71.692917, 7.181834], [-71.6941819999999, 7.182313], [-71.69537899999989, 7.181989], [-71.695931, 7.182539], [-71.697082, 7.182536], [-71.69763399999988, 7.181985], [-71.698968, 7.180262000000141], [-71.70083199999988, 7.179249], [-71.702489, 7.178441], [-71.703547, 7.178875000000119], [-71.70548, 7.17995], [-71.70653899999985, 7.179925000000139], [-71.70769, 7.179852000000153], [-71.70900099999989, 7.180378000000132], [-71.710727, 7.181062], [-71.7118789999999, 7.181702], [-71.714572, 7.182041], [-71.716228, 7.18185300000016], [-71.717678, 7.181001], [-71.721359, 7.179479000000185], [-71.72345299999989, 7.177708], [-71.72453399999989, 7.17727], [-71.725984, 7.177153], [-71.726766, 7.177243], [-71.728055, 7.177171], [-71.729044, 7.17583900000011], [-71.729457, 7.174347000000125], [-71.73111399999988, 7.17276100000015], [-71.73290899999989, 7.172665], [-71.734588, 7.173074], [-71.735003, 7.174679], [-71.73574, 7.1756180000001], [-71.73707599999989, 7.176968000000102], [-71.737812, 7.177494], [-71.739124, 7.177995000000124], [-71.74032099999988, 7.178108], [-71.741126, 7.178129], [-71.742737, 7.17746000000011], [-71.746073, 7.175732000000153], [-71.747752, 7.175408000000175], [-71.749709, 7.177307], [-71.749893, 7.179096000000129], [-71.74964099999988, 7.180495], [-71.749113, 7.182973000000118], [-71.748584, 7.185727], [-71.748861, 7.18751500000019], [-71.748838, 7.188318], [-71.748977, 7.189855], [-71.749369, 7.193180000000154], [-71.749577, 7.194349], [-71.749969, 7.19616], [-71.750775, 7.198039], [-71.75234, 7.198930000000189], [-71.754135, 7.199110000000189], [-71.754549, 7.199223], [-71.75616, 7.198509000000172], [-71.757447, 7.195295000000158], [-71.758297, 7.192357], [-71.75967799999984, 7.189119], [-71.760828, 7.187626000000137], [-71.762554, 7.187714000000142], [-71.764326, 7.188902], [-71.765592, 7.190161000000103], [-71.76713399999988, 7.191052000000127], [-71.767594, 7.191395], [-71.76863, 7.19231], [-71.769252, 7.192377000000135], [-71.770195, 7.192811000000177], [-71.770977, 7.191938], [-71.771368, 7.190125000000137], [-71.771551, 7.187877000000128], [-71.77134299999989, 7.186066], [-71.770836, 7.184691000000157], [-71.770721, 7.183567], [-71.771618, 7.1823270000001], [-71.773942, 7.182872], [-71.775116, 7.183259000000135], [-71.776772, 7.183576], [-71.77817599999986, 7.184123], [-71.779327, 7.184304000000111], [-71.780432, 7.184669], [-71.781606, 7.186478], [-71.78213599999987, 7.188266000000169], [-71.782689, 7.190695], [-71.78384199999988, 7.193009], [-71.78589, 7.194495], [-71.788169, 7.195912], [-71.790171, 7.196435000000179], [-71.790746, 7.195378000000119], [-71.792241, 7.193999], [-71.79433499999988, 7.19326000000018], [-71.795692, 7.193303000000185], [-71.796912, 7.194263], [-71.797442, 7.194491], [-71.799811, 7.192720000000122], [-71.800224, 7.191159], [-71.801512, 7.189505], [-71.802892, 7.188607000000161], [-71.804388, 7.188512000000117], [-71.805148, 7.189382000000137], [-71.804596, 7.191264], [-71.80328599999984, 7.193033], [-71.802804, 7.196245], [-71.803633, 7.196656000000132], [-71.804392, 7.197273], [-71.807522, 7.197128000000134], [-71.809087, 7.1974], [-71.810606, 7.197809000000177], [-71.81228599999986, 7.197897000000182], [-71.81398899999988, 7.197411000000102], [-71.81628899999987, 7.196924000000138], [-71.816819, 7.197771], [-71.81824699999987, 7.199717000000135], [-71.818777, 7.201849000000152], [-71.819239, 7.204624], [-71.819331, 7.205587000000151], [-71.820137, 7.206525000000113], [-71.82184, 7.207094000000154], [-71.823843, 7.207617], [-71.82510799999983, 7.208027], [-71.829757, 7.208887000000175], [-71.8352809999999, 7.209745000000112], [-71.840804, 7.210924000000148], [-71.843243, 7.210781], [-71.846303, 7.21059], [-71.84706299999988, 7.210472], [-71.84793699999989, 7.210653], [-71.848514, 7.212786], [-71.84881399999989, 7.215308000000107], [-71.849069, 7.218243000000143], [-71.84937, 7.220168], [-71.850015, 7.221887], [-71.8505219999999, 7.222986], [-71.850546, 7.224775], [-71.850248, 7.226198], [-71.850271, 7.226404], [-71.850547, 7.226954], [-71.85160599999989, 7.227708], [-71.853079, 7.227337000000148], [-71.854207, 7.226463], [-71.854828, 7.226576], [-71.85522, 7.227011000000175], [-71.85584199999983, 7.228569000000107], [-71.856418, 7.229393], [-71.858534, 7.229021], [-71.859869, 7.228536], [-71.860789, 7.228900000000124], [-71.861687, 7.229678], [-71.863644, 7.230705], [-71.865601, 7.232535000000155], [-71.866913, 7.233219], [-71.86788, 7.234134], [-71.87022799999988, 7.234312000000102], [-71.872528, 7.23403100000013], [-71.873955, 7.234348], [-71.875682, 7.235078], [-71.876533, 7.235488], [-71.877984, 7.236012], [-71.87902, 7.235665000000154], [-71.880952, 7.234697000000153], [-71.8835519999999, 7.233888], [-71.885438, 7.233952000000158], [-71.889235, 7.233208], [-71.891582, 7.233111], [-71.893055, 7.23368], [-71.89404499999989, 7.234389], [-71.895633, 7.235004000000174], [-71.8989, 7.234078000000125], [-71.89933699999989, 7.23403100000013], [-71.900096, 7.233479000000102], [-71.902281, 7.232464000000164], [-71.903915, 7.231726], [-71.907227, 7.229928], [-71.908608, 7.229489], [-71.910977, 7.229047], [-71.913347, 7.228926000000172], [-71.914889, 7.228601], [-71.91615399999984, 7.228208], [-71.919098, 7.22625], [-71.92126, 7.225992], [-71.921928, 7.225968], [-71.923584, 7.225986], [-71.925494, 7.225683], [-71.92768, 7.2257], [-71.929177, 7.226407000000108], [-71.931639, 7.22651500000012], [-71.934171, 7.226967], [-71.93654, 7.226663000000144], [-71.93769099999986, 7.22666], [-71.940176, 7.227226], [-71.94158, 7.227291], [-71.9432359999999, 7.22692], [-71.945467, 7.225836], [-71.94673299999988, 7.226291], [-71.948989, 7.227592], [-71.949012, 7.227592], [-71.949495, 7.227820000000122], [-71.952234, 7.228914], [-71.953295, 7.229805], [-71.95451499999984, 7.230971], [-71.95796699999983, 7.232154], [-71.959418, 7.232701], [-71.961718, 7.232672], [-71.965238, 7.232272], [-71.96717199999983, 7.232817], [-71.969013, 7.23389], [-71.972166, 7.234363], [-71.97363899999988, 7.235253000000171], [-71.974814, 7.236488], [-71.97637899999984, 7.237011000000109], [-71.97771399999988, 7.236893000000123], [-71.9795079999999, 7.236016], [-71.982177, 7.235413], [-71.984247, 7.23517800000019], [-71.985352, 7.235312], [-71.986986, 7.236156000000108], [-71.98809199999988, 7.236933], [-71.990347, 7.23727], [-71.992141, 7.23722], [-71.995062, 7.235744000000125], [-71.996925, 7.235303], [-71.997869, 7.235484], [-71.999479, 7.234952000000135], [-72.001135, 7.23481], [-72.002332, 7.234279], [-72.007127, 7.231267], [-72.009869, 7.231635], [-72.012331, 7.234356], [-72.014793, 7.237077], [-72.018108, 7.237451000000135], [-72.021785, 7.237045], [-72.02509, 7.237868000000162], [-72.028714, 7.239929000000132], [-72.031783, 7.241086000000166], [-72.03622, 7.242596], [-72.03993899999989, 7.245443], [-72.044959, 7.24651], [-72.049522, 7.247460000000103], [-72.055657, 7.249999], [-72.05944, 7.24993], [-72.0632609999999, 7.248179000000107], [-72.066169, 7.251466000000107], [-72.067309, 7.256976], [-72.067452, 7.260905]]]}}]}