{"type": "FeatureCollection", "features": [{"type": "Feature", "properties": {"Pais": "Venezuela", "Estado": "Gu\u00e1rico", "Municipio": "Santa Mar\u00eda de Ipire", "Parroquia": "Santa Mar\u00eda de Ipire"}, "geometry": {"type": "Polygon", "coordinates": [[[-65.33008699999988, 9.08656], [-65.329992, 9.087248000000159], [-65.330403, 9.088808], [-65.416903, 9.052728000000172], [-65.442193, 9.054734], [-65.44658599999985, 9.051638], [-65.45593, 9.049811], [-65.46719999999988, 9.043629000000124], [-65.471502, 9.046766000000162], [-65.494592, 9.039393000000132], [-65.50012, 9.043783], [-65.506331, 9.043811], [-65.513244, 9.038233], [-65.51396299999982, 9.031379000000129], [-65.52143499999988, 9.030167], [-65.531535, 9.018993], [-65.531107, 9.008534000000168], [-65.54354199999989, 8.996235], [-65.547814, 8.980586000000187], [-65.546601, 8.973014], [-65.537278, 8.960671000000161], [-65.52001899999988, 8.903129], [-65.5204389999999, 8.898072], [-65.518649, 8.892054], [-65.51871199999982, 8.890634], [-65.51946899999984, 8.889336000000185], [-65.520064, 8.887968000000171], [-65.520269, 8.886343000000181], [-65.52055399999989, 8.885774], [-65.5203489999999, 8.883479], [-65.520328, 8.881393], [-65.519418, 8.879962000000148], [-65.518652, 8.878165000000138], [-65.51805, 8.876210000000185], [-65.517825, 8.875611], [-65.517506, 8.875195], [-65.516756, 8.874017], [-65.51671999999985, 8.873077000000137], [-65.516533, 8.871242], [-65.516409, 8.869934000000171], [-65.51575999999989, 8.868070000000102], [-65.515327, 8.865521], [-65.515202, 8.864396], [-65.514082, 8.863054], [-65.512348, 8.860902000000124], [-65.510883, 8.859441], [-65.50976899999989, 8.857616], [-65.508814, 8.856115], [-65.508276, 8.854642000000183], [-65.508406, 8.853451], [-65.507844, 8.85207], [-65.507818, 8.850350000000162], [-65.508087, 8.84913900000015], [-65.508819, 8.847979], [-65.509926, 8.846479000000159], [-65.510758, 8.844724], [-65.510884, 8.843832], [-65.512257, 8.841372], [-65.513187, 8.839183], [-65.51408, 8.838093000000129], [-65.515095, 8.836501], [-65.51571699999988, 8.834835], [-65.515727, 8.834033], [-65.515791, 8.832544], [-65.51580699999988, 8.831169000000102], [-65.51569099999989, 8.829243], [-65.516014, 8.827482], [-65.516544, 8.825769], [-65.517123, 8.823850000000107], [-65.517273, 8.82289], [-65.517777, 8.821429000000137], [-65.51847, 8.81964900000014], [-65.51901399999986, 8.818669], [-65.519328, 8.817641], [-65.519965, 8.816686000000118], [-65.520576, 8.815891], [-65.52130299999988, 8.815189], [-65.521823, 8.814279], [-65.52188199999983, 8.81320200000016], [-65.521834, 8.811414000000184], [-65.5221059999999, 8.809973000000127], [-65.522918, 8.807943], [-65.523939, 8.805915], [-65.524962, 8.803704000000153], [-65.525833, 8.800574000000154], [-65.526357, 8.799320000000137], [-65.526278, 8.798196], [-65.52638599999989, 8.796891], [-65.526708, 8.795198000000141], [-65.527281, 8.793761], [-65.526727, 8.791692000000126], [-65.526756, 8.789217000000178], [-65.526704, 8.787773], [-65.526745, 8.786283], [-65.526906, 8.784406], [-65.526995, 8.782780000000116], [-65.526825, 8.781540000000177], [-65.527233, 8.780306], [-65.527784, 8.778777], [-65.52805499999988, 8.777451], [-65.527315, 8.775448], [-65.527282, 8.77533000000011], [-65.52024, 8.778258], [-65.51714, 8.779060000000186], [-65.51177399999989, 8.77919900000012], [-65.50930099999982, 8.781634000000167], [-65.505526, 8.784226], [-65.5003119999999, 8.785018], [-65.499003, 8.785664000000168], [-65.496263, 8.78402], [-65.495954, 8.782877000000155], [-65.494496, 8.782544000000144], [-65.494543, 8.77928100000014], [-65.494421, 8.778689], [-65.494225, 8.778791000000126], [-65.49378, 8.7758520000001], [-65.4928, 8.77617400000014], [-65.49006999999989, 8.773878], [-65.486499, 8.773535], [-65.48453499999988, 8.77450400000015], [-65.481251, 8.776773000000105], [-65.475711, 8.777726], [-65.46787199999989, 8.780299000000184], [-65.46542, 8.781266], [-65.460598, 8.777492000000109], [-65.45895899999988, 8.778463000000158], [-65.45636699999983, 8.777799], [-65.453225, 8.781536], [-65.4502619999999, 8.784132], [-65.447824, 8.784121], [-65.445207, 8.78525000000019], [-65.4432609999999, 8.784915000000183], [-65.44054299999988, 8.781803], [-65.436942, 8.78358], [-65.433836, 8.784708000000137], [-65.4291439999999, 8.783218], [-65.425234, 8.783852], [-65.424654, 8.778956000000107], [-65.42271099999982, 8.778457000000174], [-65.42014399999988, 8.776162], [-65.41755999999987, 8.775008], [-65.41352399999988, 8.773031000000117], [-65.411462, 8.769433000000163], [-65.4093539999999, 8.769097], [-65.405208, 8.763531000000114], [-65.403797, 8.759936], [-65.400827, 8.751765], [-65.39926, 8.747680000000116], [-65.396509, 8.746851], [-65.394129, 8.742762000000141], [-65.39318699999984, 8.740474000000177], [-65.391418, 8.739161], [-65.39132099999989, 8.734593000000132], [-65.39102899999989, 8.732308000000103], [-65.389286, 8.729200000000162], [-65.388871, 8.724141], [-65.38581999999985, 8.721517], [-65.385036, 8.719556000000125], [-65.38423299999988, 8.7189], [-65.385589, 8.714991], [-65.385467, 8.712217], [-65.385382, 8.706833], [-65.384769, 8.70422], [-65.38465799999989, 8.7006310000001], [-65.38422, 8.697203000000172], [-65.383111, 8.695241], [-65.382679, 8.691324000000122], [-65.381593, 8.687730000000101], [-65.379342, 8.686088000000154], [-65.3784179999999, 8.682495], [-65.376839, 8.679225], [-65.3757389999999, 8.67661], [-65.371251, 8.672185000000184], [-65.37045499999988, 8.671038000000124], [-65.365111, 8.669709000000125], [-65.36300299999988, 8.669372000000124], [-65.36254799999989, 8.667087], [-65.362564, 8.665945], [-65.364648, 8.660983], [-65.364767, 8.661306000000138], [-65.365024, 8.660895], [-65.365304, 8.660576000000106], [-65.366164, 8.659733000000188], [-65.36658099999988, 8.659529], [-65.367179, 8.659739000000116], [-65.367548, 8.659810000000164], [-65.36823999999984, 8.65988300000015], [-65.36870499999986, 8.659428000000162], [-65.368779, 8.658741], [-65.368622, 8.65825800000016], [-65.368488, 8.657593], [-65.368703, 8.6567], [-65.368914, 8.656289000000129], [-65.369637, 8.655354], [-65.36964, 8.65496400000012], [-65.369874, 8.654507000000137], [-65.370642, 8.653710000000103], [-65.371178, 8.653048], [-65.371645, 8.652226], [-65.372236, 8.65048800000011], [-65.372822, 8.649345], [-65.373125, 8.648866], [-65.374264, 8.647887], [-65.375102, 8.646953], [-65.375798, 8.646430000000123], [-65.376611, 8.645747], [-65.377286, 8.645064], [-65.377543, 8.644607], [-65.378058, 8.643693000000155], [-65.378339, 8.643145], [-65.378412, 8.642595], [-65.378211, 8.641815000000179], [-65.377804, 8.640712], [-65.377577, 8.640206], [-65.37756699999983, 8.63851000000011], [-65.377595, 8.63796], [-65.377645, 8.6374560000001], [-65.377857, 8.63688500000012], [-65.378398, 8.635513000000117], [-65.37852, 8.634666], [-65.378617, 8.634093], [-65.378668, 8.633406], [-65.378675, 8.632534], [-65.37870099999986, 8.632191], [-65.37896, 8.631459], [-65.379359, 8.630659], [-65.379641, 8.630019000000118], [-65.37978299999986, 8.629516], [-65.379787, 8.628966], [-65.379789, 8.628736000000174], [-65.37986599999988, 8.62782], [-65.379871, 8.627178], [-65.379808, 8.626261], [-65.378294, 8.625152000000128], [-65.378351, 8.623731000000134], [-65.378519, 8.622999000000107], [-65.378476, 8.622517], [-65.378715, 8.62151], [-65.379093, 8.620298000000105], [-65.37919099999988, 8.619611000000134], [-65.379173, 8.618923], [-65.37806399999982, 8.616235], [-65.377191, 8.615748], [-65.37682499999988, 8.615288], [-65.376381, 8.613108000000125], [-65.376208, 8.611617], [-65.375963, 8.610423], [-65.375861, 8.608750000000157], [-65.37678299999988, 8.605890000000102], [-65.377857, 8.604316], [-65.378973, 8.603245000000129], [-65.380342, 8.602153000000158], [-65.381802, 8.601337000000171], [-65.38511299999988, 8.599913000000129], [-65.386086, 8.599415000000135], [-65.387849, 8.598326], [-65.389869, 8.596665000000144], [-65.39056799999986, 8.595821000000115], [-65.39164, 8.59445200000016], [-65.393171, 8.593315], [-65.394082, 8.591922], [-65.394552, 8.590802000000167], [-65.394717, 8.590322], [-65.396869, 8.58953300000013], [-65.39757, 8.588391000000115], [-65.39882199999988, 8.587574], [-65.401202, 8.587129000000175], [-65.401577, 8.586353], [-65.401794, 8.585208], [-65.402054, 8.584362], [-65.403411, 8.584943000000123], [-65.40447199999983, 8.584949000000108], [-65.4051889999999, 8.584747000000107], [-65.405636, 8.583581], [-65.406086, 8.58216300000015], [-65.40647199999984, 8.579942], [-65.40718, 8.577906], [-65.407582, 8.576625], [-65.40818699999988, 8.575987], [-65.408998, 8.57548800000012], [-65.410412, 8.574603], [-65.411621, 8.573418000000117], [-65.41264199999989, 8.572806], [-65.41430899999989, 8.572082], [-65.416322, 8.571361], [-65.41800699999988, 8.571142], [-65.419992, 8.571016000000157], [-65.42243599999989, 8.571306000000163], [-65.424534, 8.571502], [-65.426604, 8.572317000000112], [-65.427989, 8.572142], [-65.429191, 8.571874], [-65.43085, 8.572090000000173], [-65.43214199999989, 8.572143], [-65.43267299999985, 8.572124000000144], [-65.434268, 8.571652], [-65.43533499999984, 8.571017], [-65.43684, 8.570269000000167], [-65.438434, 8.570050000000151], [-65.439863, 8.570219], [-65.441379, 8.571121000000119], [-65.44338299999987, 8.571546000000126], [-65.4453, 8.571168000000114], [-65.446368, 8.570349], [-65.44746099999986, 8.569210000000112], [-65.448692, 8.568117], [-65.44955, 8.567549000000156], [-65.449602, 8.566747], [-65.4496309999999, 8.565922000000171], [-65.44978, 8.564548000000173], [-65.450179, 8.563656], [-65.45071499999989, 8.563040000000115], [-65.450699, 8.562100000000157], [-65.450429, 8.561228], [-65.450156, 8.56063], [-65.449495, 8.559664], [-65.449362, 8.558953], [-65.44962499999986, 8.557648], [-65.450653, 8.555981], [-65.45112099999989, 8.55509000000012], [-65.450808, 8.553873000000124], [-65.45001, 8.552562], [-65.449512, 8.551322], [-65.449843, 8.550338], [-65.450359, 8.549195000000168], [-65.450703, 8.546516000000167], [-65.450643, 8.545209], [-65.450473, 8.543306000000143], [-65.450026, 8.541493], [-65.449304, 8.539311000000168], [-65.448991, 8.538095000000112], [-65.447319, 8.533501000000115], [-65.445522, 8.530213], [-65.444858, 8.529522], [-65.444149, 8.528807], [-65.443098, 8.527380000000107], [-65.442993, 8.52605], [-65.44298, 8.524766], [-65.443223, 8.523118], [-65.443928, 8.52151700000013], [-65.444563, 8.519916], [-65.445075, 8.519369], [-65.446027, 8.518435], [-65.44596299999989, 8.517885], [-65.445554, 8.517057], [-65.445051, 8.516413], [-65.443562, 8.515143000000137], [-65.441847, 8.513162], [-65.441447, 8.511189], [-65.441455, 8.51018], [-65.441516, 8.508164], [-65.441225, 8.506879], [-65.441311, 8.504748000000177], [-65.44127, 8.504106], [-65.441092, 8.50328], [-65.44045299999982, 8.502313000000129], [-65.439538, 8.501322], [-65.43804299999988, 8.500786000000119], [-65.43675699999989, 8.50011400000011], [-65.435681, 8.498984], [-65.435532, 8.497425], [-65.435496, 8.496095], [-65.435254, 8.494604], [-65.435126, 8.493182000000104], [-65.434996, 8.49215], [-65.434266, 8.491069], [-65.433741, 8.490378000000135], [-65.433401, 8.486572000000137], [-65.434132, 8.484513000000163], [-65.43588499999987, 8.48159], [-65.436729, 8.479761], [-65.43738599999989, 8.478344], [-65.437995, 8.477202], [-65.43879, 8.475809], [-65.439444, 8.474712000000125], [-65.43987, 8.473271], [-65.440225, 8.472173000000168], [-65.441139, 8.470254], [-65.44247, 8.468130000000144], [-65.443122, 8.467286000000115], [-65.443705, 8.466533], [-65.445492, 8.46505400000018], [-65.44621599999988, 8.463982000000101], [-65.446475, 8.463341], [-65.447243, 8.462406000000101], [-65.447985, 8.461907], [-65.44939, 8.460585], [-65.451948, 8.45947800000016], [-65.455461, 8.456623], [-65.455707, 8.456476], [-65.45690899999988, 8.456185000000175], [-65.45749099999983, 8.455455], [-65.458397, 8.45459], [-65.460071, 8.452812000000165], [-65.460932, 8.45180900000014], [-65.46216, 8.451083], [-65.462999, 8.449988], [-65.46344, 8.449532], [-65.464325, 8.448460000000125], [-65.46546199999989, 8.447596], [-65.466715, 8.446549000000118], [-65.46764, 8.446303], [-65.468223, 8.445434], [-65.468738, 8.444475000000125], [-65.46920399999988, 8.443744], [-65.46962599999989, 8.442899], [-65.47007299999984, 8.44180200000011], [-65.47039799999982, 8.438503], [-65.470289, 8.437609], [-65.470134, 8.43676], [-65.46975, 8.435772000000156], [-65.469663, 8.435107000000187], [-65.4696229999999, 8.434328], [-65.4694, 8.433226000000161], [-65.46920099999988, 8.432125], [-65.469256, 8.431071], [-65.46947, 8.430133], [-65.469613, 8.429606000000149], [-65.47031, 8.428946], [-65.47091099999989, 8.428675], [-65.471836, 8.428428], [-65.4723709999999, 8.427973], [-65.472651, 8.427493], [-65.47311699999989, 8.426809], [-65.473797, 8.4254600000001], [-65.473962, 8.425003000000117], [-65.4740829999999, 8.424248], [-65.474297, 8.423332], [-65.47613, 8.421922000000109], [-65.476386, 8.42155700000012], [-65.475762, 8.418803], [-65.474063, 8.418692], [-65.47503299999988, 8.41835200000014], [-65.476976, 8.418850000000134], [-65.479252, 8.418861000000163], [-65.480333, 8.422781000000157], [-65.481261, 8.426048], [-65.479262, 8.42946400000011], [-65.480833, 8.433223000000112], [-65.482095, 8.435839], [-65.487183, 8.432437000000107], [-65.491614, 8.429521], [-65.493583, 8.428226], [-65.49648799999989, 8.429707000000178], [-65.498382, 8.433631000000105], [-65.4996139999999, 8.438367], [-65.497132, 8.44145500000019], [-65.49601499999983, 8.439982000000157], [-65.493589, 8.439155], [-65.49176, 8.441919], [-65.492203, 8.445021000000168], [-65.494955, 8.445849000000123], [-65.498503, 8.447823], [-65.49895, 8.450599000000182], [-65.50189099999989, 8.448253], [-65.502668, 8.448550000000125], [-65.503499, 8.448619000000122], [-65.50418799999989, 8.448799000000122], [-65.50510099999985, 8.449191], [-65.506087, 8.449494], [-65.506952, 8.449977], [-65.507976, 8.450556000000176], [-65.50909399999983, 8.45109200000013], [-65.51051399999989, 8.450764000000163], [-65.511839, 8.450525], [-65.513652, 8.450207], [-65.514489, 8.450873000000115], [-65.51513399999988, 8.450982], [-65.515984, 8.45118900000017], [-65.51658, 8.451367000000118], [-65.517343, 8.451364], [-65.517995, 8.450395000000185], [-65.518741, 8.450185], [-65.51967899999988, 8.450556000000176], [-65.520332, 8.45114800000016], [-65.52134199999989, 8.451428], [-65.52303, 8.451428], [-65.52363899999989, 8.451146000000165], [-65.524315, 8.450958], [-65.52497099999988, 8.450678000000153], [-65.524995, 8.449828], [-65.52496699999989, 8.449184000000173], [-65.525046, 8.448038], [-65.52526499999988, 8.446826000000101], [-65.525766, 8.446289], [-65.527416, 8.446839000000125], [-65.52866499999982, 8.446828], [-65.529889, 8.446861000000183], [-65.530424, 8.445934], [-65.530817, 8.445141000000149], [-65.531238, 8.444164000000114], [-65.531993, 8.443634000000145], [-65.53417499999989, 8.443349], [-65.53532899999982, 8.443404000000157], [-65.536575, 8.44353], [-65.53751199999988, 8.443923], [-65.538527, 8.444042], [-65.539662, 8.444785], [-65.541011, 8.445328000000188], [-65.54214, 8.445450000000108], [-65.54316199999982, 8.446122000000116], [-65.544059, 8.447111], [-65.545366, 8.448318], [-65.54637, 8.448782000000108], [-65.546948, 8.448798], [-65.54737099999988, 8.448557000000164], [-65.548009, 8.448896000000161], [-65.548857, 8.449148], [-65.549355, 8.44953], [-65.550448, 8.450111000000163], [-65.551214, 8.450017000000173], [-65.552063, 8.449443], [-65.553021, 8.449101], [-65.55462299999988, 8.448870000000113], [-65.554874, 8.448164000000133], [-65.555691, 8.447084000000132], [-65.55633199999988, 8.446481000000176], [-65.557485, 8.445801], [-65.55849099999983, 8.445369], [-65.559602, 8.445353000000125], [-65.560553, 8.445241], [-65.56152, 8.444602000000145], [-65.56195099999985, 8.444085], [-65.562725, 8.443716], [-65.56373999999988, 8.443789], [-65.56466199999988, 8.443906], [-65.56542, 8.444065000000137], [-65.56666699999988, 8.444122], [-65.567804, 8.443992], [-65.568596, 8.443784000000107], [-65.56985999999984, 8.443267000000162], [-65.57024399999989, 8.442749000000106], [-65.57040199999983, 8.44206400000013], [-65.57051, 8.441539], [-65.570572, 8.440989000000172], [-65.573722, 8.438605], [-65.573088, 8.437865000000158], [-65.57224699999989, 8.43736], [-65.569565, 8.436529], [-65.565937, 8.432364], [-65.564897, 8.430705000000103], [-65.564316, 8.429196000000161], [-65.564313, 8.426853000000108], [-65.563708, 8.424516], [-65.562625, 8.422718], [-65.562009, 8.42081700000017], [-65.56118, 8.419048], [-65.560399, 8.417258], [-65.559777, 8.415541], [-65.559564, 8.414088000000106], [-65.559184, 8.411988000000122], [-65.558972, 8.410512], [-65.558618, 8.408297], [-65.558759, 8.406601], [-65.558512, 8.405538], [-65.557914, 8.404579000000126], [-65.557104, 8.403822000000162], [-65.55594899999983, 8.403768000000127], [-65.5538, 8.40129700000017], [-65.541941, 8.399525], [-65.5373029999999, 8.396780000000149], [-65.535128, 8.395204000000149], [-65.53400099999988, 8.393358], [-65.531329, 8.392206], [-65.527274, 8.389246000000128], [-65.52489, 8.38771], [-65.523369, 8.386727], [-65.521628, 8.384543000000178], [-65.52004, 8.382616], [-65.51684099999983, 8.382114000000115], [-65.512438, 8.383257000000185], [-65.50872, 8.383086], [-65.5048129999999, 8.383874000000105], [-65.50285, 8.38382], [-65.501739, 8.383859], [-65.49999, 8.383676], [-65.499629, 8.382735], [-65.499497, 8.381886], [-65.4984419999999, 8.380963000000122], [-65.497756, 8.380294000000163], [-65.49716, 8.379786], [-65.495967, 8.378954000000135], [-65.493585, 8.376855], [-65.492172, 8.374738], [-65.4920259999999, 8.372789], [-65.491669, 8.37116], [-65.491331, 8.370126000000141], [-65.49065599999989, 8.367968000000133], [-65.49011699999988, 8.366153], [-65.490102, 8.365122], [-65.489771, 8.363149], [-65.489158, 8.361839000000145], [-65.489589, 8.359825000000114], [-65.489436, 8.35877], [-65.48790799999989, 8.356583000000114], [-65.48923799999989, 8.354506], [-65.489659, 8.353706000000102], [-65.490103, 8.35293], [-65.49041, 8.352038000000107], [-65.490739, 8.351192], [-65.491369, 8.35021], [-65.491767, 8.349365], [-65.49209899999983, 8.348198], [-65.493082, 8.346279], [-65.493711, 8.345412], [-65.494295, 8.344475000000159], [-65.494678, 8.342644000000178], [-65.495343, 8.340173], [-65.49585899999988, 8.339007], [-65.496581, 8.338049000000126], [-65.496888, 8.33702000000011], [-65.497176, 8.33564600000011], [-65.4974, 8.333402], [-65.49659, 8.330670000000111], [-65.496218, 8.330053], [-65.496186, 8.328220000000101], [-65.495969, 8.326318000000128], [-65.495662, 8.324807000000135], [-65.49496, 8.322771000000103], [-65.49455, 8.319175], [-65.49368899999985, 8.317712], [-65.493382, 8.31627], [-65.493164, 8.314094000000125], [-65.492715, 8.31169], [-65.492544, 8.309857], [-65.492557, 8.307588], [-65.49303, 8.305042], [-65.493115, 8.303483], [-65.492964, 8.30094], [-65.492842, 8.29940500000015], [-65.492583, 8.298376000000133], [-65.49243799999988, 8.29707], [-65.492269, 8.29537500000015], [-65.49234899999982, 8.292762], [-65.49257199999988, 8.291134], [-65.492682, 8.289941000000113], [-65.493091, 8.288404000000128], [-65.493756, 8.287461000000121], [-65.494792, 8.286906], [-65.49589599999985, 8.286005], [-65.49644299999989, 8.284513], [-65.496463, 8.283917000000145], [-65.495667, 8.281538000000126], [-65.495199, 8.280142], [-65.49514899999986, 8.279271000000108], [-65.494955, 8.277347], [-65.49481299999985, 8.276569], [-65.494741, 8.275882], [-65.494508, 8.275516000000152], [-65.493953, 8.275359], [-65.493538, 8.275361], [-65.492752, 8.275204], [-65.492288, 8.274794], [-65.492121, 8.27358], [-65.491767, 8.271909000000107], [-65.49173899999988, 8.270855], [-65.491614, 8.268862], [-65.49135299999983, 8.267259000000138], [-65.491299, 8.265563000000157], [-65.491338, 8.263913], [-65.4911929999999, 8.262539], [-65.491096, 8.261531000000105], [-65.490793, 8.260890000000188], [-65.490763, 8.259470000000135], [-65.49117, 8.257703000000106], [-65.491674, 8.256853000000149], [-65.492087, 8.25627800000018], [-65.492266, 8.254947000000186], [-65.492306, 8.253710000000126], [-65.49237, 8.252609000000177], [-65.497195, 8.247727000000168], [-65.498045, 8.246783], [-65.4987339999999, 8.246069000000148], [-65.49926, 8.245011000000147], [-65.499533, 8.244139000000132], [-65.500034, 8.242739], [-65.50035, 8.241064], [-65.500412, 8.239574], [-65.50052199999988, 8.238428000000113], [-65.50060899999988, 8.237144000000114], [-65.500413, 8.234784], [-65.500039, 8.233709], [-65.49973399999988, 8.232725], [-65.499054, 8.230345000000113], [-65.498795, 8.22924600000016], [-65.498742, 8.227940000000103], [-65.49864299999984, 8.226405], [-65.498708, 8.225442000000157], [-65.499004, 8.224593], [-65.49934699999983, 8.223904000000118], [-65.499874, 8.2231680000001], [-65.500493, 8.222225], [-65.502871, 8.215737000000104], [-65.5029899999999, 8.21347900000012], [-65.501208, 8.194862], [-65.50018199999988, 8.18975200000017], [-65.500082, 8.188240000000121], [-65.500074, 8.186498], [-65.49964899999986, 8.184208000000126], [-65.499133, 8.182446], [-65.49826899999988, 8.180296000000112], [-65.497707, 8.178534000000127], [-65.496842, 8.176293000000157], [-65.49839499999985, 8.172687], [-65.498992, 8.171974], [-65.499267, 8.171491], [-65.49963, 8.170229], [-65.499603, 8.169312], [-65.49877, 8.168927000000167], [-65.49835499999989, 8.168814], [-65.49736, 8.168636], [-65.496991, 8.168615000000102], [-65.496114, 8.16855], [-65.495443, 8.168347000000153], [-65.494054, 8.167254000000128], [-65.49614799999989, 8.165915], [-65.49727799999988, 8.165680000000123], [-65.498336, 8.164712000000122], [-65.49932199999989, 8.163355], [-65.49973099999988, 8.162], [-65.500003, 8.160944], [-65.499695, 8.159113000000104], [-65.49964399999988, 8.158082], [-65.499709, 8.15723300000019], [-65.49982099999988, 8.156339000000116], [-65.499609, 8.155492], [-65.49923699999988, 8.154967000000113], [-65.498771, 8.154052], [-65.498582, 8.153159], [-65.498578, 8.152312000000165], [-65.4988939999999, 8.150843000000123], [-65.49902999999989, 8.150270000000148], [-65.499049, 8.149376], [-65.49929, 8.146533], [-65.499518, 8.145821], [-65.500045, 8.144764], [-65.500503, 8.144052000000102], [-65.500845, 8.143042], [-65.500466, 8.140981000000181], [-65.500507, 8.139949], [-65.50151099999982, 8.137286000000188], [-65.501533, 8.137217], [-65.502418, 8.132722], [-65.5018649999999, 8.130087000000117], [-65.501797, 8.128987], [-65.502283, 8.125204], [-65.502122, 8.124127000000101], [-65.501184, 8.111527000000137], [-65.500596, 8.108964000000185], [-65.50169299999988, 8.106712000000186], [-65.501991, 8.100699], [-65.502338, 8.099026], [-65.50451, 8.094049000000155], [-65.50430299999982, 8.091711000000146], [-65.504165, 8.090726000000188], [-65.504073, 8.08919], [-65.503705, 8.087586], [-65.503475, 8.085202], [-65.503475, 8.08421600000014], [-65.5044, 8.080707], [-65.504493, 8.078346], [-65.504564, 8.075137000000154], [-65.50482, 8.069131], [-65.506206, 8.065026], [-65.506968, 8.063421000000119], [-65.5075, 8.06060100000019], [-65.507916, 8.059294], [-65.508472, 8.058078], [-65.50928, 8.056267], [-65.50985899999989, 8.05214], [-65.50997499999988, 8.050994], [-65.51039099999986, 8.04950300000013], [-65.510922, 8.048288000000184], [-65.510207, 8.046913], [-65.508961, 8.045516000000134], [-65.50893799999989, 8.044508], [-65.509631, 8.042604], [-65.51021, 8.041091000000108], [-65.51064899999989, 8.039622], [-65.510695, 8.038958], [-65.511296, 8.037238000000173], [-65.51221999999984, 8.034371], [-65.512705, 8.032858000000147], [-65.513167, 8.031436], [-65.514368, 8.029097], [-65.51600899999988, 8.024075000000153], [-65.516563, 8.022653000000105], [-65.517118, 8.020475], [-65.517373, 8.01777], [-65.51758, 8.017174], [-65.518504, 8.014674000000184], [-65.518897, 8.013046], [-65.518968, 8.009883], [-65.518992, 8.007453000000112], [-65.518993, 8.005023000000108], [-65.519571, 8.002341], [-65.520079, 8.000759], [-65.521285, 7.996638000000189], [-65.523111, 7.993588], [-65.523482, 7.991685000000189], [-65.523484, 7.989919], [-65.523716, 7.988956000000144], [-65.524017, 7.98820000000012], [-65.52443299999987, 7.987603], [-65.524849, 7.987191000000109], [-65.52584099999984, 7.98693800000018], [-65.526649, 7.986296000000152], [-65.527895, 7.98531], [-65.528773, 7.984576000000118], [-65.529581, 7.983888], [-65.530136, 7.982764000000145], [-65.530645, 7.981251000000157], [-65.530646, 7.980242], [-65.530948, 7.978912], [-65.5311339999999, 7.977949], [-65.531481, 7.976665000000139], [-65.531644, 7.975495], [-65.531622, 7.974509000000126], [-65.531439, 7.973180000000127], [-65.531326, 7.971941], [-65.531419, 7.971322], [-65.53266699999983, 7.969258000000139], [-65.534238, 7.966759000000138], [-65.535024, 7.965314000000149], [-65.536203, 7.962746], [-65.53671199999985, 7.96153], [-65.538467, 7.959970000000112], [-65.539368, 7.959007], [-65.540199, 7.957998], [-65.54153999999988, 7.956255], [-65.542487, 7.955016000000171], [-65.5431349999999, 7.953067], [-65.54387499999984, 7.951462000000106], [-65.544361, 7.950178000000108], [-65.544454, 7.949307000000147], [-65.54480199999989, 7.947908], [-65.545242, 7.946715], [-65.545474, 7.945271000000162], [-65.545475, 7.944514], [-65.545615, 7.94323], [-65.546216, 7.942198], [-65.54684, 7.941350000000114], [-65.54395999999986, 7.936157000000151], [-65.545494, 7.932195], [-65.5501349999999, 7.931232000000136], [-65.55583599999989, 7.930294000000174], [-65.559636, 7.928887], [-65.566048, 7.926072], [-65.570562, 7.923726000000102], [-65.57068477699994, 7.921903518000136], [-65.570799, 7.920208000000173], [-65.57085219499993, 7.919847072000152], [-65.57131999999984, 7.916673], [-65.57133018599995, 7.916603543000065], [-65.571436, 7.915882000000181], [-65.57569699999988, 7.907774], [-65.5778819969999, 7.892370801000027], [-65.57167877699993, 7.891889382000102], [-65.52844284999998, 7.888533490000043], [-65.41659175299986, 7.856144175000054], [-65.36684255099993, 7.856524392000154], [-65.37174282999996, 7.871584742000152], [-65.37125182099999, 7.873938805000137], [-65.37190285199995, 7.874031796000111], [-65.37350144199996, 7.877353283000048], [-65.37351469899983, 7.877380829], [-65.37358208899997, 7.877520849000064], [-65.37386895799989, 7.878116894000073], [-65.37414441599998, 7.878385247000153], [-65.37431805199992, 7.878554405000102], [-65.37445097799991, 7.878683902000091], [-65.37564504499994, 7.880617947000133], [-65.37660208999984, 7.881866966000018], [-65.37825017199987, 7.883086998000067], [-65.37999225599992, 7.884466021000037], [-65.38208635199999, 7.886505058000068], [-65.38380943399994, 7.888365098000179], [-65.38504950299995, 7.890276143000108], [-65.38753463299997, 7.894715240000153], [-65.38993275399997, 7.897209290999967], [-65.3938299269999, 7.899733335000121], [-65.39619604499995, 7.901381357000048], [-65.3992301859999, 7.902884386000153], [-65.40205831499998, 7.904481415000021], [-65.40581448099988, 7.904443392000189], [-65.40837660099993, 7.904784387000063], [-65.40981566599999, 7.905822417000138], [-65.41115173599997, 7.908144461000063], [-65.41083572499991, 7.908811480000111], [-65.41016869499998, 7.909000486000082], [-65.41001168999998, 7.909391502000119], [-65.41016170199993, 7.910603523000134], [-65.41029970599982, 7.910624524000184], [-65.41233780399995, 7.911634537000168], [-65.4142328939999, 7.912119543000188], [-65.41569395399983, 7.912997565000182], [-65.41812806799999, 7.914414579000152], [-65.41998416099989, 7.915746608000177], [-65.42153523499996, 7.916440616000045], [-65.42367932199983, 7.916441612000085], [-65.42570641799995, 7.916329594000047], [-65.42771750499998, 7.916927602000158], [-65.43015661299984, 7.916422581000063], [-65.43232270599998, 7.916354576000174], [-65.43715192599996, 7.917610579000097], [-65.43843897899995, 7.917162560000065], [-65.43972103999994, 7.916279537000094], [-65.44175212299984, 7.916625536000026], [-65.44332419899996, 7.91704454700016], [-65.44445125299995, 7.916850536000027], [-65.44663934199991, 7.916644518], [-65.44746737599996, 7.91649951300019], [-65.44919845699991, 7.916687504000038], [-65.45021850599994, 7.917295521000142], [-65.4514665619999, 7.91767152400007], [-65.45319764299995, 7.917837520000148], [-65.45495172399995, 7.918094512000096], [-65.4564087849999, 7.918582524000158], [-65.45709780999988, 7.918324516000098], [-65.45865488499993, 7.91730148], [-65.4590688959999, 7.917182480000122], [-65.46109098699998, 7.916543457000103], [-65.46303907099997, 7.91778347200011], [-65.46364410299992, 7.918349487000114], [-65.46456815099998, 7.918568488000062], [-65.46578420299988, 7.918029474000036], [-65.46661423599994, 7.917975464], [-65.46744626999993, 7.918218470000056], [-65.46901234699993, 7.918134457000122], [-65.46979637999993, 7.91814946], [-65.47192347599992, 7.918768457000169], [-65.47328352999989, 7.918823463000081], [-65.47430858299998, 7.919957480000051], [-65.47397057799992, 7.920761507000066], [-65.47351455199993, 7.921269511000162], [-65.47287653199999, 7.921940540000151], [-65.4717044819999, 7.922295552000037], [-65.47101245199985, 7.922325556000033], [-65.4702584239999, 7.922928566], [-65.47026242299995, 7.923385578000023], [-65.47137647399995, 7.924152597000159], [-65.4732865549999, 7.923790582000095], [-65.47478262499988, 7.923637568000061], [-65.47581667099996, 7.923237549000078], [-65.47622468499998, 7.922592537000185], [-65.47712071599994, 7.922308525000119], [-65.47792075699982, 7.92159150700013], [-65.47800275099996, 7.920560483000088], [-65.47885079299994, 7.92007146800006], [-65.47949181699994, 7.919606448000138], [-65.48265194399994, 7.917560387000037], [-65.48345998299993, 7.917666385000075], [-65.48511505699997, 7.91714636100005], [-65.48638210399992, 7.91713336000015], [-65.48794917499993, 7.917048353000098], [-65.48898422699995, 7.916900343000123], [-65.49002126599993, 7.916821334000076], [-65.49161234399998, 7.916942335000044], [-65.49219236399989, 7.917279342000143], [-65.49270339399993, 7.917709343000126], [-65.49331042599994, 7.918527366000035], [-65.49414546399993, 7.919044376000159], [-65.49462948299993, 7.918994365], [-65.49536851999989, 7.919215377], [-65.49521250799995, 7.919743388000086], [-65.49491050499984, 7.921806442000104], [-65.49494250899988, 7.922721459], [-65.49550553799997, 7.923746485000095], [-65.49582955799985, 7.923834487000079], [-65.49645759099997, 7.92442249700008], [-65.49653658999989, 7.925475515000187], [-65.49708562099994, 7.927300557000024], [-65.49757365099998, 7.927799571000094], [-65.49837567999992, 7.927264556000125], [-65.49858669599996, 7.92767456100006], [-65.49866869999994, 7.928886594000062], [-65.49972974599996, 7.929012587999978], [-65.5008388039999, 7.929253594000045], [-65.50185584799993, 7.929517590000046], [-65.50301089499993, 7.929780591000053], [-65.50335791599997, 7.929914594000024], [-65.50401494799996, 7.931143629000189], [-65.50428598299999, 7.935214721000079], [-65.50423598099997, 7.937137773000188], [-65.50406798299991, 7.938856817000158], [-65.50376097499998, 7.940438853000103], [-65.50324195799993, 7.941565876000027], [-65.50255993699994, 7.942556910000121], [-65.50178290699995, 7.943159932000128], [-65.50095486099997, 7.943397931000163], [-65.50047885199996, 7.944157957000186], [-65.50057885199988, 7.944957973000101], [-65.50052086399995, 7.946103004000065], [-65.50032284999992, 7.947021026000186], [-65.50017185399997, 7.94807505000017], [-65.5000918479999, 7.949380090000147], [-65.50001485899992, 7.950892119000116], [-65.49975084799985, 7.952176158000043], [-65.49985386399993, 7.953228182000032], [-65.5004138889999, 7.953955199000063], [-65.50161693699988, 7.954400203000148], [-65.50178595099999, 7.95517721900012], [-65.50135393199997, 7.955708234999975], [-65.50089191999996, 7.955621239000095], [-65.49964386399995, 7.955359231000045], [-65.49953627699995, 7.955770673000188], [-65.49942185499998, 7.956208252000067], [-65.49927785199998, 7.957972303000076], [-65.49872682999995, 7.958161309000104], [-65.49790180099995, 7.958650323000086], [-65.49802980599998, 7.959976352000069], [-65.49849283499992, 7.960177356000031], [-65.49953087999995, 7.960213347999968], [-65.49949487599997, 7.961266379000165], [-65.49911787299988, 7.962712411999973], [-65.4982948309999, 7.963407436000125], [-65.49724878799987, 7.962525415000073], [-65.49600572499986, 7.962766432000024], [-65.49508768799984, 7.963119444000085], [-65.49425765399991, 7.963082447000147], [-65.49309859599992, 7.962476429000105], [-65.49231156999991, 7.962118434000047], [-65.49175354299985, 7.964023479], [-65.49104652199998, 7.964786497000091], [-65.48991346899999, 7.964385494000055], [-65.48869441199986, 7.964673504000075], [-65.48792038799996, 7.965642531000015], [-65.4876353759999, 7.967087571000036], [-65.48835241799998, 7.967400572000088], [-65.48957646699984, 7.967639579000092], [-65.49045851199998, 7.968202590000033], [-65.49065051499997, 7.96895660500013], [-65.49066853299996, 7.970855652000182], [-65.49024652199995, 7.972393687000135], [-65.48984250799998, 7.973587724000083], [-65.49042252799995, 7.973948724000138], [-65.49166357999997, 7.973500705000106], [-65.49255862899992, 7.973125698000047], [-65.49382667999987, 7.973157692000029], [-65.49497972899997, 7.973237685000186], [-65.49540775899993, 7.974469713000133], [-65.49481572899998, 7.975276744000041], [-65.49428871399988, 7.975556746000109], [-65.49450572899991, 7.976584776000095], [-65.49424171699991, 7.977799803000153], [-65.49348568999989, 7.978288817000134], [-65.49283465699995, 7.977700807000133], [-65.4920046229999, 7.977708805000077], [-65.49208062899999, 7.978440826000167], [-65.49238563499989, 7.978986833000135], [-65.49260264899993, 7.979899863000185], [-65.49242264299994, 7.980336868000052], [-65.49177862599998, 7.980549880000069], [-65.49085358399998, 7.98023887800008], [-65.4907665749999, 7.980788885000038], [-65.4909085889999, 7.98110789500015], [-65.49233165599998, 7.982832939000048], [-65.4931446999999, 7.983487950000153], [-65.49389072899993, 7.984303963000059], [-65.49429775799996, 7.985834000000125], [-65.49403675199994, 7.98741603600007], [-65.49390674499983, 7.988218052000036], [-65.49511180499996, 7.988870070000132], [-65.49640786099991, 7.989337068000054], [-65.4973589089999, 7.990014086000144], [-65.49706989699996, 7.991047109000078], [-65.49649587499994, 7.991259116000094], [-65.49659187699996, 7.991693127000019], [-65.49660388499996, 7.992860165000138], [-65.49626687299997, 7.993802181000092], [-65.49494282199993, 7.995074222000085], [-65.49406979199989, 7.995404234000034], [-65.49349375799994, 7.995432238999967], [-65.4927837319999, 7.995852252000191], [-65.49310775499998, 7.996672263999983], [-65.49229072499998, 7.998331309000037], [-65.49102566699992, 7.998848328000122], [-65.48930259699989, 7.999689362000026], [-65.48845655599996, 8.000615381000046], [-65.48800754699994, 8.002041418000147], [-65.48688749699994, 8.003290458000095], [-65.48576445399982, 8.004149487000063], [-65.48711552699996, 8.005605506000165], [-65.48622049099998, 8.006164527000124], [-65.48388339599995, 8.008066588000077], [-65.48262734299993, 8.009660631000031], [-65.48252634799996, 8.011267665000162], [-65.48335039499983, 8.013140717000056], [-65.48345840499996, 8.014905759000044], [-65.48341641399998, 8.017980832000035], [-65.48536049799998, 8.01860483300004], [-65.48613454399998, 8.019927867000092], [-65.48716258999997, 8.021316897000133], [-65.48877966099997, 8.021485897000048], [-65.48804763999988, 8.022226908000164], [-65.48778663499996, 8.02406395700001], [-65.48839465999993, 8.02490697900015], [-65.48973972299984, 8.025651990000085], [-65.48956171599986, 8.026456005000057], [-65.4879586539999, 8.027824044], [-65.48526654199992, 8.02888208800016], [-65.48320844899996, 8.02844209000017], [-65.48075733399986, 8.027868077], [-65.47859624699993, 8.028967118000082], [-65.47752120499996, 8.030009143000086], [-65.47735320699991, 8.031891198999972], [-65.47826725699997, 8.033511236000038], [-65.47823125299993, 8.03468125400019], [-65.47830127199995, 8.037364330000116], [-65.47856923799992, 8.039527700000065], [-65.47859929799989, 8.0397703860001], [-65.47949533899998, 8.041872434000084], [-65.47979136499998, 8.044025476000058], [-65.4782332979999, 8.04534752700016], [-65.47665123699994, 8.046601558000077], [-65.47550618799994, 8.047575589000076], [-65.47397113399995, 8.048942623000073], [-65.47348710299997, 8.04901662800006], [-65.47159501899989, 8.04905664100005], [-65.46942192299997, 8.048709638000048], [-65.46737484499988, 8.049554669999964], [-65.46581577299992, 8.050761708000039], [-65.46402370199996, 8.051810738000142], [-65.46278464999995, 8.052556765000134], [-65.46089357099999, 8.052780780000091], [-65.46010351799998, 8.049576709000121], [-65.45793240999996, 8.046889645000022], [-65.4567973579999, 8.046372636000115], [-65.45510128799998, 8.047764681000103], [-65.45449527399995, 8.049765737000143], [-65.45134513699998, 8.05114877700015], [-65.44911404199996, 8.052086817000145], [-65.44815500899989, 8.053356845000053], [-65.44702296199995, 8.055890916000067], [-65.4453318969999, 8.057878968000068], [-65.44367483499985, 8.06106004999998], [-65.44249879799997, 8.063801123000019], [-65.44140675499995, 8.065714176000142], [-65.43930567699994, 8.068257250000045], [-65.43880866799992, 8.069546280000111], [-65.43805364599996, 8.072994374000132], [-65.4370856089999, 8.075755442000172], [-65.43556955599996, 8.079302540000185], [-65.43430952699998, 8.082984634000013], [-65.43185941799993, 8.085323700000117], [-65.4291453109999, 8.086518741000134], [-65.42750123999997, 8.088529805000064], [-65.42668321599996, 8.090073837000148], [-65.42670222899994, 8.092252895000115], [-65.42590819899993, 8.09381994], [-65.42488715699994, 8.09589399400005], [-65.42312708999998, 8.09799805300014], [-65.42127501999994, 8.100056111000072], [-65.42120302499984, 8.102374165000185], [-65.42177005299993, 8.103814199000112], [-65.42102603599994, 8.105885249000096], [-65.4193349709999, 8.107919314000071], [-65.41819092699984, 8.109077346000163], [-65.41522978799998, 8.108416337000051], [-65.41245065499999, 8.107478331000095], [-65.41074558099996, 8.107883343000026], [-65.40923853199996, 8.109755400000097], [-65.40717443999995, 8.111380452999981], [-65.40503734799995, 8.112501488000134], [-65.4018862179999, 8.113975537000158], [-65.39954812999991, 8.115946599000154], [-65.39824006499987, 8.116784616000132], [-65.39862909899989, 8.119051677000016], [-65.39839110699995, 8.123618783999973], [-65.39897713699992, 8.124530807000042], [-65.40002719099994, 8.125874842000144], [-65.39881313899986, 8.126963874000182], [-65.39744208299999, 8.12858191200013], [-65.39562801699992, 8.129814955000086], [-65.39325090899996, 8.129904968000176], [-65.39107981299992, 8.129878973000075], [-65.39072579899994, 8.131580020000058], [-65.3918988659999, 8.133726069000033], [-65.39271590799996, 8.134750089000079], [-65.39140985399996, 8.135909127000048], [-65.38921775699998, 8.136090135000074], [-65.38772368799988, 8.136884163000047], [-65.38708566899993, 8.13792219000004], [-65.38661665299986, 8.139738238000064], [-65.38619364999994, 8.14155428600003], [-65.38587562899994, 8.142108302000054], [-65.38443857599992, 8.144231363000074], [-65.38320353599988, 8.145573397000135], [-65.38313853299985, 8.145986408000113], [-65.38293851999998, 8.14695242900018], [-65.38256351799998, 8.148928485000056], [-65.38224750799992, 8.149848506000069], [-65.38089945299993, 8.151489555000069], [-65.37915938099997, 8.153157603000068], [-65.37794934099992, 8.154728647000184], [-65.3763902689999, 8.156072681000182], [-65.37584825199997, 8.157454717000121], [-65.37625528199999, 8.159194760000162], [-65.37769735099994, 8.160304783000072], [-65.37955043799997, 8.16102179000012], [-65.3808474999999, 8.16149180400015], [-65.38223755799999, 8.161983801000076], [-65.38372463399992, 8.163048828000171], [-65.38486267899987, 8.163771833000055], [-65.38536071799996, 8.165212873000087], [-65.38591973699994, 8.16587288800008], [-65.38780383399995, 8.167415915000106], [-65.38853687199992, 8.169381962000159], [-65.38848888299998, 8.17176802300014], [-65.38741584099989, 8.173246059000064], [-65.38654479899998, 8.173919076000061], [-65.38601378599998, 8.173970081000107], [-65.38484872899994, 8.172811065000133], [-65.3841666859999, 8.171417032000136], [-65.38381066099993, 8.17022800000018], [-65.3837436469999, 8.167865945000017], [-65.38263460199988, 8.167829941000093], [-65.38220459499985, 8.168819969000083], [-65.38235360099992, 8.169966005000049], [-65.38280562699993, 8.171499034000021], [-65.38245161399993, 8.173337089000086], [-65.38120456499996, 8.17334908500004], [-65.3802515189999, 8.172577075000106], [-65.37954848599998, 8.171414048000088], [-65.37886244299989, 8.169493008000131], [-65.37781739499985, 8.168837998000072], [-65.37682135299997, 8.168525992000014], [-65.37689334799995, 8.168845996000016], [-65.37641034699993, 8.171718067000086], [-65.37331622099993, 8.174453153000059], [-65.3707571079999, 8.174912175000031], [-65.36863301799985, 8.174909181000146], [-65.36663392999992, 8.176097218000109], [-65.36565089099992, 8.177230251000026], [-65.36533887999997, 8.178563282000084], [-65.3664429449999, 8.180755332000103], [-65.36702396999993, 8.181140338000148], [-65.36809601899984, 8.182323371000052], [-65.36902806399996, 8.18325539000017], [-65.37047813099991, 8.182714364000162], [-65.37174018299999, 8.181785340000033], [-65.37258921699998, 8.181112323000036], [-65.37363126099996, 8.181424317000108], [-65.37487931499993, 8.181504321000148], [-65.37618037599992, 8.182410334000053], [-65.37711843199992, 8.184098367], [-65.3760223889999, 8.185531409000077], [-65.37522236099989, 8.186479435000024], [-65.37366729999991, 8.188236491000112], [-65.37224523699996, 8.189327523000145], [-65.37140218899998, 8.187982494000153], [-65.37027214299985, 8.188244500000167], [-65.36977012899996, 8.188868523000167], [-65.36903910199999, 8.189838555000165], [-65.36803405599994, 8.19113259], [-65.36647598999997, 8.192592631000082], [-65.3660039689999, 8.191334599000129], [-65.36547693099993, 8.189229545000046], [-65.36443789299994, 8.189238560000149], [-65.3634468439999, 8.189454565000176], [-65.36319583599993, 8.189754574], [-65.36270282599997, 8.191479615000048], [-65.36285183299998, 8.192785647000107], [-65.36285683799997, 8.193290658000024], [-65.36302885699996, 8.194481689999975], [-65.36368588899995, 8.195737722], [-65.36516995999995, 8.196366727000111], [-65.36558796999998, 8.196660737000059], [-65.36636401599998, 8.19830476900006], [-65.36655903599996, 8.19942779300004], [-65.36597301699993, 8.201084839000032], [-65.36528498699994, 8.201641861000098], [-65.3637429179999, 8.202343876000043], [-65.36246286999994, 8.203869924000173], [-65.36120582299992, 8.205394967000132], [-65.36031577999995, 8.206596008000133], [-65.35905073499998, 8.207158022000101], [-65.35871171299982, 8.205371978000073], [-65.35768765299997, 8.20444096500006], [-65.35705963299989, 8.203941952999969], [-65.35512154799994, 8.204211968000038], [-65.35401448999994, 8.204381973000181], [-65.35404849399998, 8.202959934000035], [-65.35399147699997, 8.201652908000028], [-65.35397847499996, 8.200230869000052], [-65.35311942999994, 8.199664867000138], [-65.35284542199992, 8.199988869000094], [-65.35209139499995, 8.200912901000038], [-65.35113335699992, 8.202389944000117], [-65.35020831499986, 8.202145933000054], [-65.34918727399992, 8.201696931000072], [-65.34742718299998, 8.201046926000174], [-65.34606712999994, 8.201426938000168], [-65.34565611299996, 8.201957955000125], [-65.34596413599996, 8.202803970000048], [-65.34740219499992, 8.203570988000138], [-65.3479352199999, 8.203794993000088], [-65.34946729199999, 8.204676006000057], [-65.35042433699988, 8.20581402099998], [-65.35135839299988, 8.207022053000117], [-65.35172340999998, 8.209152107000136], [-65.35075137399991, 8.208954097000117], [-65.34951931499995, 8.208025083000166], [-65.34780223199982, 8.207031068000049], [-65.34625315799997, 8.206862068000135], [-65.34459109199997, 8.206923082000174], [-65.34346103399997, 8.207116087999964], [-65.34152895999989, 8.208143123000127], [-65.34162296199997, 8.208280131000095], [-65.3419789859999, 8.209378155000024], [-65.34279201699997, 8.209921157000167], [-65.34429708999988, 8.210366160000149], [-65.34563615299999, 8.210354163000147], [-65.3453901389999, 8.211205184000107], [-65.34457711999994, 8.213438241000063], [-65.3443531129999, 8.214243261000036], [-65.34355308399995, 8.215167293000093], [-65.34236502699997, 8.216623335000122], [-65.3408689709999, 8.217279350000126], [-65.33901588299989, 8.21658534300019], [-65.33738980899989, 8.215522326999974], [-65.33695579199997, 8.216168345000142], [-65.33696479499991, 8.217154362000088], [-65.3369978049999, 8.218255391000184], [-65.33645177799991, 8.21926942500005], [-65.33335763999997, 8.21936644100009], [-65.33266561099998, 8.219441439999969], [-65.33306763699994, 8.220608465000169], [-65.33423169899999, 8.221606492000092], [-65.3359107789999, 8.223495528000058], [-65.3354137579999, 8.224830559000111], [-65.33376668199998, 8.223950551000144], [-65.33282665099983, 8.224739575000058], [-65.33093556099993, 8.225123586000109], [-65.33037753599996, 8.224624584000026], [-65.32980449699988, 8.22249552500017], [-65.32871544699992, 8.222069524000176], [-65.32626533799998, 8.221862533000035], [-65.32495128599999, 8.22210353800017], [-65.32500229199991, 8.222653556000182], [-65.32542530799992, 8.22361357900013], [-65.32603534399993, 8.224663603000124], [-65.32606234399998, 8.225121609000041], [-65.32486430099988, 8.225453621000156], [-65.32352323799995, 8.22528262100002], [-65.3235272369999, 8.22571863200011], [-65.32411827199996, 8.227387675000102], [-65.32528332899989, 8.228547696000078], [-65.32853748799994, 8.230926742000122], [-65.32870848999988, 8.231979772000045], [-65.32811447299986, 8.232742790000088], [-65.32596837799991, 8.23303780599997], [-65.32366327699998, 8.233562834999987], [-65.32052513799994, 8.233889854000154], [-65.3194890929999, 8.234288868000135], [-65.31814303699991, 8.233520856000155], [-65.31564491599983, 8.233153857000104], [-65.31268178999989, 8.232423848000167], [-65.31109271299994, 8.232919867000078], [-65.30943765199987, 8.233851897000136], [-65.30866161799997, 8.234891935000178], [-65.30788558499995, 8.235976957000105], [-65.30862662099997, 8.236244962000114], [-65.30889764699987, 8.238216013000056], [-65.30938566399993, 8.238578018999988], [-65.30993169199996, 8.24027105600004], [-65.31047773199992, 8.241964093000036], [-65.31068074999996, 8.244141153000044], [-65.31081176099997, 8.245906195999964], [-65.31131378799995, 8.24789823600014], [-65.31091178599996, 8.249576283000124], [-65.30969373599999, 8.250229305000175], [-65.30829966699986, 8.249278285000173], [-65.30706960899994, 8.248670281000159], [-65.30630757199998, 8.248677285000042], [-65.3057165489999, 8.249829308000017], [-65.30537753799985, 8.250612334000152], [-65.30482651799997, 8.251076349000073], [-65.30409149199994, 8.25147336300006], [-65.30300844099992, 8.251849377000099], [-65.30216340499999, 8.252981404000082], [-65.30247142799982, 8.253804432000152], [-65.3030294539999, 8.254281437999964], [-65.30364048399991, 8.255537459000095], [-65.30339748699998, 8.256801502000144], [-65.30256644899987, 8.256923507000181], [-65.30178141099992, 8.25688451100018], [-65.29977432399994, 8.257224520000136], [-65.29898628099994, 8.256887515000074], [-65.29811024699984, 8.257101533000025], [-65.29786624399998, 8.258227562000172], [-65.29797625499992, 8.260291608000045], [-65.29835427399996, 8.26132063200015], [-65.29835828499995, 8.261824638000064], [-65.29828428999986, 8.263913696000088], [-65.29819728099994, 8.264625709000143], [-65.29786928599998, 8.266715773000044], [-65.29699424599994, 8.267090780000046], [-65.2956551819999, 8.267171789000088], [-65.29362610099997, 8.267625807], [-65.29242304099984, 8.267338813000094], [-65.29133998999993, 8.267715820000092], [-65.29031094999988, 8.268871853000064], [-65.28937592399996, 8.270370891000141], [-65.28987395099995, 8.271880932000101], [-65.2909939999999, 8.273177961000044], [-65.2907720039999, 8.274258984000028], [-65.28955194299994, 8.274751004000052], [-65.28850290699995, 8.276298042000178], [-65.28631781399997, 8.277419090000024], [-65.28494975099994, 8.276789079000025], [-65.28337167799992, 8.275954067000043], [-65.28140958699993, 8.276109070000189], [-65.28019153699995, 8.276923105000094], [-65.28027054899991, 8.27802312900019], [-65.28081758199988, 8.279877168000041], [-65.28276767599993, 8.281029191000016], [-65.28541879099993, 8.280317155000091], [-65.28495477999991, 8.282799228000044], [-65.28431175799989, 8.28328624400018], [-65.28328070599986, 8.284213269000077], [-65.2823506719999, 8.286218323000014], [-65.28185465699988, 8.287667362000093], [-65.28069162399993, 8.28949041400017], [-65.28090963299996, 8.29065843300009], [-65.28034661599992, 8.292407480000122], [-65.27974359599995, 8.29482154599998], [-65.27944359499998, 8.29759961700006], [-65.27839556399994, 8.299260662000108], [-65.27673548699983, 8.299642674000097], [-65.27543943099988, 8.299402674000135], [-65.27294132199995, 8.29896568100014], [-65.27030219199997, 8.298438675000057], [-65.26808109599989, 8.298045683000055], [-65.26822510999989, 8.29866369600012], [-65.26909015299998, 8.299826722000034], [-65.26960918099996, 8.301083749000043], [-65.26946017399996, 8.302598783000178], [-65.26963318799989, 8.30392781500018], [-65.27005621399996, 8.304749836999974], [-65.27052324199997, 8.30531985000016], [-65.27180530099992, 8.306638874000043], [-65.27322537599991, 8.308001898000043], [-65.27416041499993, 8.309300927000152], [-65.27456843899995, 8.311040970000136], [-65.27361041199998, 8.312449013000048], [-65.27265637199991, 8.314339066000173], [-65.27142333199993, 8.3160481110001], [-65.27049829099997, 8.316033121000089], [-65.26968624199992, 8.315605108000113], [-65.26870419699992, 8.314260079000121], [-65.26750314899994, 8.31424808200012], [-65.26682111699989, 8.315561119000108], [-65.26699113699993, 8.316546141000117], [-65.26738515299996, 8.316657144000146], [-65.26778316699995, 8.317342158000145], [-65.26771916999996, 8.317870170000106], [-65.26701314399998, 8.319093204000069], [-65.26567208099988, 8.318944211000087], [-65.2643090229999, 8.318956220000132], [-65.2631359699999, 8.31965524200001], [-65.26237693799999, 8.319983244000184], [-65.26254695799986, 8.320991279000168], [-65.26315798799988, 8.322201300000188], [-65.26342900299983, 8.324195352000174], [-65.26163593799998, 8.325243388], [-65.25944883399995, 8.326157411000054], [-65.2580937869999, 8.327110441000059], [-65.25762477099983, 8.329064503000097], [-65.25738676699996, 8.330970541000056], [-65.25566670299997, 8.33243158800002], [-65.25455763399998, 8.329642526000043], [-65.25349258999995, 8.329399519999981], [-65.25204653399993, 8.330559565000158], [-65.25016244899996, 8.331815598000048], [-65.24821535999996, 8.33105259100006], [-65.24887138599996, 8.32937254400008], [-65.24918039099992, 8.327671497000097], [-65.24818534299993, 8.327543504000062], [-65.24606525299993, 8.32813552400006], [-65.24413217299997, 8.329070559000058], [-65.24315613599993, 8.33039659300016], [-65.24241909799997, 8.330518598000026], [-65.24186507199988, 8.33054660300013], [-65.24043801599993, 8.330834614000082], [-65.23911995199995, 8.330434618000027], [-65.23755689199993, 8.330975632], [-65.23661785299987, 8.331625649000046], [-65.23644584499993, 8.332979694000073], [-65.23613383399999, 8.334128724000152], [-65.23598984299997, 8.336078764000035], [-65.23576983399994, 8.337180800000056], [-65.23559983699994, 8.338763841000059], [-65.2347558059999, 8.339687862], [-65.23346974699996, 8.34031889], [-65.23231869799997, 8.340535901000123], [-65.23150966599997, 8.34029089600017], [-65.23004459499998, 8.339066866000167], [-65.22904854099994, 8.338617864000128], [-65.22825450999994, 8.33997690200016], [-65.22761848999988, 8.340991928999983], [-65.22670645099993, 8.342168964000166], [-65.22611843299995, 8.343434995000166], [-65.22640945399996, 8.344922037000117], [-65.22711149299988, 8.345993051000107], [-65.22755550899996, 8.34667606700009], [-65.22761551799994, 8.348097101000121], [-65.22732451999991, 8.34901612900012], [-65.22710451099994, 8.350187165000023], [-65.22697851599997, 8.351564198000176], [-65.2266985089999, 8.353652252000074], [-65.22632849899992, 8.35603930800005], [-65.22620450399995, 8.357575344000168], [-65.22556547899995, 8.358269374000031], [-65.22450843199988, 8.358668388000183], [-65.22165530299998, 8.356999354000095], [-65.22010522199997, 8.356486344000132], [-65.21814713999999, 8.356710360000022], [-65.21702009699999, 8.356995378000136], [-65.21659908099997, 8.358856422000088], [-65.21672308799998, 8.359794451000027], [-65.21691810799996, 8.360961477000103], [-65.21605208099999, 8.364499563000095], [-65.21594608199985, 8.365531593000071], [-65.21510404999998, 8.366754629000184], [-65.21435101599985, 8.367609648000155], [-65.21406001799994, 8.368528676000153], [-65.21333298999997, 8.36981871300003], [-65.2118249109999, 8.368801697000094], [-65.21174290699997, 8.367403663000061], [-65.21084985799996, 8.365647622000154], [-65.21045483699999, 8.365352618000088], [-65.20909377699996, 8.365273620000096], [-65.20718269099996, 8.365657630999976], [-65.20495960499994, 8.367213685000138], [-65.2031555339999, 8.369155738000131], [-65.20258552199988, 8.372300821000067], [-65.20315854999996, 8.374473871000077], [-65.20367757799994, 8.375683904000084], [-65.20500565099996, 8.377160937000042], [-65.20613070499996, 8.3790069800001], [-65.20500866699984, 8.37993400500011], [-65.20360859899989, 8.380658026999981], [-65.2013395109999, 8.38219108100003], [-65.19965244299993, 8.384315137000101], [-65.19831538999989, 8.386963206000075], [-65.19671533199994, 8.388537255000188], [-65.19629231599993, 8.390122297000062], [-65.19796840299995, 8.391734326000119], [-65.19856742499996, 8.391706321000015], [-65.2001574969999, 8.391531311000108], [-65.20064452099996, 8.391824316000111], [-65.20263260699988, 8.392241327000079], [-65.20449669899995, 8.394356368], [-65.20425469499997, 8.395573393000063], [-65.20304865299994, 8.397326452000073], [-65.20223062799994, 8.398617483000066], [-65.20226362599993, 8.399762514000031], [-65.20245263499999, 8.400173525000184], [-65.20338669199992, 8.401402548000021], [-65.20339268999999, 8.402021567000133], [-65.20319468899993, 8.403100591000054], [-65.20204863299989, 8.403844608999975], [-65.20128860599988, 8.403966626000056], [-65.19956152499998, 8.404348638000045], [-65.19840048999993, 8.405963682999982], [-65.1986394999999, 8.40694771300008], [-65.1993125279999, 8.407353720000174], [-65.20000057099998, 8.409409758000095], [-65.20058960599994, 8.41071179200003], [-65.20039160399983, 8.411721815000021], [-65.19901253699993, 8.412238835000153], [-65.19792449199997, 8.411835834000101], [-65.19695144999991, 8.411431827000172], [-65.19591039899996, 8.411051826000119], [-65.1952473689999, 8.411745844000166], [-65.19560439899993, 8.412934876000122], [-65.19598841599992, 8.414466913000126], [-65.19576140399988, 8.414949918000048], [-65.1955534039999, 8.414836916000127], [-65.1947453649999, 8.414821926000116], [-65.19437634999997, 8.414824919000068], [-65.19438335399991, 8.415512939000166], [-65.19462436299995, 8.416701971000123], [-65.19516639199986, 8.417888993000133], [-65.19554341699995, 8.418711015000099], [-65.19581043199986, 8.420175057000108], [-65.19561442999998, 8.421438082000066], [-65.19417437099992, 8.422872131000133], [-65.1927593229999, 8.424489176000066], [-65.19159226599999, 8.425463208000053], [-65.18985119999991, 8.42685425000019], [-65.18816013299994, 8.4285203], [-65.18747710699995, 8.429488322000168], [-65.18733110499994, 8.431163365000145], [-65.18633206799996, 8.432868412000062], [-65.18552803999995, 8.433219426000164], [-65.18422697899996, 8.432292411000105], [-65.18258590099998, 8.431963403000054], [-65.18140584199995, 8.431584408000049], [-65.17979977299996, 8.432470438], [-65.17939476599997, 8.433619468000018], [-65.17945020499997, 8.434414687000015], [-65.17950178199999, 8.435154498000031], [-65.17974259999983, 8.435685086999968], [-65.18027882199993, 8.436866538000118], [-65.18128186899997, 8.438117568000052], [-65.18141987299987, 8.438001560999965], [-65.18189088899993, 8.436530527000116], [-65.18257591499997, 8.43585950900001], [-65.18352195699998, 8.43585149900008], [-65.18448000799992, 8.437125529000127], [-65.18465302099986, 8.438361556000189], [-65.18510004299998, 8.439297585000077], [-65.18620910099992, 8.439470584000105], [-65.18761915499988, 8.439801580000164], [-65.18796817499998, 8.440142584000114], [-65.18799918499997, 8.44094461200001], [-65.18715314299993, 8.441822632000026], [-65.18575009299997, 8.442202645000123], [-65.18358099499989, 8.442199663000054], [-65.18243293999996, 8.442760684], [-65.18181091799988, 8.442926690000093], [-65.18196192399995, 8.444254718000025], [-65.18206294199996, 8.445215736000137], [-65.18188993999996, 8.446455773000139], [-65.18106790499996, 8.44733379400003], [-65.17982485299996, 8.447620811000093], [-65.17830778299992, 8.448206833000086], [-65.17800776899998, 8.448255838000136], [-65.17798476799993, 8.448255838000136], [-65.1779027749999, 8.449356868999985], [-65.17791377799995, 8.450548894000121], [-65.17789778199995, 8.451281909000102], [-65.17753676399991, 8.452179936000107], [-65.17769178099996, 8.45391998100007], [-65.17800180499995, 8.455063013000142], [-65.18007589499996, 8.454791992000025], [-65.1804219099999, 8.454788986000153], [-65.18127494399994, 8.45466698100006], [-65.18152295799996, 8.454113970000037], [-65.18341103199992, 8.453661951000072], [-65.18371205199998, 8.453841954000097], [-65.18383005999988, 8.454115958000045], [-65.18383805799994, 8.454917973000079], [-65.18385006699992, 8.456225012000118], [-65.18363306299995, 8.457693053000185], [-65.18313704699995, 8.458981079000125], [-65.18240402099985, 8.45956110100019], [-65.18104796599994, 8.460032121000097], [-65.18005590999996, 8.460041124000043], [-65.17904287699992, 8.460348137000096], [-65.17838083999993, 8.46101915500003], [-65.17769982499993, 8.462217191000036], [-65.17739481799998, 8.464191238000012], [-65.17750182299994, 8.465749280000182], [-65.17656378999988, 8.466582305000088], [-65.17594976599997, 8.467551332000028], [-65.1758107679999, 8.469959390000156], [-65.17614078599996, 8.470735412000067], [-65.17731083699988, 8.470082390000016], [-65.17817687399986, 8.468883348000134], [-65.1791889129999, 8.468575341000133], [-65.17988294299988, 8.468821340000147], [-65.18095500299995, 8.469889361000128], [-65.18156102899991, 8.470593377000114], [-65.18228306399988, 8.471274393000158], [-65.18259108699988, 8.472143421000112], [-65.18259508599994, 8.47260142700003], [-65.18257509099988, 8.47296843700019], [-65.18248908699996, 8.473588450000022], [-65.18224708299994, 8.474873483000067], [-65.18214007799986, 8.475837505000072], [-65.18206107799989, 8.477190545000099], [-65.18193407799987, 8.478406576999987], [-65.18088304199995, 8.479561606000061], [-65.17982799499998, 8.480259635000039], [-65.17874094299998, 8.479925633999983], [-65.17797191299996, 8.479153611000186], [-65.17754289999988, 8.48016564600016], [-65.17734088699996, 8.480763652000064], [-65.17720988699995, 8.481475677999981], [-65.17677887399992, 8.482327692000183], [-65.17674187599988, 8.483290722000106], [-65.17739991399998, 8.484567756000047], [-65.17784693499993, 8.48548077400011], [-65.17782993299994, 8.48616879399998], [-65.17700389799995, 8.486656804000063], [-65.1760378599999, 8.486940817], [-65.17534782999991, 8.487222830000178], [-65.17339574699997, 8.488248861000045], [-65.17284573199998, 8.48864387599997], [-65.17209269799997, 8.489544896000098], [-65.17083464399997, 8.490678936000165], [-65.16948559299988, 8.491951972000152], [-65.16933258699993, 8.492892993999988], [-65.16971161199996, 8.493967026000064], [-65.17034364399984, 8.494924044000186], [-65.17043865199997, 8.495244048000018], [-65.17032864099991, 8.49579506100008], [-65.17013864899991, 8.49772211300018], [-65.17008065099992, 8.498937151000177], [-65.17000165099995, 8.500405179000097], [-65.16998865899996, 8.501414209000131], [-65.16979365099996, 8.5027902490001], [-65.16943363899986, 8.503825272000029], [-65.1690006259999, 8.504379289000155], [-65.16819559299984, 8.50463929600005], [-65.16704553799997, 8.505016315000091], [-65.16681653699993, 8.505178323000166], [-65.16631451099988, 8.505802335000112], [-65.16554048799998, 8.507001365000178], [-65.16464644499996, 8.507559393000179], [-65.16366041199996, 8.508233404000066], [-65.16205133899996, 8.5089354320001], [-65.16099729799993, 8.509724457000061], [-65.15981324999996, 8.511431503000097], [-65.15878420899998, 8.512380536000023], [-65.1581481899999, 8.513463570999988], [-65.15822819499988, 8.514677591000122], [-65.15881422599995, 8.51568062300015], [-65.1591022419999, 8.516801648000069], [-65.15931725699994, 8.51764766499997], [-65.15965527399993, 8.519271703000072], [-65.16093133399988, 8.519947714000125], [-65.16255742199996, 8.521193739000125], [-65.16272542999991, 8.521879759000058], [-65.1625954239999, 8.522728781000126], [-65.16248843099993, 8.523623803000078], [-65.16242942699995, 8.524747834000095], [-65.16191841999995, 8.526883887], [-65.16149239899994, 8.528193920000149], [-65.16028135299996, 8.529465961000142], [-65.15931531499996, 8.529864975000123], [-65.15827626399994, 8.529804978000016], [-65.15681819799994, 8.529336975000149], [-65.15529613399985, 8.52937398299997], [-65.15405308299995, 8.52972899600013], [-65.15278802599988, 8.530222010999978], [-65.15134897199994, 8.531771061000086], [-65.15099695899994, 8.533654112000022], [-65.15128497499995, 8.53477413200011], [-65.1531800649999, 8.53514613599998], [-65.1543351119999, 8.535228127000153], [-65.15561518399994, 8.536476164000078], [-65.15606519899995, 8.537687191000032], [-65.15684024999996, 8.539101221000124], [-65.15752628099989, 8.54092925600014], [-65.1576292989999, 8.542096295000135], [-65.15731428299995, 8.542970316000094], [-65.1561622289999, 8.543118327000172], [-65.15461215999994, 8.542720318000022], [-65.15352510799994, 8.542432318000124], [-65.15204504699989, 8.542102316000012], [-65.15121400799995, 8.54213232], [-65.15034197199992, 8.542599341000027], [-65.14903692299993, 8.543688374000169], [-65.14842389299992, 8.54481640500012], [-65.14756986399988, 8.547231466000028], [-65.14763388499995, 8.549156519000064], [-65.14801690899992, 8.55073455600018], [-65.14922296199995, 8.551341567], [-65.15090103799997, 8.550684534000084], [-65.15198708299988, 8.55074353700013], [-65.15270611199998, 8.551149544000054], [-65.15356515699989, 8.551714553000181], [-65.15387617399995, 8.552926586000183], [-65.15378917699996, 8.553546598000139], [-65.15342716499993, 8.554237612000122], [-65.15202610299991, 8.555052642000021], [-65.15073505099986, 8.55511065100012], [-65.15030402599996, 8.555893677000086], [-65.14973300999998, 8.556563689000086], [-65.14858995999998, 8.557788725000023], [-65.14686388399991, 8.558193749000168], [-65.14698289799998, 8.558628754000154], [-65.14765893099997, 8.559378771000127], [-65.14855796699993, 8.559232760000043], [-65.14904299099999, 8.559342768000079], [-65.14906899699992, 8.5595717650001], [-65.14846097099996, 8.561273819000064], [-65.14775395099991, 8.562173846], [-65.14750593699995, 8.562817865000113], [-65.14746794499996, 8.563620886000024], [-65.14747594299985, 8.564560903000086], [-65.14734393799995, 8.565203916000087], [-65.14733895699999, 8.567197970000052], [-65.14754996099992, 8.56747098000011], [-65.1481099859999, 8.568152990000044], [-65.14910703399988, 8.568717005000053], [-65.14966406599996, 8.569056010000168], [-65.15027109699992, 8.56983002000004], [-65.15037210299994, 8.570677043000046], [-65.14950507199995, 8.571808078000117], [-65.14861203499999, 8.572527096000101], [-65.14716497199987, 8.57329612500007], [-65.14585091999993, 8.573469136000085], [-65.14481586799991, 8.573776148999968], [-65.1443378489999, 8.574560169], [-65.14443586099992, 8.575132182000175], [-65.14412685499985, 8.57664722900006], [-65.14409385699997, 8.578046257000153], [-65.1441018669999, 8.57889428500016], [-65.1442798729999, 8.580749331000163], [-65.14454789399997, 8.582236362000174], [-65.14584695499997, 8.582958373000167], [-65.14596396899998, 8.583071375000088], [-65.14749203199995, 8.583607386000097], [-65.14839507799996, 8.58401238600004], [-65.14879609799993, 8.584902416000148], [-65.14935912799996, 8.585905435000086], [-65.15022417099993, 8.587089462999984], [-65.15060620099996, 8.588484493000124], [-65.15017918699994, 8.58970353], [-65.14921513599995, 8.590193539000154], [-65.14887313299988, 8.590723563000154], [-65.14906914599993, 8.591913589], [-65.14962216699996, 8.591839584000184], [-65.15055721699997, 8.593045607000079], [-65.15001320099998, 8.594174642000155], [-65.14886914499994, 8.595193668999968], [-65.14620605399995, 8.599228782000182], [-65.14841914199997, 8.598979766000184], [-65.14886116999998, 8.599341772000116], [-65.14951820199997, 8.60045879900008], [-65.15019723999995, 8.601484830000118], [-65.15050225899995, 8.60203183200008], [-65.15121327899988, 8.601635823000095], [-65.15155230099998, 8.600829797000188], [-65.15185631399999, 8.601285815000097], [-65.1529063669999, 8.602421831000129], [-65.15342339599988, 8.603448856000114], [-65.15283237199992, 8.604485891000024], [-65.1522363439999, 8.604834906], [-65.14953522699994, 8.604767916000185], [-65.14866218499992, 8.605211925000049], [-65.14776714899995, 8.605815942], [-65.14724312799996, 8.606507960999977], [-65.14704012099992, 8.606967978000114], [-65.14732013899999, 8.607286988000055], [-65.14767315899991, 8.608085998000092], [-65.1472181389999, 8.60873201600009], [-65.14713213499982, 8.609420037000064], [-65.14764516499997, 8.61003405100007], [-65.14856919999988, 8.610140049000108], [-65.14905722999993, 8.6104800600001], [-65.14931724099995, 8.611119074000044], [-65.14908823999991, 8.61132807600012], [-65.14875222299992, 8.61245410600003], [-65.14896523899995, 8.61300212500015], [-65.14974027899996, 8.61437015600012], [-65.15074132599995, 8.615346176], [-65.15136835299995, 8.615707176000058], [-65.1524404139999, 8.616866204000019], [-65.15334445399992, 8.617317206000052], [-65.15541254499988, 8.618742240000188], [-65.15625159399997, 8.619628258000148], [-65.15711463799994, 8.620651273000135], [-65.15756466399995, 8.621816300000148], [-65.15817869999995, 8.623300337000103], [-65.15955176799997, 8.62457136200004], [-65.16052680899992, 8.625158377], [-65.1612478379999, 8.62570139200011], [-65.16268491499994, 8.626353397000116], [-65.1636119559999, 8.626780403999987], [-65.16401097599999, 8.627487414000086], [-65.16399597299988, 8.628289441000106], [-65.16349795799988, 8.629417471000181], [-65.16320494899998, 8.630153491000101], [-65.16413799899993, 8.631130517000145], [-65.16540705599994, 8.631141508999974], [-65.16555406299995, 8.632011531000046], [-65.16512004499998, 8.632496536000076], [-65.16450101599992, 8.632983552000098], [-65.16376899599993, 8.633700583000177], [-65.16395800499987, 8.634157594000044], [-65.16431402899991, 8.635162613000148], [-65.16464203599998, 8.635686626999984], [-65.16492705999991, 8.636601644000109], [-65.16516707499989, 8.63756166800016], [-65.16565809799994, 8.638198682999985], [-65.1667281469999, 8.63912870300004], [-65.16749718799997, 8.639832718000093], [-65.16790321299999, 8.641295755000101], [-65.16837224099999, 8.642138767000063], [-65.16941428499996, 8.642473773000063], [-65.17040432799996, 8.642188767000107], [-65.1706923449999, 8.643378793000181], [-65.17035733299997, 8.644572819000189], [-65.17006932799995, 8.645859863000112], [-65.16982532499992, 8.646915887000091], [-65.1693773099999, 8.648409922000155], [-65.1688812939999, 8.649629952], [-65.17078238199997, 8.650482974000056], [-65.17212443999983, 8.650882970000112], [-65.17231845399988, 8.651844], [-65.17181443999993, 8.652261010000132], [-65.17109940999995, 8.65231401400007], [-65.17038637799993, 8.652549021000027], [-65.17087839499993, 8.653370038000048], [-65.17146042599995, 8.653823051000131], [-65.17151443799997, 8.654739074000133], [-65.17106141799997, 8.655592095000145], [-65.1702413939999, 8.65681413699997], [-65.16948936599994, 8.657806165000181], [-65.16979937699995, 8.65890419100009], [-65.17072641799996, 8.659285198000077], [-65.17116844599997, 8.65960219599998], [-65.17132045799991, 8.661044232000108], [-65.17074343099995, 8.661118238000029], [-65.17023540599996, 8.661031241000046], [-65.17021341099996, 8.661123242000087], [-65.17049442299998, 8.661602249], [-65.17086943699991, 8.662171269000055], [-65.17057543399994, 8.66283928100006], [-65.16974540099989, 8.66296128700003], [-65.16882235899993, 8.663015297000072], [-65.16771130599989, 8.663508311000157], [-65.16761930499985, 8.663991328000066], [-65.16831333799996, 8.665002353000148], [-65.16912238599997, 8.665782370000102], [-65.16891537099997, 8.666357388000108], [-65.16776132999996, 8.666612394000026], [-65.16695428699995, 8.666912406], [-65.16656227299995, 8.667511418000174], [-65.16640227899995, 8.66859245300003], [-65.16647328499988, 8.669925484000089], [-65.16601427199998, 8.671352528000057], [-65.16509022499991, 8.671376526000074], [-65.16488221299994, 8.670986516000141], [-65.16430518599998, 8.671009519000165], [-65.16271211899988, 8.670575514000063], [-65.16194908799991, 8.670369521000168], [-65.16093504099996, 8.671268545000089], [-65.16082204499992, 8.673154586000123], [-65.16098505199989, 8.673912611000048], [-65.16140208299993, 8.67485463700018], [-65.16267213599997, 8.675312637000047], [-65.16472823299989, 8.676252656000088], [-65.16595229499995, 8.6765036540001], [-65.16717533799988, 8.676340649], [-65.16849140299996, 8.676614647000122], [-65.1689094329999, 8.678728701000068], [-65.1690274469999, 8.68020073800011], [-65.16856742699997, 8.681258762000084], [-65.16760038999996, 8.682893804000173], [-65.16688536399994, 8.683883834000028], [-65.16815642299997, 8.684731856000042], [-65.16903546699996, 8.685742867999977], [-65.16903647699996, 8.68677689600014], [-65.16841444699998, 8.687720925000178], [-65.16756242299994, 8.688963958000045], [-65.16936450799983, 8.68974297700015], [-65.17052056499989, 8.69084499500002], [-65.16929850899987, 8.692273036000131], [-65.16900049899982, 8.693285071000105], [-65.16948552399998, 8.693560066000032], [-65.17057057699998, 8.693696064000108], [-65.17057158399996, 8.694248081000012], [-65.17025057699993, 8.696065135000083], [-65.16972155699995, 8.69760716900015], [-65.16919153899988, 8.698021187000109], [-65.16852350699997, 8.698896215000048], [-65.16815449399996, 8.699357226000075], [-65.16880152999994, 8.699793234000083], [-65.17048861199993, 8.70089425700013], [-65.17159865699995, 8.702088276000097], [-65.17146166199996, 8.70300829700011], [-65.16894354099998, 8.701977284000122], [-65.16887354499988, 8.701793283000086], [-65.16827552299998, 8.703289329000086], [-65.16811652199993, 8.704508353000051], [-65.16756349499991, 8.705566389000182], [-65.16673447199997, 8.706947423000031], [-65.16597343299998, 8.707868452000127], [-65.16512140799995, 8.708882476000042], [-65.16426737099988, 8.709481502000017], [-65.16394736899997, 8.711321545000146], [-65.16274731499988, 8.711553563000166], [-65.16087522299995, 8.710498542000153], [-65.15921314399992, 8.710455553000088], [-65.15785109199993, 8.710618559000068], [-65.15720806399986, 8.712550616000101], [-65.15760009399997, 8.712803616000087], [-65.15912716999992, 8.714916661000075], [-65.15857413899982, 8.715308672000049], [-65.15739709999997, 8.716091702000028], [-65.15753710699988, 8.71710372299998], [-65.15742410899998, 8.71841476000003], [-65.15666308099998, 8.719312789000185], [-65.15611105899995, 8.720439814000088], [-65.15495700899993, 8.721177836000038], [-65.15354894099988, 8.720765837000158], [-65.1522998879999, 8.71975681400005], [-65.15022279399994, 8.720104830000082], [-65.14943976099988, 8.72134787400006], [-65.14962578099988, 8.722243889000026], [-65.15029681499993, 8.7236229290001], [-65.15136186499996, 8.725138952], [-65.1505778369999, 8.726151982000033], [-65.14944678699993, 8.726613008000129], [-65.14900977899993, 8.727603037000051], [-65.14884977399998, 8.728914062000115], [-65.14785873999989, 8.73006509400011], [-65.14762973299997, 8.731376131000161], [-65.14827776299984, 8.731973140999969], [-65.14973383599988, 8.733351172000084], [-65.15047387099992, 8.734545205000188], [-65.1493208249999, 8.735076214000173], [-65.14841878199996, 8.734249204000093], [-65.14654769499987, 8.73340219], [-65.14611067699997, 8.734690227000101], [-65.14592867699997, 8.73623126700005], [-65.14539965799992, 8.737726307000116], [-65.1445236269999, 8.738717331000032], [-65.14281554999997, 8.739271354000152], [-65.14136249299992, 8.740354393000132], [-65.14020944999999, 8.74146041900002], [-65.13954242599988, 8.74291046500008], [-65.13892040899992, 8.744198504000167], [-65.13765235299996, 8.745764547000135], [-65.13647529799994, 8.745674550000047], [-65.13529825799998, 8.746089564000101], [-65.13469823299988, 8.746550577000164], [-65.13456122599985, 8.747516610000048], [-65.13377719599998, 8.747885623000116], [-65.13324716799991, 8.748898652000037], [-65.13262314599996, 8.748761647000151], [-65.13179110899995, 8.74786562300011], [-65.13105306999984, 8.74869465200004], [-65.13015304199996, 8.74894966900007], [-65.12881397699994, 8.748836672000039], [-65.12747290999988, 8.747734643000058], [-65.12677987399985, 8.74757463800006], [-65.12742992099999, 8.749551696000083], [-65.12657588199994, 8.749874708000164], [-65.12604384999997, 8.749553701000139], [-65.12502781299992, 8.749577699000156], [-65.12371174799983, 8.749395702000129], [-65.1229257139999, 8.748661685000059], [-65.12211366599996, 8.74599562700007], [-65.12167364199996, 8.744386583000164], [-65.12086560599988, 8.745008610000014], [-65.12038359399997, 8.746687652000048], [-65.1196905569999, 8.746389645000022], [-65.11883451399996, 8.745425626999975], [-65.11747145399988, 8.744944615000179], [-65.11648040999995, 8.746302662000176], [-65.11645841899991, 8.747291683000014], [-65.11484234199997, 8.747224688000074], [-65.11391830599996, 8.747111690000168], [-65.11385230499985, 8.74906573900006], [-65.11299927399995, 8.749872761000063], [-65.1126292539999, 8.750079777000167], [-65.11177522699995, 8.750103774000081], [-65.11011114299993, 8.748703749000128], [-65.10891008099992, 8.748383750000073], [-65.10731600899993, 8.747787738000113], [-65.10634696699998, 8.748111756000128], [-65.10565493899998, 8.748503768000035], [-65.10431588999995, 8.749126791000151], [-65.10353184799993, 8.749725804999969], [-65.10281682199991, 8.750668829], [-65.10221780199998, 8.751175854000167], [-65.10106375099997, 8.751775875000135], [-65.10025671999989, 8.752282889000185], [-65.1002577189999, 8.753340911000123], [-65.10002872299998, 8.754536947000133], [-65.09869067099993, 8.755964989000177], [-65.09813563599994, 8.755206978000103], [-65.09739661199995, 8.75529997500007], [-65.09672857799995, 8.755805995000173], [-65.09605955199999, 8.75647401000009], [-65.09509051199996, 8.75716603100011], [-65.0946294979999, 8.75801706500016], [-65.09432948499995, 8.758270069000105], [-65.09319843299988, 8.75845607400015], [-65.0923914039999, 8.759446105000109], [-65.09112334599996, 8.760483142], [-65.09017530199986, 8.759909135000044], [-65.08941327599996, 8.759772130000158], [-65.08936827199994, 8.76064615100006], [-65.08872325299996, 8.761521179], [-65.08777520799998, 8.760717157000101], [-65.08706016999997, 8.761661187000072], [-65.08655215499994, 8.761271179000119], [-65.08539810299993, 8.761549197000022], [-65.08489108699996, 8.762308218000044], [-65.08399104899996, 8.763091235000047], [-65.08279099499993, 8.763208252000084], [-65.08200595799991, 8.763439263000066], [-65.08126793099996, 8.764314280000121], [-65.08004487599993, 8.764523297999972], [-65.07958285199999, 8.76427129100017], [-65.07907383099996, 8.763719277000177], [-65.0783107989999, 8.76337527000004], [-65.07761675299992, 8.762319250000075], [-65.0772237409999, 8.761790235000092], [-65.07717672999996, 8.760939215000178], [-65.0772677359999, 8.76013519999998], [-65.07664470599997, 8.75981318800018], [-65.07576566399996, 8.759171173000084], [-65.07412658599998, 8.759150191000117], [-65.07357356799997, 8.759772204000171], [-65.07269653199995, 8.760693233999973], [-65.0718424939999, 8.761016247000157], [-65.07084944199983, 8.760511240000028], [-65.07034042199996, 8.759937218000118], [-65.06990040099998, 8.759018205000018], [-65.06846832599996, 8.75828419100003], [-65.06752228799996, 8.759274222000158], [-65.06646124699989, 8.760218253], [-65.06498518799998, 8.761071277999974], [-65.06424515599997, 8.76075027200011], [-65.06357412099993, 8.759096234000026], [-65.06248706299988, 8.757510194000076], [-65.06163102099993, 8.75682219000015], [-65.06026794799988, 8.756088176000162], [-65.0610529839999, 8.755765164000081], [-65.06070496599995, 8.754707131000032], [-65.06035793999996, 8.753466103], [-65.0591088839999, 8.751789067000175], [-65.05869387099995, 8.752732090000109], [-65.0575398169999, 8.752619093000078], [-65.05677678399985, 8.752137085000186], [-65.05663777299998, 8.751608069000099], [-65.05668276499995, 8.750734049000073], [-65.05663576599989, 8.74990703400016], [-65.0559187209999, 8.749011011000164], [-65.05448666099988, 8.748967015000062], [-65.05397863199994, 8.748161998000171], [-65.05266057499989, 8.746715971000185], [-65.05127450499987, 8.74676297100018], [-65.04945042799994, 8.746650982000062], [-65.04827236699998, 8.746398978000173], [-65.04741732999992, 8.745549961000165], [-65.0461932799999, 8.745412970000075], [-65.04455521099999, 8.746012994000182], [-65.04330815299994, 8.746728017000123], [-65.04284612499998, 8.745785992000037], [-65.04254410499993, 8.744221954000125], [-65.04067301999993, 8.74369595000013], [-65.03914895699995, 8.743743956], [-65.03810889799996, 8.742916934000164], [-65.03545378199993, 8.742874955000161], [-65.03471273899999, 8.741173912000022], [-65.0342277279999, 8.74142691700007], [-65.03291267299994, 8.742072939000082], [-65.0314805999999, 8.74179894200006], [-65.03021154499999, 8.742282957000043], [-65.02910349599995, 8.742997980000098], [-65.02702441099996, 8.742332981000061], [-65.02563833399995, 8.74095495], [-65.02480630099996, 8.740886946000046], [-65.02397526199991, 8.740910955], [-65.02118013699993, 8.739419927000085], [-65.02023207899992, 8.738431904000151], [-65.01903203699993, 8.7387329230001], [-65.01831800899998, 8.740596973000152], [-65.01760197399983, 8.740757977000158], [-65.01707195799992, 8.741771007000125], [-65.01663394299993, 8.742277025000078], [-65.01575690299995, 8.742439036000064], [-65.01450984099995, 8.742234027000052], [-65.01413982999998, 8.741844018000052], [-65.01330778199997, 8.741178009000066], [-65.01312377799985, 8.74145402400012], [-65.01226974299988, 8.742398042000048], [-65.01102269299997, 8.7423760530001], [-65.01065367899992, 8.742768064000131], [-65.01049367199994, 8.743688085000088], [-65.00959464199997, 8.744954130000167], [-65.00927163199998, 8.745759151000073], [-65.00832458399987, 8.74578314900009], [-65.00751654499999, 8.745646157000124], [-65.00629350299994, 8.746039164000024], [-65.00585448099986, 8.746223167999972], [-65.00453841799992, 8.746271185000126], [-65.00433040599995, 8.74613317300009], [-65.00352237699997, 8.745697166000184], [-65.00315235499994, 8.745513166000023], [-65.00043023599994, 8.745424181000033], [-64.99969719699993, 8.745961195000064], [-64.99905517899992, 8.746359215000155], [-64.99817813899995, 8.746438212000044], [-64.99751410499988, 8.744882182000083], [-64.99673006099994, 8.745029186000124], [-64.99397194999989, 8.746186234000106], [-64.99351592499994, 8.746696238000027], [-64.99133483999992, 8.747801288000176], [-64.9890987409999, 8.748193307], [-64.98772168499994, 8.748990327000058], [-64.98622462199995, 8.749351349000108], [-64.98501855699993, 8.748905339000146], [-64.98404951399993, 8.748939342000028], [-64.98302247199996, 8.750008378000189], [-64.98136540999991, 8.750555400000167], [-64.97960632499985, 8.750252397000054], [-64.97873928399997, 8.749136375999967], [-64.97742821499992, 8.747473342000035], [-64.97580813899998, 8.747169333000045], [-64.97460608499995, 8.747113346000106], [-64.97327303099996, 8.747680363000029], [-64.97238800299988, 8.749045398000078], [-64.97163797399992, 8.750180430000057], [-64.97037592099997, 8.750906462000046], [-64.96856982899993, 8.75049045600008], [-64.9666867499999, 8.749361432000114], [-64.96486166799997, 8.749336442000185], [-64.96391562599985, 8.749415451000061], [-64.96320358899999, 8.749722463000069], [-64.96225454199998, 8.74957145899998], [-64.96110449899993, 8.749929475000158], [-64.96056446999995, 8.749176466000108], [-64.95920641599992, 8.749559482000166], [-64.95774734499992, 8.749230473000011], [-64.95786934199998, 8.747758435000094], [-64.95725431399995, 8.746432407000157], [-64.95577224199991, 8.746104404000107], [-64.95550722699994, 8.745118375000175], [-64.95272909899984, 8.744482376], [-64.95018698799998, 8.744373382000049], [-64.94735185399998, 8.74479441200009], [-64.94516076099995, 8.745049423000125], [-64.94228863199999, 8.74429941600016], [-64.94180760599983, 8.744672436000087], [-64.93892547999991, 8.743072403000156], [-64.93769941999989, 8.742878401999974], [-64.93627235199995, 8.743262423999965], [-64.93454628899997, 8.743878448000146], [-64.93263219699986, 8.74408346000007], [-64.93080112699988, 8.745597510000096], [-64.92935406399988, 8.746279529000105], [-64.92765498699998, 8.747217568], [-64.92558190299997, 8.747677582000051], [-64.92374781799998, 8.746846567000148], [-64.92192073699988, 8.746614575000137], [-64.91989264799997, 8.747004595000078], [-64.91845958199997, 8.746881594000115], [-64.91680149299998, 8.745268559000124], [-64.9140953719999, 8.744861569000022], [-64.91299632499994, 8.743609534000086], [-64.91125323699993, 8.74263952400014], [-64.91028518999997, 8.740765478000128], [-64.90992416199992, 8.73939044500014], [-64.91057617899997, 8.737820407000072], [-64.91167022299999, 8.73645236800013], [-64.91156921799995, 8.735672348000094], [-64.91111418799989, 8.734275308000122], [-64.90994813899994, 8.733231293000188], [-64.90864907799994, 8.73269328300006], [-64.90810804299986, 8.731757253000069], [-64.90693698999996, 8.730299222000156], [-64.90611794899996, 8.729365204000146], [-64.90559291199992, 8.727831169000126], [-64.90489187799994, 8.72703415799998], [-64.90480487099995, 8.725426117999973], [-64.90373981499994, 8.72518511100003], [-64.90369680899983, 8.723416069000052], [-64.90261076299993, 8.723359065000125], [-64.90202172899996, 8.722285045999968], [-64.90065566499999, 8.72200104400008], [-64.90034164399992, 8.72074101100003], [-64.89830755699995, 8.720533014000125], [-64.89808253399997, 8.719017980000046], [-64.89706548999993, 8.718890981000072], [-64.89712048499996, 8.71762695000001], [-64.89603343399989, 8.717454944], [-64.89598542399995, 8.715225898000142], [-64.89498237699996, 8.714248872000155], [-64.8940283259999, 8.713637863000088], [-64.89269026799997, 8.713767865000023], [-64.89167322399999, 8.713686877999976], [-64.89109920299995, 8.713991879000105], [-64.88960013999997, 8.714168899000185], [-64.88852908599983, 8.713352875000169], [-64.88751604099997, 8.713593891000016], [-64.88604296199992, 8.711931850999974], [-64.88361385399992, 8.711613856000042], [-64.88147375699998, 8.710188834000121], [-64.87972767399998, 8.711034860000098], [-64.87875363899997, 8.71063185800017], [-64.87704655299996, 8.71078887100009], [-64.87547148399989, 8.710345867000058], [-64.87386040199993, 8.70873182600019], [-64.87360839099995, 8.70678078200001], [-64.8732653589999, 8.704991733000043], [-64.87227631099995, 8.703255700000057], [-64.8706762299999, 8.702628682000011], [-64.86908016099983, 8.702439686000048], [-64.86799811399999, 8.702726703000053], [-64.86658604999997, 8.702420706000055], [-64.86564900099995, 8.701143672000114], [-64.86503697699993, 8.700138654000057], [-64.86307488499995, 8.700159664000012], [-64.86214584499993, 8.699663656000041], [-64.86025475499997, 8.699937669000064], [-64.85931671199995, 8.698637635000125], [-64.85783764499996, 8.69856164000015], [-64.85641256599985, 8.696990608000021], [-64.8541484729999, 8.696968623000032], [-64.85305641799988, 8.696337606000156], [-64.85162635699987, 8.696444620000136], [-64.85033329399988, 8.696504628000127], [-64.84957926599998, 8.697201650000068], [-64.84877623199986, 8.69767065700006], [-64.84806320099995, 8.697999676], [-64.84801954599993, 8.698074400000166], [-64.78349699299991, 8.808517111000015], [-64.78452662899991, 8.808635325000012], [-64.78764866999995, 8.808291613], [-64.80392237599989, 8.806500006000022], [-64.80910899999986, 8.805929], [-64.80997599999984, 8.806201000000158], [-64.811329, 8.807473], [-64.812986, 8.809042], [-64.81382, 8.811331], [-64.81515, 8.812559], [-64.81644399999988, 8.814798], [-64.818046, 8.815539], [-64.819134, 8.817826], [-64.820595, 8.818431], [-64.82218799999987, 8.820413], [-64.824178, 8.820691000000181], [-64.826002, 8.822694000000183], [-64.827962, 8.82242], [-64.829824, 8.823641], [-64.832241, 8.822925000000112], [-64.833404, 8.823648], [-64.835575, 8.823579], [-64.83663799999988, 8.823659], [-64.83954, 8.824961], [-64.84100299999983, 8.825612], [-64.843119, 8.826922], [-64.844743, 8.827571000000148], [-64.84748, 8.828484000000174], [-64.848279, 8.829717], [-64.8491, 8.830857], [-64.849858, 8.832618], [-64.85055199999988, 8.834794], [-64.851081, 8.836742], [-64.8515579999999, 8.838093000000129], [-64.85176399999989, 8.83997600000015], [-64.85183499999988, 8.84225], [-64.85283, 8.844492], [-64.853603, 8.845472000000143], [-64.854528, 8.845623], [-64.85626, 8.845558000000153], [-64.857822, 8.846828], [-64.859586, 8.847613], [-64.860233, 8.851835000000108], [-64.860552, 8.853556], [-64.862109, 8.854366], [-64.864264, 8.854917], [-64.866268, 8.85639], [-64.86783899999989, 8.856441000000189], [-64.869936, 8.85805], [-64.872782, 8.858502000000158], [-64.874337, 8.859083000000112], [-64.876942, 8.858618], [-64.878565, 8.859152000000108], [-64.881842, 8.85884], [-64.884084, 8.858954], [-64.885499, 8.859513000000163], [-64.88508, 8.861264], [-64.88548799999984, 8.862661], [-64.885456, 8.863949], [-64.88555, 8.864132], [-64.885568, 8.865741000000128], [-64.88681999999989, 8.866026], [-64.887766, 8.868039], [-64.888854, 8.868188], [-64.889637, 8.870087000000183], [-64.890307, 8.870079], [-64.891085, 8.871473], [-64.892426, 8.871596000000181], [-64.894082, 8.873026], [-64.8959119999999, 8.873488], [-64.896812, 8.875478], [-64.898508, 8.876310000000103], [-64.899783, 8.876664000000119], [-64.90206099999983, 8.87585700000011], [-64.903041, 8.874651], [-64.903997, 8.875422000000185], [-64.905922, 8.874068], [-64.907117, 8.875549], [-64.90896, 8.874977000000115], [-64.90976499999982, 8.876761000000158], [-64.912055, 8.876989], [-64.913018, 8.878472000000102], [-64.914816, 8.878061], [-64.91509699999983, 8.880495000000167], [-64.91702199999986, 8.881117000000131], [-64.916689, 8.882408], [-64.91672899999986, 8.883924], [-64.916378, 8.88556], [-64.917125, 8.886287000000152], [-64.91651799999988, 8.887764000000118], [-64.917518, 8.88837400000017], [-64.916834, 8.889140000000111], [-64.918987, 8.891644], [-64.918581, 8.892476000000102], [-64.91956399999987, 8.893637], [-64.91963, 8.895452000000148], [-64.921073, 8.896333], [-64.92234999999988, 8.896893], [-64.923534, 8.897409], [-64.924137, 8.897678], [-64.925642, 8.897983000000124], [-64.926703, 8.897764000000109], [-64.928024, 8.898072], [-64.929035, 8.89757800000018], [-64.930448, 8.897861000000148], [-64.932292, 8.897542], [-64.93336, 8.898013000000105], [-64.93504, 8.897419000000184], [-64.936752, 8.89763], [-64.937508, 8.897024], [-64.938439, 8.897612000000152], [-64.939406, 8.897325], [-64.94078, 8.898344000000122], [-64.942779, 8.899356], [-64.943784, 8.900402], [-64.944436, 8.900901000000147], [-64.94458699999984, 8.901933], [-64.944695, 8.903357000000142], [-64.945105, 8.904892000000132], [-64.945958, 8.904699000000164], [-64.94767099999984, 8.905070000000137], [-64.948065, 8.905135], [-64.948861, 8.906068000000118], [-64.948365, 8.907131000000106], [-64.947891, 8.908194000000151], [-64.946244, 8.909614], [-64.9456449999999, 8.909735000000126], [-64.94533499999983, 8.911003], [-64.944402, 8.912231], [-64.94480299999987, 8.912985], [-64.94626199999988, 8.913291000000186], [-64.947857, 8.913365], [-64.948028, 8.914213], [-64.94804899999986, 8.916076], [-64.94796699999989, 8.916973], [-64.94792299999989, 8.919226], [-64.948031, 8.920535], [-64.948941, 8.921329000000185], [-64.94991999999985, 8.922099000000117], [-64.951331, 8.922199], [-64.95293, 8.922640000000115], [-64.954325, 8.923406], [-64.95685, 8.923953], [-64.958067, 8.923296], [-64.9597169999999, 8.922082000000103], [-64.960929, 8.920989], [-64.96233799999987, 8.920973], [-64.964215, 8.921458], [-64.965687, 8.920913], [-64.967093, 8.920575000000156], [-64.96900299999987, 8.919933000000128], [-64.96971, 8.919098000000133], [-64.969819, 8.918521000000169], [-64.970016, 8.917531000000167], [-64.970354, 8.9167920000001], [-64.970695, 8.916282], [-64.971734, 8.916156], [-64.97316399999988, 8.91593300000011], [-64.974736, 8.916007], [-64.97577799999982, 8.916179], [-64.977156, 8.915428], [-64.978465, 8.914816], [-64.979394, 8.913128], [-64.980474, 8.912611], [-64.981835, 8.912457], [-64.984214, 8.912362], [-64.985531, 8.912439], [-64.986732, 8.912402000000156], [-64.987479, 8.913038], [-64.98810999999984, 8.91365100000013], [-64.989021, 8.912538], [-64.989176, 8.911938000000134], [-64.989518, 8.911544], [-64.99036599999988, 8.910937000000104], [-64.990989, 8.910815000000127], [-64.992449, 8.911235], [-64.993561, 8.911544], [-64.9960329999999, 8.911425000000122], [-64.99698599999988, 8.91196600000012], [-64.99765699999989, 8.91198100000014], [-64.99886, 8.912174000000107], [-65.00006299999984, 8.912253], [-65.000659, 8.913878], [-65.001264, 8.914262], [-65.002311, 8.915078], [-65.00236599999988, 8.915698], [-65.002037, 8.917082000000107], [-65.001754, 8.918351000000143], [-65.002127, 8.92027700000017], [-65.002484, 8.921031], [-65.003296, 8.921181], [-65.003797, 8.920645], [-65.004717, 8.920264000000145], [-65.005582, 8.920895000000144], [-65.00609, 8.920842], [-65.006806, 8.920717], [-65.007595, 8.920913], [-65.00830899999988, 8.920695000000137], [-65.00905399999982, 8.921030000000144], [-65.009268, 8.92151], [-65.009626, 8.922309], [-65.010124, 8.923199000000182], [-65.01057, 8.923653], [-65.011538, 8.923386], [-65.012335, 8.922501000000125], [-65.01264499999985, 8.921416], [-65.012752, 8.920839000000115], [-65.01334899999983, 8.920509], [-65.01423099999988, 8.920680000000118], [-65.015085, 8.920553], [-65.016016, 8.920885], [-65.015838, 8.921416], [-65.016287, 8.922145000000171], [-65.015425, 8.923399000000188], [-65.01459299999982, 8.923526], [-65.014576, 8.923963000000128], [-65.015698, 8.924775000000182], [-65.016323, 8.924789], [-65.017553, 8.925048], [-65.018204, 8.925291], [-65.019175, 8.925255000000107], [-65.020003, 8.9248750000001], [-65.02159499999988, 8.924622000000113], [-65.02263099999982, 8.924193000000173], [-65.023922, 8.923876], [-65.0245139999999, 8.923224000000118], [-65.02489899999989, 8.92262], [-65.025545, 8.922473000000139], [-65.026658, 8.922641], [-65.02793899999989, 8.92329], [-65.029751, 8.923862000000156], [-65.03059999999988, 8.923321000000158], [-65.03163599999988, 8.922961], [-65.032429, 8.923479], [-65.033166, 8.923261000000139], [-65.03350399999982, 8.922543], [-65.033895, 8.922423], [-65.03459499999985, 8.922873], [-65.034961, 8.922546000000125], [-65.03571199999988, 8.921661], [-65.03609799999987, 8.921104], [-65.038189, 8.91997], [-65.039414, 8.919907], [-65.040773, 8.919473], [-65.04281, 8.919559000000106], [-65.044267, 8.919538000000102], [-65.044703, 8.919279000000188], [-65.045959, 8.919813000000147], [-65.047232, 8.919864], [-65.048017, 8.919714000000113], [-65.049051, 8.919240000000173], [-65.049676, 8.919277], [-65.05104099999988, 8.91928], [-65.05248, 8.919604000000106], [-65.053956, 8.919330000000173], [-65.05514, 8.919635], [-65.05665, 8.920096000000115], [-65.05730099999988, 8.920294000000126], [-65.058619, 8.920275000000174], [-65.05934, 8.920564000000127], [-65.0599289999999, 8.92136], [-65.059874, 8.92237200000011], [-65.0603789999999, 8.92369900000017], [-65.060936, 8.923852], [-65.061745, 8.92384], [-65.062902, 8.923846], [-65.063596, 8.923813000000166], [-65.06441399999989, 8.92444600000016], [-65.06562899999989, 8.923646], [-65.066393, 8.923704], [-65.066743, 8.923906], [-65.067926, 8.924188000000129], [-65.06819999999988, 8.923908], [-65.06936799999988, 8.923064000000181], [-65.07007799999985, 8.922547], [-65.071019, 8.922005000000127], [-65.072231, 8.92097600000011], [-65.073228, 8.9211], [-65.074403, 8.922439000000168], [-65.075362, 8.923253], [-65.075977, 8.924233000000129], [-65.07598899999988, 8.925061], [-65.07702, 8.926035000000184], [-65.07762, 8.925934000000154], [-65.078745, 8.925343000000112], [-65.079169, 8.925866], [-65.08007499999985, 8.926128], [-65.080669, 8.92727], [-65.080547, 8.928513], [-65.07981799999988, 8.929374], [-65.079806, 8.930156], [-65.080183, 8.930680000000109], [-65.080007, 8.931303000000128], [-65.080256, 8.93261], [-65.081094, 8.932989], [-65.082957, 8.933813000000157], [-65.083996, 8.93366], [-65.08470399999987, 8.93466100000012], [-65.085698, 8.934647], [-65.086878, 8.934653], [-65.088587, 8.934467], [-65.089431, 8.933581000000117], [-65.0902789999999, 8.932994], [-65.09127299999983, 8.932911000000104], [-65.09196, 8.932418], [-65.092599, 8.931788], [-65.092421, 8.930618], [-65.0922379999999, 8.92912600000011], [-65.092806, 8.928359], [-65.093684, 8.928254], [-65.094285, 8.928245], [-65.095542, 8.928825], [-65.096146, 8.928977], [-65.096684, 8.929452], [-65.097589, 8.929669000000104], [-65.098212, 8.929499], [-65.099167, 8.930037], [-65.099932, 8.930095], [-65.100508, 8.929926], [-65.10077699999988, 8.929301], [-65.10156499999988, 8.929474000000141], [-65.102213, 8.929487000000165], [-65.102539, 8.929598000000112], [-65.103191, 8.929956], [-65.103443, 8.929768000000138], [-65.104142, 8.930149], [-65.104084, 8.930909], [-65.104433, 8.931042], [-65.10509, 8.931676], [-65.10548199999988, 8.931624], [-65.10606799999988, 8.932122], [-65.106235, 8.93251000000015], [-65.106792, 8.93268600000016], [-65.10739499999988, 8.932746000000122], [-65.107796, 8.933292], [-65.108058, 8.933909], [-65.10847799999988, 8.934156], [-65.10947899999985, 8.934601000000157], [-65.110306, 8.934199], [-65.110717, 8.933802000000128], [-65.110455, 8.933208], [-65.109921, 8.933100000000138], [-65.109962, 8.932732], [-65.110306, 8.932474], [-65.110507, 8.93198800000016], [-65.110663, 8.931572000000187], [-65.11148899999989, 8.931077], [-65.11268799999988, 8.930761], [-65.11360699999989, 8.930357000000186], [-65.11468999999988, 8.930042], [-65.115342, 8.928653], [-65.116455, 8.928821], [-65.11727499999989, 8.929637000000128], [-65.117936, 8.93057], [-65.11846899999983, 8.930631000000119], [-65.119403, 8.931261], [-65.12005099999988, 8.931275000000142], [-65.12081399999988, 8.93124100000017], [-65.1214839999999, 8.931185000000141], [-65.121898, 8.931018000000165], [-65.122407, 8.931011000000126], [-65.123077, 8.930978], [-65.123445, 8.930789], [-65.123112, 8.930173], [-65.122623, 8.92995], [-65.122408, 8.929424], [-65.12251399999985, 8.92871], [-65.123281, 8.927365], [-65.123913, 8.926183000000151], [-65.124575, 8.925553], [-65.126504, 8.924582], [-65.127616, 8.92456600000014], [-65.12817499999989, 8.924879], [-65.1286889999999, 8.925263], [-65.129408, 8.925344], [-65.13038199999988, 8.92553700000019], [-65.131159, 8.924905], [-65.132113, 8.92530500000015], [-65.132645, 8.925251000000117], [-65.133246, 8.925265], [-65.133585, 8.924686000000122], [-65.1335519999999, 8.923927], [-65.133541, 8.923169], [-65.13292899999988, 8.922419000000104], [-65.132346, 8.922060000000101], [-65.13171099999983, 8.921287], [-65.13249, 8.920770000000118], [-65.13360099999989, 8.9208], [-65.133771, 8.92137200000019], [-65.134471, 8.921845], [-65.135239, 8.922201], [-65.135769, 8.92201], [-65.136604, 8.922181000000137], [-65.137246, 8.92346], [-65.137994, 8.924047], [-65.139042, 8.924537], [-65.140045, 8.925097], [-65.141081, 8.926416], [-65.141671, 8.925579], [-65.14170799999982, 8.924912000000177], [-65.141627, 8.924109000000158], [-65.142034, 8.923459], [-65.141947, 8.922196000000156], [-65.142028, 8.921321], [-65.142607, 8.921427000000108], [-65.143198, 8.92066], [-65.144106, 8.921083], [-65.144375, 8.922137], [-65.145749, 8.922784], [-65.146177, 8.923582], [-65.146732, 8.92362], [-65.147447, 8.92342600000012], [-65.148422, 8.923687], [-65.15017299999988, 8.923133], [-65.150366, 8.922073], [-65.149776, 8.921276], [-65.14900299999988, 8.920552], [-65.14929099999983, 8.919697000000156], [-65.149493, 8.919234000000188], [-65.150091, 8.918950000000166], [-65.150742, 8.919124000000181], [-65.151123, 8.9199], [-65.150993, 8.920592000000113], [-65.15111899999982, 8.92128], [-65.151947, 8.920992000000183], [-65.15237999999988, 8.920480000000111], [-65.152696, 8.9199], [-65.15346099999988, 8.92005], [-65.154601, 8.92053900000019], [-65.155135, 8.920669], [-65.156112, 8.921046], [-65.156809, 8.92131200000017], [-65.157293, 8.92114400000014], [-65.15782599999983, 8.921228000000156], [-65.158357, 8.92115100000018], [-65.158605, 8.920687000000157], [-65.15850299999988, 8.919999], [-65.158537, 8.919102000000123], [-65.158829, 8.91847700000011], [-65.158913, 8.917901], [-65.159566, 8.918259], [-65.160101, 8.918481], [-65.16079899999988, 8.918793000000107], [-65.16120199999983, 8.9195], [-65.161306, 8.92028], [-65.161547, 8.920989], [-65.16203899999988, 8.921419000000128], [-65.16278199999982, 8.921661], [-65.163861, 8.922703000000183], [-65.16454199999987, 8.92347500000011], [-65.16436999999985, 8.924420000000111], [-65.16437899999988, 8.925017000000139], [-65.164687, 8.925565000000176], [-65.165696, 8.926585], [-65.166642, 8.928042000000119], [-65.167317, 8.928331], [-65.16806, 8.92855], [-65.169105, 8.92888], [-65.169087, 8.929248], [-65.16944699999988, 8.930162], [-65.170606, 8.930329], [-65.17132599999985, 8.930549], [-65.17203399999988, 8.929849000000104], [-65.1726599999999, 8.929954], [-65.17294999999984, 8.930801000000145], [-65.173145, 8.931488000000172], [-65.173522, 8.932034], [-65.17399399999988, 8.932717], [-65.17474499999986, 8.933442000000184], [-65.175355, 8.93405300000012], [-65.17653899999988, 8.934358000000145], [-65.177189, 8.934509], [-65.178212, 8.934885], [-65.17923499999984, 8.935261], [-65.179842, 8.935643], [-65.18158099999988, 8.935985], [-65.182554, 8.93604], [-65.183711, 8.936115], [-65.18464499999982, 8.936745], [-65.185806, 8.937073], [-65.187207, 8.937972000000173], [-65.187375, 8.938406], [-65.187397, 8.939969], [-65.18781699999988, 8.94023900000019], [-65.18892, 8.941326], [-65.190213, 8.941215000000113], [-65.191089, 8.94095], [-65.1936639999999, 8.939808], [-65.19536399999987, 8.938955], [-65.196515, 8.938524], [-65.197833, 8.938482], [-65.198952, 8.939132], [-65.200454, 8.938995], [-65.199809, 8.937556], [-65.20055799999983, 8.93653300000011], [-65.201552, 8.936519], [-65.20259, 8.936296], [-65.20305999999988, 8.935163000000102], [-65.204107, 8.93563], [-65.204131, 8.935653000000173], [-65.204414, 8.93604], [-65.205176, 8.935982], [-65.206047, 8.935418], [-65.207169, 8.934596000000113], [-65.20844099999988, 8.934601000000157], [-65.209619, 8.934468000000152], [-65.211003, 8.934195000000159], [-65.211574, 8.933658], [-65.21214, 8.93277600000016], [-65.21294099999989, 8.932166000000109], [-65.21348099999989, 8.932756], [-65.21421, 8.933619], [-65.214984, 8.934320000000184], [-65.215917, 8.934881], [-65.21699, 8.935486], [-65.218005, 8.93524100000019], [-65.218879, 8.934906000000183], [-65.2198489999999, 8.934823], [-65.220205, 8.933783000000176], [-65.22001099999989, 8.933165], [-65.220556, 8.932467000000145], [-65.22122899999988, 8.932595000000106], [-65.2223, 8.933108], [-65.223326, 8.93369100000018], [-65.224465, 8.93411], [-65.22509, 8.934101000000169], [-65.2260619999999, 8.934179], [-65.22681099999988, 8.934742], [-65.22733, 8.935516000000177], [-65.227896, 8.936221000000103], [-65.228758, 8.936691], [-65.229575, 8.937185], [-65.230321, 8.93761], [-65.23151799999988, 8.937179000000128], [-65.23200699999984, 8.937447], [-65.23279899999989, 8.937803], [-65.23342999999988, 8.93830000000014], [-65.234106, 8.938658], [-65.234942, 8.938852000000168], [-65.235986, 8.939113], [-65.237129, 8.939808], [-65.238276, 8.940642000000139], [-65.238232, 8.93924], [-65.237574, 8.938514000000112], [-65.23672199999987, 8.937147000000152], [-65.23680699999989, 8.936663], [-65.238108, 8.935448], [-65.238496, 8.935052000000155], [-65.23891899999984, 8.933919], [-65.2392559999999, 8.933109000000172], [-65.239814, 8.933308000000125], [-65.240287, 8.934037], [-65.240823, 8.934305000000165], [-65.24130699999989, 8.934205], [-65.24162399999983, 8.933718000000113], [-65.242056, 8.933229000000154], [-65.243145, 8.93335], [-65.243504, 8.934196], [-65.24351, 8.934586], [-65.243567, 8.935367], [-65.244065, 8.936234], [-65.244783, 8.936269000000152], [-65.245404, 8.936053], [-65.245909, 8.935746], [-65.246777, 8.935021], [-65.247314, 8.935358], [-65.247667, 8.935789], [-65.248278, 8.9364470000001], [-65.249, 8.936758000000111], [-65.249227, 8.936502], [-65.24996399999986, 8.936261], [-65.250892, 8.936477000000139], [-65.25166599999989, 8.937224000000128], [-65.25229399999989, 8.937468], [-65.253386, 8.937796], [-65.253697, 8.938504000000137], [-65.254013, 8.939603000000147], [-65.25421299999988, 8.940658], [-65.25476, 8.94173], [-65.25479399999989, 8.94246500000014], [-65.254407, 8.942885000000103], [-65.254117, 8.943671000000109], [-65.254328, 8.943829], [-65.255121, 8.94427700000017], [-65.25553999999988, 8.944477000000177], [-65.25555, 8.945167], [-65.25552, 8.946317], [-65.25558199999989, 8.947466], [-65.255664, 8.948361], [-65.25641, 8.948718], [-65.257663, 8.949021], [-65.258517, 8.94891600000011], [-65.259373, 8.948904], [-65.260121, 8.949375], [-65.261142, 8.949613], [-65.262063, 8.949277000000109], [-65.26328799999987, 8.949236], [-65.263387, 8.949694], [-65.263675, 8.950426000000164], [-65.26399, 8.95143300000018], [-65.263773, 8.952447], [-65.263451, 8.954200000000128], [-65.26316999999989, 8.955537000000106], [-65.262881, 8.956369], [-65.262554, 8.957754], [-65.26265699999988, 8.958488], [-65.263154, 8.959331000000134], [-65.263759, 8.959552000000144], [-65.264069, 8.960168000000124], [-65.26449899999989, 8.961173000000144], [-65.26444999999984, 8.962553], [-65.26436599999988, 8.963198], [-65.26383199999987, 8.963045000000136], [-65.262652, 8.962994], [-65.262401, 8.963251000000128], [-65.262429, 8.963572], [-65.263088, 8.96439], [-65.263993, 8.964584000000116], [-65.26476, 8.964825000000133], [-65.26553, 8.965296], [-65.26579099999987, 8.965775], [-65.265897, 8.966693], [-65.266189, 8.967723], [-65.266761, 8.968933], [-65.26720399999988, 8.96918], [-65.268223, 8.96921], [-65.269732, 8.967969], [-65.270459, 8.967062000000112], [-65.270448, 8.96628], [-65.269886, 8.965783], [-65.269303, 8.96547], [-65.268748, 8.965524], [-65.268269, 8.965945], [-65.267668, 8.965977], [-65.267428, 8.965406], [-65.2676259999999, 8.964667], [-65.268431, 8.964356], [-65.269427, 8.964479], [-65.270515, 8.964486], [-65.27126, 8.964843], [-65.27228199999985, 8.965126000000168], [-65.2734119999999, 8.964879000000167], [-65.27374, 8.965196000000105], [-65.27368, 8.965931000000182], [-65.27402599999982, 8.965378], [-65.278628, 8.96543], [-65.279824, 8.969199], [-65.280793, 8.970804000000157], [-65.28284, 8.971906], [-65.284328, 8.974111], [-65.284328, 8.976558000000182], [-65.28215099999989, 8.978785], [-65.28578299999987, 8.978491], [-65.288141, 8.976815000000101], [-65.28819599999986, 8.975109], [-65.2917839999999, 8.976179], [-65.29410999999988, 8.975526], [-65.293967, 8.979961000000173], [-65.298422, 8.984796000000188], [-65.299084, 8.98504300000019], [-65.299793, 8.986949000000152], [-65.299203, 8.989734], [-65.300957, 8.99007500000016], [-65.30122299999982, 8.990790000000175], [-65.30776, 8.9914], [-65.308725, 8.99209500000012], [-65.31063399999982, 8.994167000000175], [-65.30660799999987, 8.996504], [-65.30754, 8.998222000000112], [-65.312454, 9.00001], [-65.312496, 9.000764000000117], [-65.314453, 9.000737], [-65.314513, 9.000935], [-65.314206, 9.002378], [-65.31355499999984, 9.002995000000169], [-65.31322799999987, 9.00382], [-65.313454, 9.004288], [-65.31389399999989, 9.005197000000123], [-65.314653, 9.006391000000121], [-65.31527299999988, 9.007815000000164], [-65.31448299999988, 9.008408], [-65.314109, 9.009347000000105], [-65.314662, 9.010014], [-65.316073, 9.010476], [-65.31639299999989, 9.011555], [-65.3156019999999, 9.012263000000132], [-65.313679, 9.012601], [-65.313144, 9.013196], [-65.31381299999987, 9.013931000000127], [-65.316267, 9.014145], [-65.31760899999989, 9.014217], [-65.31744, 9.016143], [-65.31576799999988, 9.017124], [-65.314286, 9.017257], [-65.313473, 9.017965000000117], [-65.314373, 9.018541], [-65.316246, 9.019303], [-65.317911, 9.019881], [-65.319573, 9.021215], [-65.319659, 9.022890000000132], [-65.319535, 9.025251], [-65.318812, 9.026189], [-65.317326, 9.027308000000119], [-65.31538, 9.027417], [-65.31353, 9.026793000000112], [-65.311722, 9.027177000000108], [-65.310911, 9.027312], [-65.31085799999988, 9.029123], [-65.311595, 9.030203], [-65.31198199999989, 9.031877000000122], [-65.311833, 9.034238], [-65.311452, 9.036988], [-65.310865, 9.038912], [-65.310168, 9.039644], [-65.309465, 9.041659], [-65.308835, 9.042689000000166], [-65.308183, 9.04383300000012], [-65.30889599999989, 9.044959], [-65.309955, 9.046452000000102], [-65.31173399999989, 9.047649], [-65.31277399999988, 9.048042], [-65.314698, 9.047772], [-65.316342, 9.047639], [-65.318172, 9.047874], [-65.31972499999989, 9.047489], [-65.3211869999999, 9.046759000000122], [-65.3221089999999, 9.04790800000012], [-65.321941, 9.049398000000167], [-65.321399, 9.05182600000012], [-65.321323, 9.053545], [-65.322544, 9.055039], [-65.324445, 9.054517], [-65.325953, 9.053880000000106], [-65.327945, 9.053748], [-65.328727, 9.055057000000147], [-65.32871999999986, 9.057074], [-65.328228, 9.05854], [-65.328243, 9.060397], [-65.329863, 9.060699000000113], [-65.33139099999988, 9.060864], [-65.333587, 9.062085], [-65.333699, 9.062934], [-65.334064, 9.064449], [-65.334055, 9.066764], [-65.333978, 9.06875900000017], [-65.332902, 9.071484], [-65.331162, 9.072235], [-65.329077, 9.072206000000108], [-65.327458, 9.071766], [-65.32551699999988, 9.070592000000147], [-65.324334, 9.071024], [-65.324283, 9.072399], [-65.324947, 9.074143000000106], [-65.326379, 9.075362], [-65.328691, 9.076378000000147], [-65.33037799999983, 9.077345], [-65.333174, 9.078774000000124], [-65.33529899999985, 9.080316], [-65.336727, 9.082727], [-65.33604999999989, 9.083963000000153], [-65.333541, 9.085905], [-65.33233699999988, 9.08583300000015], [-65.33008699999988, 9.08656]]]}}, {"type": "Feature", "properties": {"Pais": "Venezuela", "Estado": "Gu\u00e1rico", "Municipio": "Santa Mar\u00eda de Ipire", "Parroquia": "Altamira"}, "geometry": {"type": "Polygon", "coordinates": [[[-65.570572, 8.440989000000172], [-65.57051, 8.441539], [-65.57040199999983, 8.44206400000013], [-65.57024399999989, 8.442749000000106], [-65.56985999999984, 8.443267000000162], [-65.568596, 8.443784000000107], [-65.567804, 8.443992], [-65.56666699999988, 8.444122], [-65.56542, 8.444065000000137], [-65.56466199999988, 8.443906], [-65.56373999999988, 8.443789], [-65.562725, 8.443716], [-65.56195099999985, 8.444085], [-65.56152, 8.444602000000145], [-65.560553, 8.445241], [-65.559602, 8.445353000000125], [-65.55849099999983, 8.445369], [-65.557485, 8.445801], [-65.55633199999988, 8.446481000000176], [-65.555691, 8.447084000000132], [-65.554874, 8.448164000000133], [-65.55462299999988, 8.448870000000113], [-65.553021, 8.449101], [-65.552063, 8.449443], [-65.551214, 8.450017000000173], [-65.550448, 8.450111000000163], [-65.549355, 8.44953], [-65.548857, 8.449148], [-65.548009, 8.448896000000161], [-65.54737099999988, 8.448557000000164], [-65.546948, 8.448798], [-65.54637, 8.448782000000108], [-65.545366, 8.448318], [-65.544059, 8.447111], [-65.54316199999982, 8.446122000000116], [-65.54214, 8.445450000000108], [-65.541011, 8.445328000000188], [-65.539662, 8.444785], [-65.538527, 8.444042], [-65.53751199999988, 8.443923], [-65.536575, 8.44353], [-65.53532899999982, 8.443404000000157], [-65.53417499999989, 8.443349], [-65.531993, 8.443634000000145], [-65.531238, 8.444164000000114], [-65.530817, 8.445141000000149], [-65.530424, 8.445934], [-65.529889, 8.446861000000183], [-65.52866499999982, 8.446828], [-65.527416, 8.446839000000125], [-65.525766, 8.446289], [-65.52526499999988, 8.446826000000101], [-65.525046, 8.448038], [-65.52496699999989, 8.449184000000173], [-65.524995, 8.449828], [-65.52497099999988, 8.450678000000153], [-65.524315, 8.450958], [-65.52363899999989, 8.451146000000165], [-65.52303, 8.451428], [-65.52134199999989, 8.451428], [-65.520332, 8.45114800000016], [-65.51967899999988, 8.450556000000176], [-65.518741, 8.450185], [-65.517995, 8.450395000000185], [-65.517343, 8.451364], [-65.51658, 8.451367000000118], [-65.515984, 8.45118900000017], [-65.51513399999988, 8.450982], [-65.514489, 8.450873000000115], [-65.513652, 8.450207], [-65.511839, 8.450525], [-65.51051399999989, 8.450764000000163], [-65.50909399999983, 8.45109200000013], [-65.507976, 8.450556000000176], [-65.506952, 8.449977], [-65.506087, 8.449494], [-65.50510099999985, 8.449191], [-65.50418799999989, 8.448799000000122], [-65.503499, 8.448619000000122], [-65.502668, 8.448550000000125], [-65.50189099999989, 8.448253], [-65.49895, 8.450599000000182], [-65.498503, 8.447823], [-65.494955, 8.445849000000123], [-65.492203, 8.445021000000168], [-65.49176, 8.441919], [-65.493589, 8.439155], [-65.49601499999983, 8.439982000000157], [-65.497132, 8.44145500000019], [-65.4996139999999, 8.438367], [-65.498382, 8.433631000000105], [-65.49648799999989, 8.429707000000178], [-65.493583, 8.428226], [-65.491614, 8.429521], [-65.487183, 8.432437000000107], [-65.482095, 8.435839], [-65.480833, 8.433223000000112], [-65.479262, 8.42946400000011], [-65.481261, 8.426048], [-65.480333, 8.422781000000157], [-65.479252, 8.418861000000163], [-65.476976, 8.418850000000134], [-65.47503299999988, 8.41835200000014], [-65.474063, 8.418692], [-65.475762, 8.418803], [-65.476386, 8.42155700000012], [-65.47613, 8.421922000000109], [-65.474297, 8.423332], [-65.4740829999999, 8.424248], [-65.473962, 8.425003000000117], [-65.473797, 8.4254600000001], [-65.47311699999989, 8.426809], [-65.472651, 8.427493], [-65.4723709999999, 8.427973], [-65.471836, 8.428428], [-65.47091099999989, 8.428675], [-65.47031, 8.428946], [-65.469613, 8.429606000000149], [-65.46947, 8.430133], [-65.469256, 8.431071], [-65.46920099999988, 8.432125], [-65.4694, 8.433226000000161], [-65.4696229999999, 8.434328], [-65.469663, 8.435107000000187], [-65.46975, 8.435772000000156], [-65.470134, 8.43676], [-65.470289, 8.437609], [-65.47039799999982, 8.438503], [-65.47007299999984, 8.44180200000011], [-65.46962599999989, 8.442899], [-65.46920399999988, 8.443744], [-65.468738, 8.444475000000125], [-65.468223, 8.445434], [-65.46764, 8.446303], [-65.466715, 8.446549000000118], [-65.46546199999989, 8.447596], [-65.464325, 8.448460000000125], [-65.46344, 8.449532], [-65.462999, 8.449988], [-65.46216, 8.451083], [-65.460932, 8.45180900000014], [-65.460071, 8.452812000000165], [-65.458397, 8.45459], [-65.45749099999983, 8.455455], [-65.45690899999988, 8.456185000000175], [-65.455707, 8.456476], [-65.455461, 8.456623], [-65.451948, 8.45947800000016], [-65.44939, 8.460585], [-65.447985, 8.461907], [-65.447243, 8.462406000000101], [-65.446475, 8.463341], [-65.44621599999988, 8.463982000000101], [-65.445492, 8.46505400000018], [-65.443705, 8.466533], [-65.443122, 8.467286000000115], [-65.44247, 8.468130000000144], [-65.441139, 8.470254], [-65.440225, 8.472173000000168], [-65.43987, 8.473271], [-65.439444, 8.474712000000125], [-65.43879, 8.475809], [-65.437995, 8.477202], [-65.43738599999989, 8.478344], [-65.436729, 8.479761], [-65.43588499999987, 8.48159], [-65.434132, 8.484513000000163], [-65.433401, 8.486572000000137], [-65.433741, 8.490378000000135], [-65.434266, 8.491069], [-65.434996, 8.49215], [-65.435126, 8.493182000000104], [-65.435254, 8.494604], [-65.435496, 8.496095], [-65.435532, 8.497425], [-65.435681, 8.498984], [-65.43675699999989, 8.50011400000011], [-65.43804299999988, 8.500786000000119], [-65.439538, 8.501322], [-65.44045299999982, 8.502313000000129], [-65.441092, 8.50328], [-65.44127, 8.504106], [-65.441311, 8.504748000000177], [-65.441225, 8.506879], [-65.441516, 8.508164], [-65.441455, 8.51018], [-65.441447, 8.511189], [-65.441847, 8.513162], [-65.443562, 8.515143000000137], [-65.445051, 8.516413], [-65.445554, 8.517057], [-65.44596299999989, 8.517885], [-65.446027, 8.518435], [-65.445075, 8.519369], [-65.444563, 8.519916], [-65.443928, 8.52151700000013], [-65.443223, 8.523118], [-65.44298, 8.524766], [-65.442993, 8.52605], [-65.443098, 8.527380000000107], [-65.444149, 8.528807], [-65.444858, 8.529522], [-65.445522, 8.530213], [-65.447319, 8.533501000000115], [-65.448991, 8.538095000000112], [-65.449304, 8.539311000000168], [-65.450026, 8.541493], [-65.450473, 8.543306000000143], [-65.450643, 8.545209], [-65.450703, 8.546516000000167], [-65.450359, 8.549195000000168], [-65.449843, 8.550338], [-65.449512, 8.551322], [-65.45001, 8.552562], [-65.450808, 8.553873000000124], [-65.45112099999989, 8.55509000000012], [-65.450653, 8.555981], [-65.44962499999986, 8.557648], [-65.449362, 8.558953], [-65.449495, 8.559664], [-65.450156, 8.56063], [-65.450429, 8.561228], [-65.450699, 8.562100000000157], [-65.45071499999989, 8.563040000000115], [-65.450179, 8.563656], [-65.44978, 8.564548000000173], [-65.4496309999999, 8.565922000000171], [-65.449602, 8.566747], [-65.44955, 8.567549000000156], [-65.448692, 8.568117], [-65.44746099999986, 8.569210000000112], [-65.446368, 8.570349], [-65.4453, 8.571168000000114], [-65.44338299999987, 8.571546000000126], [-65.441379, 8.571121000000119], [-65.439863, 8.570219], [-65.438434, 8.570050000000151], [-65.43684, 8.570269000000167], [-65.43533499999984, 8.571017], [-65.434268, 8.571652], [-65.43267299999985, 8.572124000000144], [-65.43214199999989, 8.572143], [-65.43085, 8.572090000000173], [-65.429191, 8.571874], [-65.427989, 8.572142], [-65.426604, 8.572317000000112], [-65.424534, 8.571502], [-65.42243599999989, 8.571306000000163], [-65.419992, 8.571016000000157], [-65.41800699999988, 8.571142], [-65.416322, 8.571361], [-65.41430899999989, 8.572082], [-65.41264199999989, 8.572806], [-65.411621, 8.573418000000117], [-65.410412, 8.574603], [-65.408998, 8.57548800000012], [-65.40818699999988, 8.575987], [-65.407582, 8.576625], [-65.40718, 8.577906], [-65.40647199999984, 8.579942], [-65.406086, 8.58216300000015], [-65.405636, 8.583581], [-65.4051889999999, 8.584747000000107], [-65.40447199999983, 8.584949000000108], [-65.403411, 8.584943000000123], [-65.402054, 8.584362], [-65.401794, 8.585208], [-65.401577, 8.586353], [-65.401202, 8.587129000000175], [-65.39882199999988, 8.587574], [-65.39757, 8.588391000000115], [-65.396869, 8.58953300000013], [-65.394717, 8.590322], [-65.394552, 8.590802000000167], [-65.394082, 8.591922], [-65.393171, 8.593315], [-65.39164, 8.59445200000016], [-65.39056799999986, 8.595821000000115], [-65.389869, 8.596665000000144], [-65.387849, 8.598326], [-65.386086, 8.599415000000135], [-65.38511299999988, 8.599913000000129], [-65.381802, 8.601337000000171], [-65.380342, 8.602153000000158], [-65.378973, 8.603245000000129], [-65.377857, 8.604316], [-65.37678299999988, 8.605890000000102], [-65.375861, 8.608750000000157], [-65.375963, 8.610423], [-65.376208, 8.611617], [-65.376381, 8.613108000000125], [-65.37682499999988, 8.615288], [-65.377191, 8.615748], [-65.37806399999982, 8.616235], [-65.379173, 8.618923], [-65.37919099999988, 8.619611000000134], [-65.379093, 8.620298000000105], [-65.378715, 8.62151], [-65.378476, 8.622517], [-65.378519, 8.622999000000107], [-65.378351, 8.623731000000134], [-65.378294, 8.625152000000128], [-65.379808, 8.626261], [-65.379871, 8.627178], [-65.37986599999988, 8.62782], [-65.379789, 8.628736000000174], [-65.379787, 8.628966], [-65.37978299999986, 8.629516], [-65.379641, 8.630019000000118], [-65.379359, 8.630659], [-65.37896, 8.631459], [-65.37870099999986, 8.632191], [-65.378675, 8.632534], [-65.378668, 8.633406], [-65.378617, 8.634093], [-65.37852, 8.634666], [-65.378398, 8.635513000000117], [-65.377857, 8.63688500000012], [-65.377645, 8.6374560000001], [-65.377595, 8.63796], [-65.37756699999983, 8.63851000000011], [-65.377577, 8.640206], [-65.377804, 8.640712], [-65.378211, 8.641815000000179], [-65.378412, 8.642595], [-65.378339, 8.643145], [-65.378058, 8.643693000000155], [-65.377543, 8.644607], [-65.377286, 8.645064], [-65.376611, 8.645747], [-65.375798, 8.646430000000123], [-65.375102, 8.646953], [-65.374264, 8.647887], [-65.373125, 8.648866], [-65.372822, 8.649345], [-65.372236, 8.65048800000011], [-65.371645, 8.652226], [-65.371178, 8.653048], [-65.370642, 8.653710000000103], [-65.369874, 8.654507000000137], [-65.36964, 8.65496400000012], [-65.369637, 8.655354], [-65.368914, 8.656289000000129], [-65.368703, 8.6567], [-65.368488, 8.657593], [-65.368622, 8.65825800000016], [-65.368779, 8.658741], [-65.36870499999986, 8.659428000000162], [-65.36823999999984, 8.65988300000015], [-65.367548, 8.659810000000164], [-65.367179, 8.659739000000116], [-65.36658099999988, 8.659529], [-65.366164, 8.659733000000188], [-65.365304, 8.660576000000106], [-65.365024, 8.660895], [-65.364767, 8.661306000000138], [-65.364648, 8.660983], [-65.362564, 8.665945], [-65.36254799999989, 8.667087], [-65.36300299999988, 8.669372000000124], [-65.365111, 8.669709000000125], [-65.37045499999988, 8.671038000000124], [-65.371251, 8.672185000000184], [-65.3757389999999, 8.67661], [-65.376839, 8.679225], [-65.3784179999999, 8.682495], [-65.379342, 8.686088000000154], [-65.381593, 8.687730000000101], [-65.382679, 8.691324000000122], [-65.383111, 8.695241], [-65.38422, 8.697203000000172], [-65.38465799999989, 8.7006310000001], [-65.384769, 8.70422], [-65.385382, 8.706833], [-65.385467, 8.712217], [-65.385589, 8.714991], [-65.38423299999988, 8.7189], [-65.385036, 8.719556000000125], [-65.38581999999985, 8.721517], [-65.388871, 8.724141], [-65.389286, 8.729200000000162], [-65.39102899999989, 8.732308000000103], [-65.39132099999989, 8.734593000000132], [-65.391418, 8.739161], [-65.39318699999984, 8.740474000000177], [-65.394129, 8.742762000000141], [-65.396509, 8.746851], [-65.39926, 8.747680000000116], [-65.400827, 8.751765], [-65.403797, 8.759936], [-65.405208, 8.763531000000114], [-65.4093539999999, 8.769097], [-65.411462, 8.769433000000163], [-65.41352399999988, 8.773031000000117], [-65.41755999999987, 8.775008], [-65.42014399999988, 8.776162], [-65.42271099999982, 8.778457000000174], [-65.424654, 8.778956000000107], [-65.425234, 8.783852], [-65.4291439999999, 8.783218], [-65.433836, 8.784708000000137], [-65.436942, 8.78358], [-65.44054299999988, 8.781803], [-65.4432609999999, 8.784915000000183], [-65.445207, 8.78525000000019], [-65.447824, 8.784121], [-65.4502619999999, 8.784132], [-65.453225, 8.781536], [-65.45636699999983, 8.777799], [-65.45895899999988, 8.778463000000158], [-65.460598, 8.777492000000109], [-65.46542, 8.781266], [-65.46787199999989, 8.780299000000184], [-65.475711, 8.777726], [-65.481251, 8.776773000000105], [-65.48453499999988, 8.77450400000015], [-65.486499, 8.773535], [-65.49006999999989, 8.773878], [-65.4928, 8.77617400000014], [-65.49378, 8.7758520000001], [-65.494225, 8.778791000000126], [-65.494421, 8.778689], [-65.494543, 8.77928100000014], [-65.494496, 8.782544000000144], [-65.495954, 8.782877000000155], [-65.496263, 8.78402], [-65.499003, 8.785664000000168], [-65.5003119999999, 8.785018], [-65.505526, 8.784226], [-65.50930099999982, 8.781634000000167], [-65.51177399999989, 8.77919900000012], [-65.51714, 8.779060000000186], [-65.52024, 8.778258], [-65.527282, 8.77533000000011], [-65.526982, 8.774253000000158], [-65.526465, 8.772848], [-65.525698, 8.77112000000011], [-65.525236, 8.769144], [-65.52496499999984, 8.768522], [-65.52412, 8.767526], [-65.523696, 8.766215000000159], [-65.523668, 8.764656000000116], [-65.5239, 8.762711000000138], [-65.524345, 8.760378], [-65.524366, 8.758637], [-65.524591, 8.757241], [-65.526215, 8.757008], [-65.52843499999989, 8.755361], [-65.52992799999987, 8.7545310000001], [-65.532096, 8.753319], [-65.534439, 8.75298], [-65.537136, 8.752072], [-65.53907, 8.751063], [-65.541415, 8.750563], [-65.543862, 8.749309], [-65.546065, 8.748991], [-65.547902, 8.748371], [-65.550133, 8.747755], [-65.55245299999984, 8.7474610000001], [-65.55408499999987, 8.746518], [-65.55570099999989, 8.745], [-65.557607, 8.744358], [-65.559764, 8.744085], [-65.56103399999989, 8.74439800000016], [-65.562461, 8.745148], [-65.563852, 8.745027000000164], [-65.56540299999983, 8.745045], [-65.566685, 8.744373], [-65.56824399999988, 8.743749], [-65.5705779999999, 8.74412], [-65.573377, 8.744336], [-65.57657599999987, 8.744144], [-65.57975, 8.744021], [-65.581597, 8.742576], [-65.583139, 8.741379000000109], [-65.584057, 8.740129], [-65.58545, 8.737876], [-65.586447, 8.735802000000149], [-65.587069, 8.734137], [-65.587504, 8.732583], [-65.588357, 8.730966], [-65.589523, 8.730223], [-65.590789, 8.728955], [-65.59118599999988, 8.726690000000133], [-65.591784, 8.725070000000187], [-65.592012, 8.723423], [-65.592701, 8.721918000000187], [-65.594044, 8.719963], [-65.595296, 8.717869000000178], [-65.59666, 8.71612], [-65.598851, 8.714885], [-65.600418, 8.713597], [-65.602364, 8.711602000000141], [-65.603704, 8.709875], [-65.604753, 8.707367], [-65.606247, 8.704313000000127], [-65.607161, 8.701436000000115], [-65.608759, 8.699461000000156], [-65.60984399999984, 8.6978], [-65.6098899999999, 8.695807000000116], [-65.610193, 8.693725], [-65.611911, 8.691362], [-65.612901, 8.689838], [-65.614317, 8.687562], [-65.61593099999988, 8.686137], [-65.61764099999988, 8.686455000000137], [-65.618532, 8.685526], [-65.61982, 8.684234], [-65.620238, 8.684193], [-65.619945, 8.683456000000149], [-65.619233, 8.68296700000019], [-65.618405, 8.682545], [-65.618026, 8.681326000000126], [-65.61829399999982, 8.680160000000114], [-65.61855, 8.678078000000141], [-65.61900699999984, 8.676662], [-65.618539, 8.675143000000105], [-65.61603, 8.67387600000012], [-65.613406, 8.672585], [-65.6102, 8.671563], [-65.608113, 8.669888000000185], [-65.60655999999989, 8.668106], [-65.604882, 8.666963000000123], [-65.603735, 8.666102], [-65.60235699999987, 8.665169000000162], [-65.601697, 8.664222000000166], [-65.600443, 8.663693], [-65.59919699999989, 8.661936], [-65.598553, 8.66015], [-65.5985639999999, 8.658910000000105], [-65.598599, 8.656844], [-65.59822999999989, 8.65433], [-65.597578, 8.651189], [-65.59710999999987, 8.648925000000133], [-65.59591, 8.646343], [-65.594512, 8.644238], [-65.593852, 8.642176], [-65.59376899999984, 8.639372], [-65.5935209999999, 8.6367], [-65.59305, 8.633702], [-65.592138, 8.631564], [-65.59129, 8.63048300000014], [-65.590124, 8.627512000000138], [-65.58981199999988, 8.624632], [-65.58884, 8.622171], [-65.58855, 8.620969], [-65.587949, 8.619276000000127], [-65.587484, 8.617724000000123], [-65.5868569999999, 8.616145], [-65.58516, 8.613986000000125], [-65.583607, 8.612428], [-65.58170299999989, 8.610217], [-65.580927, 8.609025000000145], [-65.58039699999983, 8.607333000000153], [-65.58027, 8.606090000000108], [-65.57906699999984, 8.604449], [-65.577394, 8.603072000000168], [-65.576204, 8.601799], [-65.575252, 8.600280000000112], [-65.5747439999999, 8.59695900000014], [-65.574264, 8.595131], [-65.57319199999984, 8.59292], [-65.57260999999988, 8.590607], [-65.572636, 8.588058000000103], [-65.572921, 8.586158000000125], [-65.57317, 8.583868], [-65.57249499999989, 8.580749], [-65.57090199999988, 8.578179], [-65.569332, 8.575587000000155], [-65.568381, 8.573218], [-65.568061, 8.569809], [-65.568043, 8.567167000000154], [-65.568025, 8.565352], [-65.56736, 8.56267], [-65.567012, 8.561098000000186], [-65.566394, 8.55922100000015], [-65.565817, 8.556724000000145], [-65.565779, 8.553163], [-65.566128, 8.550623], [-65.566502, 8.548037], [-65.567439, 8.5468], [-65.56882699999989, 8.545159000000183], [-65.56958, 8.54224], [-65.570297, 8.539778], [-65.571343, 8.536338], [-65.5721989999999, 8.533031000000165], [-65.572263, 8.530782], [-65.5731219999999, 8.526579], [-65.573068, 8.524395], [-65.573307, 8.522472000000107], [-65.574378, 8.521422], [-65.576848, 8.520800000000122], [-65.578843, 8.520601], [-65.580708, 8.520055000000127], [-65.582612, 8.519808000000126], [-65.586174, 8.52059400000013], [-65.5892439999999, 8.520815000000141], [-65.591684, 8.521226], [-65.593787, 8.521306], [-65.595768, 8.52156600000012], [-65.59730799999988, 8.52108], [-65.598849, 8.520616000000189], [-65.600957, 8.520489000000168], [-65.602471, 8.51929], [-65.603204, 8.516278000000113], [-65.60322299999984, 8.513936000000115], [-65.602374, 8.512075000000152], [-65.601208, 8.510780000000125], [-65.599744, 8.509361000000126], [-65.598488, 8.507949000000167], [-65.596963, 8.507081000000142], [-65.59514499999989, 8.506756], [-65.594096, 8.506245], [-65.593632, 8.504647], [-65.593842, 8.502126000000146], [-65.59327599999989, 8.500871000000188], [-65.59214, 8.499324000000115], [-65.591672, 8.497083000000146], [-65.59122899999988, 8.495578000000137], [-65.59043999999989, 8.494018], [-65.590306, 8.492222], [-65.59215399999988, 8.487708000000168], [-65.591892, 8.486822], [-65.590593, 8.485316000000125], [-65.589433, 8.483815000000106], [-65.58818699999983, 8.479623], [-65.58829, 8.478455], [-65.588294, 8.476663], [-65.58829, 8.475170000000162], [-65.588202, 8.474203000000102], [-65.587017, 8.472769], [-65.584131, 8.470968000000141], [-65.583451, 8.470467], [-65.58289999999988, 8.468684000000167], [-65.583091, 8.466023], [-65.582744, 8.465210000000127], [-65.581855, 8.464772], [-65.580935, 8.463737], [-65.580807, 8.461712], [-65.580888, 8.45967], [-65.58069599999988, 8.4582860000001], [-65.580182, 8.45684800000015], [-65.579344, 8.454574], [-65.57848, 8.452414], [-65.577685, 8.451106], [-65.576621, 8.44947], [-65.575832, 8.447105000000136], [-65.5754869999999, 8.445419], [-65.57540399999988, 8.443441000000178], [-65.575175, 8.441758], [-65.57431899999989, 8.4393], [-65.573722, 8.438605], [-65.570572, 8.440989000000172]]]}}]}