{
  "type": "FeatureCollection",
  "features": [
    {
      "type": "Feature",
      "properties": {
        "Pais": "Venezuela",
        "Estado": "Bolívar",
        "Municipio": "Sifontes"
      },
      "geometry": {
        "type": "Polygon",
        "coordinates": [
          [
            [
              -61.24300041699985,
              7.903028158000154
            ],
            [
              -61.28876882799989,
              7.978782983000144
            ],
            [
              -61.28968263899992,
              7.977143492000152
            ],
            [
              -61.289691864999895,
              7.977126939000073
            ],
            [
              -61.29245513799998,
              7.976257105000059
            ],
            [
              -61.30985878299998,
              7.970778688
            ],
            [
              -61.31833516599994,
              7.96874760999998
            ],
            [
              -61.32887564899994,
              7.965805490000093
            ],
            [
              -61.333231843999954,
              7.963984422000067
            ],
            [
              -61.34435533899989,
              7.958398229000181
            ],
            [
              -61.354097770999886,
              7.954762096000138
            ],
            [
              -61.38093696599992,
              7.940387612000052
            ],
            [
              -61.39285549699986,
              7.935954456000047
            ],
            [
              -61.40225491499996,
              7.93185530400018
            ],
            [
              -61.40718913799992,
              7.928656205999971
            ],
            [
              -61.41121030899984,
              7.924992093000128
            ],
            [
              -61.4152194859999,
              7.92386005200018
            ],
            [
              -61.4163735329999,
              7.921793988000104
            ],
            [
              -61.42612396299995,
              7.916084806000072
            ],
            [
              -61.428309054999886,
              7.913563724000028
            ],
            [
              -61.43382528799998,
              7.908180559000016
            ],
            [
              -61.43776043799994,
              7.898189287000093
            ],
            [
              -61.43975648899993,
              7.887037984000131
            ],
            [
              -61.44012748099988,
              7.881056821000072
            ],
            [
              -61.44141451499996,
              7.874849661000042
            ],
            [
              -61.44189252199982,
              7.870250534000093
            ],
            [
              -61.441900508999936,
              7.868524488000048
            ],
            [
              -61.44397759399993,
              7.864737375000175
            ],
            [
              -61.45016587099991,
              7.86211829299998
            ],
            [
              -61.455675107999866,
              7.858000165000135
            ],
            [
              -61.46129436199993,
              7.854803052000022
            ],
            [
              -61.46921669999995,
              7.848279847000015
            ],
            [
              -61.472323834999884,
              7.844036724000034
            ],
            [
              -61.471202765999976,
              7.839084606000142
            ],
            [
              -61.46424242199987,
              7.83548753700012
            ],
            [
              -61.45831513099989,
              7.831090447000122
            ],
            [
              -61.45387691099995,
              7.826123334999977
            ],
            [
              -61.45207280699998,
              7.820478185000127
            ],
            [
              -61.45072171999993,
              7.815755065000133
            ],
            [
              -61.46269421099993,
              7.798780574000091
            ],
            [
              -61.49024653699985,
              7.810442784000145
            ],
            [
              -61.490288645999954,
              7.810479857000075
            ],
            [
              -61.492407227999934,
              7.809986968999965
            ],
            [
              -61.50035452599997,
              7.808454704000098
            ],
            [
              -61.50819,
              7.806944
            ],
            [
              -61.50864780599994,
              7.805626455000152
            ],
            [
              -61.5088619739999,
              7.805010087000142
            ],
            [
              -61.514868,
              7.787725
            ],
            [
              -61.51955923799994,
              7.781095281000091
            ],
            [
              -61.53895,
              7.753692000000171
            ],
            [
              -61.551481,
              7.739255
            ],
            [
              -61.56978199999986,
              7.727738000000159
            ],
            [
              -61.576837,
              7.717093
            ],
            [
              -61.576312,
              7.705164
            ],
            [
              -61.578233999999895,
              7.697534
            ],
            [
              -61.587083,
              7.693482000000188
            ],
            [
              -61.60514199999989,
              7.693579
            ],
            [
              -61.61417099999983,
              7.69362800000016
            ],
            [
              -61.623413,
              7.689920000000143
            ],
            [
              -61.632716,
              7.679100000000176
            ],
            [
              -61.639567,
              7.670321000000172
            ],
            [
              -61.640208,
              7.664964000000111
            ],
            [
              -61.636793999999895,
              7.650856
            ],
            [
              -61.637057,
              7.642339
            ],
            [
              -61.635847999999896,
              7.63298900000018
            ],
            [
              -61.633353,
              7.625346
            ],
            [
              -61.63250099999988,
              7.615197000000137
            ],
            [
              -61.636139,
              7.603281
            ],
            [
              -61.644755,
              7.581198
            ],
            [
              -61.64533299999988,
              7.574297
            ],
            [
              -61.644521,
              7.56841
            ],
            [
              -61.639362,
              7.56268
            ],
            [
              -61.634874,
              7.557882
            ],
            [
              -61.633074,
              7.556239000000176
            ],
            [
              -61.627381,
              7.541863000000149
            ],
            [
              -61.629263,
              7.519206
            ],
            [
              -61.6299,
              7.515415000000132
            ],
            [
              -61.629193,
              7.510106000000121
            ],
            [
              -61.629807,
              7.507698
            ],
            [
              -61.6312,
              7.506454000000133
            ],
            [
              -61.63317599999988,
              7.504530000000102
            ],
            [
              -61.635147,
              7.502950000000112
            ],
            [
              -61.629075,
              7.497205000000122
            ],
            [
              -61.627657,
              7.493265
            ],
            [
              -61.626227,
              7.490132
            ],
            [
              -61.623994,
              7.487100000000169
            ],
            [
              -61.62395,
              7.476502
            ],
            [
              -61.622429999999895,
              7.465420000000108
            ],
            [
              -61.620358,
              7.459742000000176
            ],
            [
              -61.61871599999989,
              7.455568000000142
            ],
            [
              -61.617488,
              7.453935
            ],
            [
              -61.617515,
              7.445874
            ],
            [
              -61.618397,
              7.441167000000178
            ],
            [
              -61.625848,
              7.426780000000122
            ],
            [
              -61.62765,
              7.421743000000106
            ],
            [
              -61.631358,
              7.418811000000119
            ],
            [
              -61.635186,
              7.415535000000148
            ],
            [
              -61.639673,
              7.413883
            ],
            [
              -61.64949399999989,
              7.401149
            ],
            [
              -61.65386499999988,
              7.399494
            ],
            [
              -61.65515999999985,
              7.397328
            ],
            [
              -61.656926,
              7.394363
            ],
            [
              -61.66027999999989,
              7.392116000000101
            ],
            [
              -61.662689,
              7.391581
            ],
            [
              -61.666717,
              7.389921
            ],
            [
              -61.667523,
              7.389589000000115
            ],
            [
              -61.673987999999895,
              7.379217
            ],
            [
              -61.675336,
              7.373941000000173
            ],
            [
              -61.67674099999988,
              7.372007
            ],
            [
              -61.678294,
              7.368117
            ],
            [
              -61.678015,
              7.364426
            ],
            [
              -61.68298499999986,
              7.361169000000132
            ],
            [
              -61.68495,
              7.359935
            ],
            [
              -61.687208,
              7.354905
            ],
            [
              -61.688288,
              7.351929
            ],
            [
              -61.688823,
              7.347446000000161
            ],
            [
              -61.68944199999987,
              7.344692
            ],
            [
              -61.690174,
              7.342056
            ],
            [
              -61.69105899999988,
              7.337118
            ],
            [
              -61.692596,
              7.322821000000147
            ],
            [
              -61.692084,
              7.321984
            ],
            [
              -61.691852,
              7.321565
            ],
            [
              -61.691713,
              7.3211
            ],
            [
              -61.691762,
              7.320636
            ],
            [
              -61.691764,
              7.32003200000014
            ],
            [
              -61.691953,
              7.319476000000122
            ],
            [
              -61.692422,
              7.319059
            ],
            [
              -61.69289,
              7.319015
            ],
            [
              -61.693593,
              7.318878
            ],
            [
              -61.694061,
              7.318787000000157
            ],
            [
              -61.694669,
              7.318696000000102
            ],
            [
              -61.69509199999982,
              7.318326
            ],
            [
              -61.695467,
              7.318049
            ],
            [
              -61.696029999999894,
              7.317587000000174
            ],
            [
              -61.696266,
              7.317077
            ],
            [
              -61.696362,
              7.316474
            ],
            [
              -61.696364,
              7.315916000000129
            ],
            [
              -61.696366,
              7.315313000000117
            ],
            [
              -61.6963209999999,
              7.314755000000162
            ],
            [
              -61.69618299999985,
              7.31429
            ],
            [
              -61.695951,
              7.313732
            ],
            [
              -61.695859,
              7.313268
            ],
            [
              -61.695861,
              7.312757
            ],
            [
              -61.695957,
              7.312200000000132
            ],
            [
              -61.696006,
              7.311643
            ],
            [
              -61.69605399999983,
              7.311086000000159
            ],
            [
              -61.69610299999988,
              7.310575000000142
            ],
            [
              -61.696104999999875,
              7.310018
            ],
            [
              -61.696154,
              7.309554
            ],
            [
              -61.696202,
              7.30909
            ],
            [
              -61.696204,
              7.30848600000013
            ],
            [
              -61.696206,
              7.308022000000108
            ],
            [
              -61.696208,
              7.307511000000147
            ],
            [
              -61.69621,
              7.306907
            ],
            [
              -61.696212,
              7.30635000000018
            ],
            [
              -61.696074,
              7.305792000000167
            ],
            [
              -61.695936,
              7.305234
            ],
            [
              -61.695798,
              7.304630000000145
            ],
            [
              -61.69566,
              7.304072000000133
            ],
            [
              -61.695475,
              7.303468
            ],
            [
              -61.695336,
              7.302910000000111
            ],
            [
              -61.695011,
              7.302259
            ],
            [
              -61.694593999999825,
              7.301329
            ],
            [
              -61.69426899999985,
              7.30063100000018
            ],
            [
              -61.69389699999988,
              7.300026
            ],
            [
              -61.693571,
              7.299607
            ],
            [
              -61.692547,
              7.298256000000151
            ],
            [
              -61.692174,
              7.297744
            ],
            [
              -61.691802,
              7.297232000000179
            ],
            [
              -61.691523,
              7.2968130000001
            ],
            [
              -61.69105699999983,
              7.296300000000144
            ],
            [
              -61.690592,
              7.295649
            ],
            [
              -61.69026599999984,
              7.295044000000132
            ],
            [
              -61.689894,
              7.294532
            ],
            [
              -61.689567999999895,
              7.294112
            ],
            [
              -61.689196,
              7.2936
            ],
            [
              -61.688776,
              7.293181000000175
            ],
            [
              -61.68840299999988,
              7.292808
            ],
            [
              -61.687937,
              7.292342
            ],
            [
              -61.68751799999984,
              7.291969
            ],
            [
              -61.687051,
              7.291688
            ],
            [
              -61.686583,
              7.291687
            ],
            [
              -61.685928,
              7.291777
            ],
            [
              -61.685366,
              7.291914000000133
            ],
            [
              -61.684757,
              7.292005
            ],
            [
              -61.684194999999875,
              7.292189000000178
            ],
            [
              -61.683773,
              7.292419
            ],
            [
              -61.683443999999895,
              7.292836
            ],
            [
              -61.683068999999875,
              7.293206000000112
            ],
            [
              -61.682646,
              7.293669
            ],
            [
              -61.682224,
              7.294039000000112
            ],
            [
              -61.681848,
              7.294316
            ],
            [
              -61.681286,
              7.294407
            ],
            [
              -61.680585,
              7.294451
            ],
            [
              -61.68011699999988,
              7.2944490000001
            ],
            [
              -61.679509,
              7.294447000000105
            ],
            [
              -61.67894699999988,
              7.294398000000172
            ],
            [
              -61.67848,
              7.294304000000182
            ],
            [
              -61.678012,
              7.294209000000137
            ],
            [
              -61.67735899999985,
              7.293928000000165
            ],
            [
              -61.676705,
              7.293415
            ],
            [
              -61.67596,
              7.292669000000103
            ],
            [
              -61.675634,
              7.29225
            ],
            [
              -61.675261,
              7.291738000000123
            ],
            [
              -61.674889,
              7.291318
            ],
            [
              -61.674563,
              7.290806000000146
            ],
            [
              -61.674238999999886,
              7.290016000000151
            ],
            [
              -61.673913,
              7.289504
            ],
            [
              -61.673635,
              7.288760000000138
            ],
            [
              -61.673450999999886,
              7.288016
            ],
            [
              -61.67322,
              7.287226
            ],
            [
              -61.67313,
              7.286343000000159
            ],
            [
              -61.673132,
              7.285786
            ],
            [
              -61.673134,
              7.285043
            ],
            [
              -61.673136,
              7.284532
            ],
            [
              -61.673138,
              7.284021
            ],
            [
              -61.67333,
              7.282861
            ],
            [
              -61.67356699999988,
              7.282073
            ],
            [
              -61.673617,
              7.281144
            ],
            [
              -61.673712,
              7.28068
            ],
            [
              -61.673761,
              7.279984000000184
            ],
            [
              -61.674138,
              7.279335000000117
            ],
            [
              -61.674421,
              7.2787790000001
            ],
            [
              -61.674563,
              7.278222
            ],
            [
              -61.674611999999854,
              7.277711
            ],
            [
              -61.674615,
              7.276968
            ],
            [
              -61.674898,
              7.27636600000011
            ],
            [
              -61.675087,
              7.275670000000105
            ],
            [
              -61.675183,
              7.275067000000149
            ],
            [
              -61.675373,
              7.274417
            ],
            [
              -61.675468,
              7.273907
            ],
            [
              -61.675751,
              7.27349
            ],
            [
              -61.6760799999999,
              7.272841000000142
            ],
            [
              -61.676317,
              7.272145000000137
            ],
            [
              -61.676412,
              7.271681000000115
            ],
            [
              -61.676461,
              7.271124
            ],
            [
              -61.676744,
              7.270522000000142
            ],
            [
              -61.677151,
              7.270089
            ],
            [
              -61.677714,
              7.269158
            ],
            [
              -61.678463,
              7.268600000000106
            ],
            [
              -61.679307,
              7.267949
            ],
            [
              -61.680149999999855,
              7.267112
            ],
            [
              -61.680899999999895,
              7.26627400000018
            ],
            [
              -61.68043399999982,
              7.265341
            ],
            [
              -61.679311,
              7.265432000000146
            ],
            [
              -61.678376,
              7.265431
            ],
            [
              -61.677534,
              7.264963
            ],
            [
              -61.676787,
              7.264216
            ],
            [
              -61.676227,
              7.2634690000001
            ],
            [
              -61.676136,
              7.26235
            ],
            [
              -61.676138,
              7.261139
            ],
            [
              -61.67614,
              7.260020000000168
            ],
            [
              -61.675674,
              7.259180000000129
            ],
            [
              -61.675021,
              7.25834
            ],
            [
              -61.67418,
              7.257593
            ],
            [
              -61.67324599999989,
              7.256845
            ],
            [
              -61.672218,
              7.256004
            ],
            [
              -61.671189,
              7.256002
            ],
            [
              -61.670439,
              7.25656
            ],
            [
              -61.66941,
              7.256652
            ],
            [
              -61.668474,
              7.25665
            ],
            [
              -61.667538,
              7.256648
            ],
            [
              -61.666509,
              7.256646000000103
            ],
            [
              -61.66435799999982,
              7.255990000000168
            ],
            [
              -61.662207,
              7.255613
            ],
            [
              -61.660990999999854,
              7.255331000000183
            ],
            [
              -61.659869,
              7.254956
            ],
            [
              -61.659122,
              7.254395000000159
            ],
            [
              -61.658374,
              7.253741
            ],
            [
              -61.657347,
              7.252900000000125
            ],
            [
              -61.656411999999875,
              7.252339
            ],
            [
              -61.6549169999999,
              7.25140400000015
            ],
            [
              -61.653982,
              7.251216
            ],
            [
              -61.653046,
              7.251028000000133
            ],
            [
              -61.652205,
              7.250467
            ],
            [
              -61.65136399999983,
              7.249813000000131
            ],
            [
              -61.65071099999989,
              7.24888
            ],
            [
              -61.650151,
              7.248040000000174
            ],
            [
              -61.649685,
              7.247014
            ],
            [
              -61.649219,
              7.24617400000011
            ],
            [
              -61.648096,
              7.246265
            ],
            [
              -61.648001,
              7.24729
            ],
            [
              -61.647344,
              7.248221
            ],
            [
              -61.646687,
              7.249245
            ],
            [
              -61.6458439999999,
              7.249710000000107
            ],
            [
              -61.645000999999866,
              7.250174000000129
            ],
            [
              -61.644065,
              7.250452
            ],
            [
              -61.64350499999989,
              7.249705
            ],
            [
              -61.64341299999984,
              7.24868
            ],
            [
              -61.64341599999989,
              7.247375
            ],
            [
              -61.643605,
              7.246256000000187
            ],
            [
              -61.643607,
              7.245231000000103
            ],
            [
              -61.643609,
              7.244112
            ],
            [
              -61.643049,
              7.243272
            ],
            [
              -61.64277,
              7.242340000000183
            ],
            [
              -61.642678,
              7.241407
            ],
            [
              -61.642961,
              7.240383
            ],
            [
              -61.643524,
              7.239638
            ],
            [
              -61.64371299999988,
              7.238520000000108
            ],
            [
              -61.643995999999845,
              7.237308
            ],
            [
              -61.644185,
              7.236283000000128
            ],
            [
              -61.644561,
              7.235259
            ],
            [
              -61.644563,
              7.234326000000181
            ],
            [
              -61.644565,
              7.233208
            ],
            [
              -61.6443799999999,
              7.232089
            ],
            [
              -61.64382,
              7.231249000000162
            ],
            [
              -61.642885,
              7.230967
            ],
            [
              -61.641856,
              7.230965
            ],
            [
              -61.64091999999988,
              7.231150000000127
            ],
            [
              -61.63989,
              7.231241
            ],
            [
              -61.638861,
              7.231240000000128
            ],
            [
              -61.638018,
              7.23170400000015
            ],
            [
              -61.637736,
              7.232729
            ],
            [
              -61.63745299999982,
              7.233847
            ],
            [
              -61.637357,
              7.234872
            ],
            [
              -61.636701,
              7.235617
            ],
            [
              -61.63567099999989,
              7.236081
            ],
            [
              -61.634735,
              7.236079000000132
            ],
            [
              -61.633519,
              7.236077000000137
            ],
            [
              -61.632208999999875,
              7.235888000000102
            ],
            [
              -61.630994,
              7.235327
            ],
            [
              -61.630154,
              7.234300000000189
            ],
            [
              -61.629219,
              7.233739000000128
            ],
            [
              -61.628191,
              7.232991
            ],
            [
              -61.62716399999982,
              7.232057
            ],
            [
              -61.626323,
              7.231216
            ],
            [
              -61.62576299999989,
              7.23047
            ],
            [
              -61.62614,
              7.229445000000112
            ],
            [
              -61.62717,
              7.229074000000139
            ],
            [
              -61.628106,
              7.228516000000127
            ],
            [
              -61.628576,
              7.227678
            ],
            [
              -61.6291379999999,
              7.226933
            ],
            [
              -61.62913999999989,
              7.225815000000125
            ],
            [
              -61.629142,
              7.224789000000158
            ],
            [
              -61.628707,
              7.22389
            ],
            [
              -61.62792999999988,
              7.22283
            ],
            [
              -61.62737,
              7.222083
            ],
            [
              -61.626622999999825,
              7.221149
            ],
            [
              -61.626063,
              7.220309
            ],
            [
              -61.625503,
              7.219563000000107
            ],
            [
              -61.625037,
              7.218629000000135
            ],
            [
              -61.625039,
              7.217697000000101
            ],
            [
              -61.62513399999989,
              7.216579000000138
            ],
            [
              -61.62579099999982,
              7.215834000000143
            ],
            [
              -61.62625999999989,
              7.214810000000114
            ],
            [
              -61.626356,
              7.213785
            ],
            [
              -61.626358,
              7.212852000000112
            ],
            [
              -61.625329,
              7.212571
            ],
            [
              -61.624393,
              7.212662
            ],
            [
              -61.62383,
              7.213407
            ],
            [
              -61.62317399999989,
              7.214152
            ],
            [
              -61.622238,
              7.214243000000124
            ],
            [
              -61.621116,
              7.213868
            ],
            [
              -61.620556,
              7.212935
            ],
            [
              -61.619529,
              7.211721000000182
            ],
            [
              -61.619157,
              7.210788
            ],
            [
              -61.619159,
              7.209856
            ],
            [
              -61.619254,
              7.208831000000146
            ],
            [
              -61.619724,
              7.207993000000101
            ],
            [
              -61.620193,
              7.207155
            ],
            [
              -61.620756,
              7.20641
            ],
            [
              -61.621131999999875,
              7.205385000000149
            ],
            [
              -61.621321,
              7.204081
            ],
            [
              -61.621698,
              7.203056000000174
            ],
            [
              -61.622002999999836,
              7.202015000000188
            ],
            [
              -61.622050999999885,
              7.20155300000016
            ],
            [
              -61.62205299999988,
              7.20109
            ],
            [
              -61.622054999999875,
              7.200581
            ],
            [
              -61.622057,
              7.200119
            ],
            [
              -61.621964999999875,
              7.199609
            ],
            [
              -61.62178,
              7.1991
            ],
            [
              -61.62126599999988,
              7.198774
            ],
            [
              -61.620752,
              7.198726
            ],
            [
              -61.620191,
              7.198631000000148
            ],
            [
              -61.619675999999856,
              7.198629000000153
            ],
            [
              -61.619209,
              7.198581000000104
            ],
            [
              -61.618648,
              7.198487000000114
            ],
            [
              -61.61817999999988,
              7.198439
            ],
            [
              -61.617712,
              7.198391000000186
            ],
            [
              -61.617105,
              7.198296000000141
            ],
            [
              -61.616638,
              7.197970000000169
            ],
            [
              -61.616171,
              7.197691
            ],
            [
              -61.615986,
              7.197135000000173
            ],
            [
              -61.615988,
              7.196673000000146
            ],
            [
              -61.615756,
              7.196209000000124
            ],
            [
              -61.615758,
              7.195608000000107
            ],
            [
              -61.61575999999985,
              7.195006
            ],
            [
              -61.615481,
              7.194589
            ],
            [
              -61.61538999999988,
              7.193941
            ],
            [
              -61.61534499999988,
              7.193432
            ],
            [
              -61.61516,
              7.192830000000129
            ],
            [
              -61.615163,
              7.192089000000124
            ],
            [
              -61.615166,
              7.191349000000173
            ],
            [
              -61.615402,
              7.190702000000101
            ],
            [
              -61.61554499999983,
              7.190055
            ],
            [
              -61.61554699999988,
              7.189454
            ],
            [
              -61.615549,
              7.188991000000101
            ],
            [
              -61.615457,
              7.188389
            ],
            [
              -61.615319,
              7.187926000000118
            ],
            [
              -61.615275,
              7.187093000000118
            ],
            [
              -61.615183999999886,
              7.186538
            ],
            [
              -61.615138999999886,
              7.18593600000014
            ],
            [
              -61.61514099999988,
              7.185427000000118
            ],
            [
              -61.615142999999875,
              7.184826000000101
            ],
            [
              -61.61505099999988,
              7.184316
            ],
            [
              -61.61482,
              7.183668
            ],
            [
              -61.614542,
              7.183065
            ],
            [
              -61.61430899999988,
              7.182602000000145
            ],
            [
              -61.61421699999988,
              7.182139000000177
            ],
            [
              -61.613985,
              7.181675000000155
            ],
            [
              -61.61342599999989,
              7.181211000000133
            ],
            [
              -61.612913,
              7.18079200000011
            ],
            [
              -61.612353,
              7.180374
            ],
            [
              -61.611886999999854,
              7.179817
            ],
            [
              -61.611422,
              7.179121
            ],
            [
              -61.610955,
              7.178842
            ],
            [
              -61.610488,
              7.178516000000116
            ],
            [
              -61.610022,
              7.178098000000148
            ],
            [
              -61.609322,
              7.177772000000175
            ],
            [
              -61.608948,
              7.177493
            ],
            [
              -61.608529,
              7.177121000000113
            ],
            [
              -61.6081089999999,
              7.17675
            ],
            [
              -61.607737,
              7.176193
            ],
            [
              -61.607412,
              7.175590000000113
            ],
            [
              -61.607226,
              7.175127
            ],
            [
              -61.607228,
              7.174572
            ],
            [
              -61.60723,
              7.174109000000158
            ],
            [
              -61.6072319999999,
              7.173554
            ],
            [
              -61.607374,
              7.173092
            ],
            [
              -61.607703,
              7.17263
            ],
            [
              -61.607985,
              7.172261
            ],
            [
              -61.608267999999896,
              7.17184600000013
            ],
            [
              -61.60869,
              7.17157
            ],
            [
              -61.609112,
              7.171248
            ],
            [
              -61.609487,
              7.170925000000125
            ],
            [
              -61.60991,
              7.17051
            ],
            [
              -61.610146,
              7.170002000000125
            ],
            [
              -61.61042799999984,
              7.169541
            ],
            [
              -61.61071,
              7.169172
            ],
            [
              -61.61113299999988,
              7.168664
            ],
            [
              -61.611322,
              7.168156000000181
            ],
            [
              -61.611885,
              7.167742
            ],
            [
              -61.612401,
              7.167327000000171
            ],
            [
              -61.612544,
              7.166819
            ],
            [
              -61.612591999999836,
              7.16631
            ],
            [
              -61.61254799999983,
              7.165755000000104
            ],
            [
              -61.612456,
              7.165292
            ],
            [
              -61.61213,
              7.164828000000171
            ],
            [
              -61.61180399999989,
              7.164457
            ],
            [
              -61.611431,
              7.163993000000175
            ],
            [
              -61.611152,
              7.163575
            ],
            [
              -61.611059999999895,
              7.163112
            ],
            [
              -61.61096899999984,
              7.162649000000158
            ],
            [
              -61.61097099999989,
              7.162140000000136
            ],
            [
              -61.61097199999989,
              7.161631000000114
            ],
            [
              -61.610973999999885,
              7.161123
            ],
            [
              -61.611023,
              7.160521000000131
            ],
            [
              -61.611025,
              7.160012000000108
            ],
            [
              -61.611074,
              7.159411
            ],
            [
              -61.611262999999894,
              7.158949
            ],
            [
              -61.611546,
              7.158349
            ],
            [
              -61.611876,
              7.157749
            ],
            [
              -61.612485,
              7.157381
            ],
            [
              -61.613188,
              7.157106000000169
            ],
            [
              -61.613564,
              7.156691000000137
            ],
            [
              -61.614034,
              7.156091
            ],
            [
              -61.61459699999989,
              7.155677
            ],
            [
              -61.61502,
              7.155169000000114
            ],
            [
              -61.61563,
              7.154616
            ],
            [
              -61.616380999999876,
              7.154018000000121
            ],
            [
              -61.617038,
              7.153465
            ],
            [
              -61.617367,
              7.153096
            ],
            [
              -61.61779,
              7.152589
            ],
            [
              -61.618165,
              7.15222
            ],
            [
              -61.618448,
              7.151758
            ],
            [
              -61.618356,
              7.151157000000183
            ],
            [
              -61.618077,
              7.150739
            ],
            [
              -61.617518,
              7.150274000000138
            ],
            [
              -61.617192,
              7.149903000000165
            ],
            [
              -61.616819,
              7.149485
            ],
            [
              -61.61635199999989,
              7.149114
            ],
            [
              -61.615885999999875,
              7.148742
            ],
            [
              -61.615419,
              7.148462000000109
            ],
            [
              -61.614766,
              7.147951000000148
            ],
            [
              -61.614346999999896,
              7.14753300000018
            ],
            [
              -61.613834,
              7.147115
            ],
            [
              -61.61332,
              7.146789
            ],
            [
              -61.612761,
              7.146278000000109
            ],
            [
              -61.612295,
              7.145721
            ],
            [
              -61.611876,
              7.145211
            ],
            [
              -61.611503,
              7.144839
            ],
            [
              -61.611176999999884,
              7.144375
            ],
            [
              -61.610945,
              7.143912
            ],
            [
              -61.61076,
              7.14331
            ],
            [
              -61.610575,
              7.142661000000146
            ],
            [
              -61.610486,
              7.141551000000106
            ],
            [
              -61.610488,
              7.140995000000146
            ],
            [
              -61.610397,
              7.14044
            ],
            [
              -61.610305,
              7.139977000000101
            ],
            [
              -61.610074,
              7.13919
            ],
            [
              -61.609748,
              7.13868
            ],
            [
              -61.609516,
              7.138262000000111
            ],
            [
              -61.608956,
              7.137936
            ],
            [
              -61.608441,
              7.137934
            ],
            [
              -61.607927,
              7.137886
            ],
            [
              -61.607413,
              7.137699000000111
            ],
            [
              -61.606898999999885,
              7.13742
            ],
            [
              -61.606433,
              7.137048
            ],
            [
              -61.60606,
              7.136723000000131
            ],
            [
              -61.60563999999988,
              7.136259000000109
            ],
            [
              -61.605409,
              7.135656000000154
            ],
            [
              -61.605411,
              7.135147000000131
            ],
            [
              -61.605413,
              7.134453000000121
            ],
            [
              -61.605509,
              7.133945000000153
            ],
            [
              -61.605604,
              7.133436000000131
            ],
            [
              -61.605839,
              7.133021
            ],
            [
              -61.606075,
              7.132559
            ],
            [
              -61.606405,
              7.131959000000165
            ],
            [
              -61.606454,
              7.131450000000143
            ],
            [
              -61.606456,
              7.130849000000126
            ],
            [
              -61.606411,
              7.130293000000165
            ],
            [
              -61.606039,
              7.129783
            ],
            [
              -61.605619,
              7.129319
            ],
            [
              -61.605293,
              7.128947000000153
            ],
            [
              -61.604781,
              7.128437
            ],
            [
              -61.604455,
              7.127973
            ],
            [
              -61.60417699999988,
              7.127278000000103
            ],
            [
              -61.6039449999999,
              7.126675
            ],
            [
              -61.60380699999985,
              7.12612
            ],
            [
              -61.6038089999999,
              7.125611
            ],
            [
              -61.603904,
              7.125102
            ],
            [
              -61.604,
              7.124594
            ],
            [
              -61.604376,
              7.123994000000152
            ],
            [
              -61.604518,
              7.123532000000125
            ],
            [
              -61.6048,
              7.123162
            ],
            [
              -61.60522299999985,
              7.122794000000169
            ],
            [
              -61.60554,
              7.122348
            ],
            [
              -61.605914,
              7.121975
            ],
            [
              -61.606242,
              7.121509
            ],
            [
              -61.606569,
              7.120996000000105
            ],
            [
              -61.606944,
              7.120623000000137
            ],
            [
              -61.60722399999986,
              7.120110000000125
            ],
            [
              -61.607692,
              7.119411
            ],
            [
              -61.607973,
              7.118992
            ],
            [
              -61.608581,
              7.117873000000145
            ],
            [
              -61.60872099999989,
              7.117407000000128
            ],
            [
              -61.609189,
              7.116288000000111
            ],
            [
              -61.609236,
              7.115636000000165
            ],
            [
              -61.609283,
              7.115170000000148
            ],
            [
              -61.609329,
              7.114657000000136
            ],
            [
              -61.609329,
              7.114144000000181
            ],
            [
              -61.609329,
              7.113632
            ],
            [
              -61.609329,
              7.113026
            ],
            [
              -61.609329,
              7.11256
            ],
            [
              -61.609329,
              7.111954000000139
            ],
            [
              -61.609236,
              7.111441000000127
            ],
            [
              -61.60909599999985,
              7.110975000000167
            ],
            [
              -61.608862,
              7.1104160000001
            ],
            [
              -61.608534,
              7.109670000000165
            ],
            [
              -61.608441,
              7.108924
            ],
            [
              -61.608487,
              7.108458
            ],
            [
              -61.608487,
              7.107992
            ],
            [
              -61.608487,
              7.107526
            ],
            [
              -61.608487,
              7.106873
            ],
            [
              -61.608487,
              7.106361000000106
            ],
            [
              -61.608534,
              7.105895
            ],
            [
              -61.608581,
              7.105242
            ],
            [
              -61.608581,
              7.104729
            ],
            [
              -61.60872099999989,
              7.104123
            ],
            [
              -61.60872099999989,
              7.103564000000176
            ],
            [
              -61.608815,
              7.103098000000159
            ],
            [
              -61.608955,
              7.102492
            ],
            [
              -61.609189,
              7.102073
            ],
            [
              -61.60951699999987,
              7.101513
            ],
            [
              -61.609797,
              7.100861000000123
            ],
            [
              -61.60984399999984,
              7.100255000000118
            ],
            [
              -61.60984399999984,
              7.099602
            ],
            [
              -61.60984399999984,
              7.098996
            ],
            [
              -61.60984399999984,
              7.098344
            ],
            [
              -61.60984399999984,
              7.097878
            ],
            [
              -61.60961,
              7.097365
            ],
            [
              -61.609283,
              7.096992000000114
            ],
            [
              -61.608908,
              7.096619
            ],
            [
              -61.608487,
              7.096200000000124
            ],
            [
              -61.608347,
              7.095687000000169
            ],
            [
              -61.608347,
              7.095081000000107
            ],
            [
              -61.608347,
              7.094475
            ],
            [
              -61.608347,
              7.093963000000144
            ],
            [
              -61.608534,
              7.093450000000132
            ],
            [
              -61.608674,
              7.092844000000127
            ],
            [
              -61.609049,
              7.092285
            ],
            [
              -61.609657,
              7.091958
            ],
            [
              -61.610172,
              7.091912
            ],
            [
              -61.61078,
              7.091912
            ],
            [
              -61.611341,
              7.091912
            ],
            [
              -61.611996,
              7.091912
            ],
            [
              -61.612463999999875,
              7.091865
            ],
            [
              -61.612977999999885,
              7.091725
            ],
            [
              -61.613446,
              7.091632
            ],
            [
              -61.613867,
              7.091399
            ],
            [
              -61.61442899999986,
              7.091166
            ],
            [
              -61.614897,
              7.09102600000017
            ],
            [
              -61.6152239999999,
              7.090560000000153
            ],
            [
              -61.615505,
              7.090094000000136
            ],
            [
              -61.615411,
              7.089581000000123
            ],
            [
              -61.614943,
              7.089255000000151
            ],
            [
              -61.614476,
              7.089115000000106
            ],
            [
              -61.61400799999984,
              7.088975
            ],
            [
              -61.61354,
              7.088696
            ],
            [
              -61.613166,
              7.088416
            ],
            [
              -61.612604,
              7.08809
            ],
            [
              -61.61213599999985,
              7.087810000000161
            ],
            [
              -61.61171499999983,
              7.08753
            ],
            [
              -61.611294,
              7.087204
            ],
            [
              -61.61092,
              7.086925000000122
            ],
            [
              -61.610499,
              7.086458
            ],
            [
              -61.610172,
              7.085992
            ],
            [
              -61.610078,
              7.08548
            ],
            [
              -61.610078,
              7.084594000000152
            ],
            [
              -61.610125,
              7.083942
            ],
            [
              -61.610172,
              7.083336
            ],
            [
              -61.610172,
              7.08273000000014
            ],
            [
              -61.610359,
              7.082077
            ],
            [
              -61.610452,
              7.081564
            ],
            [
              -61.610452,
              7.081005
            ],
            [
              -61.610452,
              7.080492
            ],
            [
              -61.610452,
              7.079840000000104
            ],
            [
              -61.610452,
              7.079281
            ],
            [
              -61.610452,
              7.078815000000191
            ],
            [
              -61.61059299999988,
              7.078069
            ],
            [
              -61.61078,
              7.077323
            ],
            [
              -61.610826,
              7.076624
            ],
            [
              -61.61078,
              7.076065
            ],
            [
              -61.61063899999988,
              7.075599
            ],
            [
              -61.61059299999988,
              7.075039
            ],
            [
              -61.61059299999988,
              7.074526
            ],
            [
              -61.61078,
              7.074014000000147
            ],
            [
              -61.61110699999989,
              7.073454
            ],
            [
              -61.611248,
              7.072942
            ],
            [
              -61.611248,
              7.072429000000113
            ],
            [
              -61.6110139999999,
              7.071823
            ],
            [
              -61.610967,
              7.071264000000156
            ],
            [
              -61.610967,
              7.070611000000156
            ],
            [
              -61.610826,
              7.069912
            ],
            [
              -61.61068599999987,
              7.069446
            ],
            [
              -61.610312,
              7.069073
            ],
            [
              -61.609937999999886,
              7.068654
            ],
            [
              -61.609704,
              7.068234000000132
            ],
            [
              -61.60947,
              7.067675
            ],
            [
              -61.60947,
              7.067209
            ],
            [
              -61.60951699999987,
              7.066743
            ],
            [
              -61.609704,
              7.066277000000184
            ],
            [
              -61.60984399999984,
              7.065811000000167
            ],
            [
              -61.60984399999984,
              7.065344
            ],
            [
              -61.60984399999984,
              7.06469200000015
            ],
            [
              -61.60984399999984,
              7.064226000000133
            ],
            [
              -61.60989099999989,
              7.063760000000116
            ],
            [
              -61.60989099999989,
              7.063247000000104
            ],
            [
              -61.60989099999989,
              7.062641
            ],
            [
              -61.60989099999989,
              7.062082
            ],
            [
              -61.60989099999989,
              7.061616000000186
            ],
            [
              -61.60989099999989,
              7.061056
            ],
            [
              -61.609984,
              7.060450000000174
            ],
            [
              -61.610218,
              7.059984000000156
            ],
            [
              -61.610452,
              7.059518000000139
            ],
            [
              -61.61068599999987,
              7.059099000000117
            ],
            [
              -61.610826,
              7.058539000000167
            ],
            [
              -61.610826,
              7.0579800000001
            ],
            [
              -61.610826,
              7.057328000000155
            ],
            [
              -61.610967,
              7.056815000000142
            ],
            [
              -61.611154,
              7.056256
            ],
            [
              -61.611341,
              7.05579
            ],
            [
              -61.611622,
              7.055277
            ],
            [
              -61.611761999999885,
              7.054764
            ],
            [
              -61.611761999999885,
              7.054298
            ],
            [
              -61.611761999999885,
              7.053599000000133
            ],
            [
              -61.611761999999885,
              7.052993
            ],
            [
              -61.611761999999885,
              7.052434
            ],
            [
              -61.611761999999885,
              7.051874
            ],
            [
              -61.61171499999983,
              7.051408
            ],
            [
              -61.611575,
              7.050896000000137
            ],
            [
              -61.611388,
              7.050243000000137
            ],
            [
              -61.611294,
              7.04977700000012
            ],
            [
              -61.611201,
              7.049311000000102
            ],
            [
              -61.611201,
              7.048705
            ],
            [
              -61.611201,
              7.048239
            ],
            [
              -61.611059999999895,
              7.04754
            ],
            [
              -61.610826,
              7.047074000000123
            ],
            [
              -61.610499,
              7.046468
            ],
            [
              -61.610452,
              7.04586200000017
            ],
            [
              -61.610359,
              7.045349
            ],
            [
              -61.610264999999856,
              7.044650000000104
            ],
            [
              -61.610312,
              7.043065
            ],
            [
              -61.610465,
              7.04214
            ],
            [
              -61.610468,
              7.041626000000178
            ],
            [
              -61.610612,
              7.040971000000127
            ],
            [
              -61.610615,
              7.040410000000122
            ],
            [
              -61.610618,
              7.03994200000011
            ],
            [
              -61.610667,
              7.039427000000103
            ],
            [
              -61.610671,
              7.038819000000103
            ],
            [
              -61.610534,
              7.038117000000113
            ],
            [
              -61.610538,
              7.037556
            ],
            [
              -61.61054,
              7.037041
            ],
            [
              -61.610544,
              7.036433
            ],
            [
              -61.610546999999826,
              7.035871
            ],
            [
              -61.61069,
              7.035404000000142
            ],
            [
              -61.610739,
              7.03493600000013
            ],
            [
              -61.610743,
              7.034281000000135
            ],
            [
              -61.610839999999826,
              7.033673
            ],
            [
              -61.611123,
              7.033206000000177
            ],
            [
              -61.611314,
              7.032598000000121
            ],
            [
              -61.611317,
              7.032084
            ],
            [
              -61.61132,
              7.031475000000114
            ],
            [
              -61.611323,
              7.031008
            ],
            [
              -61.611279,
              7.030446
            ],
            [
              -61.611095,
              7.029931
            ],
            [
              -61.610817,
              7.02941600000014
            ],
            [
              -61.610539,
              7.028901000000133
            ],
            [
              -61.610542,
              7.028433000000121
            ],
            [
              -61.610825,
              7.027966
            ],
            [
              -61.611528,
              7.027780000000121
            ],
            [
              -61.612183,
              7.027781
            ],
            [
              -61.612697,
              7.027782000000116
            ],
            [
              -61.613165,
              7.027783
            ],
            [
              -61.613914,
              7.027644
            ],
            [
              -61.614291,
              7.027317
            ],
            [
              -61.614675,
              7.026814000000115
            ],
            [
              -61.615134999999896,
              7.026804
            ],
            [
              -61.615698,
              7.026525
            ],
            [
              -61.616403,
              7.026105
            ],
            [
              -61.617292,
              7.02606
            ],
            [
              -61.6179,
              7.026061
            ],
            [
              -61.618461,
              7.026062
            ],
            [
              -61.619023,
              7.026063
            ],
            [
              -61.619631,
              7.026064
            ],
            [
              -61.620099,
              7.026065000000131
            ],
            [
              -61.620707,
              7.025972
            ],
            [
              -61.62113099999988,
              7.02550500000018
            ],
            [
              -61.621506999999895,
              7.025225
            ],
            [
              -61.62193,
              7.024852000000124
            ],
            [
              -61.622353,
              7.024525
            ],
            [
              -61.623055,
              7.024433000000101
            ],
            [
              -61.623523,
              7.024387
            ],
            [
              -61.624132,
              7.024341000000163
            ],
            [
              -61.624787,
              7.024249000000168
            ],
            [
              -61.625255,
              7.024156000000119
            ],
            [
              -61.625630999999885,
              7.023876
            ],
            [
              -61.626007,
              7.023596000000168
            ],
            [
              -61.626524,
              7.023223
            ],
            [
              -61.62704,
              7.02285
            ],
            [
              -61.627464,
              7.022336000000166
            ],
            [
              -61.627654,
              7.0218220000001
            ],
            [
              -61.627797,
              7.021354
            ],
            [
              -61.627799999999866,
              7.020793
            ],
            [
              -61.627616,
              7.020231
            ],
            [
              -61.627245,
              7.01980900000018
            ],
            [
              -61.626779,
              7.019387
            ],
            [
              -61.626407,
              7.019059
            ],
            [
              -61.626081,
              7.018638
            ],
            [
              -61.625616,
              7.018169000000171
            ],
            [
              -61.625244,
              7.017794
            ],
            [
              -61.62496599999986,
              7.017279
            ],
            [
              -61.624969,
              7.016764
            ],
            [
              -61.625300999999865,
              7.016063
            ],
            [
              -61.625537,
              7.015549000000135
            ],
            [
              -61.62624,
              7.015363
            ],
            [
              -61.62675599999989,
              7.015177
            ],
            [
              -61.627086,
              7.014757000000145
            ],
            [
              -61.62724999999983,
              7.014675
            ],
            [
              -61.628303,
              7.013385000000142
            ],
            [
              -61.629026,
              7.012598
            ],
            [
              -61.630326,
              7.012611
            ],
            [
              -61.630792,
              7.012799000000143
            ],
            [
              -61.63121199999989,
              7.013033000000121
            ],
            [
              -61.631727,
              7.013034
            ],
            [
              -61.632149,
              7.012801000000138
            ],
            [
              -61.63238599999988,
              7.012287
            ],
            [
              -61.632809,
              7.011820000000114
            ],
            [
              -61.63341999999989,
              7.011447
            ],
            [
              -61.63412199999988,
              7.011401
            ],
            [
              -61.634636999999884,
              7.011215000000163
            ],
            [
              -61.635292999999876,
              7.011076
            ],
            [
              -61.635763,
              7.010796000000141
            ],
            [
              -61.636279,
              7.010376
            ],
            [
              -61.63674899999984,
              7.010049000000151
            ],
            [
              -61.637125,
              7.009769
            ],
            [
              -61.637408,
              7.009302000000162
            ],
            [
              -61.637552,
              7.0087410000001
            ],
            [
              -61.637978,
              7.007806000000187
            ],
            [
              -61.638973,
              7.005609000000106
            ],
            [
              -61.639116,
              7.005142
            ],
            [
              -61.639352,
              7.004674
            ],
            [
              -61.639449,
              7.004113000000132
            ],
            [
              -61.639685,
              7.003646
            ],
            [
              -61.639968999999894,
              7.003132000000164
            ],
            [
              -61.640159,
              7.002664
            ],
            [
              -61.641007999999886,
              7.001403
            ],
            [
              -61.641151,
              7.000935
            ],
            [
              -61.641153,
              7.000467000000128
            ],
            [
              -61.641156,
              6.999953
            ],
            [
              -61.641159,
              6.999485
            ],
            [
              -61.641021,
              6.99897
            ],
            [
              -61.640978,
              6.998455
            ],
            [
              -61.64098,
              6.997941
            ],
            [
              -61.64112399999988,
              6.99733300000014
            ],
            [
              -61.641174,
              6.996865000000128
            ],
            [
              -61.641317,
              6.996351
            ],
            [
              -61.6416,
              6.995837
            ],
            [
              -61.641789999999844,
              6.995322
            ],
            [
              -61.642167999999856,
              6.994762
            ],
            [
              -61.642917999999895,
              6.994389000000126
            ],
            [
              -61.643435,
              6.994015
            ],
            [
              -61.643812,
              6.993595000000141
            ],
            [
              -61.643862,
              6.993034
            ],
            [
              -61.643864,
              6.992519
            ],
            [
              -61.64386699999983,
              6.992051000000117
            ],
            [
              -61.64386999999988,
              6.991584
            ],
            [
              -61.643873,
              6.990975
            ],
            [
              -61.64383,
              6.990367
            ],
            [
              -61.64383299999986,
              6.989759000000163
            ],
            [
              -61.643837,
              6.989151000000163
            ],
            [
              -61.6444,
              6.988731
            ],
            [
              -61.644869,
              6.988498000000106
            ],
            [
              -61.645244999999875,
              6.988218
            ],
            [
              -61.645761,
              6.987985
            ],
            [
              -61.646184,
              6.987658
            ],
            [
              -61.646374,
              6.987097000000176
            ],
            [
              -61.646471,
              6.98658300000011
            ],
            [
              -61.646474,
              6.985974000000169
            ],
            [
              -61.646198,
              6.985225000000185
            ],
            [
              -61.646155,
              6.984524
            ],
            [
              -61.646158,
              6.984009000000128
            ],
            [
              -61.64588,
              6.983541000000116
            ],
            [
              -61.645649,
              6.982979000000171
            ],
            [
              -61.645277,
              6.982557
            ],
            [
              -61.645093,
              6.981949
            ],
            [
              -61.644957,
              6.981153
            ],
            [
              -61.644867,
              6.980545
            ],
            [
              -61.644777,
              6.979936000000123
            ],
            [
              -61.644779,
              6.979469
            ],
            [
              -61.644735,
              6.979001
            ],
            [
              -61.644692,
              6.978439
            ],
            [
              -61.644695,
              6.977831
            ],
            [
              -61.644790999999884,
              6.977317000000141
            ],
            [
              -61.644781,
              6.976644
            ],
            [
              -61.644798,
              6.97614700000014
            ],
            [
              -61.644802,
              6.975398000000155
            ],
            [
              -61.644805,
              6.974837
            ],
            [
              -61.644809,
              6.974182
            ],
            [
              -61.644766,
              6.973574
            ],
            [
              -61.644768,
              6.973059
            ],
            [
              -61.644771,
              6.972545
            ],
            [
              -61.644821,
              6.972030000000188
            ],
            [
              -61.64533699999987,
              6.971704
            ],
            [
              -61.645852,
              6.9717050000001
            ],
            [
              -61.646506,
              6.971940000000188
            ],
            [
              -61.646972,
              6.972175000000107
            ],
            [
              -61.647439,
              6.972409
            ],
            [
              -61.647858,
              6.972644000000173
            ],
            [
              -61.648885,
              6.973067000000185
            ],
            [
              -61.649399,
              6.973161000000175
            ],
            [
              -61.649961,
              6.973209
            ],
            [
              -61.650849,
              6.973211
            ],
            [
              -61.65136399999983,
              6.973212000000103
            ],
            [
              -61.65187999999989,
              6.97297900000018
            ],
            [
              -61.652256,
              6.972652000000153
            ],
            [
              -61.652726,
              6.97223200000019
            ],
            [
              -61.653153,
              6.971204
            ],
            [
              -61.653389,
              6.970783
            ],
            [
              -61.653486,
              6.970269000000144
            ],
            [
              -61.65353699999986,
              6.969473
            ],
            [
              -61.653588,
              6.968772000000115
            ],
            [
              -61.653589999999895,
              6.968257000000108
            ],
            [
              -61.653594,
              6.967696
            ],
            [
              -61.653596,
              6.967228
            ],
            [
              -61.6536,
              6.966479000000106
            ],
            [
              -61.653791999999896,
              6.965684
            ],
            [
              -61.654216,
              6.965077
            ],
            [
              -61.654546,
              6.964657000000159
            ],
            [
              -61.655156,
              6.96433
            ],
            [
              -61.655721,
              6.963770000000125
            ],
            [
              -61.656097,
              6.96349
            ],
            [
              -61.656427,
              6.963023000000135
            ],
            [
              -61.656967,
              6.96232
            ],
            [
              -61.657722,
              6.961483
            ],
            [
              -61.658662999999876,
              6.960741000000155
            ],
            [
              -61.659605,
              6.959812
            ],
            [
              -61.660359,
              6.95906900000017
            ],
            [
              -61.661021,
              6.95814
            ],
            [
              -61.661028,
              6.957208
            ],
            [
              -61.661036,
              6.956182
            ],
            [
              -61.661136,
              6.95525
            ],
            [
              -61.661892,
              6.954321
            ],
            [
              -61.662647,
              6.953485000000171
            ],
            [
              -61.6634949999999,
              6.952649000000122
            ],
            [
              -61.66415999999987,
              6.951253
            ],
            [
              -61.664634,
              6.950416
            ],
            [
              -61.664926,
              6.948925
            ],
            [
              -61.664934,
              6.947807
            ],
            [
              -61.664941999999826,
              6.946781
            ],
            [
              -61.66467,
              6.945569000000148
            ],
            [
              -61.664677,
              6.944636
            ],
            [
              -61.665245,
              6.943800000000181
            ],
            [
              -61.665814,
              6.942776000000151
            ],
            [
              -61.66628899999989,
              6.941753
            ],
            [
              -61.66610999999983,
              6.940633000000105
            ],
            [
              -61.66509,
              6.93941800000016
            ],
            [
              -61.66415999999987,
              6.938669000000175
            ],
            [
              -61.663132,
              6.938571
            ],
            [
              -61.659956,
              6.937814000000117
            ],
            [
              -61.659027,
              6.936972
            ],
            [
              -61.65745,
              6.935101
            ],
            [
              -61.657082999999886,
              6.934168
            ],
            [
              -61.656245999999896,
              6.933419
            ],
            [
              -61.65466299999986,
              6.932481000000109
            ],
            [
              -61.653355,
              6.932103
            ],
            [
              -61.651959,
              6.931166000000189
            ],
            [
              -61.651120999999875,
              6.930603000000133
            ],
            [
              -61.65075399999989,
              6.929577000000165
            ],
            [
              -61.65057599999989,
              6.928364
            ],
            [
              -61.650209,
              6.927431
            ],
            [
              -61.649465,
              6.926775
            ],
            [
              -61.648442,
              6.926026
            ],
            [
              -61.647417,
              6.92536900000016
            ],
            [
              -61.646955999999875,
              6.924435000000187
            ],
            [
              -61.646965,
              6.923317
            ],
            [
              -61.64772,
              6.922387000000185
            ],
            [
              -61.648289,
              6.921364
            ],
            [
              -61.648857,
              6.920527000000106
            ],
            [
              -61.649146,
              6.919316
            ],
            [
              -61.649154,
              6.918291
            ],
            [
              -61.64916099999988,
              6.917359
            ],
            [
              -61.649169,
              6.91633400000012
            ],
            [
              -61.649269,
              6.915402
            ],
            [
              -61.649557,
              6.914377000000172
            ],
            [
              -61.649939,
              6.913447000000133
            ],
            [
              -61.650133,
              6.912422
            ],
            [
              -61.650609,
              6.911305
            ],
            [
              -61.650804,
              6.910280000000114
            ],
            [
              -61.650437,
              6.909347
            ],
            [
              -61.649732,
              6.908657000000119
            ],
            [
              -61.649704,
              6.9072
            ],
            [
              -61.649712,
              6.906175000000133
            ],
            [
              -61.64972,
              6.905149000000108
            ],
            [
              -61.649727,
              6.904124
            ],
            [
              -61.64992099999989,
              6.903192
            ],
            [
              -61.650022,
              6.902261000000124
            ],
            [
              -61.650029,
              6.901328
            ],
            [
              -61.650035999999886,
              6.900396000000171
            ],
            [
              -61.650605,
              6.899373
            ],
            [
              -61.65108,
              6.898349
            ],
            [
              -61.651555,
              6.897419
            ],
            [
              -61.652496,
              6.896677000000125
            ],
            [
              -61.653342,
              6.896214000000157
            ],
            [
              -61.654279,
              6.895937000000174
            ],
            [
              -61.65522,
              6.895288000000107
            ],
            [
              -61.656067,
              6.894639
            ],
            [
              -61.656819,
              6.894082
            ],
            [
              -61.657664999999895,
              6.893620000000112
            ],
            [
              -61.65851,
              6.893157
            ],
            [
              -61.6591719999999,
              6.89232
            ],
            [
              -61.659366,
              6.891295000000127
            ],
            [
              -61.658717,
              6.890547
            ],
            [
              -61.657688,
              6.890543
            ],
            [
              -61.656752,
              6.89054
            ],
            [
              -61.655629,
              6.890536
            ],
            [
              -61.65441299999986,
              6.89053100000018
            ],
            [
              -61.653384,
              6.890527000000191
            ],
            [
              -61.65170399999988,
              6.889962000000139
            ],
            [
              -61.650772,
              6.889399
            ],
            [
              -61.649375,
              6.88855500000011
            ],
            [
              -61.647977,
              6.887804000000131
            ],
            [
              -61.647139,
              6.887335
            ],
            [
              -61.64620399999984,
              6.887145000000146
            ],
            [
              -61.645179,
              6.886582
            ],
            [
              -61.6435919999999,
              6.886203
            ],
            [
              -61.6423769999999,
              6.886012000000164
            ],
            [
              -61.641347,
              6.886008
            ],
            [
              -61.640412,
              6.886005000000125
            ],
            [
              -61.639103,
              6.885814000000153
            ],
            [
              -61.638074,
              6.885810000000163
            ],
            [
              -61.637235,
              6.885341
            ],
            [
              -61.637055,
              6.884408000000178
            ],
            [
              -61.637599,
              6.883543
            ],
            [
              -61.637928,
              6.883127
            ],
            [
              -61.63821,
              6.882712
            ],
            [
              -61.63825899999989,
              6.882248000000118
            ],
            [
              -61.63825999999989,
              6.881785
            ],
            [
              -61.638263,
              6.881182
            ],
            [
              -61.63812499999989,
              6.880394
            ],
            [
              -61.636774,
              6.879042
            ],
            [
              -61.635607,
              6.878201000000104
            ],
            [
              -61.634906,
              6.878058
            ],
            [
              -61.634533,
              6.877685
            ],
            [
              -61.634114,
              6.877127
            ],
            [
              -61.633882,
              6.876616
            ],
            [
              -61.633603,
              6.876197
            ],
            [
              -61.63341799999989,
              6.875686
            ],
            [
              -61.633887,
              6.875179
            ],
            [
              -61.634357,
              6.874764000000141
            ],
            [
              -61.634825,
              6.874721000000136
            ],
            [
              -61.63524699999988,
              6.874445
            ],
            [
              -61.63566899999989,
              6.874076
            ],
            [
              -61.635998,
              6.873661
            ],
            [
              -61.636373999999876,
              6.873292
            ],
            [
              -61.636657,
              6.872784
            ],
            [
              -61.636658,
              6.87232
            ],
            [
              -61.636568,
              6.87157800000017
            ],
            [
              -61.636289,
              6.871021
            ],
            [
              -61.636009999999885,
              6.870463
            ],
            [
              -61.635731,
              6.870090000000118
            ],
            [
              -61.635592,
              6.869626
            ],
            [
              -61.63517399999989,
              6.868882
            ],
            [
              -61.63512899999989,
              6.868372
            ],
            [
              -61.63485,
              6.868
            ],
            [
              -61.63429,
              6.867672
            ],
            [
              -61.63359,
              6.867112000000134
            ],
            [
              -61.632425999999896,
              6.865669
            ],
            [
              -61.632053,
              6.865203
            ],
            [
              -61.63168,
              6.864877
            ],
            [
              -61.631354,
              6.864504000000125
            ],
            [
              -61.630935,
              6.863946000000169
            ],
            [
              -61.630563,
              6.863434
            ],
            [
              -61.630518,
              6.862923
            ],
            [
              -61.630426999999884,
              6.862367
            ],
            [
              -61.630148,
              6.861809000000108
            ],
            [
              -61.630056,
              6.861345
            ],
            [
              -61.62996399999986,
              6.860835000000179
            ],
            [
              -61.629359,
              6.860182000000123
            ],
            [
              -61.628985,
              6.859902
            ],
            [
              -61.62875299999985,
              6.859484000000123
            ],
            [
              -61.6287549999999,
              6.8590200000001
            ],
            [
              -61.628756999999894,
              6.858464
            ],
            [
              -61.628805999999884,
              6.857954000000177
            ],
            [
              -61.628948,
              6.85749200000015
            ],
            [
              -61.6291829999999,
              6.856983000000128
            ],
            [
              -61.629512,
              6.856568
            ],
            [
              -61.62988799999988,
              6.856245000000172
            ],
            [
              -61.630124,
              6.855783000000145
            ],
            [
              -61.630359,
              6.855367000000172
            ],
            [
              -61.630454,
              6.854904
            ],
            [
              -61.630456,
              6.854441000000122
            ],
            [
              -61.630364,
              6.8539770000001
            ],
            [
              -61.629947,
              6.852862
            ],
            [
              -61.628876999999875,
              6.851419
            ],
            [
              -61.62808299999983,
              6.850859
            ],
            [
              -61.62742999999989,
              6.850531
            ],
            [
              -61.62696199999988,
              6.850482000000113
            ],
            [
              -61.626355,
              6.850247
            ],
            [
              -61.625841,
              6.849966
            ],
            [
              -61.62542099999985,
              6.849685
            ],
            [
              -61.62500099999983,
              6.849358
            ],
            [
              -61.624676,
              6.848847
            ],
            [
              -61.624678,
              6.848383000000183
            ],
            [
              -61.625052999999866,
              6.848015
            ],
            [
              -61.625382999999886,
              6.847506
            ],
            [
              -61.62538499999988,
              6.846811000000116
            ],
            [
              -61.62576,
              6.846535000000188
            ],
            [
              -61.625996,
              6.845980000000111
            ],
            [
              -61.62609199999986,
              6.845517
            ],
            [
              -61.626141,
              6.844776000000138
            ],
            [
              -61.626143,
              6.844266
            ],
            [
              -61.626145,
              6.84366400000016
            ],
            [
              -61.626148,
              6.843107
            ],
            [
              -61.626149,
              6.842644000000121
            ],
            [
              -61.626151,
              6.84218
            ],
            [
              -61.626153,
              6.841671
            ],
            [
              -61.626156,
              6.840929000000187
            ],
            [
              -61.626158,
              6.84037300000017
            ],
            [
              -61.626114,
              6.839538000000175
            ],
            [
              -61.625789999999824,
              6.838656
            ],
            [
              -61.625604,
              6.838191000000108
            ],
            [
              -61.62555999999989,
              6.837681
            ],
            [
              -61.62491,
              6.836287000000141
            ],
            [
              -61.624678,
              6.83563700000019
            ],
            [
              -61.62454,
              6.835172
            ],
            [
              -61.623886,
              6.834798
            ],
            [
              -61.623654,
              6.834333000000129
            ],
            [
              -61.623376,
              6.833729
            ],
            [
              -61.623097,
              6.833264
            ],
            [
              -61.622865,
              6.832753000000139
            ],
            [
              -61.622585,
              6.832381
            ],
            [
              -61.62216599999982,
              6.831961000000149
            ],
            [
              -61.621606,
              6.831634
            ],
            [
              -61.621046,
              6.831213
            ],
            [
              -61.620579,
              6.83084
            ],
            [
              -61.620066,
              6.830605
            ],
            [
              -61.61955099999989,
              6.830510000000174
            ],
            [
              -61.61917799999986,
              6.83023
            ],
            [
              -61.618386,
              6.829298
            ],
            [
              -61.618342,
              6.828649
            ],
            [
              -61.618344,
              6.82818500000019
            ],
            [
              -61.61834599999986,
              6.827629000000172
            ],
            [
              -61.618582,
              6.827074
            ],
            [
              -61.61867699999988,
              6.826611000000128
            ],
            [
              -61.61896,
              6.826103
            ],
            [
              -61.619618,
              6.82518
            ],
            [
              -61.620132999999896,
              6.825044000000162
            ],
            [
              -61.620647,
              6.825185
            ],
            [
              -61.621538,
              6.824727
            ],
            [
              -61.622332,
              6.824917000000141
            ],
            [
              -61.6228,
              6.824919000000136
            ],
            [
              -61.623268,
              6.824922000000186
            ],
            [
              -61.623736,
              6.824832
            ],
            [
              -61.624205,
              6.824556
            ],
            [
              -61.62472,
              6.82442
            ],
            [
              -61.625142,
              6.824098
            ],
            [
              -61.625704,
              6.824055
            ],
            [
              -61.62617199999988,
              6.824057
            ],
            [
              -61.626639999999895,
              6.82406
            ],
            [
              -61.627107,
              6.824062
            ],
            [
              -61.627669,
              6.824066
            ],
            [
              -61.628745,
              6.824072
            ],
            [
              -61.629542,
              6.823659000000134
            ],
            [
              -61.63001,
              6.82343
            ],
            [
              -61.63048,
              6.822969
            ],
            [
              -61.631136,
              6.822694
            ],
            [
              -61.631510999999875,
              6.822418000000141
            ],
            [
              -61.632073,
              6.822375000000136
            ],
            [
              -61.63254199999989,
              6.821914000000163
            ],
            [
              -61.633056999999894,
              6.821824
            ],
            [
              -61.633435,
              6.820946
            ],
            [
              -61.633437,
              6.820482
            ],
            [
              -61.633392,
              6.819833000000131
            ],
            [
              -61.633067,
              6.819321
            ],
            [
              -61.6326,
              6.819087
            ],
            [
              -61.632182,
              6.818297
            ],
            [
              -61.63223,
              6.817833
            ],
            [
              -61.632561,
              6.816862000000128
            ],
            [
              -61.632656,
              6.816399
            ],
            [
              -61.63266,
              6.815565000000106
            ],
            [
              -61.632380999999896,
              6.815053
            ],
            [
              -61.631960999999876,
              6.814773000000116
            ],
            [
              -61.6314,
              6.814492
            ],
            [
              -61.631543,
              6.813983000000121
            ],
            [
              -61.631687,
              6.813010000000133
            ],
            [
              -61.63192199999986,
              6.812594000000161
            ],
            [
              -61.631784,
              6.812083000000143
            ],
            [
              -61.631692,
              6.811573
            ],
            [
              -61.63145999999989,
              6.811016000000166
            ],
            [
              -61.631276,
              6.810366
            ],
            [
              -61.631091,
              6.809716
            ],
            [
              -61.630859,
              6.809019
            ],
            [
              -61.630392,
              6.808831
            ],
            [
              -61.62950499999988,
              6.808527
            ],
            [
              -61.629272,
              6.808061
            ],
            [
              -61.629134,
              6.807597
            ],
            [
              -61.628855,
              6.807178
            ],
            [
              -61.628340999999864,
              6.806851000000165
            ],
            [
              -61.627875,
              6.806338000000153
            ],
            [
              -61.627504,
              6.805594
            ],
            [
              -61.627272,
              6.805082000000141
            ],
            [
              -61.627227,
              6.804571000000124
            ],
            [
              -61.627229,
              6.804060000000163
            ],
            [
              -61.627371,
              6.80355
            ],
            [
              -61.62783999999988,
              6.80332
            ],
            [
              -61.628355,
              6.803229000000158
            ],
            [
              -61.628823,
              6.803184000000158
            ],
            [
              -61.62933699999985,
              6.803186000000153
            ],
            [
              -61.629945,
              6.803235
            ],
            [
              -61.630413,
              6.803329
            ],
            [
              -61.631114,
              6.80351700000017
            ],
            [
              -61.631909,
              6.80352
            ],
            [
              -61.632424,
              6.803522
            ],
            [
              -61.633874999999875,
              6.803388000000155
            ],
            [
              -61.634483,
              6.803298000000154
            ],
            [
              -61.635045999999875,
              6.803021000000172
            ],
            [
              -61.63537499999984,
              6.802558
            ],
            [
              -61.636219,
              6.802050000000122
            ],
            [
              -61.637064,
              6.801171
            ],
            [
              -61.637579,
              6.801173
            ],
            [
              -61.638188,
              6.800804
            ],
            [
              -61.639033,
              6.800203
            ],
            [
              -61.639454999999884,
              6.799973
            ],
            [
              -61.640251,
              6.799558000000161
            ],
            [
              -61.64072,
              6.799327
            ],
            [
              -61.641189,
              6.799004000000139
            ],
            [
              -61.641613,
              6.798309000000188
            ],
            [
              -61.641849,
              6.797660000000121
            ],
            [
              -61.64203799999984,
              6.79715
            ],
            [
              -61.642133999999885,
              6.796639
            ],
            [
              -61.642182,
              6.796175
            ],
            [
              -61.64199699999989,
              6.795664
            ],
            [
              -61.641998999999885,
              6.795153
            ],
            [
              -61.64200199999988,
              6.794178000000159
            ],
            [
              -61.641819,
              6.793202
            ],
            [
              -61.641774,
              6.792644
            ],
            [
              -61.641776,
              6.792087
            ],
            [
              -61.641779,
              6.791483
            ],
            [
              -61.641594,
              6.790786
            ],
            [
              -61.641410999999835,
              6.78981
            ],
            [
              -61.641319,
              6.789346
            ],
            [
              -61.64132,
              6.788881000000117
            ],
            [
              -61.641322,
              6.788417
            ],
            [
              -61.64146399999987,
              6.787907000000189
            ],
            [
              -61.641654,
              6.787304
            ],
            [
              -61.641702,
              6.78684
            ],
            [
              -61.642031,
              6.786469
            ],
            [
              -61.642268,
              6.785820000000172
            ],
            [
              -61.642783,
              6.785636
            ],
            [
              -61.643675,
              6.784757000000127
            ],
            [
              -61.64400399999988,
              6.784387
            ],
            [
              -61.644519,
              6.78411
            ],
            [
              -61.64541299999985,
              6.782906
            ],
            [
              -61.646635,
              6.781285
            ],
            [
              -61.646965,
              6.780683
            ],
            [
              -61.648092,
              6.779433000000154
            ],
            [
              -61.648562,
              6.778878
            ],
            [
              -61.649125,
              6.778555000000154
            ],
            [
              -61.649735,
              6.778093000000126
            ],
            [
              -61.650157,
              6.777862
            ],
            [
              -61.650905,
              6.777819
            ],
            [
              -61.65156,
              6.777821000000188
            ],
            [
              -61.652122,
              6.777823000000183
            ],
            [
              -61.652636,
              6.77805700000016
            ],
            [
              -61.65315,
              6.778198
            ],
            [
              -61.653804,
              6.778340000000128
            ],
            [
              -61.654412,
              6.778435000000172
            ],
            [
              -61.655254,
              6.778485
            ],
            [
              -61.655768,
              6.77858
            ],
            [
              -61.65632899999986,
              6.778582
            ],
            [
              -61.656843,
              6.778723
            ],
            [
              -61.657405,
              6.778725
            ],
            [
              -61.658107,
              6.778728000000115
            ],
            [
              -61.658575,
              6.77863600000012
            ],
            [
              -61.66012099999989,
              6.777992
            ],
            [
              -61.66227899999984,
              6.776375
            ],
            [
              -61.66495099999986,
              6.775084
            ],
            [
              -61.667625,
              6.773005000000126
            ],
            [
              -61.668515,
              6.77259
            ],
            [
              -61.668983,
              6.772545
            ],
            [
              -61.66945099999987,
              6.772547
            ],
            [
              -61.670387,
              6.772458
            ],
            [
              -61.671137,
              6.7721820000001
            ],
            [
              -61.671559,
              6.771951000000172
            ],
            [
              -61.672073999999895,
              6.771767
            ],
            [
              -61.672729,
              6.771677
            ],
            [
              -61.673338,
              6.771447
            ],
            [
              -61.673808,
              6.771031
            ],
            [
              -61.674792,
              6.770524
            ],
            [
              -61.67526,
              6.770479
            ],
            [
              -61.675821,
              6.770481
            ],
            [
              -61.676289,
              6.770483000000183
            ],
            [
              -61.676804,
              6.770392000000129
            ],
            [
              -61.67718,
              6.770022
            ],
            [
              -61.677648,
              6.769838000000107
            ],
            [
              -61.67797699999983,
              6.769375
            ],
            [
              -61.677792,
              6.768909000000178
            ],
            [
              -61.676858,
              6.768442
            ],
            [
              -61.676346,
              6.767790000000105
            ],
            [
              -61.67611399999987,
              6.767324000000144
            ],
            [
              -61.676021999999875,
              6.766767
            ],
            [
              -61.67607199999986,
              6.765978000000132
            ],
            [
              -61.67644799999988,
              6.765654000000154
            ],
            [
              -61.677012,
              6.764913
            ],
            [
              -61.677294,
              6.764403000000186
            ],
            [
              -61.67743799999988,
              6.763614000000132
            ],
            [
              -61.677347,
              6.762918
            ],
            [
              -61.676929,
              6.762034000000142
            ],
            [
              -61.676931,
              6.761569000000179
            ],
            [
              -61.676935,
              6.760455
            ],
            [
              -61.67689,
              6.759897
            ],
            [
              -61.676892,
              6.759433
            ],
            [
              -61.6768,
              6.758829000000162
            ],
            [
              -61.676569999999856,
              6.757992000000172
            ],
            [
              -61.676478,
              6.7574350000001
            ],
            [
              -61.67648,
              6.756924
            ],
            [
              -61.675969,
              6.755854
            ],
            [
              -61.675505,
              6.754924000000187
            ],
            [
              -61.67536699999988,
              6.754459
            ],
            [
              -61.6749,
              6.754132
            ],
            [
              -61.674668,
              6.753713000000175
            ],
            [
              -61.67467,
              6.753156
            ],
            [
              -61.674905,
              6.752739
            ],
            [
              -61.675704,
              6.75172
            ],
            [
              -61.676174,
              6.751258
            ],
            [
              -61.676549,
              6.750934
            ],
            [
              -61.677251,
              6.75089
            ],
            [
              -61.677859999999896,
              6.750614
            ],
            [
              -61.67833,
              6.750198000000125
            ],
            [
              -61.679079,
              6.749922
            ],
            [
              -61.679642,
              6.749599000000103
            ],
            [
              -61.680017,
              6.749275000000125
            ],
            [
              -61.680909,
              6.748535000000174
            ],
            [
              -61.681425,
              6.748212
            ],
            [
              -61.681754,
              6.747842
            ],
            [
              -61.682178,
              6.746915
            ],
            [
              -61.68251,
              6.745848
            ],
            [
              -61.68293199999982,
              6.745525
            ],
            [
              -61.68335499999989,
              6.745015
            ],
            [
              -61.684012,
              6.744507000000169
            ],
            [
              -61.68452599999989,
              6.744462000000169
            ],
            [
              -61.684994,
              6.744464000000164
            ],
            [
              -61.685509,
              6.744559
            ],
            [
              -61.686116,
              6.744886
            ],
            [
              -61.686769,
              6.745399
            ],
            [
              -61.687560999999846,
              6.746238
            ],
            [
              -61.687839,
              6.746797
            ],
            [
              -61.68802499999987,
              6.747262
            ],
            [
              -61.68806899999987,
              6.747819000000106
            ],
            [
              -61.68806799999987,
              6.748283000000129
            ],
            [
              -61.68806599999988,
              6.748748
            ],
            [
              -61.68806399999988,
              6.749258000000111
            ],
            [
              -61.688296,
              6.749724000000128
            ],
            [
              -61.688669,
              6.750189
            ],
            [
              -61.689088,
              6.750562
            ],
            [
              -61.68965,
              6.750565000000108
            ],
            [
              -61.690305,
              6.750428000000113
            ],
            [
              -61.690681,
              6.75015
            ],
            [
              -61.691057999999884,
              6.749409000000185
            ],
            [
              -61.691433999999845,
              6.748807000000113
            ],
            [
              -61.692047,
              6.747555
            ],
            [
              -61.692472,
              6.746535
            ],
            [
              -61.692848,
              6.746026
            ],
            [
              -61.693037,
              6.745562
            ],
            [
              -61.693414,
              6.744820000000118
            ],
            [
              -61.693836,
              6.74459
            ],
            [
              -61.694165,
              6.744127000000162
            ],
            [
              -61.694777,
              6.743107000000123
            ],
            [
              -61.695905,
              6.741718000000105
            ],
            [
              -61.696514,
              6.741535000000113
            ],
            [
              -61.696982999999875,
              6.741258
            ],
            [
              -61.697452,
              6.740981
            ],
            [
              -61.69764,
              6.740517
            ],
            [
              -61.697917,
              6.740139
            ],
            [
              -61.698878,
              6.741990000000101
            ],
            [
              -61.69956499999989,
              6.743509000000188
            ],
            [
              -61.70201999999989,
              6.745610000000113
            ],
            [
              -61.704485,
              6.747023000000127
            ],
            [
              -61.707172,
              6.748394
            ],
            [
              -61.709158,
              6.749179
            ],
            [
              -61.711236,
              6.749787
            ],
            [
              -61.71206199999989,
              6.750953
            ],
            [
              -61.712792,
              6.752607000000125
            ],
            [
              -61.714306,
              6.755248000000165
            ],
            [
              -61.715167,
              6.757036000000141
            ],
            [
              -61.715329,
              6.758060000000114
            ],
            [
              -61.715736,
              6.760507
            ],
            [
              -61.715973,
              6.762508
            ],
            [
              -61.71621899999985,
              6.763865
            ],
            [
              -61.716469,
              6.764934
            ],
            [
              -61.717293,
              6.766233000000113
            ],
            [
              -61.718655,
              6.767186
            ],
            [
              -61.719845,
              6.767737000000182
            ],
            [
              -61.720757999999876,
              6.769082
            ],
            [
              -61.72104999999988,
              6.770329
            ],
            [
              -61.721931,
              6.773715
            ],
            [
              -61.722118,
              6.776026000000172
            ],
            [
              -61.722709999999836,
              6.777988000000164
            ],
            [
              -61.723082,
              6.779858000000161
            ],
            [
              -61.723146,
              6.781457000000103
            ],
            [
              -61.723129,
              6.782610000000147
            ],
            [
              -61.722623999999826,
              6.783668
            ],
            [
              -61.721974,
              6.785589
            ],
            [
              -61.721375,
              6.787
            ],
            [
              -61.721347,
              6.788864000000103
            ],
            [
              -61.72179999999986,
              6.79117900000017
            ],
            [
              -61.72300499999989,
              6.793771
            ],
            [
              -61.723875,
              6.794938000000172
            ],
            [
              -61.725628,
              6.796474
            ],
            [
              -61.727113,
              6.798094000000162
            ],
            [
              -61.728655,
              6.798916000000133
            ],
            [
              -61.73108,
              6.800062
            ],
            [
              -61.733997,
              6.800972
            ],
            [
              -61.735801,
              6.802065
            ],
            [
              -61.737785,
              6.8029820000001
            ],
            [
              -61.739581,
              6.804652
            ],
            [
              -61.740448,
              6.805996000000107
            ],
            [
              -61.740967999999896,
              6.806892000000175
            ],
            [
              -61.74104499999987,
              6.807648
            ],
            [
              -61.741248,
              6.808893000000182
            ],
            [
              -61.74243,
              6.810065000000179
            ],
            [
              -61.744731,
              6.810544000000164
            ],
            [
              -61.746505,
              6.810704000000101
            ],
            [
              -61.748732,
              6.810294000000113
            ],
            [
              -61.75086899999985,
              6.809926000000189
            ],
            [
              -61.752298,
              6.809371000000112
            ],
            [
              -61.754262,
              6.808735
            ],
            [
              -61.75591999999989,
              6.807739
            ],
            [
              -61.757304,
              6.807227000000182
            ],
            [
              -61.759392,
              6.80717
            ],
            [
              -61.761606,
              6.807603
            ],
            [
              -61.762981,
              6.807712000000151
            ],
            [
              -61.764752,
              6.808094000000153
            ],
            [
              -61.766467,
              6.809185000000184
            ],
            [
              -61.767793,
              6.809649
            ],
            [
              -61.770615,
              6.810956000000147
            ],
            [
              -61.77219699999989,
              6.812090000000182
            ],
            [
              -61.77307699999989,
              6.812591
            ],
            [
              -61.77364,
              6.813576
            ],
            [
              -61.774331,
              6.81483
            ],
            [
              -61.7753,
              6.815421000000129
            ],
            [
              -61.77573299999989,
              6.816138
            ],
            [
              -61.776415,
              6.818013000000178
            ],
            [
              -61.776603,
              6.820279
            ],
            [
              -61.777539,
              6.823001
            ],
            [
              -61.778748,
              6.825328
            ],
            [
              -61.780404,
              6.830369
            ],
            [
              -61.78156099999984,
              6.83313800000019
            ],
            [
              -61.782564,
              6.834352
            ],
            [
              -61.783883,
              6.83528200000012
            ],
            [
              -61.785386,
              6.835748000000137
            ],
            [
              -61.786496,
              6.835721
            ],
            [
              -61.787907,
              6.836408
            ],
            [
              -61.78878,
              6.837442000000124
            ],
            [
              -61.790098999999884,
              6.838350000000105
            ],
            [
              -61.791185,
              6.839964
            ],
            [
              -61.792046,
              6.841753000000153
            ],
            [
              -61.792156,
              6.843308
            ],
            [
              -61.792142999999896,
              6.844151000000124
            ],
            [
              -61.792041,
              6.845037
            ],
            [
              -61.791585,
              6.845785000000149
            ],
            [
              -61.790864,
              6.846485000000143
            ],
            [
              -61.790267,
              6.847807000000103
            ],
            [
              -61.788239,
              6.84973
            ],
            [
              -61.78663,
              6.850416000000166
            ],
            [
              -61.785768999999846,
              6.851557
            ],
            [
              -61.784815999999864,
              6.852874000000156
            ],
            [
              -61.783962,
              6.853572000000156
            ],
            [
              -61.78327599999989,
              6.854849000000115
            ],
            [
              -61.782504,
              6.855991000000131
            ],
            [
              -61.782348,
              6.857498
            ],
            [
              -61.782801,
              6.859791
            ],
            [
              -61.783538,
              6.861045000000104
            ],
            [
              -61.783741,
              6.862291
            ],
            [
              -61.784081,
              6.863273000000106
            ],
            [
              -61.785574,
              6.864449
            ],
            [
              -61.78685399999989,
              6.870817
            ],
            [
              -61.787238999999886,
              6.871755
            ],
            [
              -61.788244,
              6.87288
            ],
            [
              -61.789965,
              6.873616
            ],
            [
              -61.792257,
              6.874805000000151
            ],
            [
              -61.795226,
              6.87524900000011
            ],
            [
              -61.796741,
              6.874961
            ],
            [
              -61.797904,
              6.874402
            ],
            [
              -61.798538,
              6.873568000000148
            ],
            [
              -61.799587,
              6.871808000000158
            ],
            [
              -61.801237,
              6.868415
            ],
            [
              -61.801254,
              6.867305000000101
            ],
            [
              -61.800925,
              6.865525
            ],
            [
              -61.800454,
              6.864408
            ],
            [
              -61.799708,
              6.863775
            ],
            [
              -61.798604999999895,
              6.863315000000171
            ],
            [
              -61.798176,
              6.862287
            ],
            [
              -61.798378,
              6.86064800000014
            ],
            [
              -61.79963899999984,
              6.859513
            ],
            [
              -61.8016889999999,
              6.859055000000126
            ],
            [
              -61.804004,
              6.858735000000138
            ],
            [
              -61.806137,
              6.858634000000109
            ],
            [
              -61.807911,
              6.858838000000105
            ],
            [
              -61.811039,
              6.860572
            ],
            [
              -61.812584,
              6.861150000000123
            ],
            [
              -61.813814,
              6.862101000000109
            ],
            [
              -61.81517799999989,
              6.862965
            ],
            [
              -61.8160529999999,
              6.863822
            ],
            [
              -61.817064,
              6.86454700000013
            ],
            [
              -61.818885,
              6.864530000000173
            ],
            [
              -61.82150899999988,
              6.864348
            ],
            [
              -61.824132,
              6.864210000000185
            ],
            [
              -61.826536,
              6.863802
            ],
            [
              -61.828944,
              6.863217
            ],
            [
              -61.831175,
              6.86254
            ],
            [
              -61.833983,
              6.861916
            ],
            [
              -61.836123,
              6.861371
            ],
            [
              -61.837371999999846,
              6.861035000000186
            ],
            [
              -61.83816,
              6.860624
            ],
            [
              -61.83804199999986,
              6.859903000000145
            ],
            [
              -61.83742199999989,
              6.859451
            ],
            [
              -61.836843,
              6.858668
            ],
            [
              -61.836785,
              6.857598
            ],
            [
              -61.836401,
              6.856191000000138
            ],
            [
              -61.83604899999989,
              6.855062000000146
            ],
            [
              -61.835411,
              6.853282000000149
            ],
            [
              -61.835023,
              6.852134
            ],
            [
              -61.834119,
              6.850940000000151
            ],
            [
              -61.833181,
              6.849525000000142
            ],
            [
              -61.83205,
              6.848660000000166
            ],
            [
              -61.830776,
              6.847535000000164
            ],
            [
              -61.82983,
              6.846636
            ],
            [
              -61.8292229999999,
              6.845336
            ],
            [
              -61.829127,
              6.844339
            ],
            [
              -61.828938,
              6.842161000000146
            ],
            [
              -61.828933,
              6.840078000000119
            ],
            [
              -61.829391,
              6.839052
            ],
            [
              -61.83021599999989,
              6.838106
            ],
            [
              -61.830892,
              6.837305000000185
            ],
            [
              -61.83179299999989,
              6.836286
            ],
            [
              -61.831961,
              6.834888
            ],
            [
              -61.831997999999885,
              6.832455000000152
            ],
            [
              -61.83312599999988,
              6.830997000000139
            ],
            [
              -61.834391,
              6.830278000000135
            ],
            [
              -61.835598,
              6.828527
            ],
            [
              -61.83687,
              6.827366
            ],
            [
              -61.838582,
              6.826359
            ],
            [
              -61.839326,
              6.825928
            ],
            [
              -61.840581,
              6.825873000000172
            ],
            [
              -61.841909,
              6.825892000000181
            ],
            [
              -61.843678,
              6.825993000000153
            ],
            [
              -61.844933,
              6.825938
            ],
            [
              -61.84612399999986,
              6.825218000000177
            ],
            [
              -61.847027,
              6.824052000000165
            ],
            [
              -61.848157,
              6.822446000000127
            ],
            [
              -61.84967099999989,
              6.819888
            ],
            [
              -61.85088,
              6.817988
            ],
            [
              -61.851352,
              6.816004
            ],
            [
              -61.851386,
              6.813719000000162
            ],
            [
              -61.851046,
              6.811796
            ],
            [
              -61.850245999999856,
              6.811047
            ],
            [
              -61.848636,
              6.810138000000165
            ],
            [
              -61.84681,
              6.808931000000143
            ],
            [
              -61.845792,
              6.807920000000138
            ],
            [
              -61.845972,
              6.805711000000144
            ],
            [
              -61.847436,
              6.801529000000187
            ],
            [
              -61.848561,
              6.800292000000127
            ],
            [
              -61.850114,
              6.800020000000188
            ],
            [
              -61.851003,
              6.799812
            ],
            [
              -61.852176,
              6.800272
            ],
            [
              -61.85340999999988,
              6.801692000000173
            ],
            [
              -61.854134,
              6.802587000000131
            ],
            [
              -61.855969,
              6.803205000000105
            ],
            [
              -61.857735999999875,
              6.803452000000107
            ],
            [
              -61.859284999999886,
              6.803475
            ],
            [
              -61.86054299999989,
              6.80319900000012
            ],
            [
              -61.86203499999988,
              6.802115000000128
            ],
            [
              -61.86331599999983,
              6.800290000000132
            ],
            [
              -61.86456,
              6.796031
            ],
            [
              -61.864942,
              6.795152
            ],
            [
              -61.866209,
              6.794286
            ],
            [
              -61.867624,
              6.793422000000135
            ],
            [
              -61.86844699999989,
              6.792623000000106
            ],
            [
              -61.870046,
              6.789254
            ],
            [
              -61.872179,
              6.784713
            ],
            [
              -61.872653,
              6.782582000000104
            ],
            [
              -61.872373,
              6.781545000000108
            ],
            [
              -61.872391,
              6.780366
            ],
            [
              -61.872781,
              6.778896000000145
            ],
            [
              -61.874279999999885,
              6.77737000000019
            ],
            [
              -61.8774049999999,
              6.775572
            ],
            [
              -61.87918,
              6.77523
            ],
            [
              -61.880139,
              6.7752440000001
            ],
            [
              -61.880735,
              6.774884
            ],
            [
              -61.881276,
              6.773196000000155
            ],
            [
              -61.882133,
              6.770111000000156
            ],
            [
              -61.882691,
              6.76728
            ],
            [
              -61.882498,
              6.765359
            ],
            [
              -61.882,
              6.764098
            ],
            [
              -61.881751,
              6.760997
            ],
            [
              -61.88183,
              6.755615000000148
            ],
            [
              -61.88218599999988,
              6.75149
            ],
            [
              -61.882137,
              6.749793000000182
            ],
            [
              -61.881635,
              6.748827000000176
            ],
            [
              -61.881204,
              6.74801
            ],
            [
              -61.881291,
              6.747126000000151
            ],
            [
              -61.881913,
              6.744923
            ],
            [
              -61.88252299999988,
              6.743604
            ],
            [
              -61.883491,
              6.742955000000165
            ],
            [
              -61.88497299999983,
              6.742534000000148
            ],
            [
              -61.88652899999988,
              6.742040000000145
            ],
            [
              -61.889487,
              6.741568000000143
            ],
            [
              -61.891787,
              6.740716
            ],
            [
              -61.893504,
              6.73934
            ],
            [
              -61.895214,
              6.738406
            ],
            [
              -61.896486,
              6.73717100000016
            ],
            [
              -61.897758,
              6.735973000000115
            ],
            [
              -61.898208,
              6.735463
            ],
            [
              -61.899257,
              6.734372000000178
            ],
            [
              -61.900151,
              6.733795
            ],
            [
              -61.900968,
              6.733365
            ],
            [
              -61.901867,
              6.732419
            ],
            [
              -61.902463,
              6.732059000000106
            ],
            [
              -61.903646,
              6.73185500000011
            ],
            [
              -61.905122,
              6.731803
            ],
            [
              -61.906155,
              6.731818
            ],
            [
              -61.907339,
              6.731540000000166
            ],
            [
              -61.907932,
              6.731401
            ],
            [
              -61.908235,
              6.730816000000118
            ],
            [
              -61.90876,
              6.73023400000011
            ],
            [
              -61.909209,
              6.729798
            ],
            [
              -61.90975,
              6.728109000000131
            ],
            [
              -61.910862,
              6.727757000000167
            ],
            [
              -61.912193,
              6.727555000000166
            ],
            [
              -61.913146,
              6.727937000000111
            ],
            [
              -61.914682,
              6.728845
            ],
            [
              -61.916605,
              6.728504000000157
            ],
            [
              -61.91698,
              6.728141000000107
            ],
            [
              -61.917729,
              6.72734000000014
            ],
            [
              -61.918292999999835,
              6.724103000000184
            ],
            [
              -61.91858999999988,
              6.718871000000149
            ],
            [
              -61.918616,
              6.717102000000182
            ],
            [
              -61.917902,
              6.715469
            ],
            [
              -61.917108,
              6.714277
            ],
            [
              -61.917121,
              6.713392000000169
            ],
            [
              -61.917214999999885,
              6.711992000000123
            ],
            [
              -61.917742,
              6.711262000000147
            ],
            [
              -61.918859,
              6.710541000000148
            ],
            [
              -61.919893,
              6.710408
            ],
            [
              -61.92159,
              6.710433
            ],
            [
              -61.923078,
              6.70957
            ],
            [
              -61.924563,
              6.708927000000187
            ],
            [
              -61.925017,
              6.708123000000114
            ],
            [
              -61.925544999999886,
              6.707319
            ],
            [
              -61.925853,
              6.706438000000162
            ],
            [
              -61.92637699999989,
              6.70593
            ],
            [
              -61.927565,
              6.705357
            ],
            [
              -61.928314,
              6.704630000000122
            ],
            [
              -61.928831999999886,
              6.70449
            ],
            [
              -61.92971599999987,
              6.704577
            ],
            [
              -61.930815,
              6.705109000000107
            ],
            [
              -61.931985,
              6.70579
            ],
            [
              -61.932714,
              6.70639
            ],
            [
              -61.934115,
              6.706484
            ],
            [
              -61.935007,
              6.705981000000179
            ],
            [
              -61.935457,
              6.705471
            ],
            [
              -61.936206999999854,
              6.704671000000133
            ],
            [
              -61.936515,
              6.70379
            ],
            [
              -61.936527,
              6.702905
            ],
            [
              -61.936318,
              6.702054000000146
            ],
            [
              -61.93633099999988,
              6.701169000000107
            ],
            [
              -61.93678199999982,
              6.700586
            ],
            [
              -61.93776,
              6.699272000000178
            ],
            [
              -61.93896199999989,
              6.697814000000164
            ],
            [
              -61.93970999999988,
              6.697088000000122
            ],
            [
              -61.940750999999864,
              6.696513000000152
            ],
            [
              -61.941568,
              6.696156
            ],
            [
              -61.942674999999895,
              6.69609800000012
            ],
            [
              -61.944739,
              6.696201
            ],
            [
              -61.945695,
              6.696436000000176
            ],
            [
              -61.946789,
              6.697337000000118
            ],
            [
              -61.948115,
              6.697430000000168
            ],
            [
              -61.94974899999988,
              6.696716
            ],
            [
              -61.951155,
              6.696368
            ],
            [
              -61.952046,
              6.69601200000011
            ],
            [
              -61.952793,
              6.695359
            ],
            [
              -61.953982,
              6.694786
            ],
            [
              -61.955758,
              6.694369
            ],
            [
              -61.957307,
              6.694391
            ],
            [
              -61.958338,
              6.694554
            ],
            [
              -61.959508,
              6.695234
            ],
            [
              -61.961348,
              6.695556000000181
            ],
            [
              -61.963266,
              6.695583000000113
            ],
            [
              -61.965479,
              6.695615
            ],
            [
              -61.966586,
              6.695557000000122
            ],
            [
              -61.967181,
              6.695271
            ],
            [
              -61.967479,
              6.695054
            ],
            [
              -61.967712,
              6.694246
            ],
            [
              -61.967723,
              6.693435
            ],
            [
              -61.967513,
              6.692694000000188
            ],
            [
              -61.966938,
              6.691653
            ],
            [
              -61.966685,
              6.688699
            ],
            [
              -61.966797,
              6.686045
            ],
            [
              -61.966377,
              6.68449
            ],
            [
              -61.96595,
              6.683378000000118
            ],
            [
              -61.964863,
              6.682034000000101
            ],
            [
              -61.964063,
              6.68121200000013
            ],
            [
              -61.962966,
              6.680532
            ],
            [
              -61.962532999999894,
              6.679862000000185
            ],
            [
              -61.962543,
              6.679198000000156
            ],
            [
              -61.963,
              6.678172000000131
            ],
            [
              -61.964196,
              6.677083
            ],
            [
              -61.966198,
              6.676374
            ],
            [
              -61.97235299999983,
              6.674139
            ],
            [
              -61.973692999999855,
              6.673347
            ],
            [
              -61.975247,
              6.673000000000116
            ],
            [
              -61.97694299999989,
              6.673024000000169
            ],
            [
              -61.978928,
              6.673569000000157
            ],
            [
              -61.980983999999864,
              6.674189000000126
            ],
            [
              -61.98311299999989,
              6.674957
            ],
            [
              -61.985831,
              6.675807
            ],
            [
              -61.987739,
              6.676498
            ],
            [
              -61.990173,
              6.676533
            ],
            [
              -61.992316,
              6.676269000000104
            ],
            [
              -61.99497799999989,
              6.675864000000161
            ],
            [
              -61.996319,
              6.674998
            ],
            [
              -61.996921,
              6.674121000000184
            ],
            [
              -61.997961,
              6.67362
            ],
            [
              -61.999289,
              6.673639
            ],
            [
              -62.001058999999884,
              6.673664
            ],
            [
              -62.00326699999988,
              6.674065000000155
            ],
            [
              -62.005329,
              6.674315
            ],
            [
              -62.006584,
              6.674259
            ],
            [
              -62.007105,
              6.673972000000106
            ],
            [
              -62.00801699999988,
              6.672066000000143
            ],
            [
              -62.009499,
              6.67074
            ],
            [
              -62.011439,
              6.668951000000163
            ],
            [
              -62.013823,
              6.668862
            ],
            [
              -62.015186,
              6.668876000000182
            ],
            [
              -62.015753999999845,
              6.668769
            ],
            [
              -62.016779,
              6.668214
            ],
            [
              -62.017579,
              6.667092
            ],
            [
              -62.018049,
              6.664046
            ],
            [
              -62.018284,
              6.662467000000106
            ],
            [
              -62.018747,
              6.660664000000168
            ],
            [
              -62.019662,
              6.659431
            ],
            [
              -62.0207989999999,
              6.658990000000188
            ],
            [
              -62.021367,
              6.658996000000172
            ],
            [
              -62.021821,
              6.659000000000162
            ],
            [
              -62.023067,
              6.659691000000123
            ],
            [
              -62.02352,
              6.659808
            ],
            [
              -62.024201,
              6.659815
            ],
            [
              -62.025337,
              6.659713000000181
            ],
            [
              -62.025912,
              6.658363000000179
            ],
            [
              -62.02671199999986,
              6.657355000000109
            ],
            [
              -62.02762399999989,
              6.656573
            ],
            [
              -62.028988,
              6.65636
            ],
            [
              -62.030467,
              6.655697
            ],
            [
              -62.032513,
              6.655266
            ],
            [
              -62.033649,
              6.655164000000184
            ],
            [
              -62.035011,
              6.655178
            ],
            [
              -62.036376,
              6.654740000000118
            ],
            [
              -62.037287999999876,
              6.653958
            ],
            [
              -62.037409,
              6.652491000000168
            ],
            [
              -62.038554,
              6.650581
            ],
            [
              -62.03833099999986,
              6.649901000000114
            ],
            [
              -62.037659,
              6.647974
            ],
            [
              -62.03766999999988,
              6.645827000000168
            ],
            [
              -62.038244,
              6.644590000000164
            ],
            [
              -62.039721,
              6.644492
            ],
            [
              -62.040969,
              6.644505
            ],
            [
              -62.042897,
              6.645089
            ],
            [
              -62.04437,
              6.645556000000113
            ],
            [
              -62.045504,
              6.645906000000139
            ],
            [
              -62.04664,
              6.645804
            ],
            [
              -62.04732699999988,
              6.644681
            ],
            [
              -62.047570999999834,
              6.641407
            ],
            [
              -62.047585,
              6.63847
            ],
            [
              -62.047596,
              6.636324000000116
            ],
            [
              -62.045904999999834,
              6.633934
            ],
            [
              -62.045799,
              6.632465
            ],
            [
              -62.045696,
              6.630317000000105
            ],
            [
              -62.04673,
              6.6279550000001
            ],
            [
              -62.048222,
              6.624806
            ],
            [
              -62.04845299999988,
              6.623905
            ],
            [
              -62.049368,
              6.622671
            ],
            [
              -62.051526,
              6.622467
            ],
            [
              -62.05595099999988,
              6.62307600000014
            ],
            [
              -62.057087,
              6.622974
            ],
            [
              -62.05799599999989,
              6.622983
            ],
            [
              -62.058679,
              6.622538
            ],
            [
              -62.058683,
              6.621748
            ],
            [
              -62.058236,
              6.620274000000109
            ],
            [
              -62.057337,
              6.618458000000146
            ],
            [
              -62.05723199999983,
              6.616762000000165
            ],
            [
              -62.05803,
              6.616205
            ],
            [
              -62.058938,
              6.616214000000127
            ],
            [
              -62.05996,
              6.616224
            ],
            [
              -62.061319,
              6.616916000000117
            ],
            [
              -62.063021999999876,
              6.616933
            ],
            [
              -62.06415499999986,
              6.617509000000155
            ],
            [
              -62.065625,
              6.618654
            ],
            [
              -62.067094,
              6.62013700000017
            ],
            [
              -62.067888,
              6.620145
            ],
            [
              -62.072094,
              6.619170000000111
            ],
            [
              -62.074255,
              6.618514000000175
            ],
            [
              -62.077318999999875,
              6.618884
            ],
            [
              -62.079703,
              6.618907
            ],
            [
              -62.08084,
              6.618580000000122
            ],
            [
              -62.08198199999987,
              6.617349
            ],
            [
              -62.082891,
              6.617245000000139
            ],
            [
              -62.084134,
              6.6185
            ],
            [
              -62.085494,
              6.618852
            ],
            [
              -62.08651599999985,
              6.618863
            ],
            [
              -62.087654,
              6.618309
            ],
            [
              -62.088341,
              6.617299000000173
            ],
            [
              -62.089252,
              6.616743
            ],
            [
              -62.090614,
              6.616757000000121
            ],
            [
              -62.092203,
              6.616999
            ],
            [
              -62.092994,
              6.617685000000165
            ],
            [
              -62.093788,
              6.617806
            ],
            [
              -62.094701,
              6.617024000000185
            ],
            [
              -62.096069,
              6.615795000000105
            ],
            [
              -62.097209,
              6.614902
            ],
            [
              -62.098459,
              6.614802000000168
            ],
            [
              -62.10242099999982,
              6.617101000000162
            ],
            [
              -62.105827,
              6.617248
            ],
            [
              -62.108442,
              6.616483000000187
            ],
            [
              -62.110373,
              6.616277
            ],
            [
              -62.111513999999886,
              6.615271
            ],
            [
              -62.112427,
              6.614264
            ],
            [
              -62.112433999999894,
              6.613021
            ],
            [
              -62.11165,
              6.610867
            ],
            [
              -62.111995,
              6.609966
            ],
            [
              -62.113021,
              6.609073
            ],
            [
              -62.11518199999989,
              6.608416
            ],
            [
              -62.116317,
              6.608541000000116
            ],
            [
              -62.117562,
              6.609344000000135
            ],
            [
              -62.118355,
              6.609578000000113
            ],
            [
              -62.11938099999986,
              6.608797000000152
            ],
            [
              -62.119386,
              6.607781000000102
            ],
            [
              -62.117919,
              6.606071
            ],
            [
              -62.117357,
              6.604823000000124
            ],
            [
              -62.117365,
              6.603241
            ],
            [
              -62.11601,
              6.601872
            ],
            [
              -62.114995,
              6.600506
            ],
            [
              -62.113864,
              6.599591000000146
            ],
            [
              -62.113186,
              6.598793
            ],
            [
              -62.113192,
              6.597777000000178
            ],
            [
              -62.114327,
              6.597788
            ],
            [
              -62.115798,
              6.598820000000103
            ],
            [
              -62.116814,
              6.599959
            ],
            [
              -62.118507,
              6.601897000000179
            ],
            [
              -62.11975099999984,
              6.603039
            ],
            [
              -62.12099599999982,
              6.603843
            ],
            [
              -62.122009999999875,
              6.605434
            ],
            [
              -62.123026,
              6.606574
            ],
            [
              -62.124717,
              6.608964000000128
            ],
            [
              -62.12550499999986,
              6.610214000000155
            ],
            [
              -62.126524,
              6.610789000000125
            ],
            [
              -62.128227,
              6.610806000000139
            ],
            [
              -62.129595,
              6.609803
            ],
            [
              -62.129601,
              6.608674000000121
            ],
            [
              -62.12768,
              6.60684700000013
            ],
            [
              -62.127573,
              6.60549
            ],
            [
              -62.127579,
              6.6042470000001
            ],
            [
              -62.12837899999988,
              6.603238
            ],
            [
              -62.12974599999984,
              6.602348000000177
            ],
            [
              -62.13134,
              6.601573
            ],
            [
              -62.132705,
              6.600909000000115
            ],
            [
              -62.133051,
              6.599896000000172
            ],
            [
              -62.133515,
              6.59798
            ],
            [
              -62.133752,
              6.596062000000188
            ],
            [
              -62.133870999999885,
              6.59482
            ],
            [
              -62.13512199999985,
              6.594494000000111
            ],
            [
              -62.136718,
              6.593267
            ],
            [
              -62.137852,
              6.593617
            ],
            [
              -62.138636,
              6.595772000000181
            ],
            [
              -62.140215999999896,
              6.597595
            ],
            [
              -62.14157299999988,
              6.598625
            ],
            [
              -62.143723,
              6.600229000000184
            ],
            [
              -62.145192,
              6.601599
            ],
            [
              -62.147689,
              6.601850000000184
            ],
            [
              -62.150862999999845,
              6.602785
            ],
            [
              -62.152221,
              6.603816000000165
            ],
            [
              -62.153924,
              6.603833000000122
            ],
            [
              -62.155507,
              6.604978000000187
            ],
            [
              -62.157205,
              6.606125
            ],
            [
              -62.158344,
              6.605459
            ],
            [
              -62.158579,
              6.603879
            ],
            [
              -62.158935,
              6.600720000000138
            ],
            [
              -62.158591,
              6.597021000000154
            ],
            [
              -62.158607,
              6.595457
            ],
            [
              -62.158796,
              6.593982
            ],
            [
              -62.159240999999895,
              6.59311600000018
            ],
            [
              -62.1602079999999,
              6.592254
            ],
            [
              -62.16048399999988,
              6.590866000000176
            ],
            [
              -62.160932,
              6.589653000000169
            ],
            [
              -62.162165,
              6.588358000000142
            ],
            [
              -62.163484,
              6.587238000000184
            ],
            [
              -62.163927,
              6.586459
            ],
            [
              -62.164032,
              6.584722
            ],
            [
              -62.16352999999987,
              6.582634
            ],
            [
              -62.161284,
              6.580708
            ],
            [
              -62.15929,
              6.579566
            ],
            [
              -62.158856,
              6.579476000000113
            ],
            [
              -62.15852,
              6.578171000000111
            ],
            [
              -62.158537,
              6.57652000000013
            ],
            [
              -62.15863,
              6.575913000000185
            ],
            [
              -62.15977,
              6.575225000000103
            ],
            [
              -62.161083,
              6.574713
            ],
            [
              -62.163455,
              6.572818
            ],
            [
              -62.16503299999988,
              6.571960000000104
            ],
            [
              -62.16660899999988,
              6.571189000000118
            ],
            [
              -62.1682009999999,
              6.568941000000109
            ],
            [
              -62.169958,
              6.567563000000121
            ],
            [
              -62.170835,
              6.566961
            ],
            [
              -62.17267,
              6.566539
            ],
            [
              -62.173980999999856,
              6.566200000000151
            ],
            [
              -62.17688,
              6.563961000000177
            ],
            [
              -62.179413,
              6.56337
            ],
            [
              -62.180469,
              6.563257
            ],
            [
              -62.182118,
              6.563127
            ],
            [
              -62.18318099999988,
              6.561397000000113
            ],
            [
              -62.183802,
              6.560272000000111
            ],
            [
              -62.184587,
              6.560277000000156
            ],
            [
              -62.185445,
              6.561586
            ],
            [
              -62.186375,
              6.56445900000017
            ],
            [
              -62.186272,
              6.566022000000146
            ],
            [
              -62.185647,
              6.567494
            ],
            [
              -62.185639,
              6.568276000000139
            ],
            [
              -62.186156,
              6.568888000000129
            ],
            [
              -62.188172,
              6.567772000000161
            ],
            [
              -62.189577,
              6.566739000000155
            ],
            [
              -62.191671,
              6.566492000000153
            ],
            [
              -62.192275,
              6.567105
            ],
            [
              -62.192261,
              6.568494
            ],
            [
              -62.191989,
              6.569535
            ],
            [
              -62.191986,
              6.569795
            ],
            [
              -62.192332,
              6.570058000000131
            ],
            [
              -62.193205,
              6.569977
            ],
            [
              -62.194178,
              6.568507
            ],
            [
              -62.194381,
              6.565729
            ],
            [
              -62.194838,
              6.56356
            ],
            [
              -62.19555299999985,
              6.561828
            ],
            [
              -62.19678,
              6.561141
            ],
            [
              -62.198696,
              6.561328
            ],
            [
              -62.200086,
              6.561771000000135
            ],
            [
              -62.200609,
              6.561775000000125
            ],
            [
              -62.200705,
              6.560907
            ],
            [
              -62.199246,
              6.558639
            ],
            [
              -62.198134,
              6.556546
            ],
            [
              -62.197974,
              6.555155
            ],
            [
              -62.198859,
              6.553771
            ],
            [
              -62.200175999999885,
              6.552825000000155
            ],
            [
              -62.201483,
              6.552834000000189
            ],
            [
              -62.203918,
              6.553458000000148
            ],
            [
              -62.205395999999894,
              6.553728
            ],
            [
              -62.206701,
              6.553998
            ],
            [
              -62.207743,
              6.554439000000116
            ],
            [
              -62.20826099999988,
              6.554877
            ],
            [
              -62.20878,
              6.555315000000121
            ],
            [
              -62.208761999999865,
              6.557052000000112
            ],
            [
              -62.20875499999988,
              6.557747
            ],
            [
              -62.209189,
              6.557923
            ],
            [
              -62.209625,
              6.557926000000123
            ],
            [
              -62.211726,
              6.556985000000111
            ],
            [
              -62.21251099999989,
              6.556903
            ],
            [
              -62.211647,
              6.556203
            ],
            [
              -62.211742,
              6.555422
            ],
            [
              -62.212789,
              6.555255000000102
            ],
            [
              -62.21392299999985,
              6.555176000000188
            ],
            [
              -62.21419,
              6.554656000000136
            ],
            [
              -62.213612,
              6.551525
            ],
            [
              -62.213016,
              6.550044
            ],
            [
              -62.213026,
              6.549089
            ],
            [
              -62.21424999999988,
              6.548750000000155
            ],
            [
              -62.215629,
              6.550236000000154
            ],
            [
              -62.216148,
              6.550673
            ],
            [
              -62.21667099999985,
              6.550677
            ],
            [
              -62.217373999999836,
              6.550074000000109
            ],
            [
              -62.217828999999824,
              6.548166000000151
            ],
            [
              -62.218447,
              6.547388
            ],
            [
              -62.219759999999894,
              6.546876000000168
            ],
            [
              -62.22098,
              6.546884
            ],
            [
              -62.222286999999824,
              6.546893000000125
            ],
            [
              -62.22453699999983,
              6.54847100000012
            ],
            [
              -62.226687,
              6.551352000000122
            ],
            [
              -62.228237,
              6.553187
            ],
            [
              -62.230571,
              6.555114000000174
            ],
            [
              -62.232229,
              6.554951000000187
            ],
            [
              -62.233179,
              6.555826000000138
            ],
            [
              -62.235324999999875,
              6.559054
            ],
            [
              -62.236183,
              6.560363000000166
            ],
            [
              -62.23696199999989,
              6.560976
            ],
            [
              -62.237833,
              6.560982
            ],
            [
              -62.238967,
              6.56090300000011
            ],
            [
              -62.240019,
              6.560302
            ],
            [
              -62.241169,
              6.558659
            ],
            [
              -62.241441,
              6.557532
            ],
            [
              -62.242066,
              6.556059
            ],
            [
              -62.243033,
              6.555284
            ],
            [
              -62.244004,
              6.554074000000128
            ],
            [
              -62.244456,
              6.552427
            ],
            [
              -62.24501,
              6.54939000000013
            ],
            [
              -62.245386,
              6.546700000000158
            ],
            [
              -62.245486,
              6.545398
            ],
            [
              -62.24549599999989,
              6.544442
            ],
            [
              -62.245504,
              6.543661
            ],
            [
              -62.245159999999885,
              6.543137
            ],
            [
              -62.244555,
              6.542699
            ],
            [
              -62.244563,
              6.541830000000118
            ],
            [
              -62.245001999999886,
              6.541573000000142
            ],
            [
              -62.246656,
              6.541757
            ],
            [
              -62.247872,
              6.54220000000015
            ],
            [
              -62.248656,
              6.542205
            ],
            [
              -62.249099,
              6.54151300000018
            ],
            [
              -62.249544,
              6.540561
            ],
            [
              -62.249553,
              6.539692000000116
            ],
            [
              -62.249126,
              6.538821
            ],
            [
              -62.248434,
              6.538295000000176
            ],
            [
              -62.247036999999864,
              6.538546000000167
            ],
            [
              -62.245375,
              6.539143
            ],
            [
              -62.244674,
              6.539486000000124
            ],
            [
              -62.24433199999987,
              6.538875000000189
            ],
            [
              -62.244336,
              6.538441
            ],
            [
              -62.245037,
              6.538098
            ],
            [
              -62.246086,
              6.537758000000167
            ],
            [
              -62.247312,
              6.537245000000155
            ],
            [
              -62.248108,
              6.536034000000143
            ],
            [
              -62.248834,
              6.53317200000015
            ],
            [
              -62.249195,
              6.531959000000143
            ],
            [
              -62.24885599999982,
              6.531001000000117
            ],
            [
              -62.247901,
              6.530647000000101
            ],
            [
              -62.246335,
              6.530376
            ],
            [
              -62.245565,
              6.528981000000101
            ],
            [
              -62.245574,
              6.528025
            ],
            [
              -62.245504,
              6.526374
            ],
            [
              -62.24544699999984,
              6.523421000000155
            ],
            [
              -62.246151999999825,
              6.522644000000184
            ],
            [
              -62.247111,
              6.522563
            ],
            [
              -62.248326,
              6.523093000000188
            ],
            [
              -62.250307,
              6.525451
            ],
            [
              -62.251427,
              6.52676200000019
            ],
            [
              -62.25220399999989,
              6.527462000000185
            ],
            [
              -62.252990999999895,
              6.527207
            ],
            [
              -62.25527,
              6.525919
            ],
            [
              -62.256505,
              6.52445
            ],
            [
              -62.25677899999988,
              6.523236000000111
            ],
            [
              -62.25661199999985,
              6.522540000000106
            ],
            [
              -62.255755,
              6.521058
            ],
            [
              -62.255586,
              6.520535000000109
            ],
            [
              -62.255596,
              6.519580000000133
            ],
            [
              -62.257093,
              6.518026
            ],
            [
              -62.259291,
              6.516130000000146
            ],
            [
              -62.260865,
              6.515619000000129
            ],
            [
              -62.261747,
              6.514583
            ],
            [
              -62.261848,
              6.513194
            ],
            [
              -62.262981,
              6.513201
            ],
            [
              -62.264534,
              6.5147750000001
            ],
            [
              -62.265743,
              6.515913000000126
            ],
            [
              -62.266966,
              6.51566
            ],
            [
              -62.267756,
              6.515058
            ],
            [
              -62.268561,
              6.513065
            ],
            [
              -62.269708,
              6.511683
            ],
            [
              -62.270668,
              6.511516000000142
            ],
            [
              -62.271112,
              6.51073700000012
            ],
            [
              -62.27077299999985,
              6.509779
            ],
            [
              -62.269047,
              6.50803000000019
            ],
            [
              -62.26749099999989,
              6.506804000000159
            ],
            [
              -62.266537,
              6.506363
            ],
            [
              -62.266374,
              6.505233
            ],
            [
              -62.266385,
              6.504103000000157
            ],
            [
              -62.267606999999884,
              6.503938000000176
            ],
            [
              -62.271355999999855,
              6.503789
            ],
            [
              -62.274055,
              6.504155
            ],
            [
              -62.27510599999988,
              6.50364100000013
            ],
            [
              -62.27676599999984,
              6.503218000000118
            ],
            [
              -62.277733999999896,
              6.502269
            ],
            [
              -62.279045,
              6.501930000000129
            ],
            [
              -62.279663,
              6.501152
            ],
            [
              -62.27985299999989,
              6.499590000000126
            ],
            [
              -62.278824,
              6.49793300000016
            ],
            [
              -62.278489,
              6.496627000000103
            ],
            [
              -62.278066,
              6.495322000000101
            ],
            [
              -62.278074,
              6.49454
            ],
            [
              -62.277995,
              6.49367100000012
            ],
            [
              -62.277138,
              6.492275
            ],
            [
              -62.276892,
              6.49071
            ],
            [
              -62.2768999999999,
              6.489928
            ],
            [
              -62.277598,
              6.489846
            ],
            [
              -62.278812,
              6.490462
            ],
            [
              -62.279847,
              6.491598
            ],
            [
              -62.280715,
              6.491952
            ],
            [
              -62.281848,
              6.491959
            ],
            [
              -62.28288899999984,
              6.492400000000146
            ],
            [
              -62.283587,
              6.492318
            ],
            [
              -62.284551,
              6.491804
            ],
            [
              -62.285342,
              6.491201
            ],
            [
              -62.286305,
              6.490773000000161
            ],
            [
              -62.286832,
              6.490342
            ],
            [
              -62.287977999999896,
              6.489047
            ],
            [
              -62.287986,
              6.488265000000126
            ],
            [
              -62.287737,
              6.487047
            ],
            [
              -62.287143,
              6.485393000000158
            ],
            [
              -62.285611,
              6.48393300000015
            ],
            [
              -62.284382,
              6.482362
            ],
            [
              -62.283651,
              6.480710000000101
            ],
            [
              -62.282708,
              6.479553000000124
            ],
            [
              -62.281843,
              6.478807
            ],
            [
              -62.281738,
              6.476869
            ],
            [
              -62.28222099999988,
              6.474231000000145
            ],
            [
              -62.282482,
              6.473036
            ],
            [
              -62.282405,
              6.472376000000111
            ],
            [
              -62.282084,
              6.471303
            ],
            [
              -62.282098999999846,
              6.469818
            ],
            [
              -62.282117,
              6.468004
            ],
            [
              -62.282129,
              6.466767
            ],
            [
              -62.282137,
              6.466024
            ],
            [
              -62.28214999999989,
              6.464705000000151
            ],
            [
              -62.282325,
              6.463798
            ],
            [
              -62.283571,
              6.46372
            ],
            [
              -62.284973,
              6.464714000000185
            ],
            [
              -62.285878,
              6.465542
            ],
            [
              -62.287122,
              6.465628
            ],
            [
              -62.288536,
              6.465386
            ],
            [
              -62.289535,
              6.465142
            ],
            [
              -62.290023,
              6.466133000000127
            ],
            [
              -62.290013,
              6.467123000000186
            ],
            [
              -62.291251,
              6.467869
            ],
            [
              -62.292339,
              6.466965
            ],
            [
              -62.2926829999999,
              6.465812
            ],
            [
              -62.29428,
              6.46383800000018
            ],
            [
              -62.295601,
              6.464584
            ],
            [
              -62.29626499999989,
              6.464586
            ],
            [
              -62.29685099999989,
              6.464093000000105
            ],
            [
              -62.297704,
              6.461869000000149
            ],
            [
              -62.296893999999895,
              6.459805
            ],
            [
              -62.29608,
              6.458153000000152
            ],
            [
              -62.295182999999895,
              6.456583
            ],
            [
              -62.295616,
              6.454769000000113
            ],
            [
              -62.29596899999984,
              6.452709
            ],
            [
              -62.29622499999988,
              6.451967
            ],
            [
              -62.296889,
              6.451969
            ],
            [
              -62.29771199999982,
              6.452714
            ],
            [
              -62.29804,
              6.453128
            ],
            [
              -62.2987,
              6.453543
            ],
            [
              -62.299447,
              6.453545
            ],
            [
              -62.30061,
              6.453466000000105
            ],
            [
              -62.301118,
              6.452561
            ],
            [
              -62.300716,
              6.451240000000155
            ],
            [
              -62.299168,
              6.448266000000103
            ],
            [
              -62.298193,
              6.446118
            ],
            [
              -62.298203,
              6.445128000000182
            ],
            [
              -62.299531,
              6.445133
            ],
            [
              -62.301512999999886,
              6.446211
            ],
            [
              -62.303086,
              6.446629
            ],
            [
              -62.304415,
              6.44663300000019
            ],
            [
              -62.306663,
              6.445981
            ],
            [
              -62.31049,
              6.445169
            ],
            [
              -62.311657,
              6.444678
            ],
            [
              -62.311665,
              6.443935
            ],
            [
              -62.310848,
              6.442613000000108
            ],
            [
              -62.310526,
              6.441540000000145
            ],
            [
              -62.311117,
              6.440552
            ],
            [
              -62.312696,
              6.440475000000106
            ],
            [
              -62.314118,
              6.439407
            ],
            [
              -62.315793,
              6.437928
            ],
            [
              -62.31622,
              6.436693
            ],
            [
              -62.317133999999896,
              6.436613000000136
            ],
            [
              -62.31770399999982,
              6.437770000000114
            ],
            [
              -62.317941,
              6.439008
            ],
            [
              -62.31866499999984,
              6.441319000000135
            ],
            [
              -62.318649,
              6.442886000000101
            ],
            [
              -62.318381,
              6.444782000000146
            ],
            [
              -62.318207,
              6.445607
            ],
            [
              -62.318453,
              6.445937000000129
            ],
            [
              -62.319034,
              6.445939000000124
            ],
            [
              -62.319869,
              6.445447000000115
            ],
            [
              -62.320708,
              6.444625000000144
            ],
            [
              -62.320717999999886,
              6.443553
            ],
            [
              -62.319827,
              6.441323000000125
            ],
            [
              -62.319855,
              6.438519
            ],
            [
              -62.3199,
              6.433983000000126
            ],
            [
              -62.319681,
              6.431013
            ],
            [
              -62.3197,
              6.429116000000136
            ],
            [
              -62.320286,
              6.428623
            ],
            [
              -62.321365,
              6.428627000000176
            ],
            [
              -62.322024,
              6.429124000000115
            ],
            [
              -62.322764,
              6.429868
            ],
            [
              -62.324242,
              6.431523
            ],
            [
              -62.325557,
              6.432847
            ],
            [
              -62.326624,
              6.434088000000145
            ],
            [
              -62.327446,
              6.434998000000121
            ],
            [
              -62.328105,
              6.435495
            ],
            [
              -62.3286,
              6.435826
            ],
            [
              -62.32926,
              6.436241000000109
            ],
            [
              -62.330087999999876,
              6.436408
            ],
            [
              -62.330415,
              6.436904
            ],
            [
              -62.330576999999835,
              6.4374
            ],
            [
              -62.330572,
              6.437812
            ],
            [
              -62.3299,
              6.438635
            ],
            [
              -62.329227,
              6.43954
            ],
            [
              -62.329136,
              6.440364
            ],
            [
              -62.330197999999825,
              6.442017
            ],
            [
              -62.330769,
              6.443091
            ],
            [
              -62.33075699999989,
              6.444328
            ],
            [
              -62.33124599999985,
              6.445237000000134
            ],
            [
              -62.332315,
              6.44623
            ],
            [
              -62.334551,
              6.446815000000129
            ],
            [
              -62.335457,
              6.447561
            ],
            [
              -62.33628,
              6.448223
            ],
            [
              -62.336773,
              6.448802
            ],
            [
              -62.337686,
              6.448805000000107
            ],
            [
              -62.339185,
              6.448398
            ],
            [
              -62.340185,
              6.447988
            ],
            [
              -62.341266,
              6.447827
            ],
            [
              -62.342096,
              6.447830000000124
            ],
            [
              -62.343179,
              6.447504000000151
            ],
            [
              -62.343764,
              6.447093
            ],
            [
              -62.344598,
              6.446683
            ],
            [
              -62.345026,
              6.445448
            ],
            [
              -62.345701,
              6.444378000000142
            ],
            [
              -62.345631,
              6.443058000000121
            ],
            [
              -62.346304,
              6.442153
            ],
            [
              -62.34631,
              6.441575
            ],
            [
              -62.345489,
              6.440583000000174
            ],
            [
              -62.344424,
              6.439177
            ],
            [
              -62.344766,
              6.438189
            ],
            [
              -62.346860999999876,
              6.436299
            ],
            [
              -62.3482,
              6.435231
            ],
            [
              -62.35012099999989,
              6.43400000000014
            ],
            [
              -62.350961,
              6.433096
            ],
            [
              -62.351634,
              6.432191
            ],
            [
              -62.351736999999844,
              6.430129000000136
            ],
            [
              -62.351084,
              6.429055
            ],
            [
              -62.350927,
              6.428147
            ],
            [
              -62.350938,
              6.426992
            ],
            [
              -62.35146,
              6.424685000000181
            ],
            [
              -62.351554,
              6.42353
            ],
            [
              -62.351002,
              6.420642000000157
            ],
            [
              -62.350523,
              6.418661
            ],
            [
              -62.350532,
              6.417836000000136
            ],
            [
              -62.35070499999989,
              6.417094
            ],
            [
              -62.351716,
              6.415613
            ],
            [
              -62.351555,
              6.41511800000012
            ],
            [
              -62.350481,
              6.414537
            ],
            [
              -62.349322,
              6.4142030000001
            ],
            [
              -62.34874599999989,
              6.413706
            ],
            [
              -62.347854,
              6.411559000000182
            ],
            [
              -62.347359,
              6.411227
            ],
            [
              -62.346119,
              6.410728000000177
            ],
            [
              -62.345362,
              6.411716
            ],
            [
              -62.345353,
              6.41262300000011
            ],
            [
              -62.345094,
              6.413612
            ],
            [
              -62.34475,
              6.414848000000177
            ],
            [
              -62.344409,
              6.415671
            ],
            [
              -62.343821999999875,
              6.416247000000112
            ],
            [
              -62.342826999999886,
              6.416161000000102
            ],
            [
              -62.341102,
              6.414258
            ],
            [
              -62.339708,
              6.412522
            ],
            [
              -62.338557,
              6.411446
            ],
            [
              -62.338405,
              6.409961000000123
            ],
            [
              -62.33841399999989,
              6.409136
            ],
            [
              -62.339507,
              6.407737000000111
            ],
            [
              -62.340693,
              6.405349
            ],
            [
              -62.34111799999988,
              6.404361
            ],
            [
              -62.341133,
              6.402877
            ],
            [
              -62.340567,
              6.401308
            ],
            [
              -62.339997999999866,
              6.400151
            ],
            [
              -62.339509,
              6.399160000000109
            ],
            [
              -62.339601,
              6.398253
            ],
            [
              -62.340862,
              6.396772
            ],
            [
              -62.34161,
              6.396692
            ],
            [
              -62.342182,
              6.397519
            ],
            [
              -62.34275,
              6.398841
            ],
            [
              -62.342981,
              6.400656
            ],
            [
              -62.342975,
              6.401316000000179
            ],
            [
              -62.342966,
              6.402223
            ],
            [
              -62.34353599999986,
              6.403379000000143
            ],
            [
              -62.34494299999983,
              6.403796
            ],
            [
              -62.346027999999876,
              6.403223
            ],
            [
              -62.34669899999989,
              6.402565000000152
            ],
            [
              -62.3471229999999,
              6.401659000000109
            ],
            [
              -62.34713,
              6.400917
            ],
            [
              -62.346722,
              6.400173000000109
            ],
            [
              -62.346897,
              6.399349000000143
            ],
            [
              -62.347733,
              6.398775
            ],
            [
              -62.34856999999988,
              6.398035000000107
            ],
            [
              -62.349077,
              6.397212
            ],
            [
              -62.349418,
              6.396306
            ],
            [
              -62.34943,
              6.395069
            ],
            [
              -62.349437,
              6.394326
            ],
            [
              -62.349116999999865,
              6.393171
            ],
            [
              -62.348885,
              6.391438000000164
            ],
            [
              -62.348806,
              6.391025
            ],
            [
              -62.34856799999983,
              6.389952000000108
            ],
            [
              -62.34891099999987,
              6.388881
            ],
            [
              -62.348839,
              6.387726000000157
            ],
            [
              -62.348427,
              6.38739500000014
            ],
            [
              -62.34735,
              6.387226000000169
            ],
            [
              -62.346527,
              6.386481000000174
            ],
            [
              -62.34562099999988,
              6.385736000000179
            ],
            [
              -62.345054,
              6.384332
            ],
            [
              -62.34357899999986,
              6.38234800000015
            ],
            [
              -62.342343,
              6.381437000000119
            ],
            [
              -62.341357,
              6.380361
            ],
            [
              -62.340868999999884,
              6.379370000000165
            ],
            [
              -62.340710999999885,
              6.378544
            ],
            [
              -62.340556,
              6.377472000000125
            ],
            [
              -62.340065,
              6.376728
            ],
            [
              -62.339488,
              6.376314
            ],
            [
              -62.338585,
              6.375321000000156
            ],
            [
              -62.338097,
              6.374247
            ],
            [
              -62.338115,
              6.372433000000115
            ],
            [
              -62.338128,
              6.37111300000015
            ],
            [
              -62.338566,
              6.368805000000123
            ],
            [
              -62.339008,
              6.366167000000189
            ],
            [
              -62.339023,
              6.364683000000127
            ],
            [
              -62.339527,
              6.364107000000104
            ],
            [
              -62.340612,
              6.363533000000189
            ],
            [
              -62.341443,
              6.363454
            ],
            [
              -62.343013,
              6.364201
            ],
            [
              -62.34359,
              6.364615000000185
            ],
            [
              -62.34442,
              6.364618
            ],
            [
              -62.34525,
              6.36462100000017
            ],
            [
              -62.346255,
              6.363799
            ],
            [
              -62.34711,
              6.361328000000185
            ],
            [
              -62.347474,
              6.358112
            ],
            [
              -62.348417,
              6.355146000000104
            ],
            [
              -62.349334,
              6.354737
            ],
            [
              -62.350588,
              6.353834
            ],
            [
              -62.350601,
              6.352514
            ],
            [
              -62.354067,
              6.346901
            ],
            [
              -62.359348,
              6.342566
            ],
            [
              -62.362897,
              6.340865000000122
            ],
            [
              -62.368849,
              6.338375000000156
            ],
            [
              -62.37310199999985,
              6.334033
            ],
            [
              -62.74007499999988,
              6.333661
            ],
            [
              -62.74775,
              6.329106
            ],
            [
              -62.748234,
              6.324968000000183
            ],
            [
              -62.749301,
              6.318877000000157
            ],
            [
              -62.751615,
              6.313945000000103
            ],
            [
              -62.751204,
              6.307154
            ],
            [
              -62.756853,
              6.298215000000141
            ],
            [
              -62.758932,
              6.294316000000151
            ],
            [
              -62.763999,
              6.287099
            ],
            [
              -62.763262,
              6.277662
            ],
            [
              -62.762634,
              6.269144
            ],
            [
              -62.764704,
              6.26651
            ],
            [
              -62.770189,
              6.265278
            ],
            [
              -62.77135,
              6.262294
            ],
            [
              -62.777416,
              6.259339000000182
            ],
            [
              -62.777744,
              6.261412
            ],
            [
              -62.78539099999989,
              6.260883
            ],
            [
              -62.786893,
              6.25790000000012
            ],
            [
              -62.789294,
              6.257110000000125
            ],
            [
              -62.791463,
              6.257007000000101
            ],
            [
              -62.794318,
              6.256564
            ],
            [
              -62.796727,
              6.254623
            ],
            [
              -62.796974,
              6.251633
            ],
            [
              -62.799042,
              6.24946
            ],
            [
              -62.80167599999987,
              6.247750000000167
            ],
            [
              -62.803945,
              6.249834000000135
            ],
            [
              -62.806235,
              6.248467000000176
            ],
            [
              -62.806031,
              6.244785000000149
            ],
            [
              -62.80729899999989,
              6.242607
            ],
            [
              -62.809812,
              6.242161000000124
            ],
            [
              -62.813137,
              6.23965
            ],
            [
              -62.812012,
              6.237113
            ],
            [
              -62.81443,
              6.233561000000179
            ],
            [
              -62.815372,
              6.231940000000122
            ],
            [
              -62.807917,
              6.228194
            ],
            [
              -62.799583,
              6.222639
            ],
            [
              -62.7961729999999,
              6.215491
            ],
            [
              -62.794275,
              6.211522
            ],
            [
              -62.794092,
              6.208682000000124
            ],
            [
              -62.79413199999988,
              6.207615
            ],
            [
              -62.793869,
              6.206936
            ],
            [
              -62.79263999999989,
              6.205840000000137
            ],
            [
              -62.79208299999982,
              6.204996000000108
            ],
            [
              -62.791725,
              6.203208000000132
            ],
            [
              -62.790908,
              6.201522
            ],
            [
              -62.790608,
              6.199505
            ],
            [
              -62.791376,
              6.19846
            ],
            [
              -62.792115,
              6.197658000000104
            ],
            [
              -62.791833999999824,
              6.196276000000182
            ],
            [
              -62.789691,
              6.194764000000134
            ],
            [
              -62.786738,
              6.193243
            ],
            [
              -62.78192399999983,
              6.191483
            ],
            [
              -62.78039599999988,
              6.190492000000177
            ],
            [
              -62.7770579999999,
              6.182641
            ],
            [
              -62.775755,
              6.17868
            ],
            [
              -62.773726999999894,
              6.176548
            ],
            [
              -62.769757,
              6.17423
            ],
            [
              -62.768652,
              6.171785
            ],
            [
              -62.768491,
              6.167026000000135
            ],
            [
              -62.768544,
              6.16254
            ],
            [
              -62.766972,
              6.158413000000166
            ],
            [
              -62.764337,
              6.152841
            ],
            [
              -62.76235899999989,
              6.151088000000186
            ],
            [
              -62.761248,
              6.149129
            ],
            [
              -62.759594,
              6.147380000000169
            ],
            [
              -62.759467,
              6.144351
            ],
            [
              -62.759944,
              6.140573
            ],
            [
              -62.759349,
              6.136025000000132
            ],
            [
              -62.758998,
              6.133642000000179
            ],
            [
              -62.757233,
              6.132162000000108
            ],
            [
              -62.75535399999984,
              6.131221
            ],
            [
              -62.75182099999989,
              6.128531
            ],
            [
              -62.748377,
              6.127518
            ],
            [
              -62.74315399999989,
              6.126105
            ],
            [
              -62.740729,
              6.125699
            ],
            [
              -62.738318999999876,
              6.123995
            ],
            [
              -62.73442,
              6.1203
            ],
            [
              -62.732084,
              6.116813
            ],
            [
              -62.72958199999988,
              6.1137030000001
            ],
            [
              -62.727661999999896,
              6.111681000000146
            ],
            [
              -62.725463,
              6.11041200000011
            ],
            [
              -62.723629,
              6.110228000000177
            ],
            [
              -62.721512,
              6.111122
            ],
            [
              -62.72041099999984,
              6.112947
            ],
            [
              -62.719108,
              6.113526
            ],
            [
              -62.71683999999988,
              6.113554
            ],
            [
              -62.715234,
              6.112345000000175
            ],
            [
              -62.713741,
              6.110706000000107
            ],
            [
              -62.711553,
              6.108519000000172
            ],
            [
              -62.709188,
              6.107518000000141
            ],
            [
              -62.70658999999989,
              6.108028
            ],
            [
              -62.70512999999988,
              6.10822700000017
            ],
            [
              -62.70330399999989,
              6.107341
            ],
            [
              -62.702561,
              6.106305000000134
            ],
            [
              -62.703118,
              6.10479800000013
            ],
            [
              -62.70383699999985,
              6.10340100000019
            ],
            [
              -62.705155,
              6.101525
            ],
            [
              -62.706482,
              6.098838000000114
            ],
            [
              -62.706287,
              6.097052000000133
            ],
            [
              -62.705242,
              6.094067
            ],
            [
              -62.70321099999984,
              6.092286000000172
            ],
            [
              -62.700145,
              6.091278
            ],
            [
              -62.696089,
              6.09177000000011
            ],
            [
              -62.692896,
              6.092436000000134
            ],
            [
              -62.68970999999982,
              6.092398000000173
            ],
            [
              -62.686969,
              6.091339000000119
            ],
            [
              -62.685794,
              6.090244
            ],
            [
              -62.685327,
              6.088563000000136
            ],
            [
              -62.685619,
              6.086729000000105
            ],
            [
              -62.686336,
              6.085440000000176
            ],
            [
              -62.686518,
              6.083767000000137
            ],
            [
              -62.685895,
              6.081597
            ],
            [
              -62.683483,
              6.08011
            ],
            [
              -62.681662,
              6.078845
            ],
            [
              -62.678757,
              6.077946
            ],
            [
              -62.674292,
              6.076543000000186
            ],
            [
              -62.671715,
              6.075269000000105
            ],
            [
              -62.667782,
              6.074575
            ],
            [
              -62.662826,
              6.07359700000012
            ],
            [
              -62.660505,
              6.073516
            ],
            [
              -62.659061999999835,
              6.072256
            ],
            [
              -62.657512,
              6.070887
            ],
            [
              -62.656346,
              6.06908900000019
            ],
            [
              -62.646311,
              6.063864
            ],
            [
              -62.642665,
              6.061713
            ],
            [
              -62.63984,
              6.058599000000129
            ],
            [
              -62.638406,
              6.05658300000016
            ],
            [
              -62.63695699999988,
              6.055863000000102
            ],
            [
              -62.63523899999984,
              6.055032
            ],
            [
              -62.63297,
              6.055168000000151
            ],
            [
              -62.631387,
              6.056662000000131
            ],
            [
              -62.630595,
              6.059733
            ],
            [
              -62.63060999999982,
              6.06303000000014
            ],
            [
              -62.629973,
              6.071291
            ],
            [
              -62.629904,
              6.072587
            ],
            [
              -62.629351,
              6.073635
            ],
            [
              -62.628424,
              6.07443400000011
            ],
            [
              -62.625374,
              6.076668
            ],
            [
              -62.619016,
              6.080214000000126
            ],
            [
              -62.615757,
              6.081850000000145
            ],
            [
              -62.613367,
              6.083065000000147
            ],
            [
              -62.61265,
              6.08438
            ],
            [
              -62.61083399999984,
              6.087277000000142
            ],
            [
              -62.610114,
              6.088782000000151
            ],
            [
              -62.608434,
              6.08935600000018
            ],
            [
              -62.607079999999826,
              6.089718000000119
            ],
            [
              -62.60604599999988,
              6.090354000000161
            ],
            [
              -62.6057,
              6.092242
            ],
            [
              -62.605913,
              6.097
            ],
            [
              -62.606101,
              6.099353000000121
            ],
            [
              -62.606944,
              6.101146000000142
            ],
            [
              -62.60746399999988,
              6.102828
            ],
            [
              -62.606741,
              6.104602
            ],
            [
              -62.60494,
              6.106148
            ],
            [
              -62.60329799999988,
              6.108074000000101
            ],
            [
              -62.60266599999983,
              6.111255
            ],
            [
              -62.60284299999989,
              6.114499
            ],
            [
              -62.60436,
              6.118625
            ],
            [
              -62.60600799999986,
              6.120752000000152
            ],
            [
              -62.607181,
              6.121955
            ],
            [
              -62.608491,
              6.12529400000011
            ],
            [
              -62.61063299999989,
              6.126779
            ],
            [
              -62.614299,
              6.127255000000162
            ],
            [
              -62.61655,
              6.128687000000184
            ],
            [
              -62.61721199999988,
              6.131991
            ],
            [
              -62.61793,
              6.135135
            ],
            [
              -62.618012,
              6.137351
            ],
            [
              -62.616527,
              6.139603
            ],
            [
              -62.61515,
              6.141856000000132
            ],
            [
              -62.61347099999989,
              6.142323
            ],
            [
              -62.610069,
              6.142336
            ],
            [
              -62.608015,
              6.142527
            ],
            [
              -62.60719,
              6.143814
            ],
            [
              -62.606413,
              6.145534
            ],
            [
              -62.604839999999854,
              6.146164000000113
            ],
            [
              -62.6029,
              6.145817
            ],
            [
              -62.600267,
              6.144812000000115
            ],
            [
              -62.59859399999988,
              6.144738
            ],
            [
              -62.597181,
              6.145478
            ],
            [
              -62.59451499999989,
              6.147175
            ],
            [
              -62.592725,
              6.147910000000138
            ],
            [
              -62.590664,
              6.148614000000123
            ],
            [
              -62.588491,
              6.149723
            ],
            [
              -62.587665,
              6.151064000000133
            ],
            [
              -62.58721799999984,
              6.152302
            ],
            [
              -62.587034,
              6.154191
            ],
            [
              -62.586617,
              6.157428
            ],
            [
              -62.585567,
              6.159415000000138
            ],
            [
              -62.58425,
              6.16118200000011
            ],
            [
              -62.582505,
              6.162566
            ],
            [
              -62.580935999999895,
              6.162871
            ],
            [
              -62.580129,
              6.162591
            ],
            [
              -62.579005,
              6.161767
            ],
            [
              -62.578539,
              6.16014
            ],
            [
              -62.578563,
              6.158195
            ],
            [
              -62.57843,
              6.155762
            ],
            [
              -62.577819,
              6.152674000000161
            ],
            [
              -62.57697199999984,
              6.15131300000013
            ],
            [
              -62.574833,
              6.149612000000104
            ],
            [
              -62.571614999999895,
              6.147844
            ],
            [
              -62.568501,
              6.146348
            ],
            [
              -62.566295,
              6.145780000000116
            ],
            [
              -62.56315499999988,
              6.146445
            ],
            [
              -62.56012,
              6.147435
            ],
            [
              -62.55659,
              6.14912100000015
            ],
            [
              -62.555446,
              6.150026
            ],
            [
              -62.554459,
              6.151257000000157
            ],
            [
              -62.553371,
              6.151892
            ],
            [
              -62.551641,
              6.152141
            ],
            [
              -62.549971,
              6.151797
            ],
            [
              -62.548635,
              6.150646
            ],
            [
              -62.546878,
              6.148679000000186
            ],
            [
              -62.546511,
              6.147756000000186
            ],
            [
              -62.54469299999988,
              6.146275
            ],
            [
              -62.543518,
              6.145288000000107
            ],
            [
              -62.54040599999985,
              6.14363
            ],
            [
              -62.537073,
              6.142536000000121
            ],
            [
              -62.534804,
              6.142616000000146
            ],
            [
              -62.531790999999885,
              6.141823000000102
            ],
            [
              -62.52674,
              6.13981600000011
            ],
            [
              -62.522504,
              6.137496
            ],
            [
              -62.517472,
              6.133976
            ],
            [
              -62.516516,
              6.132722
            ],
            [
              -62.514271,
              6.130858
            ],
            [
              -62.512401,
              6.129268
            ],
            [
              -62.509776,
              6.127561
            ],
            [
              -62.507852,
              6.125971000000163
            ],
            [
              -62.505226,
              6.124426
            ],
            [
              -62.503575,
              6.122569
            ],
            [
              -62.500901,
              6.120537000000127
            ],
            [
              -62.500854,
              6.119915
            ],
            [
              -62.501781,
              6.11917
            ],
            [
              -62.502223,
              6.118311000000176
            ],
            [
              -62.501909,
              6.117551000000162
            ],
            [
              -62.50100599999985,
              6.116297000000145
            ],
            [
              -62.498918,
              6.114921000000152
            ],
            [
              -62.49736,
              6.114308
            ],
            [
              -62.494882999999845,
              6.113791000000106
            ],
            [
              -62.493323,
              6.113394000000142
            ],
            [
              -62.490916,
              6.111528
            ],
            [
              -62.489256,
              6.110427000000129
            ],
            [
              -62.489051999999845,
              6.109506000000124
            ],
            [
              -62.489227,
              6.108428000000117
            ],
            [
              -62.489833,
              6.107409000000189
            ],
            [
              -62.491025,
              6.107045
            ],
            [
              -62.493020999999885,
              6.107069
            ],
            [
              -62.493947,
              6.10637800000012
            ],
            [
              -62.494356,
              6.103844
            ],
            [
              -62.494707,
              6.101633000000106
            ],
            [
              -62.495375,
              6.099912000000188
            ],
            [
              -62.495393,
              6.098453
            ],
            [
              -62.495189,
              6.097424
            ],
            [
              -62.494288,
              6.096063000000186
            ],
            [
              -62.492952,
              6.09502
            ],
            [
              -62.492148,
              6.094524
            ],
            [
              -62.489778,
              6.094117
            ],
            [
              -62.48680999999988,
              6.094027000000153
            ],
            [
              -62.484215,
              6.094374
            ],
            [
              -62.481622,
              6.094558
            ],
            [
              -62.479626,
              6.094480000000146
            ],
            [
              -62.47660499999989,
              6.094389
            ],
            [
              -62.474722,
              6.093826
            ],
            [
              -62.47397699999988,
              6.093007000000114
            ],
            [
              -62.474365,
              6.092147000000182
            ],
            [
              -62.475414,
              6.090188000000126
            ],
            [
              -62.476848999999845,
              6.087558000000115
            ],
            [
              -62.47746,
              6.08616
            ],
            [
              -62.47752799999989,
              6.084973000000105
            ],
            [
              -62.477216,
              6.083996
            ],
            [
              -62.475765,
              6.083493
            ],
            [
              -62.473722999999836,
              6.082765
            ],
            [
              -62.470917,
              6.082731
            ],
            [
              -62.468381,
              6.082646000000125
            ],
            [
              -62.46685599999989,
              6.083762
            ],
            [
              -62.465759,
              6.085262
            ],
            [
              -62.463892,
              6.087832
            ],
            [
              -62.462093,
              6.089323000000149
            ],
            [
              -62.460851999999875,
              6.089308000000131
            ],
            [
              -62.459355,
              6.088155000000143
            ],
            [
              -62.457934,
              6.085167000000183
            ],
            [
              -62.457837,
              6.084301
            ],
            [
              -62.458556,
              6.082851
            ],
            [
              -62.458569999999895,
              6.081717
            ],
            [
              -62.457826999999895,
              6.080681
            ],
            [
              -62.456434,
              6.0798
            ],
            [
              -62.455192999999895,
              6.079731000000152
            ],
            [
              -62.453675,
              6.080307
            ],
            [
              -62.45227199999982,
              6.080343
            ],
            [
              -62.450883,
              6.079138000000114
            ],
            [
              -62.44977,
              6.077504
            ],
            [
              -62.449038,
              6.075496
            ],
            [
              -62.448894,
              6.074009000000103
            ],
            [
              -62.449502,
              6.072881
            ],
            [
              -62.44994999999989,
              6.071536000000151
            ],
            [
              -62.449967,
              6.070132000000115
            ],
            [
              -62.44906899999984,
              6.0685
            ],
            [
              -62.447571,
              6.067455000000166
            ],
            [
              -62.445587,
              6.066351000000111
            ],
            [
              -62.44328399999989,
              6.064918
            ],
            [
              -62.439694,
              6.062822000000153
            ],
            [
              -62.43761299999983,
              6.060852
            ],
            [
              -62.43687499999987,
              6.059384
            ],
            [
              -62.436682,
              6.057545000000175
            ],
            [
              -62.43583199999989,
              6.05640000000011
            ],
            [
              -62.433691,
              6.054969
            ],
            [
              -62.43299699999989,
              6.054313
            ],
            [
              -62.43078999999989,
              6.053908000000149
            ],
            [
              -62.427508,
              6.053057
            ],
            [
              -62.423897,
              6.052689
            ],
            [
              -62.422337,
              6.052238
            ],
            [
              -62.420784,
              6.051301
            ],
            [
              -62.419782,
              6.04934400000019
            ],
            [
              -62.417591,
              6.047629
            ],
            [
              -62.415984,
              6.046583000000169
            ],
            [
              -62.415401,
              6.045766
            ],
            [
              -62.4150939999999,
              6.044357
            ],
            [
              -62.415169999999875,
              6.042522
            ],
            [
              -62.41512999999986,
              6.041387000000157
            ],
            [
              -62.414325,
              6.04099900000017
            ],
            [
              -62.413034,
              6.040659000000119
            ],
            [
              -62.410765,
              6.040901
            ],
            [
              -62.409289,
              6.042450000000144
            ],
            [
              -62.409000999999876,
              6.043959000000143
            ],
            [
              -62.409465999999895,
              6.045639
            ],
            [
              -62.409667,
              6.046884
            ],
            [
              -62.409124,
              6.047202
            ],
            [
              -62.407721,
              6.047185
            ],
            [
              -62.405733,
              6.046458000000143
            ],
            [
              -62.400372,
              6.04353
            ],
            [
              -62.39801599999987,
              6.042042000000151
            ],
            [
              -62.395867,
              6.04126
            ],
            [
              -62.39393599999988,
              6.040318000000127
            ],
            [
              -62.39055999999988,
              6.03844
            ],
            [
              -62.38922799999989,
              6.037019
            ],
            [
              -62.38789899999989,
              6.035383
            ],
            [
              -62.3867249999999,
              6.034315000000106
            ],
            [
              -62.385012999999844,
              6.033106
            ],
            [
              -62.381638999999836,
              6.031012
            ],
            [
              -62.37662,
              6.026683000000162
            ],
            [
              -62.372327,
              6.024740000000122
            ],
            [
              -62.37002699999988,
              6.023092
            ],
            [
              -62.367887,
              6.021607
            ],
            [
              -62.36677,
              6.020297
            ],
            [
              -62.366298,
              6.019157
            ],
            [
              -62.366797,
              6.018029000000183
            ],
            [
              -62.367184999999836,
              6.017169
            ],
            [
              -62.367091,
              6.016034000000104
            ],
            [
              -62.366289,
              6.015484
            ],
            [
              -62.364672,
              6.015356000000168
            ],
            [
              -62.363961,
              6.016104
            ],
            [
              -62.36290899999989,
              6.018305
            ],
            [
              -62.362122,
              6.020888000000127
            ],
            [
              -62.361725,
              6.02245
            ],
            [
              -62.361071999999865,
              6.022928000000149
            ],
            [
              -62.360154,
              6.023025000000189
            ],
            [
              -62.359551,
              6.023774000000174
            ],
            [
              -62.359537,
              6.024962
            ],
            [
              -62.360379,
              6.026701
            ],
            [
              -62.363387,
              6.032193
            ],
            [
              -62.364393,
              6.033772000000113
            ],
            [
              -62.36432699999989,
              6.034743
            ],
            [
              -62.364157,
              6.03538900000018
            ],
            [
              -62.363078,
              6.035376000000156
            ],
            [
              -62.361732999999845,
              6.035090000000139
            ],
            [
              -62.35953499999988,
              6.033928
            ],
            [
              -62.357878,
              6.03266600000012
            ],
            [
              -62.356345,
              6.030054000000177
            ],
            [
              -62.354636,
              6.028575
            ],
            [
              -62.352118,
              6.027140000000145
            ],
            [
              -62.351,
              6.025938000000167
            ],
            [
              -62.3484509999999,
              6.022612
            ],
            [
              -62.346699999999885,
              6.02016
            ],
            [
              -62.345173,
              6.017062
            ],
            [
              -62.343524,
              6.015205
            ],
            [
              -62.342629,
              6.013385000000142
            ],
            [
              -62.341666,
              6.012671
            ],
            [
              -62.338766,
              6.011609
            ],
            [
              -62.33683799999989,
              6.010451
            ],
            [
              -62.335227,
              6.009784
            ],
            [
              -62.333717,
              6.009765000000129
            ],
            [
              -62.33269799999982,
              6.009266
            ],
            [
              -62.33233699999988,
              6.007912
            ],
            [
              -62.330906,
              6.005842
            ],
            [
              -62.32866099999984,
              6.004086
            ],
            [
              -62.32726,
              6.003961
            ],
            [
              -62.326067,
              6.004432000000122
            ],
            [
              -62.325182,
              6.006258
            ],
            [
              -62.323656,
              6.007535000000189
            ],
            [
              -62.322414,
              6.007628
            ],
            [
              -62.321393,
              6.007291
            ],
            [
              -62.321187,
              6.006479000000184
            ],
            [
              -62.321194,
              6.005885
            ],
            [
              -62.321582,
              6.00502500000016
            ],
            [
              -62.324641,
              6.00193
            ],
            [
              -62.326926,
              6.000392000000147
            ],
            [
              -62.32862299999988,
              5.99836
            ],
            [
              -62.329893,
              5.995999
            ],
            [
              -62.33028599999989,
              5.994762
            ],
            [
              -62.330301,
              5.99352000000016
            ],
            [
              -62.331028,
              5.991368
            ],
            [
              -62.332406999999876,
              5.988900000000172
            ],
            [
              -62.33307,
              5.987612000000183
            ],
            [
              -62.333408,
              5.986455
            ],
            [
              -62.33336699999984,
              5.985374
            ],
            [
              -62.33289,
              5.98472
            ],
            [
              -62.33170599999988,
              5.984490000000164
            ],
            [
              -62.324879999999894,
              5.982408
            ],
            [
              -62.323434,
              5.981526
            ],
            [
              -62.323072,
              5.98022600000013
            ],
            [
              -62.322977,
              5.979144000000133
            ],
            [
              -62.32449899999989,
              5.978245000000186
            ],
            [
              -62.328944,
              5.976517
            ],
            [
              -62.32987,
              5.975718
            ],
            [
              -62.32962399999985,
              5.97382400000015
            ],
            [
              -62.329399,
              5.970122
            ],
            [
              -62.329694,
              5.968019
            ],
            [
              -62.330097,
              5.965917000000161
            ],
            [
              -62.33070599999985,
              5.964683
            ],
            [
              -62.330395,
              5.963599
            ],
            [
              -62.329808,
              5.963105
            ],
            [
              -62.328676,
              5.963037
            ],
            [
              -62.327536999999836,
              5.96351
            ],
            [
              -62.325687,
              5.964837000000159
            ],
            [
              -62.323121,
              5.967345
            ],
            [
              -62.319889,
              5.97141
            ],
            [
              -62.318781,
              5.973827
            ],
            [
              -62.317784,
              5.975921
            ],
            [
              -62.31796899999989,
              5.978462
            ],
            [
              -62.317088999999896,
              5.979855000000157
            ],
            [
              -62.315458,
              5.980862000000172
            ],
            [
              -62.31459299999989,
              5.981013
            ],
            [
              -62.312934,
              5.979913000000181
            ],
            [
              -62.31016299999982,
              5.977124000000174
            ],
            [
              -62.307539,
              5.97558000000015
            ],
            [
              -62.306421999999884,
              5.974270000000104
            ],
            [
              -62.306115,
              5.972862000000134
            ],
            [
              -62.305976,
              5.971024000000114
            ],
            [
              -62.306258,
              5.969974
            ],
            [
              -62.306652,
              5.968629
            ],
            [
              -62.3065519999999,
              5.967980000000125
            ],
            [
              -62.306293,
              5.967166
            ],
            [
              -62.305769,
              5.965864
            ],
            [
              -62.304709,
              5.964338
            ],
            [
              -62.30117199999984,
              5.962459
            ],
            [
              -62.299233,
              5.962165
            ],
            [
              -62.296807999999885,
              5.961974
            ],
            [
              -62.29513999999989,
              5.961629
            ],
            [
              -62.29385599999989,
              5.960803000000112
            ],
            [
              -62.29285,
              5.959225000000117
            ],
            [
              -62.291359,
              5.95764
            ],
            [
              -62.28996599999982,
              5.956867000000102
            ],
            [
              -62.288082,
              5.95657400000016
            ],
            [
              -62.286191,
              5.956767000000127
            ],
            [
              -62.285002,
              5.956968
            ],
            [
              -62.28376,
              5.957061000000124
            ],
            [
              -62.282634,
              5.956507000000158
            ],
            [
              -62.281730999999866,
              5.955362
            ],
            [
              -62.28168699999986,
              5.954606
            ],
            [
              -62.282021,
              5.953746000000137
            ],
            [
              -62.282897999999875,
              5.952568
            ],
            [
              -62.284589,
              5.951023
            ],
            [
              -62.286545,
              5.949912000000154
            ],
            [
              -62.287314,
              5.948734
            ],
            [
              -62.287383,
              5.947546000000159
            ],
            [
              -62.287065,
              5.947056
            ],
            [
              -62.2861529999999,
              5.946613
            ],
            [
              -62.284815,
              5.945787000000109
            ],
            [
              -62.28306,
              5.943713
            ],
            [
              -62.281406,
              5.942235
            ],
            [
              -62.280761,
              5.942065000000127
            ],
            [
              -62.279895999999894,
              5.94227
            ],
            [
              -62.279244,
              5.94264
            ],
            [
              -62.278642999999875,
              5.943227
            ],
            [
              -62.278309,
              5.944087000000138
            ],
            [
              -62.277863,
              5.945270000000107
            ],
            [
              -62.27785299999988,
              5.946134
            ],
            [
              -62.27763,
              5.946671
            ],
            [
              -62.27663799999982,
              5.948441000000116
            ],
            [
              -62.275975999999844,
              5.949621
            ],
            [
              -62.276281,
              5.951137
            ],
            [
              -62.276486,
              5.952058
            ],
            [
              -62.276368,
              5.952866000000142
            ],
            [
              -62.275758,
              5.954263
            ],
            [
              -62.275472,
              5.955556000000115
            ],
            [
              -62.275719,
              5.957422000000179
            ],
            [
              -62.275701,
              5.958934
            ],
            [
              -62.27568699999989,
              5.960014
            ],
            [
              -62.275406,
              5.960982
            ],
            [
              -62.275075,
              5.96157200000016
            ],
            [
              -62.273879,
              5.962314000000106
            ],
            [
              -62.272411,
              5.963268
            ],
            [
              -62.271149,
              5.965034000000117
            ],
            [
              -62.2705289999999,
              5.967241000000115
            ],
            [
              -62.269758,
              5.968474000000128
            ],
            [
              -62.269152,
              5.969492000000173
            ],
            [
              -62.26844099999988,
              5.970348000000115
            ],
            [
              -62.267141,
              5.970764
            ],
            [
              -62.266006,
              5.970966
            ],
            [
              -62.265298,
              5.97149700000017
            ],
            [
              -62.26561199999986,
              5.972257000000184
            ],
            [
              -62.266841,
              5.973244000000136
            ],
            [
              -62.268230999999844,
              5.974233
            ],
            [
              -62.26956099999984,
              5.975762
            ],
            [
              -62.270038,
              5.97647
            ],
            [
              -62.270029,
              5.977172
            ],
            [
              -62.269587,
              5.97803000000016
            ],
            [
              -62.268389,
              5.978934
            ],
            [
              -62.267789,
              5.979466000000116
            ],
            [
              -62.265787,
              5.979982
            ],
            [
              -62.263948,
              5.980445000000145
            ],
            [
              -62.262758,
              5.980646
            ],
            [
              -62.26152,
              5.980469
            ],
            [
              -62.259692,
              5.979961
            ],
            [
              -62.258671,
              5.979678
            ],
            [
              -62.25673299999988,
              5.979384
            ],
            [
              -62.25436499999989,
              5.978923000000123
            ],
            [
              -62.25324099999989,
              5.978207
            ],
            [
              -62.249839,
              5.974115
            ],
            [
              -62.248096,
              5.971123000000148
            ],
            [
              -62.247318,
              5.968629
            ],
            [
              -62.24707499999988,
              5.966466
            ],
            [
              -62.246393,
              5.964892
            ],
            [
              -62.24495499999989,
              5.963443
            ],
            [
              -62.243515,
              5.962075
            ],
            [
              -62.240941,
              5.960909
            ],
            [
              -62.238431,
              5.95888
            ],
            [
              -62.236728,
              5.956969000000186
            ],
            [
              -62.234267,
              5.955373000000122
            ],
            [
              -62.231907,
              5.954318
            ],
            [
              -62.229111,
              5.953581000000156
            ],
            [
              -62.227439,
              5.953615000000127
            ],
            [
              -62.22662299999985,
              5.954199000000131
            ],
            [
              -62.226601,
              5.95598
            ],
            [
              -62.226687,
              5.957763000000114
            ],
            [
              -62.22608899999989,
              5.95808
            ],
            [
              -62.225289,
              5.957368000000145
            ],
            [
              -62.224055,
              5.956867000000102
            ],
            [
              -62.222761,
              5.956851
            ],
            [
              -62.221682,
              5.956838000000175
            ],
            [
              -62.220327999999824,
              5.957307
            ],
            [
              -62.219029,
              5.957723
            ],
            [
              -62.217081999999834,
              5.958131
            ],
            [
              -62.213078,
              5.959161000000165
            ],
            [
              -62.208867,
              5.959487000000138
            ],
            [
              -62.204814,
              5.960139
            ],
            [
              -62.201404,
              5.961176
            ],
            [
              -62.197759,
              5.963696
            ],
            [
              -62.194604,
              5.965925
            ],
            [
              -62.19242699999984,
              5.967464
            ],
            [
              -62.191984,
              5.96843
            ],
            [
              -62.192082,
              5.969241000000181
            ],
            [
              -62.1931,
              5.969740000000115
            ],
            [
              -62.195689,
              5.969772
            ],
            [
              -62.200976,
              5.969622
            ],
            [
              -62.204211,
              5.969662
            ],
            [
              -62.206533,
              5.969421000000182
            ],
            [
              -62.20787799999988,
              5.969707
            ],
            [
              -62.208409,
              5.970416
            ],
            [
              -62.208399,
              5.971226000000115
            ],
            [
              -62.208118,
              5.97214
            ],
            [
              -62.20679399999983,
              5.9745
            ],
            [
              -62.205857,
              5.976162000000159
            ],
            [
              -62.20421899999985,
              5.977762
            ],
            [
              -62.203401,
              5.978453000000172
            ],
            [
              -62.202216,
              5.978331
            ],
            [
              -62.200652,
              5.978311000000133
            ],
            [
              -62.199629,
              5.97819
            ],
            [
              -62.198399,
              5.977365
            ],
            [
              -62.197281,
              5.976163
            ],
            [
              -62.19553,
              5.973874
            ],
            [
              -62.194306,
              5.972563
            ],
            [
              -62.193173,
              5.972602000000109
            ],
            [
              -62.190088,
              5.973428
            ],
            [
              -62.18906,
              5.973685
            ],
            [
              -62.18804,
              5.973471
            ],
            [
              -62.186850999999876,
              5.974988000000167
            ],
            [
              -62.186048,
              5.976722000000109
            ],
            [
              -62.185287,
              5.978583
            ],
            [
              -62.184907,
              5.980993000000183
            ],
            [
              -62.184483999999884,
              5.983023000000117
            ],
            [
              -62.18423,
              5.983911
            ],
            [
              -62.183385,
              5.984631
            ],
            [
              -62.182582,
              5.985013
            ],
            [
              -62.182202,
              5.985521
            ],
            [
              -62.181864,
              5.986282
            ],
            [
              -62.181398999999885,
              5.986959000000184
            ],
            [
              -62.180891,
              5.987298000000123
            ],
            [
              -62.179835,
              5.987512
            ],
            [
              -62.179201,
              5.9875550000001
            ],
            [
              -62.17865099999989,
              5.987767
            ],
            [
              -62.178102,
              5.988529
            ],
            [
              -62.177426,
              5.99001
            ],
            [
              -62.177088,
              5.990644
            ],
            [
              -62.17480499999982,
              5.99217
            ],
            [
              -62.17256499999985,
              5.993823
            ],
            [
              -62.171424,
              5.995051
            ],
            [
              -62.170959,
              5.996319000000142
            ],
            [
              -62.171002,
              5.997672
            ],
            [
              -62.171297,
              5.998601000000122
            ],
            [
              -62.171086,
              5.999278000000174
            ],
            [
              -62.17040999999989,
              6.000040000000126
            ],
            [
              -62.168635,
              6.001142
            ],
            [
              -62.166225999999824,
              6.002541000000122
            ],
            [
              -62.164704,
              6.003516000000161
            ],
            [
              -62.16398599999985,
              6.003729
            ],
            [
              -62.163098,
              6.003604000000166
            ],
            [
              -62.162591,
              6.003013000000124
            ],
            [
              -62.161703,
              6.000310000000127
            ],
            [
              -62.161703,
              5.998408
            ],
            [
              -62.162253,
              5.995829
            ],
            [
              -62.162549,
              5.993461
            ],
            [
              -62.162295,
              5.992617
            ],
            [
              -62.161872,
              5.992237
            ],
            [
              -62.16144999999989,
              5.992111000000136
            ],
            [
              -62.160858,
              5.992154000000141
            ],
            [
              -62.159801,
              5.993044
            ],
            [
              -62.158829,
              5.993807000000118
            ],
            [
              -62.1579,
              5.994189000000119
            ],
            [
              -62.15536399999985,
              5.99432
            ],
            [
              -62.154476,
              5.994322
            ],
            [
              -62.153842,
              5.99445
            ],
            [
              -62.153758,
              5.994873
            ],
            [
              -62.153758,
              5.995338000000118
            ],
            [
              -62.154053,
              5.99580200000014
            ],
            [
              -62.154518,
              5.996266000000162
            ],
            [
              -62.154645,
              5.99681500000014
            ],
            [
              -62.154645,
              5.997323
            ],
            [
              -62.154223,
              5.997788000000185
            ],
            [
              -62.152108999999825,
              5.999483
            ],
            [
              -62.150376,
              6.001219
            ],
            [
              -62.150122999999894,
              6.001896
            ],
            [
              -62.150122999999894,
              6.002656
            ],
            [
              -62.150122999999894,
              6.004178
            ],
            [
              -62.15003799999988,
              6.004643000000158
            ],
            [
              -62.149573,
              6.00494
            ],
            [
              -62.148939,
              6.005575
            ],
            [
              -62.148601,
              6.006759000000102
            ],
            [
              -62.148432,
              6.007436000000155
            ],
            [
              -62.147883,
              6.008409
            ],
            [
              -62.14708,
              6.009255
            ],
            [
              -62.14623499999982,
              6.010187
            ],
            [
              -62.145262,
              6.010654000000102
            ],
            [
              -62.144333,
              6.010698
            ],
            [
              -62.14348699999982,
              6.010699000000102
            ],
            [
              -62.142727,
              6.010616
            ],
            [
              -62.142008,
              6.010195000000181
            ],
            [
              -62.141458999999884,
              6.009858000000179
            ],
            [
              -62.141120999999885,
              6.009436
            ],
            [
              -62.140866999999844,
              6.008971000000145
            ],
            [
              -62.140698,
              6.008253
            ],
            [
              -62.14073999999988,
              6.007577
            ],
            [
              -62.140529,
              6.007112000000177
            ],
            [
              -62.140317,
              6.006817
            ],
            [
              -62.139684,
              6.006438000000173
            ],
            [
              -62.139007,
              6.006186000000127
            ],
            [
              -62.13807699999984,
              6.005934
            ],
            [
              -62.137528,
              6.005639000000144
            ],
            [
              -62.136936,
              6.005344
            ],
            [
              -62.136471,
              6.005345000000148
            ],
            [
              -62.13486499999982,
              6.006236000000172
            ],
            [
              -62.134105,
              6.006406
            ],
            [
              -62.133555,
              6.006365000000187
            ],
            [
              -62.132668,
              6.005986
            ],
            [
              -62.13178,
              6.005481
            ],
            [
              -62.130892,
              6.004848
            ],
            [
              -62.130088999999884,
              6.004089000000135
            ],
            [
              -62.12970899999988,
              6.003752000000134
            ],
            [
              -62.129202,
              6.003668000000118
            ],
            [
              -62.128568,
              6.003712
            ],
            [
              -62.128103,
              6.004093000000125
            ],
            [
              -62.127341999999885,
              6.004686000000163
            ],
            [
              -62.126707999999894,
              6.004687
            ],
            [
              -62.126497,
              6.004519000000187
            ],
            [
              -62.126243,
              6.00405400000011
            ],
            [
              -62.12628599999982,
              6.003378000000112
            ],
            [
              -62.127511,
              5.999825000000101
            ],
            [
              -62.128695,
              5.995808000000125
            ],
            [
              -62.129625,
              5.994073
            ],
            [
              -62.1305119999999,
              5.992381
            ],
            [
              -62.131611,
              5.991322
            ],
            [
              -62.13283699999988,
              5.990644
            ],
            [
              -62.133471,
              5.990178
            ],
            [
              -62.134105,
              5.988655000000165
            ],
            [
              -62.134062,
              5.988148000000137
            ],
            [
              -62.133809,
              5.987895000000151
            ],
            [
              -62.133428,
              5.987896
            ],
            [
              -62.132668,
              5.987982
            ],
            [
              -62.13178,
              5.988195000000132
            ],
            [
              -62.130639,
              5.987943
            ],
            [
              -62.12953999999985,
              5.987692
            ],
            [
              -62.12861,
              5.987482000000114
            ],
            [
              -62.128314,
              5.987187
            ],
            [
              -62.128314,
              5.9867220000001
            ],
            [
              -62.128652,
              5.986341
            ],
            [
              -62.12937099999988,
              5.985875
            ],
            [
              -62.12953999999985,
              5.985114
            ],
            [
              -62.12949799999984,
              5.984353
            ],
            [
              -62.12903299999982,
              5.983213
            ],
            [
              -62.12903299999982,
              5.981902
            ],
            [
              -62.129117,
              5.981564000000162
            ],
            [
              -62.12937099999988,
              5.980887000000109
            ],
            [
              -62.12953999999985,
              5.980126
            ],
            [
              -62.129286,
              5.979789
            ],
            [
              -62.12903299999982,
              5.979536
            ],
            [
              -62.128357,
              5.979621000000179
            ],
            [
              -62.127765,
              5.980214
            ],
            [
              -62.127511,
              5.980299000000116
            ],
            [
              -62.12683499999986,
              5.980808000000138
            ],
            [
              -62.125483,
              5.980979000000104
            ],
            [
              -62.124129999999866,
              5.980982000000154
            ],
            [
              -62.121932,
              5.982508000000109
            ],
            [
              -62.119735,
              5.984118
            ],
            [
              -62.11796,
              5.985812000000124
            ],
            [
              -62.115424,
              5.988099000000147
            ],
            [
              -62.113818,
              5.99123
            ],
            [
              -62.112381,
              5.99343
            ],
            [
              -62.111113,
              5.995461
            ],
            [
              -62.109506999999894,
              5.99614
            ],
            [
              -62.108746,
              5.996226
            ],
            [
              -62.10807,
              5.996228
            ],
            [
              -62.10705499999989,
              5.99623
            ],
            [
              -62.106041,
              5.997584000000131
            ],
            [
              -62.105111,
              5.999361
            ],
            [
              -62.104097,
              6.00308200000012
            ],
            [
              -62.1040119999999,
              6.004773
            ],
            [
              -62.102998,
              6.005874
            ],
            [
              -62.101984,
              6.006045
            ],
            [
              -62.101307,
              6.005792
            ],
            [
              -62.100631,
              6.005371
            ],
            [
              -62.099786,
              6.004696
            ],
            [
              -62.099363,
              6.003683000000137
            ],
            [
              -62.099532,
              6.002584000000127
            ],
            [
              -62.099786,
              6.000554
            ],
            [
              -62.099363,
              5.999541
            ],
            [
              -62.098349,
              5.998613
            ],
            [
              -62.097504,
              5.998445000000174
            ],
            [
              -62.095897,
              5.998702
            ],
            [
              -62.094122,
              5.999128
            ],
            [
              -62.093277,
              5.999891000000105
            ],
            [
              -62.092515999999875,
              6.001413
            ],
            [
              -62.092515999999875,
              6.002174000000139
            ],
            [
              -62.09226299999989,
              6.002851
            ],
            [
              -62.091671,
              6.003106000000173
            ],
            [
              -62.09091,
              6.003107
            ],
            [
              -62.09014899999988,
              6.003109
            ],
            [
              -62.089304,
              6.00361700000019
            ],
            [
              -62.088628,
              6.005394000000138
            ],
            [
              -62.087867,
              6.007424
            ],
            [
              -62.086261,
              6.008188000000189
            ],
            [
              -62.084993,
              6.008444
            ],
            [
              -62.083894,
              6.009037
            ],
            [
              -62.08288,
              6.010223000000167
            ],
            [
              -62.081443,
              6.010986
            ],
            [
              -62.079583,
              6.01361
            ],
            [
              -62.07814599999989,
              6.015388000000144
            ],
            [
              -62.07814599999989,
              6.016402
            ],
            [
              -62.07814599999989,
              6.017924000000164
            ],
            [
              -62.079245,
              6.019866
            ],
            [
              -62.079752,
              6.022401
            ],
            [
              -62.080682,
              6.024512000000129
            ],
            [
              -62.080682,
              6.02578
            ],
            [
              -62.080598,
              6.026541000000122
            ],
            [
              -62.080006,
              6.027303000000131
            ],
            [
              -62.078654,
              6.027982000000179
            ],
            [
              -62.077723999999876,
              6.028068000000189
            ],
            [
              -62.076371,
              6.028071
            ],
            [
              -62.075188,
              6.027481
            ],
            [
              -62.074681,
              6.027482
            ],
            [
              -62.072905999999875,
              6.02757
            ],
            [
              -62.071638,
              6.028333
            ],
            [
              -62.070116,
              6.028928
            ],
            [
              -62.068679,
              6.029269
            ],
            [
              -62.06758,
              6.029271
            ],
            [
              -62.066818999999896,
              6.028596000000164
            ],
            [
              -62.066228,
              6.027498
            ],
            [
              -62.066228,
              6.026146
            ],
            [
              -62.065721,
              6.024625
            ],
            [
              -62.065298,
              6.023865
            ],
            [
              -62.06436799999989,
              6.023698
            ],
            [
              -62.063861,
              6.023784
            ],
            [
              -62.063016,
              6.02463100000017
            ],
            [
              -62.062339,
              6.025477
            ],
            [
              -62.061494,
              6.025817
            ],
            [
              -62.060057,
              6.025735
            ],
            [
              -62.056845,
              6.025741
            ],
            [
              -62.05414,
              6.024901000000114
            ],
            [
              -62.052534,
              6.023805
            ],
            [
              -62.051689,
              6.023891
            ],
            [
              -62.050928,
              6.024992
            ],
            [
              -62.050928,
              6.026513000000136
            ],
            [
              -62.049236999999835,
              6.026516000000186
            ],
            [
              -62.047631,
              6.026012
            ],
            [
              -62.04653299999984,
              6.024831
            ],
            [
              -62.045434,
              6.023565
            ],
            [
              -62.044334999999876,
              6.022299000000146
            ],
            [
              -62.043319999999824,
              6.02120200000013
            ],
            [
              -62.042475,
              6.020274
            ],
            [
              -62.04112299999986,
              6.019093000000112
            ],
            [
              -62.040277,
              6.018165
            ],
            [
              -62.039348,
              6.016983
            ],
            [
              -62.038333,
              6.015886000000137
            ],
            [
              -62.036727,
              6.015044000000103
            ],
            [
              -62.035966,
              6.014708
            ],
            [
              -62.034868,
              6.014372
            ],
            [
              -62.034276,
              6.013865
            ],
            [
              -62.034107,
              6.013274
            ],
            [
              -62.03571299999987,
              6.012848000000133
            ],
            [
              -62.037657,
              6.012929
            ],
            [
              -62.039855,
              6.012925000000109
            ],
            [
              -62.040785,
              6.012839
            ],
            [
              -62.041968,
              6.011991
            ],
            [
              -62.043067,
              6.010299
            ],
            [
              -62.042898,
              6.009792
            ],
            [
              -62.042306,
              6.009032
            ],
            [
              -62.040869,
              6.00895
            ],
            [
              -62.03816399999988,
              6.00971600000014
            ],
            [
              -62.034276,
              6.011076
            ],
            [
              -62.032078,
              6.013362
            ],
            [
              -62.02954199999988,
              6.017002000000105
            ],
            [
              -62.028021,
              6.018949
            ],
            [
              -62.02658399999984,
              6.019374
            ],
            [
              -62.025569,
              6.019461000000149
            ],
            [
              -62.024809,
              6.019462
            ],
            [
              -62.02370999999988,
              6.01963400000011
            ],
            [
              -62.023033,
              6.020396
            ],
            [
              -62.02278,
              6.021579
            ],
            [
              -62.02185,
              6.023441000000105
            ],
            [
              -62.02058199999988,
              6.024880000000167
            ],
            [
              -62.018384,
              6.025899
            ],
            [
              -62.017539,
              6.026323
            ],
            [
              -62.017539,
              6.027337000000102
            ],
            [
              -62.01796199999984,
              6.028351000000157
            ],
            [
              -62.018807,
              6.029617
            ],
            [
              -62.018807,
              6.030378000000155
            ],
            [
              -62.018131,
              6.031056000000149
            ],
            [
              -62.017201,
              6.031564
            ],
            [
              -62.015763999999876,
              6.031652
            ],
            [
              -62.014581,
              6.031654
            ],
            [
              -62.013482,
              6.031318000000113
            ],
            [
              -62.013313,
              6.030727
            ],
            [
              -62.013313,
              6.030050000000188
            ],
            [
              -62.012974,
              6.02937500000013
            ],
            [
              -62.01196,
              6.02887
            ],
            [
              -62.010692,
              6.028872
            ],
            [
              -62.009171,
              6.029467000000125
            ],
            [
              -62.008325,
              6.030313
            ],
            [
              -62.007565,
              6.031498000000113
            ],
            [
              -62.006719,
              6.031838000000164
            ],
            [
              -62.005367,
              6.031925
            ],
            [
              -62.004014,
              6.031167
            ],
            [
              -62.003085,
              6.030831000000148
            ],
            [
              -62.00207,
              6.031171
            ],
            [
              -61.999703,
              6.031936
            ],
            [
              -61.99842399999983,
              6.031922000000179
            ],
            [
              -61.996945,
              6.031838000000164
            ],
            [
              -61.995889,
              6.03209100000015
            ],
            [
              -61.994962,
              6.032933000000185
            ],
            [
              -61.99353,
              6.03428
            ],
            [
              -61.99218,
              6.034785000000113
            ],
            [
              -61.991038,
              6.034575000000132
            ],
            [
              -61.990105,
              6.033775
            ],
            [
              -61.989213,
              6.032638
            ],
            [
              -61.989081,
              6.031291
            ],
            [
              -61.9895,
              6.030154
            ],
            [
              -61.989749,
              6.029059
            ],
            [
              -61.989787,
              6.027838000000145
            ],
            [
              -61.989318,
              6.026659000000109
            ],
            [
              -61.98707,
              6.024638
            ],
            [
              -61.98655799999989,
              6.023374000000103
            ],
            [
              -61.986386,
              6.022574
            ],
            [
              -61.98575,
              6.022111
            ],
            [
              -61.9852,
              6.021943
            ],
            [
              -61.98435399999988,
              6.02169
            ],
            [
              -61.983845,
              6.021269000000188
            ],
            [
              -61.982316,
              6.019206
            ],
            [
              -61.981849,
              6.018532
            ],
            [
              -61.981382,
              6.018069
            ],
            [
              -61.980663,
              6.017901
            ],
            [
              -61.98002899999989,
              6.018069
            ],
            [
              -61.97952299999986,
              6.018322
            ],
            [
              -61.978467,
              6.01836400000019
            ],
            [
              -61.977238999999884,
              6.017690000000187
            ],
            [
              -61.975924,
              6.016595000000166
            ],
            [
              -61.975543,
              6.016385
            ],
            [
              -61.974824999999896,
              6.016385
            ],
            [
              -61.973854999999844,
              6.017058000000134
            ],
            [
              -61.973476,
              6.017522000000156
            ],
            [
              -61.973013,
              6.017816
            ],
            [
              -61.972464,
              6.017901
            ],
            [
              -61.971577,
              6.018280000000118
            ],
            [
              -61.97107199999988,
              6.018743
            ],
            [
              -61.970228,
              6.018995000000132
            ],
            [
              -61.969593,
              6.018953
            ],
            [
              -61.96921,
              6.018237000000113
            ],
            [
              -61.969124,
              6.017816
            ],
            [
              -61.969121,
              6.017016000000183
            ],
            [
              -61.969119,
              6.016385
            ],
            [
              -61.968948999999895,
              6.016090000000133
            ],
            [
              -61.968397,
              6.015501
            ],
            [
              -61.967847,
              6.01541600000013
            ],
            [
              -61.966959,
              6.015079000000128
            ],
            [
              -61.966111999999896,
              6.0147
            ],
            [
              -61.965348,
              6.013985
            ],
            [
              -61.964837,
              6.01289
            ],
            [
              -61.96440599999988,
              6.010742000000107
            ],
            [
              -61.964062,
              6.00910000000016
            ],
            [
              -61.963468,
              6.008342000000141
            ],
            [
              -61.962791,
              6.008216
            ],
            [
              -61.96224199999989,
              6.008427
            ],
            [
              -61.961316,
              6.009353000000146
            ],
            [
              -61.960938,
              6.0099
            ],
            [
              -61.960347,
              6.010111000000165
            ],
            [
              -61.959078,
              6.009858000000179
            ],
            [
              -61.958103,
              6.009142
            ],
            [
              -61.957763,
              6.008721
            ],
            [
              -61.957592,
              6.008132
            ],
            [
              -61.957715,
              6.007205
            ],
            [
              -61.95851,
              6.00493200000011
            ],
            [
              -61.958718,
              6.004132000000141
            ],
            [
              -61.958672,
              6.003121
            ],
            [
              -61.95811399999985,
              6.00076300000012
            ],
            [
              -61.957941,
              5.999668
            ],
            [
              -61.958022,
              5.998784000000171
            ],
            [
              -61.95806,
              5.997774
            ],
            [
              -61.957593,
              5.997142000000167
            ],
            [
              -61.95691099999988,
              5.995626000000129
            ],
            [
              -61.95661099999984,
              5.994363
            ],
            [
              -61.956309,
              5.992847
            ],
            [
              -61.955842,
              5.992131
            ],
            [
              -61.954909,
              5.9915
            ],
            [
              -61.953768,
              5.991458
            ],
            [
              -61.951276,
              5.991752
            ],
            [
              -61.950389,
              5.991921
            ],
            [
              -61.949754,
              5.991837
            ],
            [
              -61.948612,
              5.991415
            ],
            [
              -61.948147,
              5.9915
            ],
            [
              -61.947683,
              5.991668
            ],
            [
              -61.947346,
              5.991921
            ],
            [
              -61.947008,
              5.992089
            ],
            [
              -61.94633299999987,
              5.992300000000114
            ],
            [
              -61.944345,
              5.991921
            ],
            [
              -61.94278,
              5.991752
            ],
            [
              -61.941935,
              5.991837
            ],
            [
              -61.941219,
              5.992468
            ],
            [
              -61.940842,
              5.993226000000163
            ],
            [
              -61.939916999999866,
              5.99444700000015
            ],
            [
              -61.939199,
              5.994742
            ],
            [
              -61.93827,
              5.994868000000167
            ],
            [
              -61.937764,
              5.995121
            ],
            [
              -61.937469,
              5.995416
            ],
            [
              -61.93747,
              5.995795000000101
            ],
            [
              -61.937514,
              5.996131
            ],
            [
              -61.937853,
              5.996468
            ],
            [
              -61.93815,
              5.996847000000116
            ],
            [
              -61.938236,
              5.997226
            ],
            [
              -61.938028,
              5.997942000000137
            ],
            [
              -61.937818,
              5.998489
            ],
            [
              -61.9369,
              6.001479000000188
            ],
            [
              -61.936438,
              6.002195
            ],
            [
              -61.934242,
              6.00278400000019
            ],
            [
              -61.932087,
              6.002868
            ],
            [
              -61.930437,
              6.002363000000173
            ],
            [
              -61.92941899999988,
              6.001437000000124
            ],
            [
              -61.928822,
              5.999963
            ],
            [
              -61.928436,
              5.998447000000169
            ],
            [
              -61.927036,
              5.997184000000118
            ],
            [
              -61.92525599999988,
              5.995879000000116
            ],
            [
              -61.92309399999988,
              5.994068
            ],
            [
              -61.920722999999896,
              5.992973
            ],
            [
              -61.919708,
              5.992889
            ],
            [
              -61.918738,
              5.993352000000129
            ],
            [
              -61.918234,
              5.994279
            ],
            [
              -61.918111,
              5.995163
            ],
            [
              -61.918664,
              5.996174
            ],
            [
              -61.9192589999999,
              5.997100000000103
            ],
            [
              -61.91959999999989,
              5.997731
            ],
            [
              -61.919687,
              5.99857400000019
            ],
            [
              -61.919477,
              5.998784000000171
            ],
            [
              -61.91896999999989,
              5.998868000000186
            ],
            [
              -61.916347,
              5.998237000000188
            ],
            [
              -61.915037,
              5.998195
            ],
            [
              -61.91453,
              5.998195
            ],
            [
              -61.913851,
              5.997647
            ],
            [
              -61.913128,
              5.996384
            ],
            [
              -61.911680999999874,
              5.993689000000131
            ],
            [
              -61.910875,
              5.992973
            ],
            [
              -61.908419,
              5.991584
            ],
            [
              -61.907233,
              5.99091
            ],
            [
              -61.90685,
              5.990194000000145
            ],
            [
              -61.906422,
              5.988763
            ],
            [
              -61.906208,
              5.987963
            ],
            [
              -61.905867,
              5.987415
            ],
            [
              -61.905318,
              5.987373000000105
            ],
            [
              -61.90455899999989,
              5.987836
            ],
            [
              -61.903169,
              5.989057
            ],
            [
              -61.901192,
              5.991584
            ],
            [
              -61.90098099999989,
              5.991879
            ],
            [
              -61.900812,
              5.991879
            ],
            [
              -61.90034599999984,
              5.991542
            ],
            [
              -61.898989,
              5.990152
            ],
            [
              -61.898733,
              5.989647000000161
            ],
            [
              -61.89868799999988,
              5.988889000000142
            ],
            [
              -61.898898,
              5.988426
            ],
            [
              -61.899573,
              5.988257
            ],
            [
              -61.900164,
              5.988005
            ],
            [
              -61.900501,
              5.987626
            ],
            [
              -61.900499,
              5.987205
            ],
            [
              -61.900498,
              5.98691
            ],
            [
              -61.899819,
              5.98623600000019
            ],
            [
              -61.89884299999983,
              5.985184
            ],
            [
              -61.898417,
              5.984342
            ],
            [
              -61.898201,
              5.983036
            ],
            [
              -61.897438,
              5.982489000000157
            ],
            [
              -61.896213,
              5.982489000000157
            ],
            [
              -61.894861,
              5.982615
            ],
            [
              -61.893512,
              5.983541000000173
            ],
            [
              -61.89229,
              5.98472
            ],
            [
              -61.891786,
              5.985436000000107
            ],
            [
              -61.891452,
              5.986489000000176
            ],
            [
              -61.891242,
              5.986868
            ],
            [
              -61.890692999999885,
              5.986994
            ],
            [
              -61.889548,
              5.986068000000159
            ],
            [
              -61.888279999999895,
              5.985942
            ],
            [
              -61.886758,
              5.985899
            ],
            [
              -61.884857999999895,
              5.986489000000176
            ],
            [
              -61.883677,
              5.986994
            ],
            [
              -61.882074,
              5.987752
            ],
            [
              -61.881062,
              5.98851
            ],
            [
              -61.880429,
              5.988805000000127
            ],
            [
              -61.880132,
              5.988426
            ],
            [
              -61.880172,
              5.987836
            ],
            [
              -61.880762,
              5.987415
            ],
            [
              -61.880845,
              5.986952
            ],
            [
              -61.880674,
              5.986363
            ],
            [
              -61.880418,
              5.985857000000124
            ],
            [
              -61.880289,
              5.98514200000011
            ],
            [
              -61.8802859999999,
              5.98451
            ],
            [
              -61.880285,
              5.984089
            ],
            [
              -61.880704,
              5.983205
            ],
            [
              -61.880998,
              5.982615
            ],
            [
              -61.880954,
              5.982152000000156
            ],
            [
              -61.880825,
              5.981520000000103
            ],
            [
              -61.880823,
              5.980931
            ],
            [
              -61.88094599999988,
              5.980005000000119
            ],
            [
              -61.881577,
              5.979247000000157
            ],
            [
              -61.882251,
              5.978657000000169
            ],
            [
              -61.882375,
              5.977815000000135
            ],
            [
              -61.882034,
              5.977015
            ],
            [
              -61.881989,
              5.976404000000116
            ],
            [
              -61.881945,
              5.975899
            ],
            [
              -61.88194199999987,
              5.975268
            ],
            [
              -61.881686999999886,
              5.974762000000112
            ],
            [
              -61.881389,
              5.974299
            ],
            [
              -61.881092,
              5.974004
            ],
            [
              -61.880879,
              5.973415
            ],
            [
              -61.880875,
              5.972404
            ],
            [
              -61.880699,
              5.970425
            ],
            [
              -61.88057,
              5.969836
            ],
            [
              -61.880272999999875,
              5.969583
            ],
            [
              -61.879807,
              5.969457000000148
            ],
            [
              -61.879132,
              5.969625000000178
            ],
            [
              -61.878245,
              5.969709
            ],
            [
              -61.87744,
              5.969415
            ],
            [
              -61.877142999999876,
              5.969078
            ],
            [
              -61.876718,
              5.968404
            ],
            [
              -61.87663,
              5.967394000000127
            ],
            [
              -61.876709,
              5.965962000000161
            ],
            [
              -61.877254,
              5.964741000000174
            ],
            [
              -61.877294,
              5.964067
            ],
            [
              -61.877291,
              5.963393
            ],
            [
              -61.877077,
              5.96255100000019
            ],
            [
              -61.87682099999989,
              5.962004
            ],
            [
              -61.876479999999844,
              5.961246000000187
            ],
            [
              -61.876224,
              5.960572
            ],
            [
              -61.876223,
              5.960193000000118
            ],
            [
              -61.876221,
              5.959899000000121
            ],
            [
              -61.876052,
              5.959688
            ],
            [
              -61.875629,
              5.959646
            ],
            [
              -61.875164,
              5.95973
            ],
            [
              -61.87461599999989,
              5.960151
            ],
            [
              -61.87427899999989,
              5.960446000000104
            ],
            [
              -61.873815,
              5.960530000000119
            ],
            [
              -61.873308,
              5.960530000000119
            ],
            [
              -61.87183,
              5.960909
            ],
            [
              -61.87179,
              5.96162500000014
            ],
            [
              -61.871582,
              5.962383000000102
            ],
            [
              -61.8707399999999,
              5.963351000000102
            ],
            [
              -61.86960099999982,
              5.96389900000014
            ],
            [
              -61.86757299999988,
              5.964067
            ],
            [
              -61.86436,
              5.96377200000012
            ],
            [
              -61.861863999999855,
              5.963351000000102
            ],
            [
              -61.859788,
              5.962004
            ],
            [
              -61.858726,
              5.960446000000104
            ],
            [
              -61.856983,
              5.957751
            ],
            [
              -61.856134,
              5.956698000000131
            ],
            [
              -61.855245,
              5.956235
            ],
            [
              -61.85469499999988,
              5.956277000000114
            ],
            [
              -61.8544,
              5.956488000000149
            ],
            [
              -61.853685,
              5.957288000000119
            ],
            [
              -61.853266,
              5.958341000000189
            ],
            [
              -61.852974,
              5.959267
            ],
            [
              -61.852384,
              5.959899000000121
            ],
            [
              -61.850991,
              5.960320000000138
            ],
            [
              -61.849343,
              5.960488
            ],
            [
              -61.845836,
              5.960741000000155
            ],
            [
              -61.842753,
              5.961288000000138
            ],
            [
              -61.841993999999886,
              5.961709000000155
            ],
            [
              -61.841362,
              5.962341
            ],
            [
              -61.840306,
              5.962299
            ],
            [
              -61.838951999999836,
              5.962046000000157
            ],
            [
              -61.838318,
              5.962046000000157
            ],
            [
              -61.837812,
              5.962172
            ],
            [
              -61.837602,
              5.96255100000019
            ],
            [
              -61.837604,
              5.963141000000121
            ],
            [
              -61.837778,
              5.964488
            ],
            [
              -61.838204,
              5.965457
            ],
            [
              -61.83879799999988,
              5.966004
            ],
            [
              -61.840237,
              5.966594
            ],
            [
              -61.84057799999988,
              5.967267000000106
            ],
            [
              -61.840579999999875,
              5.967773
            ],
            [
              -61.84028599999988,
              5.968446000000142
            ],
            [
              -61.839611,
              5.968783000000144
            ],
            [
              -61.837034,
              5.968909
            ],
            [
              -61.835005,
              5.96899400000018
            ],
            [
              -61.834202,
              5.968867000000159
            ],
            [
              -61.833524,
              5.968488
            ],
            [
              -61.832973,
              5.968067
            ],
            [
              -61.832592,
              5.967773
            ],
            [
              -61.831913,
              5.967057000000125
            ],
            [
              -61.830938,
              5.966215
            ],
            [
              -61.8299209999999,
              5.965583
            ],
            [
              -61.829202,
              5.965499
            ],
            [
              -61.82823,
              5.965499
            ],
            [
              -61.826583,
              5.965751
            ],
            [
              -61.82561,
              5.965667
            ],
            [
              -61.825229,
              5.965372000000173
            ],
            [
              -61.82463399999989,
              5.964615
            ],
            [
              -61.823014999999884,
              5.961078000000157
            ],
            [
              -61.822374,
              5.959225000000117
            ],
            [
              -61.821567,
              5.958256
            ],
            [
              -61.821015,
              5.957498
            ],
            [
              -61.82059,
              5.956825000000151
            ],
            [
              -61.82046,
              5.956109
            ],
            [
              -61.820458,
              5.955519
            ],
            [
              -61.820752,
              5.954888
            ],
            [
              -61.821888999999885,
              5.953835
            ],
            [
              -61.822731,
              5.953035000000114
            ],
            [
              -61.822814,
              5.95253
            ],
            [
              -61.822812,
              5.952109
            ],
            [
              -61.822514999999896,
              5.951856
            ],
            [
              -61.822051,
              5.951856
            ],
            [
              -61.821501,
              5.951898
            ],
            [
              -61.819941,
              5.952825000000132
            ],
            [
              -61.818675,
              5.953330000000165
            ],
            [
              -61.817914,
              5.953372000000115
            ],
            [
              -61.817534,
              5.953330000000165
            ],
            [
              -61.81728,
              5.953161
            ],
            [
              -61.817025,
              5.952783
            ],
            [
              -61.816727,
              5.95236100000011
            ],
            [
              -61.816301999999894,
              5.951730000000111
            ],
            [
              -61.816048,
              5.951519
            ],
            [
              -61.815794,
              5.951351
            ],
            [
              -61.815412,
              5.95114000000018
            ],
            [
              -61.814736,
              5.951098
            ],
            [
              -61.814397,
              5.95093
            ],
            [
              -61.81409999999988,
              5.950593
            ],
            [
              -61.813844,
              5.949877000000129
            ],
            [
              -61.813588,
              5.949330000000145
            ],
            [
              -61.813163,
              5.948656000000142
            ],
            [
              -61.812696,
              5.948024
            ],
            [
              -61.812270999999896,
              5.947561000000121
            ],
            [
              -61.81184699999989,
              5.947014
            ],
            [
              -61.811632,
              5.946088000000145
            ],
            [
              -61.811625,
              5.944361
            ],
            [
              -61.81132,
              5.941793
            ],
            [
              -61.811528,
              5.940993000000105
            ],
            [
              -61.811948,
              5.940150000000131
            ],
            [
              -61.812451,
              5.939224
            ],
            [
              -61.812828,
              5.938171000000182
            ],
            [
              -61.812784,
              5.937624
            ],
            [
              -61.812401,
              5.936992
            ],
            [
              -61.812061,
              5.936614
            ],
            [
              -61.811509999999885,
              5.936235
            ],
            [
              -61.811255,
              5.935771
            ],
            [
              -61.811591,
              5.935098000000153
            ],
            [
              -61.812728,
              5.934171000000163
            ],
            [
              -61.813446,
              5.934003000000132
            ],
            [
              -61.814038,
              5.934003000000132
            ],
            [
              -61.81479899999988,
              5.933961
            ],
            [
              -61.815220999999895,
              5.933919000000117
            ],
            [
              -61.815812,
              5.933624
            ],
            [
              -61.815979,
              5.933287
            ],
            [
              -61.816105,
              5.93295
            ],
            [
              -61.81606,
              5.93215
            ],
            [
              -61.81605599999989,
              5.931266000000164
            ],
            [
              -61.816094,
              5.930003000000113
            ],
            [
              -61.815997,
              5.926676000000157
            ],
            [
              -61.815784,
              5.926339000000155
            ],
            [
              -61.815488,
              5.926171000000124
            ],
            [
              -61.814981,
              5.92625500000014
            ],
            [
              -61.81400999999988,
              5.926466000000175
            ],
            [
              -61.813251,
              5.926971
            ],
            [
              -61.811644999999885,
              5.927055
            ],
            [
              -61.810419,
              5.927055
            ],
            [
              -61.809659,
              5.927055
            ],
            [
              -61.809193,
              5.926761
            ],
            [
              -61.80880899999988,
              5.925876
            ],
            [
              -61.80880599999989,
              5.925034
            ],
            [
              -61.808633,
              5.924024
            ],
            [
              -61.808293,
              5.923434000000157
            ],
            [
              -61.807996,
              5.92318100000017
            ],
            [
              -61.807277,
              5.923097000000155
            ],
            [
              -61.806474999999864,
              5.923350000000141
            ],
            [
              -61.8058,
              5.923771000000158
            ],
            [
              -61.805294,
              5.924024
            ],
            [
              -61.804745,
              5.924108000000103
            ],
            [
              -61.803943,
              5.92436
            ],
            [
              -61.803523,
              5.924992
            ],
            [
              -61.803525,
              5.925708
            ],
            [
              -61.803824,
              5.926424000000111
            ],
            [
              -61.80446,
              5.926887
            ],
            [
              -61.80501,
              5.927266000000145
            ],
            [
              -61.80547799999988,
              5.92794
            ],
            [
              -61.80556499999989,
              5.928655000000106
            ],
            [
              -61.805567,
              5.929203
            ],
            [
              -61.805104,
              5.929624
            ],
            [
              -61.804386,
              5.929750000000126
            ],
            [
              -61.803287,
              5.929750000000126
            ],
            [
              -61.80210399999987,
              5.929792
            ],
            [
              -61.799126,
              5.930234
            ],
            [
              -61.797509999999875,
              5.931083000000115
            ],
            [
              -61.795726999999886,
              5.931849
            ],
            [
              -61.794882,
              5.931768
            ],
            [
              -61.794629,
              5.931727
            ],
            [
              -61.794379,
              5.931432
            ],
            [
              -61.794255,
              5.931137000000149
            ],
            [
              -61.794136,
              5.930463000000145
            ],
            [
              -61.79388499999982,
              5.930211
            ],
            [
              -61.793716,
              5.930169000000149
            ],
            [
              -61.793341,
              5.929706
            ],
            [
              -61.793348,
              5.929116
            ],
            [
              -61.793363,
              5.927766
            ],
            [
              -61.793331,
              5.926795
            ],
            [
              -61.792911,
              5.926586000000157
            ],
            [
              -61.792191999999886,
              5.926631000000157
            ],
            [
              -61.79104,
              5.927563
            ],
            [
              -61.789539,
              5.929552
            ],
            [
              -61.788216,
              5.930695000000128
            ],
            [
              -61.787623,
              5.930824
            ],
            [
              -61.78618999999986,
              5.930450000000121
            ],
            [
              -61.784256,
              5.929529000000116
            ],
            [
              -61.783545,
              5.928899
            ],
            [
              -61.783218,
              5.927845
            ],
            [
              -61.78322699999984,
              5.927001
            ],
            [
              -61.783574,
              5.926283000000126
            ],
            [
              -61.786901999999884,
              5.923402000000181
            ],
            [
              -61.786991,
              5.92298
            ],
            [
              -61.786958,
              5.922178000000144
            ],
            [
              -61.786884,
              5.921251
            ],
            [
              -61.786727,
              5.920154
            ],
            [
              -61.78661199999988,
              5.91901600000017
            ],
            [
              -61.786661,
              5.918425000000127
            ],
            [
              -61.787215,
              5.918043000000125
            ],
            [
              -61.787511,
              5.918042
            ],
            [
              -61.787551,
              5.918211
            ],
            [
              -61.788009,
              5.918884000000105
            ],
            [
              -61.788641,
              5.919050000000141
            ],
            [
              -61.788854,
              5.918839000000105
            ],
            [
              -61.78890299999989,
              5.918290000000127
            ],
            [
              -61.788867,
              5.91765700000019
            ],
            [
              -61.788622,
              5.916899000000171
            ],
            [
              -61.788247,
              5.916394000000139
            ],
            [
              -61.786946999999884,
              5.915513
            ],
            [
              -61.786241,
              5.914419000000123
            ],
            [
              -61.7850279999999,
              5.913242
            ],
            [
              -61.783849,
              5.912866
            ],
            [
              -61.783084,
              5.913249000000121
            ],
            [
              -61.78264699999988,
              5.914474
            ],
            [
              -61.782335,
              5.915952000000118
            ],
            [
              -61.78160899999989,
              5.916629
            ],
            [
              -61.780508,
              5.916886000000147
            ],
            [
              -61.778687999999875,
              5.917104
            ],
            [
              -61.775643,
              5.917242000000101
            ],
            [
              -61.773998,
              5.916953
            ],
            [
              -61.77253499999989,
              5.915524
            ],
            [
              -61.771493,
              5.914135000000101
            ],
            [
              -61.770759,
              5.911733
            ],
            [
              -61.770556,
              5.910975000000121
            ],
            [
              -61.770049,
              5.910977
            ],
            [
              -61.76902799999988,
              5.911571
            ],
            [
              -61.767867,
              5.913347
            ],
            [
              -61.767254,
              5.915332
            ],
            [
              -61.765998,
              5.918079
            ],
            [
              -61.765527,
              5.918545000000108
            ],
            [
              -61.765146,
              5.918673
            ],
            [
              -61.764048,
              5.918550000000153
            ],
            [
              -61.76299399999988,
              5.918301000000156
            ],
            [
              -61.761647,
              5.917800000000113
            ],
            [
              -61.76148599999988,
              5.917125
            ],
            [
              -61.761795,
              5.91590100000019
            ],
            [
              -61.761849,
              5.914888
            ],
            [
              -61.761817999999835,
              5.913791
            ],
            [
              -61.761486999999875,
              5.913202000000126
            ],
            [
              -61.760778,
              5.912318
            ],
            [
              -61.760277,
              5.91173
            ],
            [
              -61.75990899999988,
              5.91063400000013
            ],
            [
              -61.759709,
              5.909622
            ],
            [
              -61.759291,
              5.909244
            ],
            [
              -61.75895799999989,
              5.908739
            ],
            [
              -61.758968,
              5.907811000000152
            ],
            [
              -61.759275,
              5.906797
            ],
            [
              -61.759404,
              5.906628000000126
            ],
            [
              -61.76,
              5.906246000000124
            ],
            [
              -61.76068,
              5.905906
            ],
            [
              -61.761067,
              5.905314000000146
            ],
            [
              -61.7611179999999,
              5.904470000000117
            ],
            [
              -61.761214,
              5.903500000000122
            ],
            [
              -61.761231,
              5.901939000000141
            ],
            [
              -61.761333,
              5.900377
            ],
            [
              -61.761387,
              5.899323
            ],
            [
              -61.761395,
              5.89852100000013
            ],
            [
              -61.761361,
              5.897846
            ],
            [
              -61.76136699999989,
              5.897256
            ],
            [
              -61.761499,
              5.896791000000121
            ],
            [
              -61.762097,
              5.89624
            ],
            [
              -61.762356,
              5.895775000000128
            ],
            [
              -61.762316999999825,
              5.89548
            ],
            [
              -61.762023999999826,
              5.895186
            ],
            [
              -61.761348,
              5.895188
            ],
            [
              -61.760462,
              5.895065000000159
            ],
            [
              -61.76017,
              5.894644000000142
            ],
            [
              -61.760176,
              5.894096000000104
            ],
            [
              -61.760357,
              5.893083000000104
            ],
            [
              -61.760362,
              5.892619
            ],
            [
              -61.760323999999855,
              5.892239
            ],
            [
              -61.760077,
              5.891607
            ],
            [
              -61.75970299999989,
              5.891018000000145
            ],
            [
              -61.759242999999856,
              5.890640000000133
            ],
            [
              -61.75882099999984,
              5.890557
            ],
            [
              -61.758355,
              5.890601000000117
            ],
            [
              -61.757848,
              5.890603000000112
            ],
            [
              -61.757555,
              5.890393000000131
            ],
            [
              -61.757352,
              5.889634
            ],
            [
              -61.756809,
              5.889004000000114
            ],
            [
              -61.755975,
              5.88803600000017
            ],
            [
              -61.75526,
              5.887702
            ],
            [
              -61.754836999999895,
              5.887703000000158
            ],
            [
              -61.754584,
              5.887662
            ],
            [
              -61.75420899999989,
              5.88719900000018
            ],
            [
              -61.754466,
              5.886861000000124
            ],
            [
              -61.754644,
              5.88610100000011
            ],
            [
              -61.754522,
              5.885595
            ],
            [
              -61.754148,
              5.885048
            ],
            [
              -61.753731,
              5.884543000000178
            ],
            [
              -61.753566,
              5.884206000000177
            ],
            [
              -61.75373999999988,
              5.883742000000154
            ],
            [
              -61.754718,
              5.883147000000122
            ],
            [
              -61.755275,
              5.882512000000133
            ],
            [
              -61.756636,
              5.881748000000186
            ],
            [
              -61.758251,
              5.880898
            ],
            [
              -61.758933,
              5.88039
            ],
            [
              -61.75898,
              5.88001
            ],
            [
              -61.758818,
              5.879335
            ],
            [
              -61.757773,
              5.878327
            ],
            [
              -61.757483,
              5.877779
            ],
            [
              -61.757404999999835,
              5.877189000000101
            ],
            [
              -61.757456999999874,
              5.876261
            ],
            [
              -61.757227,
              5.874152000000151
            ],
            [
              -61.756979,
              5.873647000000119
            ],
            [
              -61.756685,
              5.873437000000138
            ],
            [
              -61.755975,
              5.87268
            ],
            [
              -61.755599,
              5.872302
            ],
            [
              -61.755098,
              5.871755
            ],
            [
              -61.754933,
              5.871376000000168
            ],
            [
              -61.754897,
              5.870828000000131
            ],
            [
              -61.755117,
              5.870026
            ],
            [
              -61.755039999999894,
              5.869309
            ],
            [
              -61.754705999999885,
              5.869015
            ],
            [
              -61.75411499999984,
              5.868932
            ],
            [
              -61.75365199999982,
              5.868723
            ],
            [
              -61.753444,
              5.868429
            ],
            [
              -61.75344699999988,
              5.868133
            ],
            [
              -61.75383099999988,
              5.867879000000187
            ],
            [
              -61.75425399999989,
              5.867793000000177
            ],
            [
              -61.754428,
              5.867370000000165
            ],
            [
              -61.754431,
              5.867075000000114
            ],
            [
              -61.754222,
              5.866907
            ],
            [
              -61.754015,
              5.86652800000013
            ],
            [
              -61.754146,
              5.866106
            ],
            [
              -61.754783,
              5.865808
            ],
            [
              -61.755163999999866,
              5.865807000000132
            ],
            [
              -61.755799,
              5.865678000000116
            ],
            [
              -61.756057,
              5.865297
            ],
            [
              -61.756144,
              5.865044
            ],
            [
              -61.756148,
              5.864706000000183
            ],
            [
              -61.755982,
              5.864412000000186
            ],
            [
              -61.755647,
              5.864118
            ],
            [
              -61.755313,
              5.863781
            ],
            [
              -61.754853,
              5.863277
            ],
            [
              -61.754435,
              5.862941
            ],
            [
              -61.753759,
              5.862859000000128
            ],
            [
              -61.752156,
              5.862569000000121
            ],
            [
              -61.74995799999988,
              5.862662000000171
            ],
            [
              -61.749280999999826,
              5.862664000000166
            ],
            [
              -61.748479,
              5.862625000000151
            ],
            [
              -61.747422,
              5.862629
            ],
            [
              -61.746368,
              5.86238
            ],
            [
              -61.745777,
              5.862340000000188
            ],
            [
              -61.745142,
              5.862384
            ],
            [
              -61.744635,
              5.862386
            ],
            [
              -61.744342,
              5.862176
            ],
            [
              -61.744175,
              5.861924
            ],
            [
              -61.744181,
              5.861418
            ],
            [
              -61.743974,
              5.860996000000171
            ],
            [
              -61.743597,
              5.860745000000179
            ],
            [
              -61.743216,
              5.860788000000184
            ],
            [
              -61.742576,
              5.861297
            ],
            [
              -61.740759,
              5.861288000000172
            ],
            [
              -61.73966199999984,
              5.861165000000142
            ],
            [
              -61.738952,
              5.860324000000162
            ],
            [
              -61.73833,
              5.859229
            ],
            [
              -61.73863199999988,
              5.858722000000114
            ],
            [
              -61.739483,
              5.858171
            ],
            [
              -61.739532999999824,
              5.857453000000135
            ],
            [
              -61.73941599999989,
              5.856652000000111
            ],
            [
              -61.739041,
              5.856147
            ],
            [
              -61.737861,
              5.855856000000131
            ],
            [
              -61.737059,
              5.85569
            ],
            [
              -61.736006,
              5.855357
            ],
            [
              -61.73507699999982,
              5.855360000000132
            ],
            [
              -61.733935,
              5.855364000000122
            ],
            [
              -61.733473,
              5.855155
            ],
            [
              -61.732591,
              5.854652
            ],
            [
              -61.73154099999988,
              5.85362
            ],
            [
              -61.731174999999894,
              5.852759
            ],
            [
              -61.73085,
              5.851579000000129
            ],
            [
              -61.73086,
              5.850609000000134
            ],
            [
              -61.73070699999988,
              5.849217
            ],
            [
              -61.730418,
              5.848585000000185
            ],
            [
              -61.729996,
              5.848460000000159
            ],
            [
              -61.729408,
              5.848209000000168
            ],
            [
              -61.729286,
              5.847746
            ],
            [
              -61.728911,
              5.847241
            ],
            [
              -61.728278,
              5.847159000000147
            ],
            [
              -61.727556,
              5.847499
            ],
            [
              -61.727047999999854,
              5.847585
            ],
            [
              -61.72662599999984,
              5.847460000000183
            ],
            [
              -61.726251999999874,
              5.846913
            ],
            [
              -61.726173,
              5.846449
            ],
            [
              -61.72605199999987,
              5.845859
            ],
            [
              -61.725635999999895,
              5.84527
            ],
            [
              -61.725172,
              5.845187
            ],
            [
              -61.724753,
              5.844851000000176
            ],
            [
              -61.724801,
              5.844387000000154
            ],
            [
              -61.724852,
              5.843543000000125
            ],
            [
              -61.724569,
              5.842405
            ],
            [
              -61.724027,
              5.841732
            ],
            [
              -61.72365,
              5.841396
            ],
            [
              -61.723574,
              5.840637000000186
            ],
            [
              -61.72374899999983,
              5.840130000000158
            ],
            [
              -61.723456999999826,
              5.839752000000146
            ],
            [
              -61.72295,
              5.839753
            ],
            [
              -61.722315,
              5.839798
            ],
            [
              -61.7218519999999,
              5.839631
            ],
            [
              -61.721856,
              5.839336000000173
            ],
            [
              -61.722114,
              5.838871
            ],
            [
              -61.72275399999984,
              5.838404
            ],
            [
              -61.723265,
              5.83798
            ],
            [
              -61.723567,
              5.837431000000151
            ],
            [
              -61.723529,
              5.83709400000015
            ],
            [
              -61.723533,
              5.836672
            ],
            [
              -61.72387799999984,
              5.836122
            ],
            [
              -61.724175999999886,
              5.83591
            ],
            [
              -61.724432,
              5.835656
            ],
            [
              -61.724395,
              5.83519200000012
            ],
            [
              -61.724229,
              5.834897
            ],
            [
              -61.724278,
              5.834306
            ],
            [
              -61.72525599999989,
              5.833797000000175
            ],
            [
              -61.726365,
              5.832907
            ],
            [
              -61.72675,
              5.832483
            ],
            [
              -61.727301999999895,
              5.832186
            ],
            [
              -61.727514,
              5.832143
            ],
            [
              -61.727812,
              5.831973
            ],
            [
              -61.727818,
              5.831425
            ],
            [
              -61.7274,
              5.830962000000113
            ],
            [
              -61.727069,
              5.830331000000115
            ],
            [
              -61.727371,
              5.829823
            ],
            [
              -61.72804599999989,
              5.829863000000103
            ],
            [
              -61.728813,
              5.829354
            ],
            [
              -61.728821,
              5.828637000000128
            ],
            [
              -61.728276,
              5.828175
            ],
            [
              -61.727391999999895,
              5.827925000000164
            ],
            [
              -61.72587,
              5.82793
            ],
            [
              -61.724946,
              5.827427000000171
            ],
            [
              -61.724614,
              5.826838000000123
            ],
            [
              -61.445791595999935,
              5.906870766000168
            ],
            [
              -61.41488597099993,
              5.91574187100008
            ],
            [
              -61.390617,
              5.922708000000114
            ],
            [
              -61.37683599699989,
              5.925093781000044
            ],
            [
              -61.387919552999904,
              5.937552045000075
            ],
            [
              -61.38960367399983,
              5.952725410000085
            ],
            [
              -61.38503547699986,
              5.957541544000094
            ],
            [
              -61.36553457699989,
              5.961290690000169
            ],
            [
              -61.35275301299998,
              5.969305920000068
            ],
            [
              -61.35285603099999,
              5.975282065999977
            ],
            [
              -61.352730049999934,
              5.982407228000113
            ],
            [
              -61.34736281299996,
              5.987221366000028
            ],
            [
              -61.3429116129999,
              5.989969446000032
            ],
            [
              -61.34176357799993,
              5.994333549000089
            ],
            [
              -61.34260261899993,
              5.996528604000048
            ],
            [
              -61.34403370299992,
              6.001832727000078
            ],
            [
              -61.33683740899994,
              6.015059062000091
            ],
            [
              -61.332954230999974,
              6.015767101000165
            ],
            [
              -61.32836403399989,
              6.01871718100017
            ],
            [
              -61.32616093399997,
              6.022608287000082
            ],
            [
              -61.32198677199989,
              6.029702468000039
            ],
            [
              -61.319448662999946,
              6.032785553000167
            ],
            [
              -61.317573582999955,
              6.038059685000064
            ],
            [
              -61.31573250399998,
              6.039768729000059
            ],
            [
              -61.30956622699995,
              6.040632762000087
            ],
            [
              -61.30584806999997,
              6.047846957000047
            ],
            [
              -61.297375687999875,
              6.051220063000073
            ],
            [
              -61.287148241999944,
              6.059294283000042
            ],
            [
              -61.282989069999985,
              6.064893428000119
            ],
            [
              -61.279996929999925,
              6.067626510000139
            ],
            [
              -61.27620876399993,
              6.070237579999969
            ],
            [
              -61.27284363199993,
              6.076188739000088
            ],
            [
              -61.2704215309999,
              6.07892781400011
            ],
            [
              -61.26788941499984,
              6.081319877000055
            ],
            [
              -61.26706738099995,
              6.083728940000185
            ],
            [
              -61.266054363999956,
              6.094073187000163
            ],
            [
              -61.26316324099997,
              6.098187297000038
            ],
            [
              -61.257570986999895,
              6.098596327000109
            ],
            [
              -61.247325512999964,
              6.096661313000027
            ],
            [
              -61.24288229699994,
              6.096159307000107
            ],
            [
              -61.23190479999988,
              6.099049417000117
            ],
            [
              -61.22578954499994,
              6.10623960300012
            ],
            [
              -61.217064149999885,
              6.112140780000175
            ],
            [
              -61.21104786899991,
              6.109208717000115
            ],
            [
              -61.20698966799995,
              6.104338612000163
            ],
            [
              -61.20016834099994,
              6.102204581000024
            ],
            [
              -61.19534312499991,
              6.105725682000127
            ],
            [
              -61.19174697999989,
              6.111788839000099
            ],
            [
              -61.18953588699992,
              6.116254951000144
            ],
            [
              -61.179171402999884,
              6.114891951000175
            ],
            [
              -61.17746032799988,
              6.114875956000162
            ],
            [
              -61.172912143999895,
              6.124957220000113
            ],
            [
              -61.167264938999836,
              6.142275661000156
            ],
            [
              -61.16649792299995,
              6.150665862000096
            ],
            [
              -61.16921509599996,
              6.164151181000022
            ],
            [
              -61.168679090999944,
              6.172199382000088
            ],
            [
              -61.167054019999966,
              6.174945456999978
            ],
            [
              -61.16140377799991,
              6.181104618000063
            ],
            [
              -61.150107254999966,
              6.181457660000149
            ],
            [
              -61.13777668499995,
              6.182606725000085
            ],
            [
              -61.12195993899991,
              6.17865967900002
            ],
            [
              -61.11534663999993,
              6.178366691000122
            ],
            [
              -61.11015741499995,
              6.183954843000095
            ],
            [
              -61.10648624899994,
              6.185989905000042
            ],
            [
              -61.1036101169999,
              6.188378977000013
            ],
            [
              -61.10559922899989,
              6.194840122000016
            ],
            [
              -61.10669230299993,
              6.199567233000096
            ],
            [
              -61.10814537599998,
              6.202572307000025
            ],
            [
              -61.11257458299991,
              6.204455342000131
            ],
            [
              -61.11697080699986,
              6.209789459000149
            ],
            [
              -61.12077800599991,
              6.216842620000136
            ],
            [
              -61.11965497299997,
              6.226175855000065
            ],
            [
              -61.119633981999925,
              6.226218851999988
            ],
            [
              -61.119643974999974,
              6.226264852000099
            ],
            [
              -61.119408971999974,
              6.228218900000115
            ],
            [
              -61.116607893999856,
              6.245909347000179
            ],
            [
              -61.115190840999844,
              6.250612460000013
            ],
            [
              -61.10710250099993,
              6.260774740000102
            ],
            [
              -61.10383436599989,
              6.268105923000178
            ],
            [
              -61.109518642999944,
              6.270115958000133
            ],
            [
              -61.11839506299992,
              6.272385986000188
            ],
            [
              -61.12736748799995,
              6.276498063000133
            ],
            [
              -61.1267364709999,
              6.282474214
            ],
            [
              -61.13117368199994,
              6.283782232000021
            ],
            [
              -61.13652693499995,
              6.284753238000121
            ],
            [
              -61.14350828399989,
              6.293908441999974
            ],
            [
              -61.147756509999965,
              6.302691643000117
            ],
            [
              -61.15186073299998,
              6.314464918000169
            ],
            [
              -61.15682597999995,
              6.320034049000071
            ],
            [
              -61.16294428599991,
              6.324463136000134
            ],
            [
              -61.16461836899998,
              6.328161219000151
            ],
            [
              -61.16025017399994,
              6.331456316000015
            ],
            [
              -61.15840810099985,
              6.333049366000068
            ],
            [
              -61.15285686699997,
              6.34047455700005
            ],
            [
              -61.14762365299998,
              6.350319817000184
            ],
            [
              -61.146219591999966,
              6.353756914000087
            ],
            [
              -61.144086522999885,
              6.361675115000025
            ],
            [
              -61.14573861799988,
              6.367673254000124
            ],
            [
              -61.14719469499994,
              6.370448315000147
            ],
            [
              -61.14713670799995,
              6.376200459000188
            ],
            [
              -61.14427957399994,
              6.376633474000016
            ],
            [
              -61.14309853299994,
              6.38064858000007
            ],
            [
              -61.14660870799992,
              6.383442638000133
            ],
            [
              -61.14748075999995,
              6.387477734000072
            ],
            [
              -61.143936596999936,
              6.388134770000079
            ],
            [
              -61.141770497999914,
              6.387883761000182
            ],
            [
              -61.13983039799996,
              6.387865769000086
            ],
            [
              -61.13618729699982,
              6.409805323000114
            ],
            [
              -61.13027002199988,
              6.408138305000023
            ],
            [
              -61.12823495599997,
              6.41755253600013
            ],
            [
              -61.12850499099994,
              6.424803712000028
            ],
            [
              -61.13135215999995,
              6.436795004000089
            ],
            [
              -61.13129117099999,
              6.442892162000078
            ],
            [
              -61.13045515099992,
              6.446566249000057
            ],
            [
              -61.13290828499993,
              6.452341385000068
            ],
            [
              -61.13960060299996,
              6.456546475000039
            ],
            [
              -61.14933408699994,
              6.464807645000178
            ],
            [
              -61.15464034799993,
              6.470609769000077
            ],
            [
              -61.158682554999984,
              6.477320920000182
            ],
            [
              -61.15942360999992,
              6.48319507500014
            ],
            [
              -61.15928160599998,
              6.48595513500004
            ],
            [
              -61.15571345599983,
              6.488912228
            ],
            [
              -61.14996422899992,
              6.504619634000051
            ],
            [
              -61.15350243399996,
              6.516042908000031
            ],
            [
              -61.15323043699982,
              6.520412013000168
            ],
            [
              -61.154980535999925,
              6.528137203000028
            ],
            [
              -61.161770868999895,
              6.534068325000135
            ],
            [
              -61.173521425999866,
              6.53475430900005
            ],
            [
              -61.179482690999976,
              6.532279219999964
            ],
            [
              -61.18401491499998,
              6.535658296000122
            ],
            [
              -61.18935616999988,
              6.538124338999978
            ],
            [
              -61.193281327999955,
              6.533674219000034
            ],
            [
              -61.19457238399991,
              6.530120121000152
            ],
            [
              -61.19551940999992,
              6.526677040999971
            ],
            [
              -61.20028863999994,
              6.529253084000061
            ],
            [
              -61.20268175399997,
              6.529620087000126
            ],
            [
              -61.20611091399991,
              6.529192059000081
            ],
            [
              -61.209409076999975,
              6.530488090000119
            ],
            [
              -61.209815110999955,
              6.535554212000079
            ],
            [
              -61.20910007699996,
              6.538654286000053
            ],
            [
              -61.20463988399996,
              6.539532329000167
            ],
            [
              -61.20162875699998,
              6.543876444000148
            ],
            [
              -61.20113474499993,
              6.547668535000071
            ],
            [
              -61.20121675299998,
              6.550890621000065
            ],
            [
              -61.20610098599997,
              6.553352668000116
            ],
            [
              -61.20993918399995,
              6.557759767000164
            ],
            [
              -61.20991600599996,
              6.558469057000025
            ],
            [
              -61.20961220299995,
              6.567766016
            ],
            [
              -61.213470379999876,
              6.570103061000054
            ],
            [
              -61.2153834799999,
              6.572997119000036
            ],
            [
              -61.21589051999996,
              6.579444282000111
            ],
            [
              -61.21381144199995,
              6.581841347000136
            ],
            [
              -61.209135215999936,
              6.581452357000103
            ],
            [
              -61.20924526699997,
              6.593418648000124
            ],
            [
              -61.20304498799999,
              6.596926760000144
            ],
            [
              -61.19711470799996,
              6.596296763000169
            ],
            [
              -61.19417059999995,
              6.605358002000173
            ],
            [
              -61.19216153199994,
              6.612242177000041
            ],
            [
              -61.18912640699995,
              6.61900135000019
            ],
            [
              -61.18826138899988,
              6.625666528000068
            ],
            [
              -61.18777138399986,
              6.628998603000184
            ],
            [
              -61.17643586999998,
              6.63222872
            ],
            [
              -61.172503700999926,
              6.637253858000122
            ],
            [
              -61.17315174099991,
              6.640941954000084
            ],
            [
              -61.16933557999994,
              6.645853084
            ],
            [
              -61.173716803999866,
              6.653027254000108
            ],
            [
              -61.175726914999984,
              6.657648362000032
            ],
            [
              -61.168985642999985,
              6.669549684000117
            ],
            [
              -61.16724256599991,
              6.672524758000066
            ],
            [
              -61.16322038499993,
              6.67513284000006
            ],
            [
              -61.1560170539999,
              6.676100882000014
            ],
            [
              -61.153251939999905,
              6.678490962000069
            ],
            [
              -61.15255590399994,
              6.679633986000169
            ],
            [
              -61.14706866099988,
              6.680273018999969
            ],
            [
              -61.145399600999895,
              6.687275198000179
            ],
            [
              -61.13771825199984,
              6.690309299000148
            ],
            [
              -61.13493813699995,
              6.694194404000143
            ],
            [
              -61.134776141999964,
              6.69902453100002
            ],
            [
              -61.13470616899991,
              6.706041712000058
            ],
            [
              -61.13283209399992,
              6.710626824000144
            ],
            [
              -61.11642136399996,
              6.718639086000167
            ],
            [
              -61.104109785999924,
              6.716451067000037
            ],
            [
              -61.091351174999886,
              6.713338026000145
            ],
            [
              -61.08363680699995,
              6.708201921000182
            ],
            [
              -61.080567656999904,
              6.706791894000105
            ],
            [
              -61.076478456999894,
              6.704681860000164
            ],
            [
              -61.07005817199996,
              6.707150944000148
            ],
            [
              -61.06679903299988,
              6.71321710899997
            ],
            [
              -61.06444594799996,
              6.719982288000097
            ],
            [
              -61.063386907999984,
              6.723078368000131
            ],
            [
              -61.06015676899989,
              6.726269460000026
            ],
            [
              -61.052288396999984,
              6.725157458000183
            ],
            [
              -61.04453804299982,
              6.723587438000152
            ],
            [
              -61.03805272499994,
              6.72122340300001
            ],
            [
              -61.00801632899993,
              6.721391502000188
            ],
            [
              -60.99745385799997,
              6.726811675000022
            ],
            [
              -60.98715838199996,
              6.728436741000166
            ],
            [
              -60.98135211299996,
              6.72665371700009
            ],
            [
              -60.97422475999997,
              6.720140577000109
            ],
            [
              -60.969245513999965,
              6.715720484000087
            ],
            [
              -60.95327576099993,
              6.713952487000086
            ],
            [
              -60.93944813199988,
              6.714851550000105
            ],
            [
              -60.92805462899992,
              6.7232518080001
            ],
            [
              -60.921662359999914,
              6.733888096000101
            ],
            [
              -60.91946726099985,
              6.736283165000145
            ],
            [
              -60.91601110999994,
              6.739125245000082
            ],
            [
              -60.905651654999986,
              6.746845474
            ],
            [
              -60.89662224299997,
              6.747445519
            ],
            [
              -60.891109994999965,
              6.75038160600019
            ],
            [
              -60.887891854999964,
              6.752305664000062
            ],
            [
              -60.88495674099994,
              6.759868865000101
            ],
            [
              -60.88591479799999,
              6.766437025000187
            ],
            [
              -60.892054101999975,
              6.769144076999964
            ],
            [
              -60.90420768199988,
              6.775593203000142
            ],
            [
              -60.90700283499996,
              6.781259335000186
            ],
            [
              -60.90884794699997,
              6.790481563000128
            ],
            [
              -60.90931900199996,
              6.800034798000183
            ],
            [
              -60.90812396299992,
              6.805085932000111
            ],
            [
              -60.906242888999884,
              6.810129064000137
            ],
            [
              -60.90231172299997,
              6.814692201000128
            ],
            [
              -60.89795252199997,
              6.81637425800011
            ],
            [
              -60.88813207299995,
              6.816161281000177
            ],
            [
              -60.879914370999984,
              6.809253829999989
            ],
            [
              -60.86458290799993,
              6.796366852000062
            ],
            [
              -60.85732355099998,
              6.791576753000129
            ],
            [
              -60.8410297829999,
              6.787845721000167
            ],
            [
              -60.826430100999914,
              6.785971718000098
            ],
            [
              -60.819411791999926,
              6.790732856000034
            ],
            [
              -60.811958449999906,
              6.793418951000149
            ],
            [
              -60.80041591799994,
              6.793992007000156
            ],
            [
              -60.78973240099998,
              6.789050909000025
            ],
            [
              -60.780314947999955,
              6.783201790000078
            ],
            [
              -60.74397719099994,
              6.763730422000151
            ],
            [
              -60.72791143099988,
              6.760227381000107
            ],
            [
              -60.713335735999976,
              6.756165330000044
            ],
            [
              -60.69907906599997,
              6.754406326000151
            ],
            [
              -60.678235177999966,
              6.780421056000023
            ],
            [
              -60.67414901299992,
              6.788431269000114
            ],
            [
              -60.66781177199988,
              6.803782675000036
            ],
            [
              -60.65991543699988,
              6.815550002000123
            ],
            [
              -60.64918796299992,
              6.824987280000073
            ],
            [
              -60.6408135879999,
              6.828235387000177
            ],
            [
              -60.62524486399997,
              6.831292515000143
            ],
            [
              -60.60404490299999,
              6.837280741000029
            ],
            [
              -60.59879365799992,
              6.836995744000149
            ],
            [
              -60.58449402199989,
              6.849039107000181
            ],
            [
              -60.56835128599988,
              6.852203232000079
            ],
            [
              -60.54996541799983,
              6.851661279000041
            ],
            [
              -60.53577977099991,
              6.853465370000038
            ],
            [
              -60.52722339599984,
              6.862577635000036
            ],
            [
              -60.52218819299998,
              6.873452924000048
            ],
            [
              -60.51951908199993,
              6.877106030000107
            ],
            [
              -60.505570439999985,
              6.878106094000088
            ],
            [
              -60.49254482699996,
              6.878310147000036
            ],
            [
              -60.478632203999894,
              6.886097392000124
            ],
            [
              -60.46743170899998,
              6.896445695000068
            ],
            [
              -60.45721228799988,
              6.910946097000078
            ],
            [
              -60.45209506399988,
              6.91882831900017
            ],
            [
              -60.445175759999984,
              6.924390482000035
            ],
            [
              -60.43868048199988,
              6.93283372500008
            ],
            [
              -60.43420028299994,
              6.934969792000174
            ],
            [
              -60.42753498399992,
              6.938233894000064
            ],
            [
              -60.41906959099998,
              6.93917595
            ],
            [
              -60.40269183299989,
              6.942562085000134
            ],
            [
              -60.397870618999946,
              6.94446514800012
            ],
            [
              -60.391119304999904,
              6.945311200000162
            ],
            [
              -60.38450998499991,
              6.943857181000169
            ],
            [
              -60.37773565599986,
              6.936879018000013
            ],
            [
              -60.369835257999966,
              6.928507837999973
            ],
            [
              -60.36665609399989,
              6.926746800000103
            ],
            [
              -60.36503303099988,
              6.928799856000182
            ],
            [
              -60.36018781699994,
              6.932772974000102
            ],
            [
              -60.35819073299996,
              6.937468101000036
            ],
            [
              -60.35756771799993,
              6.941948215000139
            ],
            [
              -60.356858698999986,
              6.943895266000027
            ],
            [
              -60.354648607999934,
              6.947322366000094
            ],
            [
              -60.3540485879999,
              6.949732425000093
            ],
            [
              -60.35434960699996,
              6.953302520000022
            ],
            [
              -60.353581627999915,
              6.970205960999976
            ],
            [
              -60.353392640999914,
              6.976532123000084
            ],
            [
              -60.35115356199992,
              6.982375275000038
            ],
            [
              -60.35087755399991,
              6.986398388000111
            ],
            [
              -60.35185262199997,
              6.991011497000159
            ],
            [
              -60.35206562799988,
              6.992279536000183
            ],
            [
              -60.35190763999998,
              6.996074632000102
            ],
            [
              -60.348549488999936,
              6.999833744000114
            ],
            [
              -60.34671844099995,
              7.009823002000076
            ],
            [
              -60.34397031399993,
              7.01036802699997
            ],
            [
              -60.337329001999876,
              7.011444070000096
            ],
            [
              -60.33306681999983,
              7.014388160000181
            ],
            [
              -60.331330739999885,
              7.01620921600005
            ],
            [
              -60.33061271299988,
              7.018962292000083
            ],
            [
              -60.33079573799995,
              7.022876398000108
            ],
            [
              -60.33076774299991,
              7.025292450000165
            ],
            [
              -60.330628740999884,
              7.027361513000017
            ],
            [
              -60.32683957699999,
              7.02892956200003
            ],
            [
              -60.32418845899991,
              7.030856623000034
            ],
            [
              -60.323480421999875,
              7.032688673000109
            ],
            [
              -60.32367744499999,
              7.035452744000111
            ],
            [
              -60.323768460999986,
              7.037409785000079
            ],
            [
              -60.32339744199993,
              7.039821854000081
            ],
            [
              -60.31927325799995,
              7.04069588800013
            ],
            [
              -60.316054109999925,
              7.042269942000132
            ],
            [
              -60.31476705999995,
              7.044787011000153
            ],
            [
              -60.31200593999995,
              7.046367058000044
            ],
            [
              -60.308572780999896,
              7.046788086000049
            ],
            [
              -60.305152613999894,
              7.046060072000046
            ],
            [
              -60.30207846299999,
              7.04510505899998
            ],
            [
              -60.29556915399991,
              7.044686074000026
            ],
            [
              -60.292109004999986,
              7.04740915900004
            ],
            [
              -60.28731880799995,
              7.056213401000036
            ],
            [
              -60.2863457819999,
              7.061150531000123
            ],
            [
              -60.28437769799996,
              7.063313587000039
            ],
            [
              -60.28199360999997,
              7.071570819000044
            ],
            [
              -60.281389624999974,
              7.083989135000138
            ],
            [
              -60.278637500999935,
              7.084764163000102
            ],
            [
              -60.275981381999884,
              7.087035233999984
            ],
            [
              -60.276403410999876,
              7.090031306000071
            ],
            [
              -60.27908655199997,
              7.095123429000125
            ],
            [
              -60.27824152199992,
              7.09891053500013
            ],
            [
              -60.27775451899987,
              7.10143660000017
            ],
            [
              -60.27875557199991,
              7.103748658000143
            ],
            [
              -60.27987762199996,
              7.105487696000182
            ],
            [
              -60.27686549799995,
              7.108904795000171
            ],
            [
              -60.27570944699994,
              7.110041826000042
            ],
            [
              -60.275642462999826,
              7.11567897600014
            ],
            [
              -60.27800558599995,
              7.118812048000052
            ],
            [
              -60.27602050099995,
              7.122356148000165
            ],
            [
              -60.27756959199985,
              7.126630260000127
            ],
            [
              -60.28357387999995,
              7.13118534900002
            ],
            [
              -60.287446068999884,
              7.132379373000049
            ],
            [
              -60.292340305999915,
              7.134160403000124
            ],
            [
              -60.29617649599999,
              7.138460499000132
            ],
            [
              -60.29763157999997,
              7.141007559
            ],
            [
              -60.3020687959999,
              7.142783600000143
            ],
            [
              -60.30730304299993,
              7.144798627000171
            ],
            [
              -60.31078821699998,
              7.149784745999966
            ],
            [
              -60.31259931799991,
              7.151300779999985
            ],
            [
              -60.3155394559999,
              7.153979842000183
            ],
            [
              -60.31941563999982,
              7.154828851000161
            ],
            [
              -60.32397985799997,
              7.155569856000113
            ],
            [
              -60.32934610899997,
              7.156089845000054
            ],
            [
              -60.333451305999915,
              7.156941856000117
            ],
            [
              -60.33501339099996,
              7.160179941000081
            ],
            [
              -60.3354424179999,
              7.162600994000115
            ],
            [
              -60.33439737499998,
              7.163970038000059
            ],
            [
              -60.33484039999985,
              7.165241068000057
            ],
            [
              -60.33535344099994,
              7.169034165000085
            ],
            [
              -60.33639248199984,
              7.169284172000062
            ],
            [
              -60.33591246599991,
              7.171235220000028
            ],
            [
              -60.34198478899998,
              7.179816426000059
            ],
            [
              -60.36418384599989,
              7.187772550000034
            ],
            [
              -60.37453231499984,
              7.182594389000144
            ],
            [
              -60.39117507599991,
              7.176796182000089
            ],
            [
              -60.4041926889999,
              7.178090170000019
            ],
            [
              -60.41672531799992,
              7.191574469999978
            ],
            [
              -60.425173756999925,
              7.202481730000102
            ],
            [
              -60.442677597999875,
              7.211301899000034
            ],
            [
              -60.44886489099997,
              7.210103843000013
            ],
            [
              -60.45556818599994,
              7.203734661000112
            ],
            [
              -60.462976502999936,
              7.19576143200004
            ],
            [
              -60.472538921999956,
              7.189308233000133
            ],
            [
              -60.48479748699992,
              7.186910125000168
            ],
            [
              -60.487072597999884,
              7.187970150000012
            ],
            [
              -60.49303087699985,
              7.186769092000134
            ],
            [
              -60.49764903999994,
              7.17266771300018
            ],
            [
              -60.50020614999988,
              7.169013612000072
            ],
            [
              -60.51399170399998,
              7.142815880000171
            ],
            [
              -60.522188067999934,
              7.13577067600005
            ],
            [
              -60.52648524199998,
              7.129719497000053
            ],
            [
              -60.53244152199994,
              7.128633453000077
            ],
            [
              -60.53761578399997,
              7.136051629000121
            ],
            [
              -60.55023142599998,
              7.152640013000052
            ],
            [
              -60.56027993399988,
              7.163677262000135
            ],
            [
              -60.571390485999984,
              7.171849435000127
            ],
            [
              -60.585284180999906,
              7.186723783
            ],
            [
              -60.589347421999946,
              7.201608146000069
            ],
            [
              -60.59707080299995,
              7.206177242000138
            ],
            [
              -60.61381260399986,
              7.211876334000067
            ],
            [
              -60.62291211099995,
              7.23659293999998
            ],
            [
              -60.628706467999905,
              7.260469546000081
            ],
            [
              -60.62773443699996,
              7.265636678000021
            ],
            [
              -60.623082239999974,
              7.27272088300009
            ],
            [
              -60.60925262899997,
              7.282469185000025
            ],
            [
              -60.60409943299999,
              7.293459482000117
            ],
            [
              -60.60229937299982,
              7.301032689000124
            ],
            [
              -60.59822320899997,
              7.307662872000094
            ],
            [
              -60.59065986099989,
              7.309192939000127
            ],
            [
              -60.58591664699992,
              7.314090089000103
            ],
            [
              -60.585597668999924,
              7.32214030200015
            ],
            [
              -60.5876778249999,
              7.340569771000105
            ],
            [
              -60.59670331699988,
              7.361834288000125
            ],
            [
              -60.600913564999985,
              7.373958601000083
            ],
            [
              -60.603495737999935,
              7.388481968000178
            ],
            [
              -60.61255818599989,
              7.396286133999979
            ],
            [
              -60.621933652999985,
              7.406739382000183
            ],
            [
              -60.629040015999976,
              7.415672589000053
            ],
            [
              -60.63363726599994,
              7.424004793999984
            ],
            [
              -60.633515299999885,
              7.434933075000117
            ],
            [
              -60.63547242699991,
              7.444157309000047
            ],
            [
              -60.63828257299991,
              7.448558409000043
            ],
            [
              -60.65235825899998,
              7.45825462
            ],
            [
              -60.660698648999926,
              7.459147614000187
            ],
            [
              -60.667073957999946,
              7.46186066100006
            ],
            [
              -60.67441333099987,
              7.470565864000093
            ],
            [
              -60.68185667599994,
              7.469837824000081
            ],
            [
              -60.69152914599994,
              7.474424899000098
            ],
            [
              -60.69569839699983,
              7.49057531800014
            ],
            [
              -60.70420389699996,
              7.518159003000051
            ],
            [
              -60.70750109499994,
              7.530502313000113
            ],
            [
              -60.70856816399993,
              7.537531501000103
            ],
            [
              -60.70951324299995,
              7.545249703000138
            ],
            [
              -60.702754965999986,
              7.556453018000127
            ],
            [
              -60.69541962499994,
              7.557643073000065
            ],
            [
              -60.690106395999976,
              7.562304217000076
            ],
            [
              -60.68935738599998,
              7.567933365000101
            ],
            [
              -60.689072384999974,
              7.573107509000124
            ],
            [
              -60.68813034599998,
              7.575513574000126
            ],
            [
              -60.68376315099994,
              7.577308637000044
            ],
            [
              -60.68105401099996,
              7.573944557000061
            ],
            [
              -60.67434568999994,
              7.570193485000061
            ],
            [
              -60.663242168999886,
              7.570652536000125
            ],
            [
              -60.656374856999946,
              7.570925560000148
            ],
            [
              -60.647436443999936,
              7.572212624000031
            ],
            [
              -60.63843308399993,
              7.589719124999988
            ],
            [
              -60.636968045999936,
              7.597987343000057
            ],
            [
              -60.63497396599996,
              7.602452471
            ],
            [
              -60.62846269399989,
              7.611702741000101
            ],
            [
              -60.62451560599993,
              7.637430433000077
            ],
            [
              -60.618697357999906,
              7.646111679000171
            ],
            [
              -60.61293710599989,
              7.649617800000101
            ],
            [
              -60.60771084799984,
              7.646225727
            ],
            [
              -60.59139506599996,
              7.642026675000011
            ],
            [
              -60.589554987999975,
              7.642812698000171
            ],
            [
              -60.5901970729999,
              7.656970071000103
            ],
            [
              -60.59089313599992,
              7.666410325000129
            ],
            [
              -60.590053144999956,
              7.680091688000175
            ],
            [
              -60.58462991199997,
              7.684059811000111
            ],
            [
              -60.58023672099989,
              7.688039933000084
            ],
            [
              -60.57681158899993,
              7.697552195000071
            ],
            [
              -60.57166339299994,
              7.707505477000041
            ],
            [
              -60.56873227499989,
              7.713801653000189
            ],
            [
              -60.58066189099992,
              7.731759087000057
            ],
            [
              -60.5754116839999,
              7.740676342000086
            ],
            [
              -60.56975943699996,
              7.744527467000125
            ],
            [
              -60.56692532899996,
              7.752319687000067
            ],
            [
              -60.56574832099989,
              7.765422038000111
            ],
            [
              -60.56088410899997,
              7.770431189000078
            ],
            [
              -60.5525877419999,
              7.7752893440001
            ],
            [
              -60.54748652599989,
              7.78110151900006
            ],
            [
              -60.53930120399997,
              7.796428959000139
            ],
            [
              -60.536378087999935,
              7.80180511500015
            ],
            [
              -60.53876523799994,
              7.813448421000032
            ],
            [
              -60.53906627099997,
              7.817133509000143
            ],
            [
              -60.535013088999904,
              7.821231636
            ],
            [
              -60.52934884199993,
              7.826116790000071
            ],
            [
              -60.51948738599998,
              7.827620866000188
            ],
            [
              -60.50842789899997,
              7.833829069000046
            ],
            [
              -60.50302564899994,
              7.835726142000055
            ],
            [
              -60.492374145999975,
              7.836187192000011
            ],
            [
              -60.488601968999944,
              7.83568619000016
            ],
            [
              -60.479669558999944,
              7.836049237000054
            ],
            [
              -60.46748500599995,
              7.840403400000184
            ],
            [
              -60.46083169199994,
              7.84159645800014
            ],
            [
              -60.44960317399995,
              7.842394519000152
            ],
            [
              -60.4386516429999,
              7.839053469000135
            ],
            [
              -60.419813749999946,
              7.834706420999964
            ],
            [
              -60.414092472999926,
              7.834528434999982
            ],
            [
              -60.40613008399998,
              7.830069348999984
            ],
            [
              -60.40028681799993,
              7.830580378000093
            ],
            [
              -60.39141842299989,
              7.835199535000129
            ],
            [
              -60.38750623899995,
              7.83688159400009
            ],
            [
              -60.3826980149999,
              7.836943624000071
            ],
            [
              -60.367852299999925,
              7.832558554000173
            ],
            [
              -60.36445212799998,
              7.828163450000147
            ],
            [
              -60.36322106099982,
              7.824128348000045
            ],
            [
              -60.36358806599998,
              7.820679255000016
            ],
            [
              -60.36349105199997,
              7.818263189000163
            ],
            [
              -60.3608669219999,
              7.817325178999965
            ],
            [
              -60.359594865999895,
              7.819272234000039
            ],
            [
              -60.35740476999996,
              7.821789309000053
            ],
            [
              -60.35601371499996,
              7.824425379000047
            ],
            [
              -60.354511652999975,
              7.826601444000062
            ],
            [
              -60.35141051399995,
              7.828536504000112
            ],
            [
              -60.34991544799988,
              7.829677546000028
            ],
            [
              -60.34783936299988,
              7.832194621000156
            ],
            [
              -60.34219912299994,
              7.837333784
            ],
            [
              -60.33840894499997,
              7.839609853000127
            ],
            [
              -60.33657086699992,
              7.840747893000184
            ],
            [
              -60.334279761999824,
              7.841191907000109
            ],
            [
              -60.33118362199997,
              7.842321957000024
            ],
            [
              -60.32980055699994,
              7.843807991000062
            ],
            [
              -60.3284960929999,
              7.848144229000184
            ],
            [
              -60.327693492999856,
              7.850812196000049
            ],
            [
              -60.325504389999935,
              7.853098263000106
            ],
            [
              -60.32377731999992,
              7.854697313000088
            ],
            [
              -60.320096152999895,
              7.857664405999969
            ],
            [
              -60.31709803199982,
              7.861095510000041
            ],
            [
              -60.31686117299995,
              7.864620564000177
            ],
            [
              -60.31684302799994,
              7.864890611000078
            ],
            [
              -60.3148749479999,
              7.868212706
            ],
            [
              -60.308003628999984,
              7.869431768000027
            ],
            [
              -60.30605853799989,
              7.86941876700007
            ],
            [
              -60.30091129799996,
              7.869498796000016
            ],
            [
              -60.29826618799996,
              7.871436857999981
            ],
            [
              -60.29516105399989,
              7.873831935
            ],
            [
              -60.292967954999824,
              7.876693020000062
            ],
            [
              -60.292947968999954,
              7.879454091000127
            ],
            [
              -60.29225293699989,
              7.8806001210001
            ],
            [
              -60.29007983699995,
              7.880585134
            ],
            [
              -60.28778972499998,
              7.881029148000152
            ],
            [
              -60.28741773099995,
              7.885053259000131
            ],
            [
              -60.28511763099988,
              7.886763315000053
            ],
            [
              -60.28213149499999,
              7.888469376999979
            ],
            [
              -60.27868133899989,
              7.891091454000161
            ],
            [
              -60.272032035999985,
              7.89311652900011
            ],
            [
              -60.27254206199996,
              7.893621540000026
            ],
            [
              -60.32259535899993,
              7.880959025000152
            ],
            [
              -60.61379742699995,
              7.845053121000035
            ],
            [
              -60.66731234899993,
              7.838454605000152
            ],
            [
              -60.76507535099989,
              7.862295786
            ],
            [
              -60.81191226899989,
              7.873722786000144
            ],
            [
              -60.83528474299993,
              7.87942506800016
            ],
            [
              -60.835600355999986,
              7.879502069000011
            ],
            [
              -60.838547340999924,
              7.837899951000054
            ],
            [
              -60.89932385699984,
              7.754878527000187
            ],
            [
              -60.97384732699993,
              7.753446216999976
            ],
            [
              -61.24300041699985,
              7.903028158000154
            ]
          ]
        ]
      }
    }
  ]
}